# X	Y	T(x,y)
1.00000000e+00	0.00000000e+00	1.00000000e+00
1.00000000e+00	4.00000000e-02	9.21600000e-01
1.00000000e+00	8.00000000e-02	8.46400000e-01
1.00000000e+00	1.20000000e-01	7.74400000e-01
1.00000000e+00	1.60000000e-01	7.05600000e-01
1.00000000e+00	2.00000000e-01	6.40000000e-01
1.00000000e+00	2.40000000e-01	5.77600000e-01
1.00000000e+00	2.80000000e-01	5.18400000e-01
1.00000000e+00	3.20000000e-01	4.62400000e-01
1.00000000e+00	3.60000000e-01	4.09600000e-01
1.00000000e+00	4.00000000e-01	3.60000000e-01
1.00000000e+00	4.40000000e-01	3.13600000e-01
1.00000000e+00	4.80000000e-01	2.70400000e-01
1.00000000e+00	5.20000000e-01	2.30400000e-01
1.00000000e+00	5.60000000e-01	1.93600000e-01
1.00000000e+00	6.00000000e-01	1.60000000e-01
1.00000000e+00	6.40000000e-01	1.29600000e-01
1.00000000e+00	6.80000000e-01	1.02400000e-01
1.00000000e+00	7.20000000e-01	7.84000000e-02
1.00000000e+00	7.60000000e-01	5.76000000e-02
1.00000000e+00	8.00000000e-01	4.00000000e-02
1.00000000e+00	8.40000000e-01	2.56000000e-02
1.00000000e+00	8.80000000e-01	1.44000000e-02
1.00000000e+00	9.20000000e-01	6.40000000e-03
1.00000000e+00	9.60000000e-01	1.60000000e-03
1.00000000e+00	1.00000000e+00	0.00000000e+00
1.00000000e+00	1.04000000e+00	1.60000000e-03
1.00000000e+00	1.08000000e+00	6.40000000e-03
1.00000000e+00	1.12000000e+00	1.44000000e-02
1.00000000e+00	1.16000000e+00	2.56000000e-02
1.00000000e+00	1.20000000e+00	4.00000000e-02
1.00000000e+00	1.24000000e+00	5.76000000e-02
1.00000000e+00	1.28000000e+00	7.84000000e-02
1.00000000e+00	1.32000000e+00	1.02400000e-01
1.00000000e+00	1.36000000e+00	1.29600000e-01
1.00000000e+00	1.40000000e+00	1.60000000e-01
1.00000000e+00	1.44000000e+00	1.93600000e-01
1.00000000e+00	1.48000000e+00	2.30400000e-01
1.00000000e+00	1.52000000e+00	2.70400000e-01
1.00000000e+00	1.56000000e+00	3.13600000e-01
1.00000000e+00	1.60000000e+00	3.60000000e-01
1.00000000e+00	1.64000000e+00	4.09600000e-01
1.00000000e+00	1.68000000e+00	4.62400000e-01
1.00000000e+00	1.72000000e+00	5.18400000e-01
1.00000000e+00	1.76000000e+00	5.77600000e-01
1.00000000e+00	1.80000000e+00	6.40000000e-01
1.00000000e+00	1.84000000e+00	7.05600000e-01
1.00000000e+00	1.88000000e+00	7.74400000e-01
1.00000000e+00	1.92000000e+00	8.46400000e-01
1.00000000e+00	1.96000000e+00	9.21600000e-01
1.00000000e+00	2.00000000e+00	1.00000000e+00

1.02000000e+00	0.00000000e+00	1.04040000e+00
1.02000000e+00	4.00000000e-02	9.60398922e-01
1.02000000e+00	8.00000000e-02	8.83597853e-01
1.02000000e+00	1.20000000e-01	8.09996797e-01
1.02000000e+00	1.60000000e-01	7.39595759e-01
1.02000000e+00	2.00000000e-01	6.72394742e-01
1.02000000e+00	2.40000000e-01	6.08393751e-01
1.02000000e+00	2.80000000e-01	5.47592789e-01
1.02000000e+00	3.20000000e-01	4.89991861e-01
1.02000000e+00	3.60000000e-01	4.35590971e-01
1.02000000e+00	4.00000000e-01	3.84390120e-01
1.02000000e+00	4.40000000e-01	3.36389314e-01
1.02000000e+00	4.80000000e-01	2.91588555e-01
1.02000000e+00	5.20000000e-01	2.49987845e-01
1.02000000e+00	5.60000000e-01	2.11587188e-01
1.02000000e+00	6.00000000e-01	1.76386585e-01
1.02000000e+00	6.40000000e-01	1.44386039e-01
1.02000000e+00	6.80000000e-01	1.15585552e-01
1.02000000e+00	7.20000000e-01	8.99851244e-02
1.02000000e+00	7.60000000e-01	6.75847588e-02
1.02000000e+00	8.00000000e-01	4.83844558e-02
1.02000000e+00	8.40000000e-01	3.23842162e-02
1.02000000e+00	8.80000000e-01	1.95840404e-02
1.02000000e+00	9.20000000e-01	9.98392879e-03
1.02000000e+00	9.60000000e-01	3.58388133e-03
1.02000000e+00	1.00000000e+00	3.83897760e-04
1.02000000e+00	1.04000000e+00	3.83977571e-04
1.02000000e+00	1.08000000e+00	3.58412001e-03
1.02000000e+00	1.12000000e+00	9.98432407e-03
1.02000000e+00	1.16000000e+00	1.95845885e-02
1.02000000e+00	1.20000000e+00	3.23849120e-02
1.02000000e+00	1.24000000e+00	4.83852927e-02
1.02000000e+00	1.28000000e+00	6.75857288e-02
1.02000000e+00	1.32000000e+00	8.99862183e-02
1.02000000e+00	1.36000000e+00	1.15586759e-01
1.02000000e+00	1.40000000e+00	1.44387348e-01
1.02000000e+00	1.44000000e+00	1.76387984e-01
1.02000000e+00	1.48000000e+00	2.11588662e-01
1.02000000e+00	1.52000000e+00	2.49989382e-01
1.02000000e+00	1.56000000e+00	2.91590139e-01
1.02000000e+00	1.60000000e+00	3.36390930e-01
1.02000000e+00	1.64000000e+00	3.84391753e-01
1.02000000e+00	1.68000000e+00	4.35592603e-01
1.02000000e+00	1.72000000e+00	4.89993479e-01
1.02000000e+00	1.76000000e+00	5.47594375e-01
1.02000000e+00	1.80000000e+00	6.08395289e-01
1.02000000e+00	1.84000000e+00	6.72396217e-01
1.02000000e+00	1.88000000e+00	7.39597156e-01
1.02000000e+00	1.92000000e+00	8.09998102e-01
1.02000000e+00	1.96000000e+00	8.83599051e-01
1.02000000e+00	2.00000000e+00	9.60400000e-01

1.04000000e+00	0.00000000e+00	1.08160000e+00
1.04000000e+00	4.00000000e-02	9.99997853e-01
1.04000000e+00	8.00000000e-02	9.21595723e-01
1.04000000e+00	1.20000000e-01	8.46393620e-01
1.04000000e+00	1.60000000e-01	7.74391551e-01
1.04000000e+00	2.00000000e-01	7.05589525e-01
1.04000000e+00	2.40000000e-01	6.39987551e-01
1.04000000e+00	2.80000000e-01	5.77585636e-01
1.04000000e+00	3.20000000e-01	5.18383787e-01
1.04000000e+00	3.60000000e-01	4.62382013e-01
1.04000000e+00	4.00000000e-01	4.09580319e-01
1.04000000e+00	4.40000000e-01	3.59978713e-01
1.04000000e+00	4.80000000e-01	3.13577200e-01
1.04000000e+00	5.20000000e-01	2.70375786e-01
1.04000000e+00	5.60000000e-01	2.30374476e-01
1.04000000e+00	6.00000000e-01	1.93573276e-01
1.04000000e+00	6.40000000e-01	1.59972188e-01
1.04000000e+00	6.80000000e-01	1.29571217e-01
1.04000000e+00	7.20000000e-01	1.02370366e-01
1.04000000e+00	7.60000000e-01	7.83696381e-02
1.04000000e+00	8.00000000e-01	5.75690344e-02
1.04000000e+00	8.40000000e-01	3.99685569e-02
1.04000000e+00	8.80000000e-01	2.55682068e-02
1.04000000e+00	9.20000000e-01	1.43679844e-02
1.04000000e+00	9.60000000e-01	6.36788980e-03
1.04000000e+00	1.00000000e+00	1.56792249e-03
1.04000000e+00	1.04000000e+00	-3.19185546e-05
1.04000000e+00	1.08000000e+00	1.56836515e-03
1.04000000e+00	1.12000000e+00	6.36877164e-03
1.04000000e+00	1.16000000e+00	1.43692984e-02
1.04000000e+00	1.20000000e+00	2.55699427e-02
1.04000000e+00	1.24000000e+00	3.99707011e-02
1.04000000e+00	1.28000000e+00	5.75715699e-02
1.04000000e+00	1.32000000e+00	7.83725450e-02
1.04000000e+00	1.36000000e+00	1.02373622e-01
1.04000000e+00	1.40000000e+00	1.29574796e-01
1.04000000e+00	1.44000000e+00	1.59976062e-01
1.04000000e+00	1.48000000e+00	1.93577414e-01
1.04000000e+00	1.52000000e+00	2.30378847e-01
1.04000000e+00	1.56000000e+00	2.70380355e-01
1.04000000e+00	1.60000000e+00	3.13581931e-01
1.04000000e+00	1.64000000e+00	3.59983570e-01
1.04000000e+00	1.68000000e+00	4.09585265e-01
1.04000000e+00	1.72000000e+00	4.62387008e-01
1.04000000e+00	1.76000000e+00	5.18388794e-01
1.04000000e+00	1.80000000e+00	5.77590615e-01
1.04000000e+00	1.84000000e+00	6.39992464e-01
1.04000000e+00	1.88000000e+00	7.05594334e-01
1.04000000e+00	1.92000000e+00	7.74396218e-01
1.04000000e+00	1.96000000e+00	8.46398109e-01
1.04000000e+00	2.00000000e+00	9.21600000e-01

1.06000000e+00	0.00000000e+00	1.12360000e+00
1.06000000e+00	4.00000000e-02	1.04039680e+00
1.06000000e+00	8.00000000e-02	9.60393619e-01
1.06000000e+00	1.20000000e-01	8.83590480e-01
1.06000000e+00	1.60000000e-01	8.09987393e-01
1.06000000e+00	2.00000000e-01	7.39584371e-01
1.06000000e+00	2.40000000e-01	6.72381425e-01
1.06000000e+00	2.80000000e-01	6.08378567e-01
1.06000000e+00	3.20000000e-01	5.47575809e-01
1.06000000e+00	3.60000000e-01	4.89973161e-01
1.06000000e+00	4.00000000e-01	4.35570634e-01
1.06000000e+00	4.40000000e-01	3.84368237e-01
1.06000000e+00	4.80000000e-01	3.36365980e-01
1.06000000e+00	5.20000000e-01	2.91563870e-01
1.06000000e+00	5.60000000e-01	2.49961916e-01
1.06000000e+00	6.00000000e-01	2.11560125e-01
1.06000000e+00	6.40000000e-01	1.76358502e-01
1.06000000e+00	6.80000000e-01	1.44357053e-01
1.06000000e+00	7.20000000e-01	1.15555784e-01
1.06000000e+00	7.60000000e-01	8.99546969e-02
1.06000000e+00	8.00000000e-01	6.75537960e-02
1.06000000e+00	8.40000000e-01	4.83530836e-02
1.06000000e+00	8.80000000e-01	3.23525610e-02
1.06000000e+00	9.20000000e-01	1.95522291e-02
1.06000000e+00	9.60000000e-01	9.95208796e-03
1.06000000e+00	1.00000000e+00	3.55213668e-03
1.06000000e+00	1.04000000e+00	3.52373798e-04
1.06000000e+00	1.08000000e+00	3.52797069e-04
1.06000000e+00	1.12000000e+00	3.55340353e-03
1.06000000e+00	1.16000000e+00	9.95418954e-03
1.06000000e+00	1.20000000e+00	1.95551508e-02
1.06000000e+00	1.24000000e+00	3.23562823e-02
1.06000000e+00	1.28000000e+00	4.83575786e-02
1.06000000e+00	1.32000000e+00	6.75590335e-02
1.06000000e+00	1.36000000e+00	8.99606404e-02
1.06000000e+00	1.40000000e+00	1.15562392e-01
1.06000000e+00	1.44000000e+00	1.44364281e-01
1.06000000e+00	1.48000000e+00	1.76366299e-01
1.06000000e+00	1.52000000e+00	2.11568437e-01
1.06000000e+00	1.56000000e+00	2.49970687e-01
1.06000000e+00	1.60000000e+00	2.91573039e-01
1.06000000e+00	1.64000000e+00	3.36375485e-01
1.06000000e+00	1.68000000e+00	3.84378013e-01
1.06000000e+00	1.72000000e+00	4.35580615e-01
1.06000000e+00	1.76000000e+00	4.89983279e-01
1.06000000e+00	1.80000000e+00	5.47585996e-01
1.06000000e+00	1.84000000e+00	6.08388755e-01
1.06000000e+00	1.88000000e+00	6.72391546e-01
1.06000000e+00	1.92000000e+00	7.39594357e-01
1.06000000e+00	1.96000000e+00	8.09997179e-01
1.06000000e+00	2.00000000e+00	8.83600000e-01

1.08000000e+00	0.00000000e+00	1.16640000e+00
1.08000000e+00	4.00000000e-02	1.08159576e+00
1.08000000e+00	8.00000000e-02	9.99991548e-01
1.08000000e+00	1.20000000e-01	9.21587390e-01
1.08000000e+00	1.60000000e-01	8.46383302e-01
1.08000000e+00	2.00000000e-01	7.74379298e-01
1.08000000e+00	2.40000000e-01	7.05575396e-01
1.08000000e+00	2.80000000e-01	6.39971611e-01
1.08000000e+00	3.20000000e-01	5.77567958e-01
1.08000000e+00	3.60000000e-01	5.18364451e-01
1.08000000e+00	4.00000000e-01	4.62361103e-01
1.08000000e+00	4.40000000e-01	4.09557929e-01
1.08000000e+00	4.80000000e-01	3.59954939e-01
1.08000000e+00	5.20000000e-01	3.13552145e-01
1.08000000e+00	5.60000000e-01	2.70349556e-01
1.08000000e+00	6.00000000e-01	2.30347183e-01
1.08000000e+00	6.40000000e-01	1.93545034e-01
1.08000000e+00	6.80000000e-01	1.59943115e-01
1.08000000e+00	7.20000000e-01	1.29541433e-01
1.08000000e+00	7.60000000e-01	1.02339993e-01
1.08000000e+00	8.00000000e-01	7.83388001e-02
1.08000000e+00	8.40000000e-01	5.75378563e-02
1.08000000e+00	8.80000000e-01	3.99371641e-02
1.08000000e+00	9.20000000e-01	2.55367244e-02
1.08000000e+00	9.60000000e-01	1.43365374e-02
1.08000000e+00	1.00000000e+00	6.33660181e-03
1.08000000e+00	1.04000000e+00	1.53691582e-03
1.08000000e+00	1.08000000e+00	-6.25236081e-05
1.08000000e+00	1.12000000e+00	1.53827962e-03
1.08000000e+00	1.16000000e+00	6.33932068e-03
1.08000000e+00	1.20000000e+00	1.43405939e-02
1.08000000e+00	1.24000000e+00	2.55420926e-02
1.08000000e+00	1.28000000e+00	3.99438096e-02
1.08000000e+00	1.32000000e+00	5.75457367e-02
1.08000000e+00	1.36000000e+00	7.83478651e-02
1.08000000e+00	1.40000000e+00	1.02350185e-01
1.08000000e+00	1.44000000e+00	1.29552687e-01
1.08000000e+00	1.48000000e+00	1.59955360e-01
1.08000000e+00	1.52000000e+00	1.93558192e-01
1.08000000e+00	1.56000000e+00	2.30361172e-01
1.08000000e+00	1.60000000e+00	2.70364288e-01
1.08000000e+00	1.64000000e+00	3.13567527e-01
1.08000000e+00	1.68000000e+00	3.59970876e-01
1.08000000e+00	1.72000000e+00	4.09574322e-01
1.08000000e+00	1.76000000e+00	4.62377852e-01
1.08000000e+00	1.80000000e+00	5.18381450e-01
1.08000000e+00	1.84000000e+00	5.77585105e-01
1.08000000e+00	1.88000000e+00	6.39988801e-01
1.08000000e+00	1.92000000e+00	7.05592526e-01
1.08000000e+00	1.96000000e+00	7.74396263e-01
1.08000000e+00	2.00000000e+00	8.46400000e-01

1.10000000e+00	0.00000000e+00	1.21000000e+00
1.10000000e+00	4.00000000e-02	1.12359472e+00
1.10000000e+00	8.00000000e-02	1.04038948e+00
1.10000000e+00	1.20000000e-01	9.60384300e-01
1.10000000e+00	1.60000000e-01	8.83579210e-01
1.10000000e+00	2.00000000e-01	8.09974225e-01
1.10000000e+00	2.40000000e-01	7.39569367e-01
1.10000000e+00	2.80000000e-01	6.72364654e-01
1.10000000e+00	3.20000000e-01	6.08360106e-01
1.10000000e+00	3.60000000e-01	5.47555739e-01
1.10000000e+00	4.00000000e-01	4.89951572e-01
1.10000000e+00	4.40000000e-01	4.35547619e-01
1.10000000e+00	4.80000000e-01	3.84343896e-01
1.10000000e+00	5.20000000e-01	3.36340417e-01
1.10000000e+00	5.60000000e-01	2.91537195e-01
1.10000000e+00	6.00000000e-01	2.49934240e-01
1.10000000e+00	6.40000000e-01	2.11531564e-01
1.10000000e+00	6.80000000e-01	1.76329175e-01
1.10000000e+00	7.20000000e-01	1.44327081e-01
1.10000000e+00	7.60000000e-01	1.15525289e-01
1.10000000e+00	8.00000000e-01	8.99238035e-02
1.10000000e+00	8.40000000e-01	6.75226285e-02
1.10000000e+00	8.80000000e-01	4.83217667e-02
1.10000000e+00	9.20000000e-01	3.23212194e-02
1.10000000e+00	9.60000000e-01	1.95209866e-02
1.10000000e+00	1.00000000e+00	9.92106694e-03
1.10000000e+00	1.04000000e+00	3.52145799e-03
1.10000000e+00	1.08000000e+00	3.22156017e-04
1.10000000e+00	1.12000000e+00	3.23156156e-04
1.10000000e+00	1.16000000e+00	3.52445239e-03
1.10000000e+00	1.20000000e+00	9.92603762e-03
1.10000000e+00	1.24000000e+00	1.95279037e-02
1.10000000e+00	1.28000000e+00	3.23300415e-02
1.10000000e+00	1.32000000e+00	4.83324408e-02
1.10000000e+00	1.36000000e+00	6.75350908e-02
1.10000000e+00	1.40000000e+00	8.99379795e-02
1.10000000e+00	1.44000000e+00	1.15541094e-01
1.10000000e+00	1.48000000e+00	1.44344422e-01
1.10000000e+00	1.52000000e+00	1.76347948e-01
1.10000000e+00	1.56000000e+00	2.11551659e-01
1.10000000e+00	1.60000000e+00	2.49955538e-01
1.10000000e+00	1.64000000e+00	2.91559571e-01
1.10000000e+00	1.68000000e+00	3.36363740e-01
1.10000000e+00	1.72000000e+00	3.84368031e-01
1.10000000e+00	1.76000000e+00	4.35572425e-01
1.10000000e+00	1.80000000e+00	4.89976906e-01
1.10000000e+00	1.84000000e+00	5.47581456e-01
1.10000000e+00	1.88000000e+00	6.08386058e-01
1.10000000e+00	1.92000000e+00	6.72390694e-01
1.10000000e+00	1.96000000e+00	7.39595347e-01
1.10000000e+00	2.00000000e+00	8.10000000e-01

1.12000000e+00	0.00000000e+00	1.25440000e+00
1.12000000e+00	4.00000000e-02	1.16639372e+00
1.12000000e+00	8.00000000e-02	1.08158749e+00
1.12000000e+00	1.20000000e-01	9.99981334e-01
1.12000000e+00	1.60000000e-01	9.21575282e-01
1.12000000e+00	2.00000000e-01	8.46369356e-01
1.12000000e+00	2.40000000e-01	7.74363580e-01
1.12000000e+00	2.80000000e-01	7.05557977e-01
1.12000000e+00	3.20000000e-01	6.39952569e-01
1.12000000e+00	3.60000000e-01	5.77547378e-01
1.12000000e+00	4.00000000e-01	5.18342423e-01
1.12000000e+00	4.40000000e-01	4.62337724e-01
1.12000000e+00	4.80000000e-01	4.09533298e-01
1.12000000e+00	5.20000000e-01	3.59929162e-01
1.12000000e+00	5.60000000e-01	3.13525330e-01
1.12000000e+00	6.00000000e-01	2.70321818e-01
1.12000000e+00	6.40000000e-01	2.30318636e-01
1.12000000e+00	6.80000000e-01	1.93515795e-01
1.12000000e+00	7.20000000e-01	1.59913306e-01
1.12000000e+00	7.60000000e-01	1.29511175e-01
1.12000000e+00	8.00000000e-01	1.02309409e-01
1.12000000e+00	8.40000000e-01	7.83080115e-02
1.12000000e+00	8.80000000e-01	5.75069868e-02
1.12000000e+00	9.20000000e-01	3.99063360e-02
1.12000000e+00	9.60000000e-01	2.55060591e-02
1.12000000e+00	1.00000000e+00	1.43061545e-02
1.12000000e+00	1.04000000e+00	6.30661929e-03
1.12000000e+00	1.08000000e+00	1.50744909e-03
1.12000000e+00	1.12000000e+00	-9.13619239e-05
1.12000000e+00	1.16000000e+00	1.51017910e-03
1.12000000e+00	1.20000000e+00	6.31206373e-03
1.12000000e+00	1.24000000e+00	1.43142823e-02
1.12000000e+00	1.28000000e+00	2.55168238e-02
1.12000000e+00	1.32000000e+00	3.99196764e-02
1.12000000e+00	1.36000000e+00	5.75228270e-02
1.12000000e+00	1.40000000e+00	7.83262614e-02
1.12000000e+00	1.44000000e+00	1.02329965e-01
1.12000000e+00	1.48000000e+00	1.29533921e-01
1.12000000e+00	1.52000000e+00	1.59938114e-01
1.12000000e+00	1.56000000e+00	1.93542525e-01
1.12000000e+00	1.60000000e+00	2.30347137e-01
1.12000000e+00	1.64000000e+00	2.70351932e-01
1.12000000e+00	1.68000000e+00	3.13556889e-01
1.12000000e+00	1.72000000e+00	3.59961990e-01
1.12000000e+00	1.76000000e+00	4.09567215e-01
1.12000000e+00	1.80000000e+00	4.62372542e-01
1.12000000e+00	1.84000000e+00	5.18377952e-01
1.12000000e+00	1.88000000e+00	5.77583423e-01
1.12000000e+00	1.92000000e+00	6.39988936e-01
1.12000000e+00	1.96000000e+00	7.05594468e-01
1.12000000e+00	2.00000000e+00	7.74400000e-01

1.14000000e+00	0.00000000e+00	1.29960000e+00
1.14000000e+00	4.00000000e-02	1.20999275e+00
1.14000000e+00	8.00000000e-02	1.12358556e+00
1.14000000e+00	1.20000000e-01	1.04037845e+00
1.14000000e+00	1.60000000e-01	9.60371468e-01
1.14000000e+00	2.00000000e-01	8.83564627e-01
1.14000000e+00	2.40000000e-01	8.09957960e-01
1.14000000e+00	2.80000000e-01	7.39551492e-01
1.14000000e+00	3.20000000e-01	6.72345250e-01
1.14000000e+00	3.60000000e-01	6.08339257e-01
1.14000000e+00	4.00000000e-01	5.47533538e-01
1.14000000e+00	4.40000000e-01	4.89928114e-01
1.14000000e+00	4.80000000e-01	4.35523005e-01
1.14000000e+00	5.20000000e-01	3.84318230e-01
1.14000000e+00	5.60000000e-01	3.36313807e-01
1.14000000e+00	6.00000000e-01	2.91509752e-01
1.14000000e+00	6.40000000e-01	2.49906079e-01
1.14000000e+00	6.80000000e-01	2.11502801e-01
1.14000000e+00	7.20000000e-01	1.76299927e-01
1.14000000e+00	7.60000000e-01	1.44297467e-01
1.14000000e+00	8.00000000e-01	1.15495428e-01
1.14000000e+00	8.40000000e-01	8.98938150e-02
1.14000000e+00	8.80000000e-01	6.74926320e-02
1.14000000e+00	9.20000000e-01	4.82918806e-02
1.14000000e+00	9.60000000e-01	3.22915608e-02
1.14000000e+00	1.00000000e+00	1.94916708e-02
1.14000000e+00	1.04000000e+00	9.89220724e-03
1.14000000e+00	1.08000000e+00	3.49316497e-03
1.14000000e+00	1.12000000e+00	2.94537340e-04
1.14000000e+00	1.16000000e+00	2.96316088e-04
1.14000000e+00	1.20000000e+00	3.49849147e-03
1.14000000e+00	1.24000000e+00	9.90105231e-03
1.14000000e+00	1.28000000e+00	1.95039860e-02
1.14000000e+00	1.32000000e+00	3.23072788e-02
1.14000000e+00	1.36000000e+00	4.83109155e-02
1.14000000e+00	1.40000000e+00	6.75148800e-02
1.14000000e+00	1.44000000e+00	8.99191548e-02
1.14000000e+00	1.48000000e+00	1.15523722e-01
1.14000000e+00	1.52000000e+00	1.44328561e-01
1.14000000e+00	1.56000000e+00	1.76333654e-01
1.14000000e+00	1.60000000e+00	2.11538978e-01
1.14000000e+00	1.64000000e+00	2.49944512e-01
1.14000000e+00	1.68000000e+00	2.91550235e-01
1.14000000e+00	1.72000000e+00	3.36356123e-01
1.14000000e+00	1.76000000e+00	3.84362154e-01
1.14000000e+00	1.80000000e+00	4.35568304e-01
1.14000000e+00	1.84000000e+00	4.89974549e-01
1.14000000e+00	1.88000000e+00	5.47580865e-01
1.14000000e+00	1.92000000e+00	6.08387228e-01
1.14000000e+00	1.96000000e+00	6.72393614e-01
1.14000000e+00	2.00000000e+00	7.39600000e-01

1.16000000e+00	0.00000000e+00	1.34560000e+00
1.16000000e+00	4.00000000e-02	1.25439178e+00
1.16000000e+00	8.00000000e-02	1.16638363e+00
1.16000000e+00	1.20000000e-01	1.08157557e+00
1.16000000e+00	1.60000000e-01	9.99967653e-01
1.16000000e+00	2.00000000e-01	9.21559897e-01
1.16000000e+00	2.40000000e-01	8.46352338e-01
1.16000000e+00	2.80000000e-01	7.74345006e-01
1.16000000e+00	3.20000000e-01	7.05537929e-01
1.16000000e+00	3.60000000e-01	6.39931135e-01
1.16000000e+00	4.00000000e-01	5.77524651e-01
1.16000000e+00	4.40000000e-01	5.18318501e-01
1.16000000e+00	4.80000000e-01	4.62312709e-01
1.16000000e+00	5.20000000e-01	4.09507296e-01
1.16000000e+00	5.60000000e-01	3.59902282e-01
1.16000000e+00	6.00000000e-01	3.13497685e-01
1.16000000e+00	6.40000000e-01	2.70293521e-01
1.16000000e+00	6.80000000e-01	2.30289804e-01
1.16000000e+00	7.20000000e-01	1.93486546e-01
1.16000000e+00	7.60000000e-01	1.59883757e-01
1.16000000e+00	8.00000000e-01	1.29481446e-01
1.16000000e+00	8.40000000e-01	1.02279617e-01
1.16000000e+00	8.80000000e-01	7.82782764e-02
1.16000000e+00	9.20000000e-01	5.74774247e-02
1.16000000e+00	9.60000000e-01	3.98770623e-02
1.16000000e+00	1.00000000e+00	2.54771872e-02
1.16000000e+00	1.04000000e+00	1.42777954e-02
1.16000000e+00	1.08000000e+00	6.27888137e-03
1.16000000e+00	1.12000000e+00	1.48043736e-03
1.16000000e+00	1.16000000e+00	-1.17545939e-04
1.16000000e+00	1.20000000e+00	1.48492042e-03
1.16000000e+00	1.24000000e+00	6.28782375e-03
1.16000000e+00	1.28000000e+00	1.42911498e-02
1.16000000e+00	1.32000000e+00	2.54948829e-02
1.16000000e+00	1.36000000e+00	3.98990059e-02
1.16000000e+00	1.40000000e+00	5.75035005e-02
1.16000000e+00	1.44000000e+00	7.83083468e-02
1.16000000e+00	1.48000000e+00	1.02313524e-01
1.16000000e+00	1.52000000e+00	1.29519011e-01
1.16000000e+00	1.56000000e+00	1.59924784e-01
1.16000000e+00	1.60000000e+00	1.93530820e-01
1.16000000e+00	1.64000000e+00	2.30337095e-01
1.16000000e+00	1.68000000e+00	2.70343582e-01
1.16000000e+00	1.72000000e+00	3.13550258e-01
1.16000000e+00	1.76000000e+00	3.59957095e-01
1.16000000e+00	1.80000000e+00	4.09564066e-01
1.16000000e+00	1.84000000e+00	4.62371146e-01
1.16000000e+00	1.88000000e+00	5.18378307e-01
1.16000000e+00	1.92000000e+00	5.77585521e-01
1.16000000e+00	1.96000000e+00	6.39992761e-01
1.16000000e+00	2.00000000e+00	7.05600000e-01

1.18000000e+00	0.00000000e+00	1.39240000e+00
1.18000000e+00	4.00000000e-02	1.29959088e+00
1.18000000e+00	8.00000000e-02	1.20998182e+00
1.18000000e+00	1.20000000e-01	1.12357289e+00
1.18000000e+00	1.60000000e-01	1.04036409e+00
1.18000000e+00	2.00000000e-01	9.60355485e-01
1.18000000e+00	2.40000000e-01	8.83547094e-01
1.18000000e+00	2.80000000e-01	8.09938955e-01
1.18000000e+00	3.20000000e-01	7.39531099e-01
1.18000000e+00	3.60000000e-01	6.72323558e-01
1.18000000e+00	4.00000000e-01	6.08316360e-01
1.18000000e+00	4.40000000e-01	5.47509534e-01
1.18000000e+00	4.80000000e-01	4.89903104e-01
1.18000000e+00	5.20000000e-01	4.35497096e-01
1.18000000e+00	5.60000000e-01	3.84291530e-01
1.18000000e+00	6.00000000e-01	3.36286427e-01
1.18000000e+00	6.40000000e-01	2.91481805e-01
1.18000000e+00	6.80000000e-01	2.49877678e-01
1.18000000e+00	7.20000000e-01	2.11474062e-01
1.18000000e+00	7.60000000e-01	1.76270966e-01
1.18000000e+00	8.00000000e-01	1.44268400e-01
1.18000000e+00	8.40000000e-01	1.15466370e-01
1.18000000e+00	8.80000000e-01	8.98648815e-02
1.18000000e+00	9.20000000e-01	6.74639360e-02
1.18000000e+00	9.60000000e-01	4.82635335e-02
1.18000000e+00	1.00000000e+00	3.22636719e-02
1.18000000e+00	1.04000000e+00	1.94643470e-02
1.18000000e+00	1.08000000e+00	9.86555225e-03
1.18000000e+00	1.12000000e+00	3.46727932e-03
1.18000000e+00	1.16000000e+00	2.69517802e-04
1.18000000e+00	1.20000000e+00	2.72255439e-04
1.18000000e+00	1.24000000e+00	3.47547815e-03
1.18000000e+00	1.28000000e+00	9.87917014e-03
1.18000000e+00	1.32000000e+00	1.94833140e-02
1.18000000e+00	1.36000000e+00	3.22878906e-02
1.18000000e+00	1.40000000e+00	4.82928797e-02
1.18000000e+00	1.44000000e+00	6.74982594e-02
1.18000000e+00	1.48000000e+00	8.99040066e-02
1.18000000e+00	1.52000000e+00	1.15510097e-01
1.18000000e+00	1.56000000e+00	1.44316506e-01
1.18000000e+00	1.60000000e+00	1.76323206e-01
1.18000000e+00	1.64000000e+00	2.11530171e-01
1.18000000e+00	1.68000000e+00	2.49937373e-01
1.18000000e+00	1.72000000e+00	2.91544783e-01
1.18000000e+00	1.76000000e+00	3.36352372e-01
1.18000000e+00	1.80000000e+00	3.84360111e-01
1.18000000e+00	1.84000000e+00	4.35567970e-01
1.18000000e+00	1.88000000e+00	4.89975919e-01
1.18000000e+00	1.92000000e+00	5.47583927e-01
1.18000000e+00	1.96000000e+00	6.08391964e-01
1.18000000e+00	2.00000000e+00	6.72400000e-01

1.20000000e+00	0.00000000e+00	1.44000000e+00
1.20000000e+00	4.00000000e-02	1.34559001e+00
1.20000000e+00	8.00000000e-02	1.25438010e+00
1.20000000e+00	1.20000000e-01	1.16637032e+00
1.20000000e+00	1.60000000e-01	1.08156069e+00
1.20000000e+00	2.00000000e-01	9.99951266e-01
1.20000000e+00	2.40000000e-01	9.21542080e-01
1.20000000e+00	2.80000000e-01	8.46333169e-01
1.20000000e+00	3.20000000e-01	7.74324568e-01
1.20000000e+00	3.60000000e-01	7.05516312e-01
1.20000000e+00	4.00000000e-01	6.39908432e-01
1.20000000e+00	4.40000000e-01	5.77500959e-01
1.20000000e+00	4.80000000e-01	5.18293920e-01
1.20000000e+00	5.20000000e-01	4.62287341e-01
1.20000000e+00	5.60000000e-01	4.09481248e-01
1.20000000e+00	6.00000000e-01	3.59875661e-01
1.20000000e+00	6.40000000e-01	3.13470600e-01
1.20000000e+00	6.80000000e-01	2.70266083e-01
1.20000000e+00	7.20000000e-01	2.30262123e-01
1.20000000e+00	7.60000000e-01	1.93458734e-01
1.20000000e+00	8.00000000e-01	1.59855924e-01
1.20000000e+00	8.40000000e-01	1.29453702e-01
1.20000000e+00	8.80000000e-01	1.02252072e-01
1.20000000e+00	9.20000000e-01	7.82510369e-02
1.20000000e+00	9.60000000e-01	5.74505961e-02
1.20000000e+00	1.00000000e+00	3.98507474e-02
1.20000000e+00	1.04000000e+00	2.54514863e-02
1.20000000e+00	1.08000000e+00	1.42528057e-02
1.20000000e+00	1.12000000e+00	6.25469632e-03
1.20000000e+00	1.16000000e+00	1.45714687e-03
1.20000000e+00	1.20000000e+00	-1.39856101e-04
1.20000000e+00	1.24000000e+00	1.46367201e-03
1.20000000e+00	1.28000000e+00	6.26771389e-03
1.20000000e+00	1.32000000e+00	1.42722505e-02
1.20000000e+00	1.36000000e+00	2.54772610e-02
1.20000000e+00	1.40000000e+00	3.98827230e-02
1.20000000e+00	1.44000000e+00	5.74886126e-02
1.20000000e+00	1.48000000e+00	7.82949047e-02
1.20000000e+00	1.52000000e+00	1.02301573e-01
1.20000000e+00	1.56000000e+00	1.29508589e-01
1.20000000e+00	1.60000000e+00	1.59915924e-01
1.20000000e+00	1.64000000e+00	1.93523550e-01
1.20000000e+00	1.68000000e+00	2.30331434e-01
1.20000000e+00	1.72000000e+00	2.70339547e-01
1.20000000e+00	1.76000000e+00	3.13547856e-01
1.20000000e+00	1.80000000e+00	3.59956329e-01
1.20000000e+00	1.84000000e+00	4.09564933e-01
1.20000000e+00	1.88000000e+00	4.62373635e-01
1.20000000e+00	1.92000000e+00	5.18382403e-01
1.20000000e+00	1.96000000e+00	5.77591202e-01
1.20000000e+00	2.00000000e+00	6.40000000e-01

1.22000000e+00	0.00000000e+00	1.48840000e+00
1.22000000e+00	4.00000000e-02	1.39238915e+00
1.22000000e+00	8.00000000e-02	1.29957838e+00
1.22000000e+00	1.20000000e-01	1.20996774e+00
1.22000000e+00	1.60000000e-01	1.12355729e+00
1.22000000e+00	2.00000000e-01	1.04034704e+00
1.22000000e+00	2.40000000e-01	9.60337063e-01
1.22000000e+00	2.80000000e-01	8.83527380e-01
1.22000000e+00	3.20000000e-01	8.09918035e-01
1.22000000e+00	3.60000000e-01	7.39509064e-01
1.22000000e+00	4.00000000e-01	6.72300501e-01
1.22000000e+00	4.40000000e-01	6.08292381e-01
1.22000000e+00	4.80000000e-01	5.47484732e-01
1.22000000e+00	5.20000000e-01	4.89877584e-01
1.22000000e+00	5.60000000e-01	4.35470963e-01
1.22000000e+00	6.00000000e-01	3.84264893e-01
1.22000000e+00	6.40000000e-01	3.36259394e-01
1.22000000e+00	6.80000000e-01	2.91454485e-01
1.22000000e+00	7.20000000e-01	2.49850183e-01
1.22000000e+00	7.60000000e-01	2.11446500e-01
1.22000000e+00	8.00000000e-01	1.76243447e-01
1.22000000e+00	8.40000000e-01	1.44241033e-01
1.22000000e+00	8.80000000e-01	1.15439262e-01
1.22000000e+00	9.20000000e-01	8.98381371e-02
1.22000000e+00	9.60000000e-01	6.74376583e-02
1.22000000e+00	1.00000000e+00	4.82378230e-02
1.22000000e+00	1.04000000e+00	3.22386260e-02
1.22000000e+00	1.08000000e+00	1.94400598e-02
1.22000000e+00	1.12000000e+00	9.84211438e-03
1.22000000e+00	1.16000000e+00	3.44477730e-03
1.22000000e+00	1.20000000e+00	2.48034013e-04
1.22000000e+00	1.24000000e+00	2.51867779e-04
1.22000000e+00	1.28000000e+00	3.45625980e-03
1.22000000e+00	1.32000000e+00	9.86118933e-03
1.22000000e+00	1.36000000e+00	1.94666338e-02
1.22000000e+00	1.40000000e+00	3.22725688e-02
1.22000000e+00	1.44000000e+00	4.82789685e-02
1.22000000e+00	1.48000000e+00	6.74858055e-02
1.22000000e+00	1.52000000e+00	8.98930508e-02
1.22000000e+00	1.56000000e+00	1.15500674e-01
1.22000000e+00	1.60000000e+00	1.44308645e-01
1.22000000e+00	1.64000000e+00	1.76316931e-01
1.22000000e+00	1.68000000e+00	2.11525498e-01
1.22000000e+00	1.72000000e+00	2.49934313e-01
1.22000000e+00	1.76000000e+00	2.91543342e-01
1.22000000e+00	1.80000000e+00	3.36352548e-01
1.22000000e+00	1.84000000e+00	3.84361897e-01
1.22000000e+00	1.88000000e+00	4.35571353e-01
1.22000000e+00	1.92000000e+00	4.89980879e-01
1.22000000e+00	1.96000000e+00	5.47590440e-01
1.22000000e+00	2.00000000e+00	6.08400000e-01

1.24000000e+00	0.00000000e+00	1.53760000e+00
1.24000000e+00	4.00000000e-02	1.43998837e+00
1.24000000e+00	8.00000000e-02	1.34557683e+00
1.24000000e+00	1.20000000e-01	1.25436543e+00
1.24000000e+00	1.60000000e-01	1.16635422e+00
1.24000000e+00	2.00000000e-01	1.08154324e+00
1.24000000e+00	2.40000000e-01	9.99932545e-01
1.24000000e+00	2.80000000e-01	9.21522167e-01
1.24000000e+00	3.20000000e-01	8.46312151e-01
1.24000000e+00	3.60000000e-01	7.74302535e-01
1.24000000e+00	4.00000000e-01	7.05493358e-01
1.24000000e+00	4.40000000e-01	6.39884654e-01
1.24000000e+00	4.80000000e-01	5.77476456e-01
1.24000000e+00	5.20000000e-01	5.18268795e-01
1.24000000e+00	5.60000000e-01	4.62261699e-01
1.24000000e+00	6.00000000e-01	4.09455192e-01
1.24000000e+00	6.40000000e-01	3.59849299e-01
1.24000000e+00	6.80000000e-01	3.13444037e-01
1.24000000e+00	7.20000000e-01	2.70239426e-01
1.24000000e+00	7.60000000e-01	2.30235479e-01
1.24000000e+00	8.00000000e-01	1.93432207e-01
1.24000000e+00	8.40000000e-01	1.59829619e-01
1.24000000e+00	8.80000000e-01	1.29427720e-01
1.24000000e+00	9.20000000e-01	1.02226514e-01
1.24000000e+00	9.60000000e-01	7.82260010e-02
1.24000000e+00	1.00000000e+00	5.74261773e-02
1.24000000e+00	1.04000000e+00	3.98270378e-02
1.24000000e+00	1.08000000e+00	2.54285744e-02
1.24000000e+00	1.12000000e+00	1.42307763e-02
1.24000000e+00	1.16000000e+00	6.23363023e-03
1.24000000e+00	1.20000000e+00	1.43712063e-03
1.24000000e+00	1.24000000e+00	-1.58770457e-04
1.24000000e+00	1.28000000e+00	1.44593681e-03
1.24000000e+00	1.32000000e+00	6.25122021e-03
1.24000000e+00	1.36000000e+00	1.42570555e-02
1.24000000e+00	1.40000000e+00	2.54634167e-02
1.24000000e+00	1.44000000e+00	3.98702759e-02
1.24000000e+00	1.48000000e+00	5.74776038e-02
1.24000000e+00	1.52000000e+00	7.82853694e-02
1.24000000e+00	1.56000000e+00	1.02293541e-01
1.24000000e+00	1.60000000e+00	1.29502084e-01
1.24000000e+00	1.64000000e+00	1.59910964e-01
1.24000000e+00	1.68000000e+00	1.93520147e-01
1.24000000e+00	1.72000000e+00	2.30329595e-01
1.24000000e+00	1.76000000e+00	2.70339272e-01
1.24000000e+00	1.80000000e+00	3.13549140e-01
1.24000000e+00	1.84000000e+00	3.59959160e-01
1.24000000e+00	1.88000000e+00	4.09569295e-01
1.24000000e+00	1.92000000e+00	4.62379506e-01
1.24000000e+00	1.96000000e+00	5.18389754e-01
1.24000000e+00	2.00000000e+00	5.77600000e-01

1.26000000e+00	0.00000000e+00	1.58760000e+00
1.26000000e+00	4.00000000e-02	1.48838764e+00
1.26000000e+00	8.00000000e-02	1.39237537e+00
1.26000000e+00	1.20000000e-01	1.29956326e+00
1.26000000e+00	1.60000000e-01	1.20995135e+00
1.26000000e+00	2.00000000e-01	1.12353968e+00
1.26000000e+00	2.40000000e-01	1.04032831e+00
1.26000000e+00	2.80000000e-01	9.60317281e-01
1.26000000e+00	3.20000000e-01	8.83506636e-01
1.26000000e+00	3.60000000e-01	8.09896417e-01
1.26000000e+00	4.00000000e-01	7.39486664e-01
1.26000000e+00	4.40000000e-01	6.72277413e-01
1.26000000e+00	4.80000000e-01	6.08268701e-01
1.26000000e+00	5.20000000e-01	5.47460559e-01
1.26000000e+00	5.60000000e-01	4.89853017e-01
1.26000000e+00	6.00000000e-01	4.35446102e-01
1.26000000e+00	6.40000000e-01	3.84239838e-01
1.26000000e+00	6.80000000e-01	3.36234246e-01
1.26000000e+00	7.20000000e-01	2.91429345e-01
1.26000000e+00	7.60000000e-01	2.49825149e-01
1.26000000e+00	8.00000000e-01	2.11421672e-01
1.26000000e+00	8.40000000e-01	1.76218921e-01
1.26000000e+00	8.80000000e-01	1.44216903e-01
1.26000000e+00	9.20000000e-01	1.15415622e-01
1.26000000e+00	9.60000000e-01	8.98150758e-02
1.26000000e+00	1.00000000e+00	6.74152629e-02
1.26000000e+00	1.04000000e+00	4.82161772e-02
1.26000000e+00	1.08000000e+00	3.22178101e-02
1.26000000e+00	1.12000000e+00	1.94201500e-02
1.26000000e+00	1.16000000e+00	9.82318295e-03
1.26000000e+00	1.20000000e+00	3.42689233e-03
1.26000000e+00	1.24000000e+00	2.31259077e-04
1.26000000e+00	1.28000000e+00	2.36261773e-04
1.26000000e+00	1.32000000e+00	3.44187679e-03
1.26000000e+00	1.36000000e+00	9.84807841e-03
1.26000000e+00	1.40000000e+00	1.94548389e-02
1.26000000e+00	1.44000000e+00	3.22621288e-02
1.26000000e+00	1.48000000e+00	4.82699167e-02
1.26000000e+00	1.52000000e+00	6.74781700e-02
1.26000000e+00	1.56000000e+00	8.98868542e-02
1.26000000e+00	1.60000000e+00	1.15495934e-01
1.26000000e+00	1.64000000e+00	1.44305372e-01
1.26000000e+00	1.68000000e+00	1.76315132e-01
1.26000000e+00	1.72000000e+00	2.11525173e-01
1.26000000e+00	1.76000000e+00	2.49935458e-01
1.26000000e+00	1.80000000e+00	2.91545945e-01
1.26000000e+00	1.84000000e+00	3.36356595e-01
1.26000000e+00	1.88000000e+00	3.84367367e-01
1.26000000e+00	1.92000000e+00	4.35578219e-01
1.26000000e+00	1.96000000e+00	4.89989110e-01
1.26000000e+00	2.00000000e+00	5.47600000e-01

1.28000000e+00	0.00000000e+00	1.63840000e+00
1.28000000e+00	4.00000000e-02	1.53758691e+00
1.28000000e+00	8.00000000e-02	1.43997392e+00
1.28000000e+00	1.20000000e-01	1.34556109e+00
1.28000000e+00	1.60000000e-01	1.25434847e+00
1.28000000e+00	2.00000000e-01	1.16633612e+00
1.28000000e+00	2.40000000e-01	1.08152407e+00
1.28000000e+00	2.80000000e-01	9.99912393e-01
1.28000000e+00	3.20000000e-01	9.21501119e-01
1.28000000e+00	3.60000000e-01	8.46290296e-01
1.28000000e+00	4.00000000e-01	7.74279966e-01
1.28000000e+00	4.40000000e-01	7.05470169e-01
1.28000000e+00	4.80000000e-01	6.39860942e-01
1.28000000e+00	5.20000000e-01	5.77452319e-01
1.28000000e+00	5.60000000e-01	5.18244331e-01
1.28000000e+00	6.00000000e-01	4.62237007e-01
1.28000000e+00	6.40000000e-01	4.09430373e-01
1.28000000e+00	6.80000000e-01	3.59824451e-01
1.28000000e+00	7.20000000e-01	3.13419261e-01
1.28000000e+00	7.60000000e-01	2.70214818e-01
1.28000000e+00	8.00000000e-01	2.30211135e-01
1.28000000e+00	8.40000000e-01	1.93408222e-01
1.28000000e+00	8.80000000e-01	1.59806085e-01
1.28000000e+00	9.20000000e-01	1.29404728e-01
1.28000000e+00	9.60000000e-01	1.02204150e-01
1.28000000e+00	1.00000000e+00	7.82043485e-02
1.28000000e+00	1.04000000e+00	5.74053171e-02
1.28000000e+00	1.08000000e+00	3.98070466e-02
1.28000000e+00	1.12000000e+00	2.54095250e-02
1.28000000e+00	1.16000000e+00	1.42127373e-02
1.28000000e+00	1.20000000e+00	6.21666608e-03
1.28000000e+00	1.24000000e+00	1.42129098e-03
1.28000000e+00	1.28000000e+00	-1.73410603e-04
1.28000000e+00	1.32000000e+00	1.43253629e-03
1.28000000e+00	1.36000000e+00	6.23910440e-03
1.28000000e+00	1.40000000e+00	1.42462644e-02
1.28000000e+00	1.44000000e+00	2.54539850e-02
1.28000000e+00	1.48000000e+00	3.98622331e-02
1.28000000e+00	1.52000000e+00	5.74709740e-02
1.28000000e+00	1.56000000e+00	7.82801712e-02
1.28000000e+00	1.60000000e+00	1.02289787e-01
1.28000000e+00	1.64000000e+00	1.29499783e-01
1.28000000e+00	1.68000000e+00	1.59910119e-01
1.28000000e+00	1.72000000e+00	1.93520754e-01
1.28000000e+00	1.76000000e+00	2.30331646e-01
1.28000000e+00	1.80000000e+00	2.70342753e-01
1.28000000e+00	1.84000000e+00	3.13554032e-01
1.28000000e+00	1.88000000e+00	3.59965439e-01
1.28000000e+00	1.92000000e+00	4.09576932e-01
1.28000000e+00	1.96000000e+00	4.62388467e-01
1.28000000e+00	2.00000000e+00	5.18400000e-01

1.30000000e+00	0.00000000e+00	1.69000000e+00
1.30000000e+00	4.00000000e-02	1.58758628e+00
1.30000000e+00	8.00000000e-02	1.48837267e+00
1.30000000e+00	1.20000000e-01	1.39235922e+00
1.30000000e+00	1.60000000e-01	1.29954600e+00
1.30000000e+00	2.00000000e-01	1.20993306e+00
1.30000000e+00	2.40000000e-01	1.12352044e+00
1.30000000e+00	2.80000000e-01	1.04030820e+00
1.30000000e+00	3.20000000e-01	9.60296384e-01
1.30000000e+00	3.60000000e-01	8.83485043e-01
1.30000000e+00	4.00000000e-01	8.09874218e-01
1.30000000e+00	4.40000000e-01	7.39463952e-01
1.30000000e+00	4.80000000e-01	6.72254283e-01
1.30000000e+00	5.20000000e-01	6.08245247e-01
1.30000000e+00	5.60000000e-01	5.47436876e-01
1.30000000e+00	6.00000000e-01	4.89829202e-01
1.30000000e+00	6.40000000e-01	4.35422250e-01
1.30000000e+00	6.80000000e-01	3.84216044e-01
1.30000000e+00	7.20000000e-01	3.36210605e-01
1.30000000e+00	7.60000000e-01	2.91405949e-01
1.30000000e+00	8.00000000e-01	2.49802089e-01
1.30000000e+00	8.40000000e-01	2.11399037e-01
1.30000000e+00	8.80000000e-01	1.76196797e-01
1.30000000e+00	9.20000000e-01	1.44195375e-01
1.30000000e+00	9.60000000e-01	1.15394769e-01
1.30000000e+00	1.00000000e+00	8.97949769e-02
1.30000000e+00	1.04000000e+00	6.73959916e-02
1.30000000e+00	1.08000000e+00	4.81978037e-02
1.30000000e+00	1.12000000e+00	3.22004006e-02
1.30000000e+00	1.16000000e+00	1.94037666e-02
1.30000000e+00	1.20000000e+00	9.80788330e-03
1.30000000e+00	1.24000000e+00	3.41272956e-03
1.30000000e+00	1.28000000e+00	2.18281607e-04
1.30000000e+00	1.32000000e+00	2.24513214e-04
1.30000000e+00	1.36000000e+00	3.43139583e-03
1.30000000e+00	1.40000000e+00	9.83889872e-03
1.30000000e+00	1.44000000e+00	1.94469891e-02
1.30000000e+00	1.48000000e+00	3.22556322e-02
1.30000000e+00	1.52000000e+00	4.82647918e-02
1.30000000e+00	1.56000000e+00	6.74744296e-02
1.30000000e+00	1.60000000e+00	8.98845063e-02
1.30000000e+00	1.64000000e+00	1.15494981e-01
1.30000000e+00	1.68000000e+00	1.44305812e-01
1.30000000e+00	1.72000000e+00	1.76316956e-01
1.30000000e+00	1.76000000e+00	2.11528370e-01
1.30000000e+00	1.80000000e+00	2.49940010e-01
1.30000000e+00	1.84000000e+00	2.91551829e-01
1.30000000e+00	1.88000000e+00	3.36363783e-01
1.30000000e+00	1.92000000e+00	3.84375827e-01
1.30000000e+00	1.96000000e+00	4.35587914e-01
1.30000000e+00	2.00000000e+00	4.90000000e-01

1.32000000e+00	0.00000000e+00	1.74240000e+00
1.32000000e+00	4.00000000e-02	1.63838571e+00
1.32000000e+00	8.00000000e-02	1.53757153e+00
1.32000000e+00	1.20000000e-01	1.43995753e+00
1.32000000e+00	1.60000000e-01	1.34554376e+00
1.32000000e+00	2.00000000e-01	1.25433027e+00
1.32000000e+00	2.40000000e-01	1.16631713e+00
1.32000000e+00	2.80000000e-01	1.08150438e+00
1.32000000e+00	3.20000000e-01	9.99892077e-01
1.32000000e+00	3.60000000e-01	9.21480264e-01
1.32000000e+00	4.00000000e-01	8.46268989e-01
1.32000000e+00	4.40000000e-01	7.74258296e-01
1.32000000e+00	4.80000000e-01	7.05448225e-01
1.32000000e+00	5.20000000e-01	6.39838813e-01
1.32000000e+00	5.60000000e-01	5.77430095e-01
1.32000000e+00	6.00000000e-01	5.18222101e-01
1.32000000e+00	6.40000000e-01	4.62214860e-01
1.32000000e+00	6.80000000e-01	4.09408396e-01
1.32000000e+00	7.20000000e-01	3.59802730e-01
1.32000000e+00	7.60000000e-01	3.13397880e-01
1.32000000e+00	8.00000000e-01	2.70193860e-01
1.32000000e+00	8.40000000e-01	2.30190680e-01
1.32000000e+00	8.80000000e-01	1.93388348e-01
1.32000000e+00	9.20000000e-01	1.59786866e-01
1.32000000e+00	9.60000000e-01	1.29386234e-01
1.32000000e+00	1.00000000e+00	1.02186450e-01
1.32000000e+00	1.04000000e+00	7.81875072e-02
1.32000000e+00	1.08000000e+00	5.73893944e-02
1.32000000e+00	1.12000000e+00	3.97920990e-02
1.32000000e+00	1.16000000e+00	2.53956048e-02
1.32000000e+00	1.20000000e+00	1.41998925e-02
1.32000000e+00	1.24000000e+00	6.20494012e-03
1.32000000e+00	1.28000000e+00	1.41072289e-03
1.32000000e+00	1.32000000e+00	-1.82786487e-04
1.32000000e+00	1.36000000e+00	1.42438225e-03
1.32000000e+00	1.40000000e+00	6.23219707e-03
1.32000000e+00	1.44000000e+00	1.42406238e-02
1.32000000e+00	1.48000000e+00	2.54496264e-02
1.32000000e+00	1.52000000e+00	3.98591669e-02
1.32000000e+00	1.56000000e+00	5.74692056e-02
1.32000000e+00	1.60000000e+00	7.82797014e-02
1.32000000e+00	1.64000000e+00	1.02290612e-01
1.32000000e+00	1.68000000e+00	1.29501894e-01
1.32000000e+00	1.72000000e+00	1.59913501e-01
1.32000000e+00	1.76000000e+00	1.93525390e-01
1.32000000e+00	1.80000000e+00	2.30337514e-01
1.32000000e+00	1.84000000e+00	2.70349825e-01
1.32000000e+00	1.88000000e+00	3.13562276e-01
1.32000000e+00	1.92000000e+00	3.59974821e-01
1.32000000e+00	1.96000000e+00	4.09587412e-01
1.32000000e+00	2.00000000e+00	4.62400000e-01

1.34000000e+00	0.00000000e+00	1.79560000e+00
1.34000000e+00	4.00000000e-02	1.68998514e+00
1.34000000e+00	8.00000000e-02	1.58757039e+00
1.34000000e+00	1.20000000e-01	1.48835583e+00
1.34000000e+00	1.60000000e-01	1.39234151e+00
1.34000000e+00	2.00000000e-01	1.29952749e+00
1.34000000e+00	2.40000000e-01	1.20991382e+00
1.34000000e+00	2.80000000e-01	1.12350056e+00
1.34000000e+00	3.20000000e-01	1.04028777e+00
1.34000000e+00	3.60000000e-01	9.60275481e-01
1.34000000e+00	4.00000000e-01	8.83463757e-01
1.34000000e+00	4.40000000e-01	8.09852636e-01
1.34000000e+00	4.80000000e-01	7.39442163e-01
1.34000000e+00	5.20000000e-01	6.72232375e-01
1.34000000e+00	5.60000000e-01	6.08223309e-01
1.34000000e+00	6.00000000e-01	5.47414996e-01
1.34000000e+00	6.40000000e-01	4.89807466e-01
1.34000000e+00	6.80000000e-01	4.35400744e-01
1.34000000e+00	7.20000000e-01	3.84194852e-01
1.34000000e+00	7.60000000e-01	3.36189809e-01
1.34000000e+00	8.00000000e-01	2.91385628e-01
1.34000000e+00	8.40000000e-01	2.49782322e-01
1.34000000e+00	8.80000000e-01	2.11379896e-01
1.34000000e+00	9.20000000e-01	1.76178355e-01
1.34000000e+00	9.60000000e-01	1.44177699e-01
1.34000000e+00	1.00000000e+00	1.15377924e-01
1.34000000e+00	1.04000000e+00	8.97790233e-02
1.34000000e+00	1.08000000e+00	6.73809861e-02
1.34000000e+00	1.12000000e+00	4.81837990e-02
1.34000000e+00	1.16000000e+00	3.21874449e-02
1.34000000e+00	1.20000000e+00	1.93919041e-02
1.34000000e+00	1.24000000e+00	9.79715342e-03
1.34000000e+00	1.28000000e+00	3.40316725e-03
1.34000000e+00	1.32000000e+00	2.09917168e-04
1.34000000e+00	1.36000000e+00	2.17372244e-04
1.34000000e+00	1.40000000e+00	3.42549918e-03
1.34000000e+00	1.44000000e+00	9.83426246e-03
1.34000000e+00	1.48000000e+00	1.94436245e-02
1.34000000e+00	1.52000000e+00	3.22535459e-02
1.34000000e+00	1.56000000e+00	4.82639854e-02
1.34000000e+00	1.60000000e+00	6.74749002e-02
1.34000000e+00	1.64000000e+00	8.98862463e-02
1.34000000e+00	1.68000000e+00	1.15497978e-01
1.34000000e+00	1.72000000e+00	1.44310049e-01
1.34000000e+00	1.76000000e+00	1.76322413e-01
1.34000000e+00	1.80000000e+00	2.11535020e-01
1.34000000e+00	1.84000000e+00	2.49947822e-01
1.34000000e+00	1.88000000e+00	2.91560771e-01
1.34000000e+00	1.92000000e+00	3.36373816e-01
1.34000000e+00	1.96000000e+00	3.84386909e-01
1.34000000e+00	2.00000000e+00	4.35600000e-01

1.36000000e+00	0.00000000e+00	1.84960000e+00
1.36000000e+00	4.00000000e-02	1.74238468e+00
1.36000000e+00	8.00000000e-02	1.63836949e+00
1.36000000e+00	1.20000000e-01	1.53755449e+00
1.36000000e+00	1.60000000e-01	1.43993973e+00
1.36000000e+00	2.00000000e-01	1.34552528e+00
1.36000000e+00	2.40000000e-01	1.25431119e+00
1.36000000e+00	2.80000000e-01	1.16629753e+00
1.36000000e+00	3.20000000e-01	1.08148434e+00
1.36000000e+00	3.60000000e-01	9.99871684e-01
1.36000000e+00	4.00000000e-01	9.21459602e-01
1.36000000e+00	4.40000000e-01	8.46248143e-01
1.36000000e+00	4.80000000e-01	7.74237350e-01
1.36000000e+00	5.20000000e-01	7.05427263e-01
1.36000000e+00	5.60000000e-01	6.39817920e-01
1.36000000e+00	6.00000000e-01	5.77409354e-01
1.36000000e+00	6.40000000e-01	5.18201594e-01
1.36000000e+00	6.80000000e-01	4.62194667e-01
1.36000000e+00	7.20000000e-01	4.09388595e-01
1.36000000e+00	7.60000000e-01	3.59783398e-01
1.36000000e+00	8.00000000e-01	3.13379089e-01
1.36000000e+00	8.40000000e-01	2.70175682e-01
1.36000000e+00	8.80000000e-01	2.30173182e-01
1.36000000e+00	9.20000000e-01	1.93371594e-01
1.36000000e+00	9.60000000e-01	1.59770917e-01
1.36000000e+00	1.00000000e+00	1.29371149e-01
1.36000000e+00	1.04000000e+00	1.02172281e-01
1.36000000e+00	1.08000000e+00	7.81743038e-02
1.36000000e+00	1.12000000e+00	5.73772022e-02
1.36000000e+00	1.16000000e+00	3.97809592e-02
1.36000000e+00	1.20000000e+00	2.53855541e-02
1.36000000e+00	1.24000000e+00	1.41909634e-02
1.36000000e+00	1.28000000e+00	6.19716051e-03
1.36000000e+00	1.32000000e+00	1.40411621e-03
1.36000000e+00	1.36000000e+00	-1.88201396e-04
1.36000000e+00	1.40000000e+00	1.42017339e-03
1.36000000e+00	1.44000000e+00	6.22920396e-03
1.36000000e+00	1.48000000e+00	1.42388516e-02
1.36000000e+00	1.52000000e+00	2.54490757e-02
1.36000000e+00	1.56000000e+00	3.98598337e-02
1.36000000e+00	1.60000000e+00	5.74710816e-02
1.36000000e+00	1.64000000e+00	7.82827739e-02
1.36000000e+00	1.68000000e+00	1.02294864e-01
1.36000000e+00	1.72000000e+00	1.29507304e-01
1.36000000e+00	1.76000000e+00	1.59920044e-01
1.36000000e+00	1.80000000e+00	1.93533036e-01
1.36000000e+00	1.84000000e+00	2.30346229e-01
1.36000000e+00	1.88000000e+00	2.70359573e-01
1.36000000e+00	1.92000000e+00	3.13573017e-01
1.36000000e+00	1.96000000e+00	3.59986510e-01
1.36000000e+00	2.00000000e+00	4.09600000e-01

1.38000000e+00	0.00000000e+00	1.90440000e+00
1.38000000e+00	4.00000000e-02	1.79558429e+00
1.38000000e+00	8.00000000e-02	1.68996871e+00
1.38000000e+00	1.20000000e-01	1.58755332e+00
1.38000000e+00	1.60000000e-01	1.48833819e+00
1.38000000e+00	2.00000000e-01	1.39232337e+00
1.38000000e+00	2.40000000e-01	1.29950893e+00
1.38000000e+00	2.80000000e-01	1.20989491e+00
1.38000000e+00	3.20000000e-01	1.12348139e+00
1.38000000e+00	3.60000000e-01	1.04026841e+00
1.38000000e+00	4.00000000e-01	9.60256018e-01
1.38000000e+00	4.40000000e-01	8.83444266e-01
1.38000000e+00	4.80000000e-01	8.09833197e-01
1.38000000e+00	5.20000000e-01	7.39422853e-01
1.38000000e+00	5.60000000e-01	6.72213271e-01
1.38000000e+00	6.00000000e-01	6.08204486e-01
1.38000000e+00	6.40000000e-01	5.47396527e-01
1.38000000e+00	6.80000000e-01	4.89789423e-01
1.38000000e+00	7.20000000e-01	4.35383196e-01
1.38000000e+00	7.60000000e-01	3.84177866e-01
1.38000000e+00	8.00000000e-01	3.36173447e-01
1.38000000e+00	8.40000000e-01	2.91369952e-01
1.38000000e+00	8.80000000e-01	2.49767388e-01
1.38000000e+00	9.20000000e-01	2.11365759e-01
1.38000000e+00	9.60000000e-01	1.76165065e-01
1.38000000e+00	1.00000000e+00	1.44165303e-01
1.38000000e+00	1.04000000e+00	1.15366464e-01
1.38000000e+00	1.08000000e+00	8.97685376e-02
1.38000000e+00	1.12000000e+00	6.73715098e-02
1.38000000e+00	1.16000000e+00	4.81753625e-02
1.38000000e+00	1.20000000e+00	3.21800746e-02
1.38000000e+00	1.24000000e+00	1.93856218e-02
1.38000000e+00	1.28000000e+00	9.79197708e-03
1.38000000e+00	1.32000000e+00	3.39911031e-03
1.38000000e+00	1.36000000e+00	2.06988840e-04
1.38000000e+00	1.40000000e+00	2.15577473e-04
1.38000000e+00	1.44000000e+00	3.42483868e-03
1.38000000e+00	1.48000000e+00	9.83473276e-03
1.38000000e+00	1.52000000e+00	1.94452180e-02
1.38000000e+00	1.56000000e+00	3.22562509e-02
1.38000000e+00	1.60000000e+00	4.82677862e-02
1.38000000e+00	1.64000000e+00	6.74797773e-02
1.38000000e+00	1.68000000e+00	8.98921762e-02
1.38000000e+00	1.72000000e+00	1.15504934e-01
1.38000000e+00	1.76000000e+00	1.44318000e-01
1.38000000e+00	1.80000000e+00	1.76331324e-01
1.38000000e+00	1.84000000e+00	2.11544855e-01
1.38000000e+00	1.88000000e+00	2.49958540e-01
1.38000000e+00	1.92000000e+00	2.91572327e-01
1.38000000e+00	1.96000000e+00	3.36386165e-01
1.38000000e+00	2.00000000e+00	3.84400000e-01

1.40000000e+00	0.00000000e+00	1.96000000e+00
1.40000000e+00	4.00000000e-02	1.84958390e+00
1.40000000e+00	8.00000000e-02	1.74236793e+00
1.40000000e+00	1.20000000e-01	1.63835216e+00
1.40000000e+00	1.60000000e-01	1.53753665e+00
1.40000000e+00	2.00000000e-01	1.43992146e+00
1.40000000e+00	2.40000000e-01	1.34550666e+00
1.40000000e+00	2.80000000e-01	1.25429229e+00
1.40000000e+00	3.20000000e-01	1.16627843e+00
1.40000000e+00	3.60000000e-01	1.08146513e+00
1.40000000e+00	4.00000000e-01	9.99852429e-01
1.40000000e+00	4.40000000e-01	9.21440384e-01
1.40000000e+00	4.80000000e-01	8.46229040e-01
1.40000000e+00	5.20000000e-01	7.74218438e-01
1.40000000e+00	5.60000000e-01	7.05408617e-01
1.40000000e+00	6.00000000e-01	6.39799613e-01
1.40000000e+00	6.40000000e-01	5.77391457e-01
1.40000000e+00	6.80000000e-01	5.18184176e-01
1.40000000e+00	7.20000000e-01	4.62177794e-01
1.40000000e+00	7.60000000e-01	4.09372331e-01
1.40000000e+00	8.00000000e-01	3.59767803e-01
1.40000000e+00	8.40000000e-01	3.13364221e-01
1.40000000e+00	8.80000000e-01	2.70161593e-01
1.40000000e+00	9.20000000e-01	2.30159924e-01
1.40000000e+00	9.60000000e-01	1.93359213e-01
1.40000000e+00	1.00000000e+00	1.59759456e-01
1.40000000e+00	1.04000000e+00	1.29360647e-01
1.40000000e+00	1.08000000e+00	1.02162772e-01
1.40000000e+00	1.12000000e+00	7.81658190e-02
1.40000000e+00	1.16000000e+00	5.73697679e-02
1.40000000e+00	1.20000000e+00	3.97745976e-02
1.40000000e+00	1.24000000e+00	2.53802833e-02
1.40000000e+00	1.28000000e+00	1.41867970e-02
1.40000000e+00	1.32000000e+00	6.19410810e-03
1.40000000e+00	1.36000000e+00	1.40218301e-03
1.40000000e+00	1.40000000e+00	-1.89014319e-04
1.40000000e+00	1.44000000e+00	1.42047765e-03
1.40000000e+00	1.48000000e+00	6.23061821e-03
1.40000000e+00	1.52000000e+00	1.42413646e-02
1.40000000e+00	1.56000000e+00	2.54526723e-02
1.40000000e+00	1.60000000e+00	3.98644949e-02
1.40000000e+00	1.64000000e+00	5.74767846e-02
1.40000000e+00	1.68000000e+00	7.82894922e-02
1.40000000e+00	1.72000000e+00	1.02302567e-01
1.40000000e+00	1.76000000e+00	1.29515959e-01
1.40000000e+00	1.80000000e+00	1.59929615e-01
1.40000000e+00	1.84000000e+00	1.93543482e-01
1.40000000e+00	1.88000000e+00	2.30357508e-01
1.40000000e+00	1.92000000e+00	2.70371638e-01
1.40000000e+00	1.96000000e+00	3.13585820e-01
1.40000000e+00	2.00000000e+00	3.60000000e-01

1.42000000e+00	0.00000000e+00	2.01640000e+00
1.42000000e+00	4.00000000e-02	1.90438364e+00
1.42000000e+00	8.00000000e-02	1.79556741e+00
1.42000000e+00	1.20000000e-01	1.68995138e+00
1.42000000e+00	1.60000000e-01	1.58753561e+00
1.42000000e+00	2.00000000e-01	1.48832017e+00
1.42000000e+00	2.40000000e-01	1.39230512e+00
1.42000000e+00	2.80000000e-01	1.29949053e+00
1.42000000e+00	3.20000000e-01	1.20987644e+00
1.42000000e+00	3.60000000e-01	1.12346292e+00
1.42000000e+00	4.00000000e-01	1.04025001e+00
1.42000000e+00	4.40000000e-01	9.60237766e-01
1.42000000e+00	4.80000000e-01	8.83426235e-01
1.42000000e+00	5.20000000e-01	8.09815459e-01
1.42000000e+00	5.60000000e-01	7.39405477e-01
1.42000000e+00	6.00000000e-01	6.72196325e-01
1.42000000e+00	6.40000000e-01	6.08188035e-01
1.42000000e+00	6.80000000e-01	5.47380634e-01
1.42000000e+00	7.20000000e-01	4.89774148e-01
1.42000000e+00	7.60000000e-01	4.35368595e-01
1.42000000e+00	8.00000000e-01	3.84163992e-01
1.42000000e+00	8.40000000e-01	3.36160351e-01
1.42000000e+00	8.80000000e-01	2.91357680e-01
1.42000000e+00	9.20000000e-01	2.49755983e-01
1.42000000e+00	9.60000000e-01	2.11355260e-01
1.42000000e+00	1.00000000e+00	1.76155507e-01
1.42000000e+00	1.04000000e+00	1.44156716e-01
1.42000000e+00	1.08000000e+00	1.15358877e-01
1.42000000e+00	1.12000000e+00	8.97619731e-02
1.42000000e+00	1.16000000e+00	6.73659866e-02
1.42000000e+00	1.20000000e+00	4.81708954e-02
1.42000000e+00	1.24000000e+00	3.21766742e-02
1.42000000e+00	1.28000000e+00	1.93832947e-02
1.42000000e+00	1.32000000e+00	9.79072565e-03
1.42000000e+00	1.36000000e+00	3.39893301e-03
1.42000000e+00	1.40000000e+00	2.07880114e-04
1.42000000e+00	1.44000000e+00	2.17527864e-04
1.42000000e+00	1.48000000e+00	3.42783490e-03
1.42000000e+00	1.52000000e+00	9.83875778e-03
1.42000000e+00	1.56000000e+00	1.94502511e-02
1.42000000e+00	1.60000000e+00	3.22622679e-02
1.42000000e+00	1.64000000e+00	4.82747595e-02
1.42000000e+00	1.68000000e+00	6.74876759e-02
1.42000000e+00	1.72000000e+00	8.99009660e-02
1.42000000e+00	1.76000000e+00	1.15514578e-01
1.42000000e+00	1.80000000e+00	1.44328458e-01
1.42000000e+00	1.84000000e+00	1.76342553e-01
1.42000000e+00	1.88000000e+00	2.11556809e-01
1.42000000e+00	1.92000000e+00	2.49971172e-01
1.42000000e+00	1.96000000e+00	2.91585587e-01
1.42000000e+00	2.00000000e+00	3.36400000e-01

1.44000000e+00	0.00000000e+00	2.07360000e+00
1.44000000e+00	4.00000000e-02	1.95998344e+00
1.44000000e+00	8.00000000e-02	1.84956701e+00
1.44000000e+00	1.20000000e-01	1.74235079e+00
1.44000000e+00	1.60000000e-01	1.63833483e+00
1.44000000e+00	2.00000000e-01	1.53751920e+00
1.44000000e+00	2.40000000e-01	1.43990397e+00
1.44000000e+00	2.80000000e-01	1.34548920e+00
1.44000000e+00	3.20000000e-01	1.25427494e+00
1.44000000e+00	3.60000000e-01	1.16626125e+00
1.44000000e+00	4.00000000e-01	1.08144819e+00
1.44000000e+00	4.40000000e-01	9.99835797e-01
1.44000000e+00	4.80000000e-01	9.21424127e-01
1.44000000e+00	5.20000000e-01	8.46213220e-01
1.44000000e+00	5.60000000e-01	7.74203117e-01
1.44000000e+00	6.00000000e-01	7.05393854e-01
1.44000000e+00	6.40000000e-01	6.39785462e-01
1.44000000e+00	6.80000000e-01	5.77377972e-01
1.44000000e+00	7.20000000e-01	5.18171406e-01
1.44000000e+00	7.60000000e-01	4.62165785e-01
1.44000000e+00	8.00000000e-01	4.09361126e-01
1.44000000e+00	8.40000000e-01	3.59757441e-01
1.44000000e+00	8.80000000e-01	3.13354737e-01
1.44000000e+00	9.20000000e-01	2.70153019e-01
1.44000000e+00	9.60000000e-01	2.30152287e-01
1.44000000e+00	1.00000000e+00	1.93352537e-01
1.44000000e+00	1.04000000e+00	1.59753761e-01
1.44000000e+00	1.08000000e+00	1.29355947e-01
1.44000000e+00	1.12000000e+00	1.02159081e-01
1.44000000e+00	1.16000000e+00	7.81631428e-02
1.44000000e+00	1.20000000e+00	5.73681110e-02
1.44000000e+00	1.24000000e+00	3.97739598e-02
1.44000000e+00	1.28000000e+00	2.53806605e-02
1.44000000e+00	1.32000000e+00	1.41881816e-02
1.44000000e+00	1.36000000e+00	6.19648850e-03
1.44000000e+00	1.40000000e+00	1.40554419e-03
1.44000000e+00	1.44000000e+00	-1.84690933e-04
1.44000000e+00	1.48000000e+00	1.42574128e-03
1.44000000e+00	1.52000000e+00	6.23679685e-03
1.44000000e+00	1.56000000e+00	1.42484299e-02
1.44000000e+00	1.60000000e+00	2.54605927e-02
1.44000000e+00	1.64000000e+00	3.98732361e-02
1.44000000e+00	1.68000000e+00	5.74863096e-02
1.44000000e+00	1.72000000e+00	7.82997613e-02
1.44000000e+00	1.76000000e+00	1.02313539e-01
1.44000000e+00	1.80000000e+00	1.29527588e-01
1.44000000e+00	1.84000000e+00	1.59941854e-01
1.44000000e+00	1.88000000e+00	1.93556284e-01
1.44000000e+00	1.92000000e+00	2.30370821e-01
1.44000000e+00	1.96000000e+00	2.70385412e-01
1.44000000e+00	2.00000000e+00	3.13600000e-01

1.46000000e+00	0.00000000e+00	2.13160000e+00
1.46000000e+00	4.00000000e-02	2.01638324e+00
1.46000000e+00	8.00000000e-02	1.90436661e+00
1.46000000e+00	1.20000000e-01	1.79555019e+00
1.46000000e+00	1.60000000e-01	1.68993405e+00
1.46000000e+00	2.00000000e-01	1.58751823e+00
1.46000000e+00	2.40000000e-01	1.48830282e+00
1.46000000e+00	2.80000000e-01	1.39228787e+00
1.46000000e+00	3.20000000e-01	1.29947344e+00
1.46000000e+00	3.60000000e-01	1.20985959e+00
1.46000000e+00	4.00000000e-01	1.12344636e+00
1.46000000e+00	4.40000000e-01	1.04023382e+00
1.46000000e+00	4.80000000e-01	9.60222014e-01
1.46000000e+00	5.20000000e-01	8.83410976e-01
1.46000000e+00	5.60000000e-01	8.09800752e-01
1.46000000e+00	6.00000000e-01	7.39391377e-01
1.46000000e+00	6.40000000e-01	6.72182885e-01
1.46000000e+00	6.80000000e-01	6.08175305e-01
1.46000000e+00	7.20000000e-01	5.47368660e-01
1.46000000e+00	7.60000000e-01	4.89762973e-01
1.46000000e+00	8.00000000e-01	4.35358258e-01
1.46000000e+00	8.40000000e-01	3.84154528e-01
1.46000000e+00	8.80000000e-01	3.36151793e-01
1.46000000e+00	9.20000000e-01	2.91350054e-01
1.46000000e+00	9.60000000e-01	2.49749314e-01
1.46000000e+00	1.00000000e+00	2.11349567e-01
1.46000000e+00	1.04000000e+00	1.76150806e-01
1.46000000e+00	1.08000000e+00	1.44153019e-01
1.46000000e+00	1.12000000e+00	1.15356190e-01
1.46000000e+00	1.16000000e+00	8.97603013e-02
1.46000000e+00	1.20000000e+00	6.73653293e-02
1.46000000e+00	1.24000000e+00	4.81712485e-02
1.46000000e+00	1.28000000e+00	3.21780299e-02
1.46000000e+00	1.32000000e+00	1.93856414e-02
1.46000000e+00	1.36000000e+00	9.79404813e-03
1.46000000e+00	1.40000000e+00	3.40321260e-03
1.46000000e+00	1.44000000e+00	2.13094740e-04
1.46000000e+00	1.48000000e+00	2.23652184e-04
1.46000000e+00	1.52000000e+00	3.43484043e-03
1.46000000e+00	1.56000000e+00	9.84661303e-03
1.46000000e+00	1.60000000e+00	1.94589218e-02
1.46000000e+00	1.64000000e+00	3.22717168e-02
1.46000000e+00	1.68000000e+00	4.82849470e-02
1.46000000e+00	1.72000000e+00	6.74985600e-02
1.46000000e+00	1.76000000e+00	8.99125024e-02
1.46000000e+00	1.80000000e+00	1.15526720e-01
1.46000000e+00	1.84000000e+00	1.44341157e-01
1.46000000e+00	1.88000000e+00	1.76355760e-01
1.46000000e+00	1.92000000e+00	2.11570472e-01
1.46000000e+00	1.96000000e+00	2.49985237e-01
1.46000000e+00	2.00000000e+00	2.91600000e-01

1.48000000e+00	0.00000000e+00	2.19040000e+00
1.48000000e+00	4.00000000e-02	2.07358317e+00
1.48000000e+00	8.00000000e-02	1.95996648e+00
1.48000000e+00	1.20000000e-01	1.84955000e+00
1.48000000e+00	1.60000000e-01	1.74233378e+00
1.48000000e+00	2.00000000e-01	1.63831791e+00
1.48000000e+00	2.40000000e-01	1.53750244e+00
1.48000000e+00	2.80000000e-01	1.43988743e+00
1.48000000e+00	3.20000000e-01	1.34547294e+00
1.48000000e+00	3.60000000e-01	1.25425903e+00
1.48000000e+00	4.00000000e-01	1.16624576e+00
1.48000000e+00	4.40000000e-01	1.08143317e+00
1.48000000e+00	4.80000000e-01	9.99821309e-01
1.48000000e+00	5.20000000e-01	9.21410227e-01
1.48000000e+00	5.60000000e-01	8.46199962e-01
1.48000000e+00	6.00000000e-01	7.74190550e-01
1.48000000e+00	6.40000000e-01	7.05382025e-01
1.48000000e+00	6.80000000e-01	6.39774414e-01
1.48000000e+00	7.20000000e-01	5.77367743e-01
1.48000000e+00	7.60000000e-01	5.18162032e-01
1.48000000e+00	8.00000000e-01	4.62157299e-01
1.48000000e+00	8.40000000e-01	4.09353554e-01
1.48000000e+00	8.80000000e-01	3.59750807e-01
1.48000000e+00	9.20000000e-01	3.13349062e-01
1.48000000e+00	9.60000000e-01	2.70148318e-01
1.48000000e+00	1.00000000e+00	2.30148572e-01
1.48000000e+00	1.04000000e+00	1.93349815e-01
1.48000000e+00	1.08000000e+00	1.59752037e-01
1.48000000e+00	1.12000000e+00	1.29355221e-01
1.48000000e+00	1.16000000e+00	1.02159348e-01
1.48000000e+00	1.20000000e+00	7.81643954e-02
1.48000000e+00	1.24000000e+00	5.73703379e-02
1.48000000e+00	1.28000000e+00	3.97771460e-02
1.48000000e+00	1.32000000e+00	2.53847875e-02
1.48000000e+00	1.36000000e+00	1.41932276e-02
1.48000000e+00	1.40000000e+00	6.20242836e-03
1.48000000e+00	1.44000000e+00	1.41234971e-03
1.48000000e+00	1.48000000e+00	-1.77050919e-04
1.48000000e+00	1.52000000e+00	1.43418180e-03
1.48000000e+00	1.56000000e+00	6.24600122e-03
1.48000000e+00	1.60000000e+00	1.42583589e-02
1.48000000e+00	1.64000000e+00	2.54712050e-02
1.48000000e+00	1.68000000e+00	3.98844879e-02
1.48000000e+00	1.72000000e+00	5.74981552e-02
1.48000000e+00	1.76000000e+00	7.83121531e-02
1.48000000e+00	1.80000000e+00	1.02326427e-01
1.48000000e+00	1.84000000e+00	1.29540923e-01
1.48000000e+00	1.88000000e+00	1.59955583e-01
1.48000000e+00	1.92000000e+00	1.93570354e-01
1.48000000e+00	1.96000000e+00	2.30385178e-01
1.48000000e+00	2.00000000e+00	2.70400000e-01

1.50000000e+00	0.00000000e+00	2.25000000e+00
1.50000000e+00	4.00000000e-02	2.13158317e+00
1.50000000e+00	8.00000000e-02	2.01636648e+00
1.50000000e+00	1.20000000e-01	1.90435000e+00
1.50000000e+00	1.60000000e-01	1.79553379e+00
1.50000000e+00	2.00000000e-01	1.68991791e+00
1.50000000e+00	2.40000000e-01	1.58750244e+00
1.50000000e+00	2.80000000e-01	1.48828743e+00
1.50000000e+00	3.20000000e-01	1.39227294e+00
1.50000000e+00	3.60000000e-01	1.29945903e+00
1.50000000e+00	4.00000000e-01	1.20984576e+00
1.50000000e+00	4.40000000e-01	1.12343317e+00
1.50000000e+00	4.80000000e-01	1.04022131e+00
1.50000000e+00	5.20000000e-01	9.60210230e-01
1.50000000e+00	5.60000000e-01	8.83399965e-01
1.50000000e+00	6.00000000e-01	8.09790553e-01
1.50000000e+00	6.40000000e-01	7.39382027e-01
1.50000000e+00	6.80000000e-01	6.72174416e-01
1.50000000e+00	7.20000000e-01	6.08167745e-01
1.50000000e+00	7.60000000e-01	5.47362034e-01
1.50000000e+00	8.00000000e-01	4.89757300e-01
1.50000000e+00	8.40000000e-01	4.35353555e-01
1.50000000e+00	8.80000000e-01	3.84150808e-01
1.50000000e+00	9.20000000e-01	3.36149062e-01
1.50000000e+00	9.60000000e-01	2.91348318e-01
1.50000000e+00	1.00000000e+00	2.49748572e-01
1.50000000e+00	1.04000000e+00	2.11349815e-01
1.50000000e+00	1.08000000e+00	1.76152036e-01
1.50000000e+00	1.12000000e+00	1.44155220e-01
1.50000000e+00	1.16000000e+00	1.15359346e-01
1.50000000e+00	1.20000000e+00	8.97643940e-02
1.50000000e+00	1.24000000e+00	6.73703363e-02
1.50000000e+00	1.28000000e+00	4.81771442e-02
1.50000000e+00	1.32000000e+00	3.21847856e-02
1.50000000e+00	1.36000000e+00	1.93932255e-02
1.50000000e+00	1.40000000e+00	9.80242616e-03
1.50000000e+00	1.44000000e+00	3.41234744e-03
1.50000000e+00	1.48000000e+00	2.22946785e-04
1.50000000e+00	1.52000000e+00	2.34179509e-04
1.50000000e+00	1.56000000e+00	3.44599898e-03
1.50000000e+00	1.60000000e+00	9.85835678e-03
1.50000000e+00	1.64000000e+00	1.94712029e-02
1.50000000e+00	1.68000000e+00	3.22844860e-02
1.50000000e+00	1.72000000e+00	4.82981534e-02
1.50000000e+00	1.76000000e+00	6.75121516e-02
1.50000000e+00	1.80000000e+00	8.99264260e-02
1.50000000e+00	1.84000000e+00	1.15540921e-01
1.50000000e+00	1.88000000e+00	1.44355583e-01
1.50000000e+00	1.92000000e+00	1.76370353e-01
1.50000000e+00	1.96000000e+00	2.11585178e-01
1.50000000e+00	2.00000000e+00	2.50000000e-01

1.52000000e+00	0.00000000e+00	2.31040000e+00
1.52000000e+00	4.00000000e-02	2.19038317e+00
1.52000000e+00	8.00000000e-02	2.07356648e+00
1.52000000e+00	1.20000000e-01	1.95995000e+00
1.52000000e+00	1.60000000e-01	1.84953378e+00
1.52000000e+00	2.00000000e-01	1.74231791e+00
1.52000000e+00	2.40000000e-01	1.63830244e+00
1.52000000e+00	2.80000000e-01	1.53748743e+00
1.52000000e+00	3.20000000e-01	1.43987294e+00
1.52000000e+00	3.60000000e-01	1.34545903e+00
1.52000000e+00	4.00000000e-01	1.25424576e+00
1.52000000e+00	4.40000000e-01	1.16623317e+00
1.52000000e+00	4.80000000e-01	1.08142131e+00
1.52000000e+00	5.20000000e-01	9.99810227e-01
1.52000000e+00	5.60000000e-01	9.21399962e-01
1.52000000e+00	6.00000000e-01	8.46190550e-01
1.52000000e+00	6.40000000e-01	7.74182025e-01
1.52000000e+00	6.80000000e-01	7.05374414e-01
1.52000000e+00	7.20000000e-01	6.39767743e-01
1.52000000e+00	7.60000000e-01	5.77362032e-01
1.52000000e+00	8.00000000e-01	5.18157299e-01
1.52000000e+00	8.40000000e-01	4.62153554e-01
1.52000000e+00	8.80000000e-01	4.09350807e-01
1.52000000e+00	9.20000000e-01	3.59749062e-01
1.52000000e+00	9.60000000e-01	3.13348318e-01
1.52000000e+00	1.00000000e+00	2.70148572e-01
1.52000000e+00	1.04000000e+00	2.30149815e-01
1.52000000e+00	1.08000000e+00	1.93352037e-01
1.52000000e+00	1.12000000e+00	1.59755221e-01
1.52000000e+00	1.16000000e+00	1.29359348e-01
1.52000000e+00	1.20000000e+00	1.02164395e-01
1.52000000e+00	1.24000000e+00	7.81703379e-02
1.52000000e+00	1.28000000e+00	5.73771460e-02
1.52000000e+00	1.32000000e+00	3.97847875e-02
1.52000000e+00	1.36000000e+00	2.53932276e-02
1.52000000e+00	1.40000000e+00	1.42024284e-02
1.52000000e+00	1.44000000e+00	6.21234971e-03
1.52000000e+00	1.48000000e+00	1.42294908e-03
1.52000000e+00	1.52000000e+00	-1.65818201e-04
1.52000000e+00	1.56000000e+00	1.44600122e-03
1.52000000e+00	1.60000000e+00	6.25835895e-03
1.52000000e+00	1.64000000e+00	1.42712050e-02
1.52000000e+00	1.68000000e+00	2.54844879e-02
1.52000000e+00	1.72000000e+00	3.98981552e-02
1.52000000e+00	1.76000000e+00	5.75121531e-02
1.52000000e+00	1.80000000e+00	7.83264273e-02
1.52000000e+00	1.84000000e+00	1.02340923e-01
1.52000000e+00	1.88000000e+00	1.29555583e-01
1.52000000e+00	1.92000000e+00	1.59970354e-01
1.52000000e+00	1.96000000e+00	1.93585178e-01
1.52000000e+00	2.00000000e+00	2.30400000e-01

1.54000000e+00	0.00000000e+00	2.37160000e+00
1.54000000e+00	4.00000000e-02	2.24998331e+00
1.54000000e+00	8.00000000e-02	2.13156675e+00
1.54000000e+00	1.20000000e-01	2.01635039e+00
1.54000000e+00	1.60000000e-01	1.90433431e+00
1.54000000e+00	2.00000000e-01	1.79551856e+00
1.54000000e+00	2.40000000e-01	1.68990321e+00
1.54000000e+00	2.80000000e-01	1.58748831e+00
1.54000000e+00	3.20000000e-01	1.48827394e+00
1.54000000e+00	3.60000000e-01	1.39226014e+00
1.54000000e+00	4.00000000e-01	1.29944697e+00
1.54000000e+00	4.40000000e-01	1.20983448e+00
1.54000000e+00	4.80000000e-01	1.12342272e+00
1.54000000e+00	5.20000000e-01	1.04021173e+00
1.54000000e+00	5.60000000e-01	9.60201542e-01
1.54000000e+00	6.00000000e-01	8.83392204e-01
1.54000000e+00	6.40000000e-01	8.09783746e-01
1.54000000e+00	6.80000000e-01	7.39376195e-01
1.54000000e+00	7.20000000e-01	6.72169576e-01
1.54000000e+00	7.60000000e-01	6.08163910e-01
1.54000000e+00	8.00000000e-01	5.47359214e-01
1.54000000e+00	8.40000000e-01	4.89755499e-01
1.54000000e+00	8.80000000e-01	4.35352773e-01
1.54000000e+00	9.20000000e-01	3.84151041e-01
1.54000000e+00	9.60000000e-01	3.36150303e-01
1.54000000e+00	1.00000000e+00	2.91350554e-01
1.54000000e+00	1.04000000e+00	2.49751788e-01
1.54000000e+00	1.08000000e+00	2.11353991e-01
1.54000000e+00	1.12000000e+00	1.76157150e-01
1.54000000e+00	1.16000000e+00	1.44161244e-01
1.54000000e+00	1.20000000e+00	1.15366252e-01
1.54000000e+00	1.24000000e+00	8.97721472e-02
1.54000000e+00	1.28000000e+00	6.73789015e-02
1.54000000e+00	1.32000000e+00	4.81864826e-02
1.54000000e+00	1.36000000e+00	3.21948560e-02
1.54000000e+00	1.40000000e+00	1.94039841e-02
1.54000000e+00	1.44000000e+00	9.81382714e-03
1.54000000e+00	1.48000000e+00	3.42434290e-03
1.54000000e+00	1.52000000e+00	2.35487054e-04
1.54000000e+00	1.56000000e+00	2.47213322e-04
1.54000000e+00	1.60000000e+00	3.45947368e-03
1.54000000e+00	1.64000000e+00	9.87221852e-03
1.54000000e+00	1.68000000e+00	1.94853969e-02
1.54000000e+00	1.72000000e+00	3.22989565e-02
1.54000000e+00	1.76000000e+00	4.83128443e-02
1.54000000e+00	1.80000000e+00	6.75270061e-02
1.54000000e+00	1.84000000e+00	8.99413873e-02
1.54000000e+00	1.88000000e+00	1.15555933e-01
1.54000000e+00	1.92000000e+00	1.44370587e-01
1.54000000e+00	1.96000000e+00	1.76385295e-01
1.54000000e+00	2.00000000e+00	2.11600000e-01

1.56000000e+00	0.00000000e+00	2.43360000e+00
1.56000000e+00	4.00000000e-02	2.31038350e+00
1.56000000e+00	8.00000000e-02	2.19036714e+00
1.56000000e+00	1.20000000e-01	2.07355098e+00
1.56000000e+00	1.60000000e-01	1.95993509e+00
1.56000000e+00	2.00000000e-01	1.84951953e+00
1.56000000e+00	2.40000000e-01	1.74230436e+00
1.56000000e+00	2.80000000e-01	1.63828964e+00
1.56000000e+00	3.20000000e-01	1.53747544e+00
1.56000000e+00	3.60000000e-01	1.43986180e+00
1.56000000e+00	4.00000000e-01	1.34544879e+00
1.56000000e+00	4.40000000e-01	1.25423645e+00
1.56000000e+00	4.80000000e-01	1.16622483e+00
1.56000000e+00	5.20000000e-01	1.08141396e+00
1.56000000e+00	5.60000000e-01	9.99803898e-01
1.56000000e+00	6.00000000e-01	9.21394671e-01
1.56000000e+00	6.40000000e-01	8.46186313e-01
1.56000000e+00	6.80000000e-01	7.74178851e-01
1.56000000e+00	7.20000000e-01	7.05372311e-01
1.56000000e+00	7.60000000e-01	6.39766712e-01
1.56000000e+00	8.00000000e-01	5.77362071e-01
1.56000000e+00	8.40000000e-01	5.18158399e-01
1.56000000e+00	8.80000000e-01	4.62155706e-01
1.56000000e+00	9.20000000e-01	4.09353994e-01
1.56000000e+00	9.60000000e-01	3.59753264e-01
1.56000000e+00	1.00000000e+00	3.13353513e-01
1.56000000e+00	1.04000000e+00	2.70154731e-01
1.56000000e+00	1.08000000e+00	2.30156908e-01
1.56000000e+00	1.12000000e+00	1.93360029e-01
1.56000000e+00	1.16000000e+00	1.59764074e-01
1.56000000e+00	1.20000000e+00	1.29369023e-01
1.56000000e+00	1.24000000e+00	1.02174848e-01
1.56000000e+00	1.28000000e+00	7.81815218e-02
1.56000000e+00	1.32000000e+00	5.73890128e-02
1.56000000e+00	1.36000000e+00	3.97972868e-02
1.56000000e+00	1.40000000e+00	2.54063065e-02
1.56000000e+00	1.44000000e+00	1.42160328e-02
1.56000000e+00	1.48000000e+00	6.22642382e-03
1.56000000e+00	1.52000000e+00	1.43743582e-03
1.56000000e+00	1.56000000e+00	-1.50976936e-04
1.56000000e+00	1.60000000e+00	1.46113810e-03
1.56000000e+00	1.64000000e+00	6.27373191e-03
1.56000000e+00	1.68000000e+00	1.42867541e-02
1.56000000e+00	1.72000000e+00	2.55001531e-02
1.56000000e+00	1.76000000e+00	3.99138764e-02
1.56000000e+00	1.80000000e+00	5.75278705e-02
1.56000000e+00	1.84000000e+00	7.83420814e-02
1.56000000e+00	1.88000000e+00	1.02356455e-01
1.56000000e+00	1.92000000e+00	1.29570935e-01
1.56000000e+00	1.96000000e+00	1.59985469e-01
1.56000000e+00	2.00000000e+00	1.93600000e-01

1.58000000e+00	0.00000000e+00	2.49640000e+00
1.58000000e+00	4.00000000e-02	2.37158370e+00
1.58000000e+00	8.00000000e-02	2.24996754e+00
1.58000000e+00	1.20000000e-01	2.13155157e+00
1.58000000e+00	1.60000000e-01	2.01633587e+00
1.58000000e+00	2.00000000e-01	1.90432049e+00
1.58000000e+00	2.40000000e-01	1.79550550e+00
1.58000000e+00	2.80000000e-01	1.68989096e+00
1.58000000e+00	3.20000000e-01	1.58747693e+00
1.58000000e+00	3.60000000e-01	1.48826346e+00
1.58000000e+00	4.00000000e-01	1.39225060e+00
1.58000000e+00	4.40000000e-01	1.29943841e+00
1.58000000e+00	4.80000000e-01	1.20982693e+00
1.58000000e+00	5.20000000e-01	1.12341619e+00
1.58000000e+00	5.60000000e-01	1.04020625e+00
1.58000000e+00	6.00000000e-01	9.60197133e-01
1.58000000e+00	6.40000000e-01	8.83388875e-01
1.58000000e+00	6.80000000e-01	8.09781503e-01
1.58000000e+00	7.20000000e-01	7.39375042e-01
1.58000000e+00	7.60000000e-01	6.72169510e-01
1.58000000e+00	8.00000000e-01	6.08164925e-01
1.58000000e+00	8.40000000e-01	5.47361298e-01
1.58000000e+00	8.80000000e-01	4.89758637e-01
1.58000000e+00	9.20000000e-01	4.35356946e-01
1.58000000e+00	9.60000000e-01	3.84156225e-01
1.58000000e+00	1.00000000e+00	3.36156471e-01
1.58000000e+00	1.04000000e+00	2.91357675e-01
1.58000000e+00	1.08000000e+00	2.49759826e-01
1.58000000e+00	1.12000000e+00	2.11362910e-01
1.58000000e+00	1.16000000e+00	1.76166907e-01
1.58000000e+00	1.20000000e+00	1.44171796e-01
1.58000000e+00	1.24000000e+00	1.15377552e-01
1.58000000e+00	1.28000000e+00	8.97841456e-02
1.58000000e+00	1.32000000e+00	6.73915469e-02
1.58000000e+00	1.36000000e+00	4.81997217e-02
1.58000000e+00	1.40000000e+00	3.22086333e-02
1.58000000e+00	1.44000000e+00	1.94182429e-02
1.58000000e+00	1.48000000e+00	9.82850924e-03
1.58000000e+00	1.52000000e+00	3.43938907e-03
1.58000000e+00	1.56000000e+00	2.50837204e-04
1.58000000e+00	1.60000000e+00	2.62806763e-04
1.58000000e+00	1.64000000e+00	3.47524932e-03
1.58000000e+00	1.68000000e+00	9.88811509e-03
1.58000000e+00	1.72000000e+00	1.95013531e-02
1.58000000e+00	1.76000000e+00	3.23149115e-02
1.58000000e+00	1.80000000e+00	4.83287374e-02
1.58000000e+00	1.84000000e+00	6.75427776e-02
1.58000000e+00	1.88000000e+00	8.99569780e-02
1.58000000e+00	1.92000000e+00	1.15571285e-01
1.58000000e+00	1.96000000e+00	1.44385643e-01
1.58000000e+00	2.00000000e+00	1.76400000e-01

1.60000000e+00	0.00000000e+00	2.56000000e+00
1.60000000e+00	4.00000000e-02	2.43358403e+00
1.60000000e+00	8.00000000e-02	2.31036819e+00
1.60000000e+00	1.20000000e-01	2.19035254e+00
1.60000000e+00	1.60000000e-01	2.07353715e+00
1.60000000e+00	2.00000000e-01	1.95992208e+00
1.60000000e+00	2.40000000e-01	1.84950740e+00
1.60000000e+00	2.80000000e-01	1.74229315e+00
1.60000000e+00	3.20000000e-01	1.63827940e+00
1.60000000e+00	3.60000000e-01	1.53746620e+00
1.60000000e+00	4.00000000e-01	1.43985360e+00
1.60000000e+00	4.40000000e-01	1.34544165e+00
1.60000000e+00	4.80000000e-01	1.25423039e+00
1.60000000e+00	5.20000000e-01	1.16621988e+00
1.60000000e+00	5.60000000e-01	1.08141013e+00
1.60000000e+00	6.00000000e-01	9.99801199e-01
1.60000000e+00	6.40000000e-01	9.21393107e-01
1.60000000e+00	6.80000000e-01	8.46185882e-01
1.60000000e+00	7.20000000e-01	7.74179550e-01
1.60000000e+00	7.60000000e-01	7.05374129e-01
1.60000000e+00	8.00000000e-01	6.39769635e-01
1.60000000e+00	8.40000000e-01	5.77366081e-01
1.60000000e+00	8.80000000e-01	5.18163473e-01
1.60000000e+00	9.20000000e-01	4.62161816e-01
1.60000000e+00	9.60000000e-01	4.09361109e-01
1.60000000e+00	1.00000000e+00	3.59761349e-01
1.60000000e+00	1.04000000e+00	3.13362529e-01
1.60000000e+00	1.08000000e+00	2.70164637e-01
1.60000000e+00	1.12000000e+00	2.30167659e-01
1.60000000e+00	1.16000000e+00	1.93371575e-01
1.60000000e+00	1.20000000e+00	1.59776366e-01
1.60000000e+00	1.24000000e+00	1.29382006e-01
1.60000000e+00	1.28000000e+00	1.02188468e-01
1.60000000e+00	1.32000000e+00	7.81957209e-02
1.60000000e+00	1.36000000e+00	5.74037318e-02
1.60000000e+00	1.40000000e+00	3.98124648e-02
1.60000000e+00	1.44000000e+00	2.54218818e-02
1.60000000e+00	1.48000000e+00	1.42319425e-02
1.60000000e+00	1.52000000e+00	6.24260437e-03
1.60000000e+00	1.56000000e+00	1.45382321e-03
1.60000000e+00	1.60000000e+00	-1.34446940e-04
1.60000000e+00	1.64000000e+00	1.47774646e-03
1.60000000e+00	1.68000000e+00	6.29035463e-03
1.60000000e+00	1.72000000e+00	1.43033276e-02
1.60000000e+00	1.76000000e+00	2.55166146e-02
1.60000000e+00	1.80000000e+00	3.99301638e-02
1.60000000e+00	1.84000000e+00	5.75439229e-02
1.60000000e+00	1.88000000e+00	7.83578391e-02
1.60000000e+00	1.92000000e+00	1.02371859e-01
1.60000000e+00	1.96000000e+00	1.29585931e-01
1.60000000e+00	2.00000000e+00	1.60000000e-01

1.62000000e+00	0.00000000e+00	2.62440000e+00
1.62000000e+00	4.00000000e-02	2.49638442e+00
1.62000000e+00	8.00000000e-02	2.37156896e+00
1.62000000e+00	1.20000000e-01	2.24995369e+00
1.62000000e+00	1.60000000e-01	2.13153868e+00
1.62000000e+00	2.00000000e-01	2.01632398e+00
1.62000000e+00	2.40000000e-01	1.90430965e+00
1.62000000e+00	2.80000000e-01	1.79549575e+00
1.62000000e+00	3.20000000e-01	1.68988233e+00
1.62000000e+00	3.60000000e-01	1.58746945e+00
1.62000000e+00	4.00000000e-01	1.48825716e+00
1.62000000e+00	4.40000000e-01	1.39224550e+00
1.62000000e+00	4.80000000e-01	1.29943452e+00
1.62000000e+00	5.20000000e-01	1.20982426e+00
1.62000000e+00	5.60000000e-01	1.12341475e+00
1.62000000e+00	6.00000000e-01	1.04020603e+00
1.62000000e+00	6.40000000e-01	9.60198137e-01
1.62000000e+00	6.80000000e-01	8.83391088e-01
1.62000000e+00	7.20000000e-01	8.09784910e-01
1.62000000e+00	7.60000000e-01	7.39379620e-01
1.62000000e+00	8.00000000e-01	6.72175236e-01
1.62000000e+00	8.40000000e-01	6.08171767e-01
1.62000000e+00	8.80000000e-01	5.47369222e-01
1.62000000e+00	9.20000000e-01	4.89767605e-01
1.62000000e+00	9.60000000e-01	4.35366915e-01
1.62000000e+00	1.00000000e+00	3.84167150e-01
1.62000000e+00	1.04000000e+00	3.36168300e-01
1.62000000e+00	1.08000000e+00	2.91370357e-01
1.62000000e+00	1.12000000e+00	2.49773305e-01
1.62000000e+00	1.16000000e+00	2.11377126e-01
1.62000000e+00	1.20000000e+00	1.76181800e-01
1.62000000e+00	1.24000000e+00	1.44187303e-01
1.62000000e+00	1.28000000e+00	1.15393608e-01
1.62000000e+00	1.32000000e+00	8.98006840e-02
1.62000000e+00	1.36000000e+00	6.74085000e-02
1.62000000e+00	1.40000000e+00	4.82170207e-02
1.62000000e+00	1.44000000e+00	3.22262088e-02
1.62000000e+00	1.48000000e+00	1.94360249e-02
1.62000000e+00	1.52000000e+00	9.84642764e-03
1.62000000e+00	1.56000000e+00	3.45737385e-03
1.62000000e+00	1.60000000e+00	2.68818691e-04
1.62000000e+00	1.64000000e+00	2.80715846e-04
1.62000000e+00	1.68000000e+00	3.49301772e-03
1.62000000e+00	1.72000000e+00	9.90567559e-03
1.62000000e+00	1.76000000e+00	1.95186398e-02
1.62000000e+00	1.80000000e+00	3.23318599e-02
1.62000000e+00	1.84000000e+00	4.83452848e-02
1.62000000e+00	1.88000000e+00	6.75588630e-02
1.62000000e+00	1.92000000e+00	8.99725429e-02
1.62000000e+00	1.96000000e+00	1.15586272e-01
1.62000000e+00	2.00000000e+00	1.44400000e-01

1.64000000e+00	0.00000000e+00	2.68960000e+00
1.64000000e+00	4.00000000e-02	2.55998481e+00
1.64000000e+00	8.00000000e-02	2.43356973e+00
1.64000000e+00	1.20000000e-01	2.31035485e+00
1.64000000e+00	1.60000000e-01	2.19034021e+00
1.64000000e+00	2.00000000e-01	2.07352587e+00
1.64000000e+00	2.40000000e-01	1.95991190e+00
1.64000000e+00	2.80000000e-01	1.84949834e+00
1.64000000e+00	3.20000000e-01	1.74228526e+00
1.64000000e+00	3.60000000e-01	1.63827270e+00
1.64000000e+00	4.00000000e-01	1.53746072e+00
1.64000000e+00	4.40000000e-01	1.43984935e+00
1.64000000e+00	4.80000000e-01	1.34543864e+00
1.64000000e+00	5.20000000e-01	1.25422863e+00
1.64000000e+00	5.60000000e-01	1.16621936e+00
1.64000000e+00	6.00000000e-01	1.08141086e+00
1.64000000e+00	6.40000000e-01	9.99803163e-01
1.64000000e+00	6.80000000e-01	9.21396290e-01
1.64000000e+00	7.20000000e-01	8.46190266e-01
1.64000000e+00	7.60000000e-01	7.74185108e-01
1.64000000e+00	8.00000000e-01	7.05380833e-01
1.64000000e+00	8.40000000e-01	6.39777451e-01
1.64000000e+00	8.80000000e-01	5.77374970e-01
1.64000000e+00	9.20000000e-01	5.18173393e-01
1.64000000e+00	9.60000000e-01	4.62172721e-01
1.64000000e+00	1.00000000e+00	4.09372950e-01
1.64000000e+00	1.04000000e+00	3.59774072e-01
1.64000000e+00	1.08000000e+00	3.13376078e-01
1.64000000e+00	1.12000000e+00	2.70178952e-01
1.64000000e+00	1.16000000e+00	2.30182679e-01
1.64000000e+00	1.20000000e+00	1.93387237e-01
1.64000000e+00	1.24000000e+00	1.59792603e-01
1.64000000e+00	1.28000000e+00	1.29398750e-01
1.64000000e+00	1.32000000e+00	1.02205651e-01
1.64000000e+00	1.36000000e+00	7.82132721e-02
1.64000000e+00	1.40000000e+00	5.74215806e-02
1.64000000e+00	1.44000000e+00	3.98305399e-02
1.64000000e+00	1.48000000e+00	2.54401115e-02
1.64000000e+00	1.52000000e+00	1.42502551e-02
1.64000000e+00	1.56000000e+00	6.26092865e-03
1.64000000e+00	1.60000000e+00	1.47208833e-03
1.64000000e+00	1.64000000e+00	-1.16310971e-04
1.64000000e+00	1.68000000e+00	1.49568434e-03
1.64000000e+00	1.72000000e+00	6.30802675e-03
1.64000000e+00	1.76000000e+00	1.43206678e-02
1.64000000e+00	1.80000000e+00	2.55335584e-02
1.64000000e+00	1.84000000e+00	3.99466487e-02
1.64000000e+00	1.88000000e+00	5.75598885e-02
1.64000000e+00	1.92000000e+00	7.83732273e-02
1.64000000e+00	1.96000000e+00	1.02386615e-01
1.64000000e+00	2.00000000e+00	1.29600000e-01

1.66000000e+00	0.00000000e+00	2.75560000e+00
1.66000000e+00	4.00000000e-02	2.62438531e+00
1.66000000e+00	8.00000000e-02	2.49637075e+00
1.66000000e+00	1.20000000e-01	2.37155636e+00
1.66000000e+00	1.60000000e-01	2.24994221e+00
1.66000000e+00	2.00000000e-01	2.13152835e+00
1.66000000e+00	2.40000000e-01	2.01631485e+00
1.66000000e+00	2.80000000e-01	1.90430174e+00
1.66000000e+00	3.20000000e-01	1.79548910e+00
1.66000000e+00	3.60000000e-01	1.68987696e+00
1.66000000e+00	4.00000000e-01	1.58746537e+00
1.66000000e+00	4.40000000e-01	1.48825439e+00
1.66000000e+00	4.80000000e-01	1.39224404e+00
1.66000000e+00	5.20000000e-01	1.29943436e+00
1.66000000e+00	5.60000000e-01	1.20982540e+00
1.66000000e+00	6.00000000e-01	1.12341719e+00
1.66000000e+00	6.40000000e-01	1.04020975e+00
1.66000000e+00	6.80000000e-01	9.60203102e-01
1.66000000e+00	7.20000000e-01	8.83397279e-01
1.66000000e+00	7.60000000e-01	8.09792294e-01
1.66000000e+00	8.00000000e-01	7.39388161e-01
1.66000000e+00	8.40000000e-01	6.72184892e-01
1.66000000e+00	8.80000000e-01	6.08182494e-01
1.66000000e+00	9.20000000e-01	5.47380970e-01
1.66000000e+00	9.60000000e-01	4.89780320e-01
1.66000000e+00	1.00000000e+00	4.35380540e-01
1.66000000e+00	1.04000000e+00	3.84181625e-01
1.66000000e+00	1.08000000e+00	3.36183563e-01
1.66000000e+00	1.12000000e+00	2.91386342e-01
1.66000000e+00	1.16000000e+00	2.49789943e-01
1.66000000e+00	1.20000000e+00	2.11394348e-01
1.66000000e+00	1.24000000e+00	1.76199535e-01
1.66000000e+00	1.28000000e+00	1.44205477e-01
1.66000000e+00	1.32000000e+00	1.15412146e-01
1.66000000e+00	1.36000000e+00	8.98195128e-02
1.66000000e+00	1.40000000e+00	6.74275435e-02
1.66000000e+00	1.44000000e+00	4.82362032e-02
1.66000000e+00	1.48000000e+00	3.22454548e-02
1.66000000e+00	1.52000000e+00	1.94552593e-02
1.66000000e+00	1.56000000e+00	9.86557603e-03
1.66000000e+00	1.60000000e+00	3.47636270e-03
1.66000000e+00	1.64000000e+00	2.87575668e-04
1.66000000e+00	1.68000000e+00	2.99170082e-04
1.66000000e+00	1.72000000e+00	3.51110002e-03
1.66000000e+00	1.76000000e+00	9.92331867e-03
1.66000000e+00	1.80000000e+00	1.95357785e-02
1.66000000e+00	1.84000000e+00	3.23484314e-02
1.66000000e+00	1.88000000e+00	4.83612287e-02
1.66000000e+00	1.92000000e+00	6.75741219e-02
1.66000000e+00	1.96000000e+00	8.99870619e-02
1.66000000e+00	2.00000000e+00	1.15600000e-01

1.68000000e+00	0.00000000e+00	2.82240000e+00
1.68000000e+00	4.00000000e-02	2.68958588e+00
1.68000000e+00	8.00000000e-02	2.55997187e+00
1.68000000e+00	1.20000000e-01	2.43355803e+00
1.68000000e+00	1.60000000e-01	2.31034443e+00
1.68000000e+00	2.00000000e-01	2.19033110e+00
1.68000000e+00	2.40000000e-01	2.07351812e+00
1.68000000e+00	2.80000000e-01	1.95990552e+00
1.68000000e+00	3.20000000e-01	1.84949336e+00
1.68000000e+00	3.60000000e-01	1.74228169e+00
1.68000000e+00	4.00000000e-01	1.63827054e+00
1.68000000e+00	4.40000000e-01	1.53745998e+00
1.68000000e+00	4.80000000e-01	1.43985003e+00
1.68000000e+00	5.20000000e-01	1.34544072e+00
1.68000000e+00	5.60000000e-01	1.25423211e+00
1.68000000e+00	6.00000000e-01	1.16622421e+00
1.68000000e+00	6.40000000e-01	1.08141705e+00
1.68000000e+00	6.80000000e-01	9.99810664e-01
1.68000000e+00	7.20000000e-01	9.21405064e-01
1.68000000e+00	7.60000000e-01	8.46200270e-01
1.68000000e+00	8.00000000e-01	7.74196296e-01
1.68000000e+00	8.40000000e-01	7.05393152e-01
1.68000000e+00	8.80000000e-01	6.39790846e-01
1.68000000e+00	9.20000000e-01	5.77389380e-01
1.68000000e+00	9.60000000e-01	5.18188754e-01
1.68000000e+00	1.00000000e+00	4.62188966e-01
1.68000000e+00	1.04000000e+00	4.09390009e-01
1.68000000e+00	1.08000000e+00	3.59791873e-01
1.68000000e+00	1.12000000e+00	3.13394544e-01
1.68000000e+00	1.16000000e+00	2.70198007e-01
1.68000000e+00	1.20000000e+00	2.30202243e-01
1.68000000e+00	1.24000000e+00	1.93407230e-01
1.68000000e+00	1.28000000e+00	1.59812944e-01
1.68000000e+00	1.32000000e+00	1.29419357e-01
1.68000000e+00	1.36000000e+00	1.02226441e-01
1.68000000e+00	1.40000000e+00	7.82341629e-02
1.68000000e+00	1.44000000e+00	5.74424901e-02
1.68000000e+00	1.48000000e+00	3.98513865e-02
1.68000000e+00	1.52000000e+00	2.54608146e-02
1.68000000e+00	1.56000000e+00	1.42707352e-02
1.68000000e+00	1.60000000e+00	6.28110780e-03
1.68000000e+00	1.64000000e+00	1.49189036e-03
1.68000000e+00	1.68000000e+00	-9.69602623e-05
1.68000000e+00	1.72000000e+00	1.51451178e-03
1.68000000e+00	1.76000000e+00	6.32626148e-03
1.68000000e+00	1.80000000e+00	1.43382431e-02
1.68000000e+00	1.84000000e+00	2.55504104e-02
1.68000000e+00	1.88000000e+00	3.99627166e-02
1.68000000e+00	1.92000000e+00	5.75751150e-02
1.68000000e+00	1.96000000e+00	7.83875584e-02
1.68000000e+00	2.00000000e+00	1.02400000e-01

1.70000000e+00	0.00000000e+00	2.89000000e+00
1.70000000e+00	4.00000000e-02	2.75558644e+00
1.70000000e+00	8.00000000e-02	2.62437299e+00
1.70000000e+00	1.20000000e-01	2.49635971e+00
1.70000000e+00	1.60000000e-01	2.37154664e+00
1.70000000e+00	2.00000000e-01	2.24993385e+00
1.70000000e+00	2.40000000e-01	2.13152138e+00
1.70000000e+00	2.80000000e-01	2.01630929e+00
1.70000000e+00	3.20000000e-01	1.90429761e+00
1.70000000e+00	3.60000000e-01	1.79548641e+00
1.70000000e+00	4.00000000e-01	1.68987571e+00
1.70000000e+00	4.40000000e-01	1.58746557e+00
1.70000000e+00	4.80000000e-01	1.48825601e+00
1.70000000e+00	5.20000000e-01	1.39224708e+00
1.70000000e+00	5.60000000e-01	1.29943881e+00
1.70000000e+00	6.00000000e-01	1.20983123e+00
1.70000000e+00	6.40000000e-01	1.12342435e+00
1.70000000e+00	6.80000000e-01	1.04021822e+00
1.70000000e+00	7.20000000e-01	9.60212846e-01
1.70000000e+00	7.60000000e-01	8.83408243e-01
1.70000000e+00	8.00000000e-01	8.09804428e-01
1.70000000e+00	8.40000000e-01	7.39401410e-01
1.70000000e+00	8.80000000e-01	6.72199196e-01
1.70000000e+00	9.20000000e-01	6.08197789e-01
1.70000000e+00	9.60000000e-01	5.47397189e-01
1.70000000e+00	1.00000000e+00	4.89797392e-01
1.70000000e+00	1.04000000e+00	4.35398394e-01
1.70000000e+00	1.08000000e+00	3.84200183e-01
1.70000000e+00	1.12000000e+00	3.36202748e-01
1.70000000e+00	1.16000000e+00	2.91406073e-01
1.70000000e+00	1.20000000e+00	2.49810140e-01
1.70000000e+00	1.24000000e+00	2.11414928e-01
1.70000000e+00	1.28000000e+00	1.76220414e-01
1.70000000e+00	1.32000000e+00	1.44226571e-01
1.70000000e+00	1.36000000e+00	1.15433372e-01
1.70000000e+00	1.40000000e+00	8.98407861e-02
1.70000000e+00	1.44000000e+00	6.74487808e-02
1.70000000e+00	1.48000000e+00	4.82573220e-02
1.70000000e+00	1.52000000e+00	3.22663736e-02
1.70000000e+00	1.56000000e+00	1.94758982e-02
1.70000000e+00	1.60000000e+00	9.88585654e-03
1.70000000e+00	1.64000000e+00	3.49620849e-03
1.70000000e+00	1.68000000e+00	3.06912592e-04
1.70000000e+00	1.72000000e+00	3.17926456e-04
1.70000000e+00	1.76000000e+00	3.52920686e-03
1.70000000e+00	1.80000000e+00	9.94070992e-03
1.70000000e+00	1.84000000e+00	1.95523912e-02
1.70000000e+00	1.88000000e+00	3.23642059e-02
1.70000000e+00	1.92000000e+00	4.83761090e-02
1.70000000e+00	1.96000000e+00	6.75880554e-02
1.70000000e+00	2.00000000e+00	9.00000000e-02

1.72000000e+00	0.00000000e+00	2.95840000e+00
1.72000000e+00	4.00000000e-02	2.82238711e+00
1.72000000e+00	8.00000000e-02	2.68957433e+00
1.72000000e+00	1.20000000e-01	2.55996170e+00
1.72000000e+00	1.60000000e-01	2.43354929e+00
1.72000000e+00	2.00000000e-01	2.31033713e+00
1.72000000e+00	2.40000000e-01	2.19032527e+00
1.72000000e+00	2.80000000e-01	2.07351378e+00
1.72000000e+00	3.20000000e-01	1.95990268e+00
1.72000000e+00	3.60000000e-01	1.84949203e+00
1.72000000e+00	4.00000000e-01	1.74228186e+00
1.72000000e+00	4.40000000e-01	1.63827222e+00
1.72000000e+00	4.80000000e-01	1.53746314e+00
1.72000000e+00	5.20000000e-01	1.43985465e+00
1.72000000e+00	5.60000000e-01	1.34544679e+00
1.72000000e+00	6.00000000e-01	1.25423958e+00
1.72000000e+00	6.40000000e-01	1.16623305e+00
1.72000000e+00	6.80000000e-01	1.08142722e+00
1.72000000e+00	7.20000000e-01	9.99822106e-01
1.72000000e+00	7.60000000e-01	9.21417731e-01
1.72000000e+00	8.00000000e-01	8.46214105e-01
1.72000000e+00	8.40000000e-01	7.74211236e-01
1.72000000e+00	8.80000000e-01	7.05409131e-01
1.72000000e+00	9.20000000e-01	6.39807793e-01
1.72000000e+00	9.60000000e-01	5.77407222e-01
1.72000000e+00	1.00000000e+00	5.18207416e-01
1.72000000e+00	1.04000000e+00	4.62208367e-01
1.72000000e+00	1.08000000e+00	4.09410068e-01
1.72000000e+00	1.12000000e+00	3.59812506e-01
1.72000000e+00	1.16000000e+00	3.13415666e-01
1.72000000e+00	1.20000000e+00	2.70219532e-01
1.72000000e+00	1.24000000e+00	2.30224083e-01
1.72000000e+00	1.28000000e+00	1.93429297e-01
1.72000000e+00	1.32000000e+00	1.59835150e-01
1.72000000e+00	1.36000000e+00	1.29441614e-01
1.72000000e+00	1.40000000e+00	1.02248661e-01
1.72000000e+00	1.44000000e+00	7.82562603e-02
1.72000000e+00	1.48000000e+00	5.74643789e-02
1.72000000e+00	1.52000000e+00	3.98729827e-02
1.72000000e+00	1.56000000e+00	2.54820361e-02
1.72000000e+00	1.60000000e+00	1.42915019e-02
1.72000000e+00	1.64000000e+00	6.30134176e-03
1.72000000e+00	1.68000000e+00	1.51151641e-03
1.72000000e+00	1.72000000e+00	-7.80144789e-05
1.72000000e+00	1.76000000e+00	1.53270801e-03
1.72000000e+00	1.80000000e+00	6.34364214e-03
1.72000000e+00	1.84000000e+00	1.43547457e-02
1.72000000e+00	1.88000000e+00	2.55659761e-02
1.72000000e+00	1.92000000e+00	3.99772905e-02
1.72000000e+00	1.96000000e+00	5.75886461e-02
1.72000000e+00	2.00000000e+00	7.84000000e-02

1.74000000e+00	0.00000000e+00	3.02760000e+00
1.74000000e+00	4.00000000e-02	2.88998783e+00
1.74000000e+00	8.00000000e-02	2.75557576e+00
1.74000000e+00	1.20000000e-01	2.62436384e+00
1.74000000e+00	1.60000000e-01	2.49635212e+00
1.74000000e+00	2.00000000e-01	2.37154063e+00
1.74000000e+00	2.40000000e-01	2.24992944e+00
1.74000000e+00	2.80000000e-01	2.13151859e+00
1.74000000e+00	3.20000000e-01	2.01630811e+00
1.74000000e+00	3.60000000e-01	1.90429805e+00
1.74000000e+00	4.00000000e-01	1.79548845e+00
1.74000000e+00	4.40000000e-01	1.68987935e+00
1.74000000e+00	4.80000000e-01	1.58747077e+00
1.74000000e+00	5.20000000e-01	1.48826276e+00
1.74000000e+00	5.60000000e-01	1.39225534e+00
1.74000000e+00	6.00000000e-01	1.29944853e+00
1.74000000e+00	6.40000000e-01	1.20984236e+00
1.74000000e+00	6.80000000e-01	1.12343686e+00
1.74000000e+00	7.20000000e-01	1.04023203e+00
1.74000000e+00	7.60000000e-01	9.60227900e-01
1.74000000e+00	8.00000000e-01	8.83424476e-01
1.74000000e+00	8.40000000e-01	8.09821767e-01
1.74000000e+00	8.80000000e-01	7.39419779e-01
1.74000000e+00	9.20000000e-01	6.72218516e-01
1.74000000e+00	9.60000000e-01	6.08217977e-01
1.74000000e+00	1.00000000e+00	5.47418159e-01
1.74000000e+00	1.04000000e+00	4.89819057e-01
1.74000000e+00	1.08000000e+00	4.35420663e-01
1.74000000e+00	1.12000000e+00	3.84222965e-01
1.74000000e+00	1.16000000e+00	3.36225948e-01
1.74000000e+00	1.20000000e+00	2.91429598e-01
1.74000000e+00	1.24000000e+00	2.49833895e-01
1.74000000e+00	1.28000000e+00	2.11438818e-01
1.74000000e+00	1.32000000e+00	1.76244344e-01
1.74000000e+00	1.36000000e+00	1.44250448e-01
1.74000000e+00	1.40000000e+00	1.15457102e-01
1.74000000e+00	1.44000000e+00	8.98642772e-02
1.74000000e+00	1.48000000e+00	6.74719429e-02
1.74000000e+00	1.52000000e+00	4.82800667e-02
1.74000000e+00	1.56000000e+00	3.22886151e-02
1.74000000e+00	1.60000000e+00	1.94975529e-02
1.74000000e+00	1.64000000e+00	9.90684393e-03
1.74000000e+00	1.68000000e+00	3.51645109e-03
1.74000000e+00	1.72000000e+00	3.26336306e-04
1.74000000e+00	1.76000000e+00	3.36460781e-04
1.74000000e+00	1.80000000e+00	3.54678512e-03
1.74000000e+00	1.84000000e+00	9.95726944e-03
1.74000000e+00	1.88000000e+00	1.95678735e-02
1.74000000e+00	1.92000000e+00	3.23785570e-02
1.74000000e+00	1.96000000e+00	4.83892793e-02
1.74000000e+00	2.00000000e+00	6.76000000e-02

1.76000000e+00	0.00000000e+00	3.09760000e+00
1.76000000e+00	4.00000000e-02	2.95838855e+00
1.76000000e+00	8.00000000e-02	2.82237719e+00
1.76000000e+00	1.20000000e-01	2.68956598e+00
1.76000000e+00	1.60000000e-01	2.55995494e+00
1.76000000e+00	2.00000000e-01	2.43354414e+00
1.76000000e+00	2.40000000e-01	2.31033361e+00
1.76000000e+00	2.80000000e-01	2.19032340e+00
1.76000000e+00	3.20000000e-01	2.07351354e+00
1.76000000e+00	3.60000000e-01	1.95990408e+00
1.76000000e+00	4.00000000e-01	1.84949504e+00
1.76000000e+00	4.40000000e-01	1.74228648e+00
1.76000000e+00	4.80000000e-01	1.63827841e+00
1.76000000e+00	5.20000000e-01	1.53747087e+00
1.76000000e+00	5.60000000e-01	1.43986388e+00
1.76000000e+00	6.00000000e-01	1.34545748e+00
1.76000000e+00	6.40000000e-01	1.25425167e+00
1.76000000e+00	6.80000000e-01	1.16624649e+00
1.76000000e+00	7.20000000e-01	1.08144195e+00
1.76000000e+00	7.60000000e-01	9.99838067e-01
1.76000000e+00	8.00000000e-01	9.21434845e-01
1.76000000e+00	8.40000000e-01	8.46232296e-01
1.76000000e+00	8.80000000e-01	7.74230426e-01
1.76000000e+00	9.20000000e-01	7.05429237e-01
1.76000000e+00	9.60000000e-01	6.39828731e-01
1.76000000e+00	1.00000000e+00	5.77428902e-01
1.76000000e+00	1.04000000e+00	5.18229748e-01
1.76000000e+00	1.08000000e+00	4.62231259e-01
1.76000000e+00	1.12000000e+00	4.09433425e-01
1.76000000e+00	1.16000000e+00	3.59836232e-01
1.76000000e+00	1.20000000e+00	3.13439667e-01
1.76000000e+00	1.24000000e+00	2.70243710e-01
1.76000000e+00	1.28000000e+00	2.30248342e-01
1.76000000e+00	1.32000000e+00	1.93453542e-01
1.76000000e+00	1.36000000e+00	1.59859285e-01
1.76000000e+00	1.40000000e+00	1.29465546e-01
1.76000000e+00	1.44000000e+00	1.02272297e-01
1.76000000e+00	1.48000000e+00	7.82795101e-02
1.76000000e+00	1.52000000e+00	5.74871540e-02
1.76000000e+00	1.56000000e+00	3.98951973e-02
1.76000000e+00	1.60000000e+00	2.55036070e-02
1.76000000e+00	1.64000000e+00	1.43123491e-02
1.76000000e+00	1.68000000e+00	6.32138852e-03
1.76000000e+00	1.72000000e+00	1.53068959e-03
1.76000000e+00	1.76000000e+00	-5.97842270e-05
1.76000000e+00	1.80000000e+00	1.54992999e-03
1.76000000e+00	1.84000000e+00	6.35979473e-03
1.76000000e+00	1.88000000e+00	1.43697722e-02
1.76000000e+00	1.92000000e+00	2.55798242e-02
1.76000000e+00	1.96000000e+00	3.99899129e-02
1.76000000e+00	2.00000000e+00	5.76000000e-02

1.78000000e+00	0.00000000e+00	3.16840000e+00
1.78000000e+00	4.00000000e-02	3.02758936e+00
1.78000000e+00	8.00000000e-02	2.88997881e+00
1.78000000e+00	1.20000000e-01	2.75556838e+00
1.78000000e+00	1.60000000e-01	2.62435813e+00
1.78000000e+00	2.00000000e-01	2.49634809e+00
1.78000000e+00	2.40000000e-01	2.37153830e+00
1.78000000e+00	2.80000000e-01	2.24992881e+00
1.78000000e+00	3.20000000e-01	2.13151965e+00
1.78000000e+00	3.60000000e-01	2.01631086e+00
1.78000000e+00	4.00000000e-01	1.90430246e+00
1.78000000e+00	4.40000000e-01	1.79549450e+00
1.78000000e+00	4.80000000e-01	1.68988700e+00
1.78000000e+00	5.20000000e-01	1.58747999e+00
1.78000000e+00	5.60000000e-01	1.48827350e+00
1.78000000e+00	6.00000000e-01	1.39226755e+00
1.78000000e+00	6.40000000e-01	1.29946216e+00
1.78000000e+00	6.80000000e-01	1.20985734e+00
1.78000000e+00	7.20000000e-01	1.12345312e+00
1.78000000e+00	7.60000000e-01	1.04024951e+00
1.78000000e+00	8.00000000e-01	9.60246518e-01
1.78000000e+00	8.40000000e-01	8.83444149e-01
1.78000000e+00	8.80000000e-01	8.09842411e-01
1.78000000e+00	9.20000000e-01	7.39441307e-01
1.78000000e+00	9.60000000e-01	6.72240835e-01
1.78000000e+00	1.00000000e+00	6.08240995e-01
1.78000000e+00	1.04000000e+00	5.47441780e-01
1.78000000e+00	1.08000000e+00	4.89843184e-01
1.78000000e+00	1.12000000e+00	4.35445197e-01
1.78000000e+00	1.16000000e+00	3.84247806e-01
1.78000000e+00	1.20000000e+00	3.36250997e-01
1.78000000e+00	1.24000000e+00	2.91454755e-01
1.78000000e+00	1.28000000e+00	2.49859060e-01
1.78000000e+00	1.32000000e+00	2.11463892e-01
1.78000000e+00	1.36000000e+00	1.76269229e-01
1.78000000e+00	1.40000000e+00	1.44275047e-01
1.78000000e+00	1.44000000e+00	1.15481321e-01
1.78000000e+00	1.48000000e+00	8.98880244e-02
1.78000000e+00	1.52000000e+00	6.74951281e-02
1.78000000e+00	1.56000000e+00	4.83026029e-02
1.78000000e+00	1.60000000e+00	3.23104183e-02
1.78000000e+00	1.64000000e+00	1.95185426e-02
1.78000000e+00	1.68000000e+00	9.92694325e-03
1.78000000e+00	1.72000000e+00	3.53558707e-03
1.78000000e+00	1.76000000e+00	3.44440103e-04
1.78000000e+00	1.80000000e+00	3.53467898e-04
1.78000000e+00	1.84000000e+00	3.56263559e-03
1.78000000e+00	1.88000000e+00	9.97190801e-03
1.78000000e+00	1.92000000e+00	1.95812498e-02
1.78000000e+00	1.96000000e+00	3.23906256e-02
1.78000000e+00	2.00000000e+00	4.84000000e-02

1.80000000e+00	0.00000000e+00	3.24000000e+00
1.80000000e+00	4.00000000e-02	3.09759021e+00
1.80000000e+00	8.00000000e-02	2.95838049e+00
1.80000000e+00	1.20000000e-01	2.82237090e+00
1.80000000e+00	1.60000000e-01	2.68956147e+00
1.80000000e+00	2.00000000e-01	2.55995223e+00
1.80000000e+00	2.40000000e-01	2.43354322e+00
1.80000000e+00	2.80000000e-01	2.31033449e+00
1.80000000e+00	3.20000000e-01	2.19032606e+00
1.80000000e+00	3.60000000e-01	2.07351796e+00
1.80000000e+00	4.00000000e-01	1.95991024e+00
1.80000000e+00	4.40000000e-01	1.84950291e+00
1.80000000e+00	4.80000000e-01	1.74229601e+00
1.80000000e+00	5.20000000e-01	1.63828956e+00
1.80000000e+00	5.60000000e-01	1.53748358e+00
1.80000000e+00	6.00000000e-01	1.43987811e+00
1.80000000e+00	6.40000000e-01	1.34547314e+00
1.80000000e+00	6.80000000e-01	1.25426871e+00
1.80000000e+00	7.20000000e-01	1.16626483e+00
1.80000000e+00	7.60000000e-01	1.08146151e+00
1.80000000e+00	8.00000000e-01	9.99858751e-01
1.80000000e+00	8.40000000e-01	9.21456570e-01
1.80000000e+00	8.80000000e-01	8.46254971e-01
1.80000000e+00	9.20000000e-01	7.74253954e-01
1.80000000e+00	9.60000000e-01	7.05453520e-01
1.80000000e+00	1.00000000e+00	6.39853667e-01
1.80000000e+00	1.04000000e+00	5.77454389e-01
1.80000000e+00	1.08000000e+00	5.18255681e-01
1.80000000e+00	1.12000000e+00	4.62257533e-01
1.80000000e+00	1.16000000e+00	4.09459934e-01
1.80000000e+00	1.20000000e+00	3.59862871e-01
1.80000000e+00	1.24000000e+00	3.13466329e-01
1.80000000e+00	1.28000000e+00	2.70270291e-01
1.80000000e+00	1.32000000e+00	2.30274738e-01
1.80000000e+00	1.36000000e+00	1.93479649e-01
1.80000000e+00	1.40000000e+00	1.59885004e-01
1.80000000e+00	1.44000000e+00	1.29490778e-01
1.80000000e+00	1.48000000e+00	1.02296947e-01
1.80000000e+00	1.52000000e+00	7.83034844e-02
1.80000000e+00	1.56000000e+00	5.75103635e-02
1.80000000e+00	1.60000000e+00	3.99175561e-02
1.80000000e+00	1.64000000e+00	2.55250330e-02
1.80000000e+00	1.68000000e+00	1.43327643e-02
1.80000000e+00	1.72000000e+00	6.34071936e-03
1.80000000e+00	1.76000000e+00	1.54886698e-03
1.80000000e+00	1.80000000e+00	-4.28245554e-05
1.80000000e+00	1.84000000e+00	1.56561267e-03
1.80000000e+00	1.88000000e+00	6.37414629e-03
1.80000000e+00	1.92000000e+00	1.43827438e-02
1.80000000e+00	1.96000000e+00	2.55913725e-02
1.80000000e+00	2.00000000e+00	4.00000000e-02

1.82000000e+00	0.00000000e+00	3.31240000e+00
1.82000000e+00	4.00000000e-02	3.16839106e+00
1.82000000e+00	8.00000000e-02	3.02758218e+00
1.82000000e+00	1.20000000e-01	2.88997342e+00
1.82000000e+00	1.60000000e-01	2.75556480e+00
1.82000000e+00	2.00000000e-01	2.62435636e+00
1.82000000e+00	2.40000000e-01	2.49634814e+00
1.82000000e+00	2.80000000e-01	2.37154016e+00
1.82000000e+00	3.20000000e-01	2.24993246e+00
1.82000000e+00	3.60000000e-01	2.13152507e+00
1.82000000e+00	4.00000000e-01	2.01631801e+00
1.82000000e+00	4.40000000e-01	1.90431132e+00
1.82000000e+00	4.80000000e-01	1.79550501e+00
1.82000000e+00	5.20000000e-01	1.68989912e+00
1.82000000e+00	5.60000000e-01	1.58749366e+00
1.82000000e+00	6.00000000e-01	1.48828866e+00
1.82000000e+00	6.40000000e-01	1.39228413e+00
1.82000000e+00	6.80000000e-01	1.29948008e+00
1.82000000e+00	7.20000000e-01	1.20987653e+00
1.82000000e+00	7.60000000e-01	1.12347350e+00
1.82000000e+00	8.00000000e-01	1.04027098e+00
1.82000000e+00	8.40000000e-01	9.60268990e-01
1.82000000e+00	8.80000000e-01	8.83467529e-01
1.82000000e+00	9.20000000e-01	8.09866600e-01
1.82000000e+00	9.60000000e-01	7.39466204e-01
1.82000000e+00	1.00000000e+00	6.72266338e-01
1.82000000e+00	1.04000000e+00	6.08266999e-01
1.82000000e+00	1.08000000e+00	5.47468179e-01
1.82000000e+00	1.12000000e+00	4.89869870e-01
1.82000000e+00	1.16000000e+00	4.35472064e-01
1.82000000e+00	1.20000000e+00	3.84274747e-01
1.82000000e+00	1.24000000e+00	3.36277905e-01
1.82000000e+00	1.28000000e+00	2.91481524e-01
1.82000000e+00	1.32000000e+00	2.49885586e-01
1.82000000e+00	1.36000000e+00	2.11490072e-01
1.82000000e+00	1.40000000e+00	1.76294963e-01
1.82000000e+00	1.44000000e+00	1.44300237e-01
1.82000000e+00	1.48000000e+00	1.15505872e-01
1.82000000e+00	1.52000000e+00	8.99118433e-02
1.82000000e+00	1.56000000e+00	6.75181268e-02
1.82000000e+00	1.60000000e+00	4.83246965e-02
1.82000000e+00	1.64000000e+00	3.23315258e-02
1.82000000e+00	1.68000000e+00	1.95385876e-02
1.82000000e+00	1.72000000e+00	9.94585366e-03
1.82000000e+00	1.76000000e+00	3.55329564e-03
1.82000000e+00	1.80000000e+00	3.60884517e-04
1.82000000e+00	1.84000000e+00	3.68590997e-04
1.82000000e+00	1.88000000e+00	3.57638552e-03
1.82000000e+00	1.92000000e+00	9.98423836e-03
1.82000000e+00	1.96000000e+00	1.95921198e-02
1.82000000e+00	2.00000000e+00	3.24000000e-02

1.84000000e+00	0.00000000e+00	3.38560000e+00
1.84000000e+00	4.00000000e-02	3.23999197e+00
1.84000000e+00	8.00000000e-02	3.09758401e+00
1.84000000e+00	1.20000000e-01	2.95837615e+00
1.84000000e+00	1.60000000e-01	2.82236842e+00
1.84000000e+00	2.00000000e-01	2.68956085e+00
1.84000000e+00	2.40000000e-01	2.55995346e+00
1.84000000e+00	2.80000000e-01	2.43354631e+00
1.84000000e+00	3.20000000e-01	2.31033939e+00
1.84000000e+00	3.60000000e-01	2.19033276e+00
1.84000000e+00	4.00000000e-01	2.07352643e+00
1.84000000e+00	4.40000000e-01	1.95992042e+00
1.84000000e+00	4.80000000e-01	1.84951477e+00
1.84000000e+00	5.20000000e-01	1.74230948e+00
1.84000000e+00	5.60000000e-01	1.63830459e+00
1.84000000e+00	6.00000000e-01	1.53750010e+00
1.84000000e+00	6.40000000e-01	1.43989603e+00
1.84000000e+00	6.80000000e-01	1.34549240e+00
1.84000000e+00	7.20000000e-01	1.25428921e+00
1.84000000e+00	7.60000000e-01	1.16628649e+00
1.84000000e+00	8.00000000e-01	1.08148423e+00
1.84000000e+00	8.40000000e-01	9.99882444e-01
1.84000000e+00	8.80000000e-01	9.21481133e-01
1.84000000e+00	9.20000000e-01	8.46280299e-01
1.84000000e+00	9.60000000e-01	7.74279944e-01
1.84000000e+00	1.00000000e+00	7.05480064e-01
1.84000000e+00	1.04000000e+00	6.39880656e-01
1.84000000e+00	1.08000000e+00	5.77481715e-01
1.84000000e+00	1.12000000e+00	5.18283233e-01
1.84000000e+00	1.16000000e+00	4.62285201e-01
1.84000000e+00	1.20000000e+00	4.09487608e-01
1.84000000e+00	1.24000000e+00	3.59890442e-01
1.84000000e+00	1.28000000e+00	3.13493689e-01
1.84000000e+00	1.32000000e+00	2.70297334e-01
1.84000000e+00	1.36000000e+00	2.30301360e-01
1.84000000e+00	1.40000000e+00	1.93505748e-01
1.84000000e+00	1.44000000e+00	1.59910481e-01
1.84000000e+00	1.48000000e+00	1.29515537e-01
1.84000000e+00	1.52000000e+00	1.02320895e-01
1.84000000e+00	1.56000000e+00	7.83265332e-02
1.84000000e+00	1.60000000e+00	5.75324283e-02
1.84000000e+00	1.64000000e+00	3.99385564e-02
1.84000000e+00	1.68000000e+00	2.55448931e-02
1.84000000e+00	1.72000000e+00	1.43514131e-02
1.84000000e+00	1.76000000e+00	6.35809095e-03
1.84000000e+00	1.80000000e+00	1.56490064e-03
1.84000000e+00	1.84000000e+00	-2.81841414e-05
1.84000000e+00	1.88000000e+00	1.57881009e-03
1.84000000e+00	1.92000000e+00	6.38585666e-03
1.84000000e+00	1.96000000e+00	1.43929289e-02
1.84000000e+00	2.00000000e+00	2.56000000e-02

1.86000000e+00	0.00000000e+00	3.45960000e+00
1.86000000e+00	4.00000000e-02	3.31239292e+00
1.86000000e+00	8.00000000e-02	3.16838590e+00
1.86000000e+00	1.20000000e-01	3.02757896e+00
1.86000000e+00	1.60000000e-01	2.88997214e+00
1.86000000e+00	2.00000000e-01	2.75556546e+00
1.86000000e+00	2.40000000e-01	2.62435895e+00
1.86000000e+00	2.80000000e-01	2.49635264e+00
1.86000000e+00	3.20000000e-01	2.37154654e+00
1.86000000e+00	3.60000000e-01	2.24994069e+00
1.86000000e+00	4.00000000e-01	2.13153511e+00
1.86000000e+00	4.40000000e-01	2.01632981e+00
1.86000000e+00	4.80000000e-01	1.90432482e+00
1.86000000e+00	5.20000000e-01	1.79552016e+00
1.86000000e+00	5.60000000e-01	1.68991584e+00
1.86000000e+00	6.00000000e-01	1.58751188e+00
1.86000000e+00	6.40000000e-01	1.48830829e+00
1.86000000e+00	6.80000000e-01	1.39230509e+00
1.86000000e+00	7.20000000e-01	1.29950228e+00
1.86000000e+00	7.60000000e-01	1.20989988e+00
1.86000000e+00	8.00000000e-01	1.12349788e+00
1.86000000e+00	8.40000000e-01	1.04029631e+00
1.86000000e+00	8.80000000e-01	9.60295151e-01
1.86000000e+00	9.20000000e-01	8.83494416e-01
1.86000000e+00	9.60000000e-01	8.09894102e-01
1.86000000e+00	1.00000000e+00	7.39494208e-01
1.86000000e+00	1.04000000e+00	6.72294731e-01
1.86000000e+00	1.08000000e+00	6.08295664e-01
1.86000000e+00	1.12000000e+00	5.47497003e-01
1.86000000e+00	1.16000000e+00	4.89898739e-01
1.86000000e+00	1.20000000e+00	4.35500862e-01
1.86000000e+00	1.24000000e+00	3.84303362e-01
1.86000000e+00	1.28000000e+00	3.36306226e-01
1.86000000e+00	1.32000000e+00	2.91509441e-01
1.86000000e+00	1.36000000e+00	2.49912992e-01
1.86000000e+00	1.40000000e+00	2.11516863e-01
1.86000000e+00	1.44000000e+00	1.76321037e-01
1.86000000e+00	1.48000000e+00	1.44325497e-01
1.86000000e+00	1.52000000e+00	1.15530223e-01
1.86000000e+00	1.56000000e+00	8.99351964e-02
1.86000000e+00	1.60000000e+00	6.75403963e-02
1.86000000e+00	1.64000000e+00	4.83458018e-02
1.86000000e+00	1.68000000e+00	3.23513912e-02
1.86000000e+00	1.72000000e+00	1.95571424e-02
1.86000000e+00	1.76000000e+00	9.96303276e-03
1.86000000e+00	1.80000000e+00	3.56903945e-03
1.86000000e+00	1.84000000e+00	3.75139243e-04
1.86000000e+00	1.88000000e+00	3.81308728e-04
1.86000000e+00	1.92000000e+00	3.58752439e-03
1.86000000e+00	1.96000000e+00	9.99376266e-03
1.86000000e+00	2.00000000e+00	1.96000000e-02

1.88000000e+00	0.00000000e+00	3.53440000e+00
1.88000000e+00	4.00000000e-02	3.38559387e+00
1.88000000e+00	8.00000000e-02	3.23998778e+00
1.88000000e+00	1.20000000e-01	3.09758178e+00
1.88000000e+00	1.60000000e-01	2.95837587e+00
1.88000000e+00	2.00000000e-01	2.82237008e+00
1.88000000e+00	2.40000000e-01	2.68956444e+00
1.88000000e+00	2.80000000e-01	2.55995897e+00
1.88000000e+00	3.20000000e-01	2.43355369e+00
1.88000000e+00	3.60000000e-01	2.31034862e+00
1.88000000e+00	4.00000000e-01	2.19034378e+00
1.88000000e+00	4.40000000e-01	2.07353919e+00
1.88000000e+00	4.80000000e-01	1.95993487e+00
1.88000000e+00	5.20000000e-01	1.84953083e+00
1.88000000e+00	5.60000000e-01	1.74232709e+00
1.88000000e+00	6.00000000e-01	1.63832366e+00
1.88000000e+00	6.40000000e-01	1.53752055e+00
1.88000000e+00	6.80000000e-01	1.43991778e+00
1.88000000e+00	7.20000000e-01	1.34551534e+00
1.88000000e+00	7.60000000e-01	1.25431326e+00
1.88000000e+00	8.00000000e-01	1.16631154e+00
1.88000000e+00	8.40000000e-01	1.08151017e+00
1.88000000e+00	8.80000000e-01	9.99909169e-01
1.88000000e+00	9.20000000e-01	9.21508533e-01
1.88000000e+00	9.60000000e-01	8.46308261e-01
1.88000000e+00	1.00000000e+00	7.74308353e-01
1.88000000e+00	1.04000000e+00	7.05508805e-01
1.88000000e+00	1.08000000e+00	6.39909614e-01
1.88000000e+00	1.12000000e+00	5.77510774e-01
1.88000000e+00	1.16000000e+00	5.18312278e-01
1.88000000e+00	1.20000000e+00	4.62314117e-01
1.88000000e+00	1.24000000e+00	4.09516283e-01
1.88000000e+00	1.28000000e+00	3.59918764e-01
1.88000000e+00	1.32000000e+00	3.13521549e-01
1.88000000e+00	1.36000000e+00	2.70324625e-01
1.88000000e+00	1.40000000e+00	2.30327979e-01
1.88000000e+00	1.44000000e+00	1.93531595e-01
1.88000000e+00	1.48000000e+00	1.59935459e-01
1.88000000e+00	1.52000000e+00	1.29539553e-01
1.88000000e+00	1.56000000e+00	1.02343862e-01
1.88000000e+00	1.60000000e+00	7.83483661e-02
1.88000000e+00	1.64000000e+00	5.75530489e-02
1.88000000e+00	1.68000000e+00	3.99578909e-02
1.88000000e+00	1.72000000e+00	2.55628731e-02
1.88000000e+00	1.76000000e+00	1.43679759e-02
1.88000000e+00	1.80000000e+00	6.37317937e-03
1.88000000e+00	1.84000000e+00	1.57846353e-03
1.88000000e+00	1.88000000e+00	-1.61919428e-05
1.88000000e+00	1.92000000e+00	1.58919258e-03
1.88000000e+00	1.96000000e+00	6.39459669e-03
1.88000000e+00	2.00000000e+00	1.44000000e-02

1.90000000e+00	0.00000000e+00	3.61000000e+00
1.90000000e+00	4.00000000e-02	3.45959486e+00
1.90000000e+00	8.00000000e-02	3.31238977e+00
1.90000000e+00	1.20000000e-01	3.16838473e+00
1.90000000e+00	1.60000000e-01	3.02757978e+00
1.90000000e+00	2.00000000e-01	2.88997493e+00
1.90000000e+00	2.40000000e-01	2.75557021e+00
1.90000000e+00	2.80000000e-01	2.62436563e+00
1.90000000e+00	3.20000000e-01	2.49636120e+00
1.90000000e+00	3.60000000e-01	2.37155696e+00
1.90000000e+00	4.00000000e-01	2.24995290e+00
1.90000000e+00	4.40000000e-01	2.13154906e+00
1.90000000e+00	4.80000000e-01	2.01634544e+00
1.90000000e+00	5.20000000e-01	1.90434205e+00
1.90000000e+00	5.60000000e-01	1.79553892e+00
1.90000000e+00	6.00000000e-01	1.68993604e+00
1.90000000e+00	6.40000000e-01	1.58753344e+00
1.90000000e+00	6.80000000e-01	1.48833112e+00
1.90000000e+00	7.20000000e-01	1.39232908e+00
1.90000000e+00	7.60000000e-01	1.29952733e+00
1.90000000e+00	8.00000000e-01	1.20992589e+00
1.90000000e+00	8.40000000e-01	1.12352474e+00
1.90000000e+00	8.80000000e-01	1.04032390e+00
1.90000000e+00	9.20000000e-01	9.60323371e-01
1.90000000e+00	9.60000000e-01	8.83523143e-01
1.90000000e+00	1.00000000e+00	8.09923220e-01
1.90000000e+00	1.04000000e+00	7.39523599e-01
1.90000000e+00	1.08000000e+00	6.72324277e-01
1.90000000e+00	1.12000000e+00	6.08325248e-01
1.90000000e+00	1.16000000e+00	5.47526508e-01
1.90000000e+00	1.20000000e+00	4.89928049e-01
1.90000000e+00	1.24000000e+00	4.35529863e-01
1.90000000e+00	1.28000000e+00	3.84331942e-01
1.90000000e+00	1.32000000e+00	3.36334275e-01
1.90000000e+00	1.36000000e+00	2.91536852e-01
1.90000000e+00	1.40000000e+00	2.49939662e-01
1.90000000e+00	1.44000000e+00	2.11542691e-01
1.90000000e+00	1.48000000e+00	1.76345928e-01
1.90000000e+00	1.52000000e+00	1.44349358e-01
1.90000000e+00	1.56000000e+00	1.15552968e-01
1.90000000e+00	1.60000000e+00	8.99567416e-02
1.90000000e+00	1.64000000e+00	6.75606647e-02
1.90000000e+00	1.68000000e+00	4.83647213e-02
1.90000000e+00	1.72000000e+00	3.23688953e-02
1.90000000e+00	1.76000000e+00	1.95731704e-02
1.90000000e+00	1.80000000e+00	9.97752983e-03
1.90000000e+00	1.84000000e+00	3.58195686e-03
1.90000000e+00	1.88000000e+00	3.86434473e-04
1.90000000e+00	1.92000000e+00	3.90945600e-04
1.90000000e+00	1.96000000e+00	3.59547314e-03
1.90000000e+00	2.00000000e+00	1.00000000e-02

1.92000000e+00	0.00000000e+00	3.68640000e+00
1.92000000e+00	4.00000000e-02	3.53439587e+00
1.92000000e+00	8.00000000e-02	3.38559178e+00
1.92000000e+00	1.20000000e-01	3.23998774e+00
1.92000000e+00	1.60000000e-01	3.09758376e+00
1.92000000e+00	2.00000000e-01	2.95837987e+00
1.92000000e+00	2.40000000e-01	2.82237607e+00
1.92000000e+00	2.80000000e-01	2.68957239e+00
1.92000000e+00	3.20000000e-01	2.55996884e+00
1.92000000e+00	3.60000000e-01	2.43356543e+00
1.92000000e+00	4.00000000e-01	2.31036217e+00
1.92000000e+00	4.40000000e-01	2.19035908e+00
1.92000000e+00	4.80000000e-01	2.07355618e+00
1.92000000e+00	5.20000000e-01	1.95995346e+00
1.92000000e+00	5.60000000e-01	1.84955094e+00
1.92000000e+00	6.00000000e-01	1.74234863e+00
1.92000000e+00	6.40000000e-01	1.63834654e+00
1.92000000e+00	6.80000000e-01	1.53754467e+00
1.92000000e+00	7.20000000e-01	1.43994304e+00
1.92000000e+00	7.60000000e-01	1.34554164e+00
1.92000000e+00	8.00000000e-01	1.25434047e+00
1.92000000e+00	8.40000000e-01	1.16633956e+00
1.92000000e+00	8.80000000e-01	1.08153888e+00
1.92000000e+00	9.20000000e-01	9.99938452e-01
1.92000000e+00	9.60000000e-01	9.21538269e-01
1.92000000e+00	1.00000000e+00	8.46338331e-01
1.92000000e+00	1.04000000e+00	7.74338635e-01
1.92000000e+00	1.08000000e+00	7.05539180e-01
1.92000000e+00	1.12000000e+00	6.39939960e-01
1.92000000e+00	1.16000000e+00	5.77540972e-01
1.92000000e+00	1.20000000e+00	5.18342209e-01
1.92000000e+00	1.24000000e+00	4.62343666e-01
1.92000000e+00	1.28000000e+00	4.09545336e-01
1.92000000e+00	1.32000000e+00	3.59947210e-01
1.92000000e+00	1.36000000e+00	3.13549280e-01
1.92000000e+00	1.40000000e+00	2.70351536e-01
1.92000000e+00	1.44000000e+00	2.30353970e-01
1.92000000e+00	1.48000000e+00	1.93556569e-01
1.92000000e+00	1.52000000e+00	1.59959324e-01
1.92000000e+00	1.56000000e+00	1.29562224e-01
1.92000000e+00	1.60000000e+00	1.02365255e-01
1.92000000e+00	1.64000000e+00	7.83684058e-02
1.92000000e+00	1.68000000e+00	5.75716640e-02
1.92000000e+00	1.72000000e+00	3.99750166e-02
1.92000000e+00	1.76000000e+00	2.55784503e-02
1.92000000e+00	1.80000000e+00	1.43819519e-02
1.92000000e+00	1.84000000e+00	6.38550768e-03
1.92000000e+00	1.88000000e+00	1.58910411e-03
1.92000000e+00	1.92000000e+00	-7.27253170e-06
1.92000000e+00	1.96000000e+00	1.59636400e-03
1.92000000e+00	2.00000000e+00	6.40000000e-03

1.94000000e+00	0.00000000e+00	3.76360000e+00
1.94000000e+00	4.00000000e-02	3.60999688e+00
1.94000000e+00	8.00000000e-02	3.45959379e+00
1.94000000e+00	1.20000000e-01	3.31239074e+00
1.94000000e+00	1.60000000e-01	3.16838774e+00
1.94000000e+00	2.00000000e-01	3.02758480e+00
1.94000000e+00	2.40000000e-01	2.88998194e+00
1.94000000e+00	2.80000000e-01	2.75557916e+00
1.94000000e+00	3.20000000e-01	2.62437647e+00
1.94000000e+00	3.60000000e-01	2.49637390e+00
1.94000000e+00	4.00000000e-01	2.37157144e+00
1.94000000e+00	4.40000000e-01	2.24996911e+00
1.94000000e+00	4.80000000e-01	2.13156691e+00
1.94000000e+00	5.20000000e-01	2.01636486e+00
1.94000000e+00	5.60000000e-01	1.90436296e+00
1.94000000e+00	6.00000000e-01	1.79556122e+00
1.94000000e+00	6.40000000e-01	1.68995964e+00
1.94000000e+00	6.80000000e-01	1.58755823e+00
1.94000000e+00	7.20000000e-01	1.48835699e+00
1.94000000e+00	7.60000000e-01	1.39235594e+00
1.94000000e+00	8.00000000e-01	1.29955506e+00
1.94000000e+00	8.40000000e-01	1.20995437e+00
1.94000000e+00	8.80000000e-01	1.12355386e+00
1.94000000e+00	9.20000000e-01	1.04035353e+00
1.94000000e+00	9.60000000e-01	9.60353396e-01
1.94000000e+00	1.00000000e+00	8.83553442e-01
1.94000000e+00	1.04000000e+00	8.09953672e-01
1.94000000e+00	1.08000000e+00	7.39554083e-01
1.94000000e+00	1.12000000e+00	6.72354672e-01
1.94000000e+00	1.16000000e+00	6.08355436e-01
1.94000000e+00	1.20000000e+00	5.47556370e-01
1.94000000e+00	1.24000000e+00	4.89957471e-01
1.94000000e+00	1.28000000e+00	4.35558731e-01
1.94000000e+00	1.32000000e+00	3.84360146e-01
1.94000000e+00	1.36000000e+00	3.36361708e-01
1.94000000e+00	1.40000000e+00	2.91563412e-01
1.94000000e+00	1.44000000e+00	2.49965249e-01
1.94000000e+00	1.48000000e+00	2.11567212e-01
1.94000000e+00	1.52000000e+00	1.76369292e-01
1.94000000e+00	1.56000000e+00	1.44371481e-01
1.94000000e+00	1.60000000e+00	1.15573769e-01
1.94000000e+00	1.64000000e+00	8.99761479e-02
1.94000000e+00	1.68000000e+00	6.75786077e-02
1.94000000e+00	1.72000000e+00	4.83811388e-02
1.94000000e+00	1.76000000e+00	3.23837311e-02
1.94000000e+00	1.80000000e+00	1.95863746e-02
1.94000000e+00	1.84000000e+00	9.98905902e-03
1.94000000e+00	1.88000000e+00	3.59177415e-03
1.94000000e+00	1.92000000e+00	3.94509605e-04
1.94000000e+00	1.96000000e+00	3.97255007e-04
1.94000000e+00	2.00000000e+00	3.60000000e-03

1.96000000e+00	0.00000000e+00	3.84160000e+00
1.96000000e+00	4.00000000e-02	3.68639792e+00
1.96000000e+00	8.00000000e-02	3.53439586e+00
1.96000000e+00	1.20000000e-01	3.38559382e+00
1.96000000e+00	1.60000000e-01	3.23999182e+00
1.96000000e+00	2.00000000e-01	3.09758985e+00
1.96000000e+00	2.40000000e-01	2.95838794e+00
1.96000000e+00	2.80000000e-01	2.82238609e+00
1.96000000e+00	3.20000000e-01	2.68958430e+00
1.96000000e+00	3.60000000e-01	2.55998258e+00
1.96000000e+00	4.00000000e-01	2.43358094e+00
1.96000000e+00	4.40000000e-01	2.31037938e+00
1.96000000e+00	4.80000000e-01	2.19037791e+00
1.96000000e+00	5.20000000e-01	2.07357654e+00
1.96000000e+00	5.60000000e-01	1.95997528e+00
1.96000000e+00	6.00000000e-01	1.84957411e+00
1.96000000e+00	6.40000000e-01	1.74237306e+00
1.96000000e+00	6.80000000e-01	1.63837212e+00
1.96000000e+00	7.20000000e-01	1.53757129e+00
1.96000000e+00	7.60000000e-01	1.43997059e+00
1.96000000e+00	8.00000000e-01	1.34557000e+00
1.96000000e+00	8.40000000e-01	1.25436954e+00
1.96000000e+00	8.80000000e-01	1.16636920e+00
1.96000000e+00	9.20000000e-01	1.08156898e+00
1.96000000e+00	9.60000000e-01	9.99968889e-01
1.96000000e+00	1.00000000e+00	9.21568920e-01
1.96000000e+00	1.04000000e+00	8.46369074e-01
1.96000000e+00	1.08000000e+00	7.74369348e-01
1.96000000e+00	1.12000000e+00	7.05569741e-01
1.96000000e+00	1.16000000e+00	6.39970251e-01
1.96000000e+00	1.20000000e+00	5.77570875e-01
1.96000000e+00	1.24000000e+00	5.18371609e-01
1.96000000e+00	1.28000000e+00	4.62372451e-01
1.96000000e+00	1.32000000e+00	4.09573395e-01
1.96000000e+00	1.36000000e+00	3.59974438e-01
1.96000000e+00	1.40000000e+00	3.13575576e-01
1.96000000e+00	1.44000000e+00	2.70376802e-01
1.96000000e+00	1.48000000e+00	2.30378112e-01
1.96000000e+00	1.52000000e+00	1.93579501e-01
1.96000000e+00	1.56000000e+00	1.59980962e-01
1.96000000e+00	1.60000000e+00	1.29582489e-01
1.96000000e+00	1.64000000e+00	1.02384077e-01
1.96000000e+00	1.68000000e+00	7.83857194e-02
1.96000000e+00	1.72000000e+00	5.75874090e-02
1.96000000e+00	1.76000000e+00	3.99891395e-02
1.96000000e+00	1.80000000e+00	2.55909042e-02
1.96000000e+00	1.84000000e+00	1.43926962e-02
1.96000000e+00	1.88000000e+00	6.39450876e-03
1.96000000e+00	1.92000000e+00	1.59633483e-03
1.96000000e+00	1.96000000e+00	-1.83244727e-06
1.96000000e+00	2.00000000e+00	1.60000000e-03

1.98000000e+00	0.00000000e+00	3.92040000e+00
1.98000000e+00	4.00000000e-02	3.76359896e+00
1.98000000e+00	8.00000000e-02	3.60999793e+00
1.98000000e+00	1.20000000e-01	3.45959691e+00
1.98000000e+00	1.60000000e-01	3.31239591e+00
1.98000000e+00	2.00000000e-01	3.16839493e+00
1.98000000e+00	2.40000000e-01	3.02759397e+00
1.98000000e+00	2.80000000e-01	2.88999304e+00
1.98000000e+00	3.20000000e-01	2.75559215e+00
1.98000000e+00	3.60000000e-01	2.62439129e+00
1.98000000e+00	4.00000000e-01	2.49639047e+00
1.98000000e+00	4.40000000e-01	2.37158969e+00
1.98000000e+00	4.80000000e-01	2.24998896e+00
1.98000000e+00	5.20000000e-01	2.13158827e+00
1.98000000e+00	5.60000000e-01	2.01638764e+00
1.98000000e+00	6.00000000e-01	1.90438706e+00
1.98000000e+00	6.40000000e-01	1.79558653e+00
1.98000000e+00	6.80000000e-01	1.68998606e+00
1.98000000e+00	7.20000000e-01	1.58758565e+00
1.98000000e+00	7.60000000e-01	1.48838529e+00
1.98000000e+00	8.00000000e-01	1.39238500e+00
1.98000000e+00	8.40000000e-01	1.29958477e+00
1.98000000e+00	8.80000000e-01	1.20998460e+00
1.98000000e+00	9.20000000e-01	1.12358449e+00
1.98000000e+00	9.60000000e-01	1.04038444e+00
1.98000000e+00	1.00000000e+00	9.60384460e-01
1.98000000e+00	1.04000000e+00	8.83584537e-01
1.98000000e+00	1.08000000e+00	8.09984674e-01
1.98000000e+00	1.12000000e+00	7.39584871e-01
1.98000000e+00	1.16000000e+00	6.72385126e-01
1.98000000e+00	1.20000000e+00	6.08385437e-01
1.98000000e+00	1.24000000e+00	5.47585805e-01
1.98000000e+00	1.28000000e+00	4.89986225e-01
1.98000000e+00	1.32000000e+00	4.35586697e-01
1.98000000e+00	1.36000000e+00	3.84387219e-01
1.98000000e+00	1.40000000e+00	3.36387788e-01
1.98000000e+00	1.44000000e+00	2.91588401e-01
1.98000000e+00	1.48000000e+00	2.49989056e-01
1.98000000e+00	1.52000000e+00	2.11589750e-01
1.98000000e+00	1.56000000e+00	1.76390481e-01
1.98000000e+00	1.60000000e+00	1.44391245e-01
1.98000000e+00	1.64000000e+00	1.15592039e-01
1.98000000e+00	1.68000000e+00	8.99928596e-02
1.98000000e+00	1.72000000e+00	6.75937044e-02
1.98000000e+00	1.76000000e+00	4.83945697e-02
1.98000000e+00	1.80000000e+00	3.23954520e-02
1.98000000e+00	1.84000000e+00	1.95963481e-02
1.98000000e+00	1.88000000e+00	9.99725433e-03
1.98000000e+00	1.92000000e+00	3.59816738e-03
1.98000000e+00	1.96000000e+00	3.99083759e-04
1.98000000e+00	2.00000000e+00	4.00000000e-04

2.00000000e+00	0.00000000e+00	4.00000000e+00
2.00000000e+00	4.00000000e-02	3.84160000e+00
2.00000000e+00	8.00000000e-02	3.68640000e+00
2.00000000e+00	1.20000000e-01	3.53440000e+00
2.00000000e+00	1.60000000e-01	3.38560000e+00
2.00000000e+00	2.00000000e-01	3.24000000e+00
2.00000000e+00	2.40000000e-01	3.09760000e+00
2.00000000e+00	2.80000000e-01	2.95840000e+00
2.00000000e+00	3.20000000e-01	2.82240000e+00
2.00000000e+00	3.60000000e-01	2.68960000e+00
2.00000000e+00	4.00000000e-01	2.56000000e+00
2.00000000e+00	4.40000000e-01	2.43360000e+00
2.00000000e+00	4.80000000e-01	2.31040000e+00
2.00000000e+00	5.20000000e-01	2.19040000e+00
2.00000000e+00	5.60000000e-01	2.07360000e+00
2.00000000e+00	6.00000000e-01	1.96000000e+00
2.00000000e+00	6.40000000e-01	1.84960000e+00
2.00000000e+00	6.80000000e-01	1.74240000e+00
2.00000000e+00	7.20000000e-01	1.63840000e+00
2.00000000e+00	7.60000000e-01	1.53760000e+00
2.00000000e+00	8.00000000e-01	1.44000000e+00
2.00000000e+00	8.40000000e-01	1.34560000e+00
2.00000000e+00	8.80000000e-01	1.25440000e+00
2.00000000e+00	9.20000000e-01	1.16640000e+00
2.00000000e+00	9.60000000e-01	1.08160000e+00
2.00000000e+00	1.00000000e+00	1.00000000e+00
2.00000000e+00	1.04000000e+00	9.21600000e-01
2.00000000e+00	1.08000000e+00	8.46400000e-01
2.00000000e+00	1.12000000e+00	7.74400000e-01
2.00000000e+00	1.16000000e+00	7.05600000e-01
2.00000000e+00	1.20000000e+00	6.40000000e-01
2.00000000e+00	1.24000000e+00	5.77600000e-01
2.00000000e+00	1.28000000e+00	5.18400000e-01
2.00000000e+00	1.32000000e+00	4.62400000e-01
2.00000000e+00	1.36000000e+00	4.09600000e-01
2.00000000e+00	1.40000000e+00	3.60000000e-01
2.00000000e+00	1.44000000e+00	3.13600000e-01
2.00000000e+00	1.48000000e+00	2.70400000e-01
2.00000000e+00	1.52000000e+00	2.30400000e-01
2.00000000e+00	1.56000000e+00	1.93600000e-01
2.00000000e+00	1.60000000e+00	1.60000000e-01
2.00000000e+00	1.64000000e+00	1.29600000e-01
2.00000000e+00	1.68000000e+00	1.02400000e-01
2.00000000e+00	1.72000000e+00	7.84000000e-02
2.00000000e+00	1.76000000e+00	5.76000000e-02
2.00000000e+00	1.80000000e+00	4.00000000e-02
2.00000000e+00	1.84000000e+00	2.56000000e-02
2.00000000e+00	1.88000000e+00	1.44000000e-02
2.00000000e+00	1.92000000e+00	6.40000000e-03
2.00000000e+00	1.96000000e+00	1.60000000e-03
2.00000000e+00	2.00000000e+00	0.00000000e+00

