1	0	1
1	0.01	0.9801
1	0.02	0.9604
1	0.03	0.9409
1	0.04	0.9216
1	0.05	0.9025
1	0.06	0.8836
1	0.07	0.8649
1	0.08	0.8464
1	0.09	0.8281
1	0.1	0.81
1	0.11	0.7921
1	0.12	0.7744
1	0.13	0.7569
1	0.14	0.7396
1	0.15	0.7225
1	0.16	0.7056
1	0.17	0.6889
1	0.18	0.6724
1	0.19	0.6561
1	0.2	0.64
1	0.21	0.6241
1	0.22	0.6084
1	0.23	0.5929
1	0.24	0.5776
1	0.25	0.5625
1	0.26	0.5476
1	0.27	0.5329
1	0.28	0.5184
1	0.29	0.5041
1	0.3	0.49
1	0.31	0.4761
1	0.32	0.4624
1	0.33	0.4489
1	0.34	0.4356
1	0.35	0.4225
1	0.36	0.4096
1	0.37	0.3969
1	0.38	0.3844
1	0.39	0.3721
1	0.4	0.36
1	0.41	0.3481
1	0.42	0.3364
1	0.43	0.3249
1	0.44	0.3136
1	0.45	0.3025
1	0.46	0.2916
1	0.47	0.2809
1	0.48	0.2704
1	0.49	0.2601
1	0.5	0.25
1	0.51	0.2401
1	0.52	0.2304
1	0.53	0.2209
1	0.54	0.2116
1	0.55	0.2025
1	0.56	0.1936
1	0.57	0.1849
1	0.58	0.1764
1	0.59	0.1681
1	0.6	0.16
1	0.61	0.1521
1	0.62	0.1444
1	0.63	0.1369
1	0.64	0.1296
1	0.65	0.1225
1	0.66	0.1156
1	0.67	0.1089
1	0.68	0.1024
1	0.69	0.0961
1	0.7	0.09
1	0.71	0.0841
1	0.72	0.0784
1	0.73	0.0729
1	0.74	0.0676
1	0.75	0.0625
1	0.76	0.0576
1	0.77	0.0529
1	0.78	0.0484
1	0.79	0.0441
1	0.8	0.04
1	0.81	0.0361
1	0.82	0.0324
1	0.83	0.0289
1	0.84	0.0256
1	0.85	0.0225
1	0.86	0.0196
1	0.87	0.0169
1	0.88	0.0144
1	0.89	0.0121
1	0.9	0.01
1	0.91	0.0081
1	0.92	0.0064
1	0.93	0.0049
1	0.94	0.0036
1	0.95	0.0025
1	0.96	0.0016
1	0.97	0.0009
1	0.98	0.0004
1	0.99	0.0001
1	1	0
1	1.01	0.0001
1	1.02	0.0004
1	1.03	0.0009
1	1.04	0.0016
1	1.05	0.0025
1	1.06	0.0036
1	1.07	0.0049
1	1.08	0.0064
1	1.09	0.0081
1	1.1	0.01
1	1.11	0.0121
1	1.12	0.0144
1	1.13	0.0169
1	1.14	0.0196
1	1.15	0.0225
1	1.16	0.0256
1	1.17	0.0289
1	1.18	0.0324
1	1.19	0.0361
1	1.2	0.04
1	1.21	0.0441
1	1.22	0.0484
1	1.23	0.0529
1	1.24	0.0576
1	1.25	0.0625
1	1.26	0.0676
1	1.27	0.0729
1	1.28	0.0784
1	1.29	0.0841
1	1.3	0.09
1	1.31	0.0961
1	1.32	0.1024
1	1.33	0.1089
1	1.34	0.1156
1	1.35	0.1225
1	1.36	0.1296
1	1.37	0.1369
1	1.38	0.1444
1	1.39	0.1521
1	1.4	0.16
1	1.41	0.1681
1	1.42	0.1764
1	1.43	0.1849
1	1.44	0.1936
1	1.45	0.2025
1	1.46	0.2116
1	1.47	0.2209
1	1.48	0.2304
1	1.49	0.2401
1	1.5	0.25
1	1.51	0.2601
1	1.52	0.2704
1	1.53	0.2809
1	1.54	0.2916
1	1.55	0.3025
1	1.56	0.3136
1	1.57	0.3249
1	1.58	0.3364
1	1.59	0.3481
1	1.6	0.36
1	1.61	0.3721
1	1.62	0.3844
1	1.63	0.3969
1	1.64	0.4096
1	1.65	0.4225
1	1.66	0.4356
1	1.67	0.4489
1	1.68	0.4624
1	1.69	0.4761
1	1.7	0.49
1	1.71	0.5041
1	1.72	0.5184
1	1.73	0.5329
1	1.74	0.5476
1	1.75	0.5625
1	1.76	0.5776
1	1.77	0.5929
1	1.78	0.6084
1	1.79	0.6241
1	1.8	0.64
1	1.81	0.6561
1	1.82	0.6724
1	1.83	0.6889
1	1.84	0.7056
1	1.85	0.7225
1	1.86	0.7396
1	1.87	0.7569
1	1.88	0.7744
1	1.89	0.7921
1	1.9	0.81
1	1.91	0.8281
1	1.92	0.8464
1	1.93	0.8649
1	1.94	0.8836
1	1.95	0.9025
1	1.96	0.9216
1	1.97	0.9409
1	1.98	0.9604
1	1.99	0.9801
1	2	1
1.005	0	1.01002
1.005	0.01	0.990024
1.005	0.02	0.970223
1.005	0.03	0.950622
1.005	0.04	0.931221
1.005	0.05	0.91202
1.005	0.06	0.893019
1.005	0.07	0.874218
1.005	0.08	0.855617
1.005	0.09	0.837216
1.005	0.1	0.819015
1.005	0.11	0.801013
1.005	0.12	0.783212
1.005	0.13	0.765611
1.005	0.14	0.74821
1.005	0.15	0.731009
1.005	0.16	0.714008
1.005	0.17	0.697207
1.005	0.18	0.680606
1.005	0.19	0.664205
1.005	0.2	0.648004
1.005	0.21	0.632003
1.005	0.22	0.616202
1.005	0.23	0.600601
1.005	0.24	0.5852
1.005	0.25	0.57
1.005	0.26	0.554999
1.005	0.27	0.540198
1.005	0.28	0.525597
1.005	0.29	0.511196
1.005	0.3	0.496995
1.005	0.31	0.482994
1.005	0.32	0.469193
1.005	0.33	0.455592
1.005	0.34	0.442191
1.005	0.35	0.42899
1.005	0.36	0.41599
1.005	0.37	0.403189
1.005	0.38	0.390588
1.005	0.39	0.378187
1.005	0.4	0.365986
1.005	0.41	0.353985
1.005	0.42	0.342185
1.005	0.43	0.330584
1.005	0.44	0.319183
1.005	0.45	0.307982
1.005	0.46	0.296982
1.005	0.47	0.286181
1.005	0.48	0.27558
1.005	0.49	0.265179
1.005	0.5	0.254979
1.005	0.51	0.244978
1.005	0.52	0.235177
1.005	0.53	0.225577
1.005	0.54	0.216176
1.005	0.55	0.206976
1.005	0.56	0.197975
1.005	0.57	0.189174
1.005	0.58	0.180574
1.005	0.59	0.172173
1.005	0.6	0.163973
1.005	0.61	0.155972
1.005	0.62	0.148172
1.005	0.63	0.140571
1.005	0.64	0.133171
1.005	0.65	0.12597
1.005	0.66	0.11897
1.005	0.67	0.112169
1.005	0.68	0.105569
1.005	0.69	0.0991683
1.005	0.7	0.0929679
1.005	0.71	0.0869676
1.005	0.72	0.0811672
1.005	0.73	0.0755668
1.005	0.74	0.0701665
1.005	0.75	0.0649662
1.005	0.76	0.0599659
1.005	0.77	0.0551656
1.005	0.78	0.0505653
1.005	0.79	0.0461651
1.005	0.8	0.0419648
1.005	0.81	0.0379646
1.005	0.82	0.0341644
1.005	0.83	0.0305642
1.005	0.84	0.027164
1.005	0.85	0.0239638
1.005	0.86	0.0209637
1.005	0.87	0.0181636
1.005	0.88	0.0155634
1.005	0.89	0.0131633
1.005	0.9	0.0109633
1.005	0.91	0.00896319
1.005	0.92	0.00716314
1.005	0.93	0.0055631
1.005	0.94	0.00416308
1.005	0.95	0.00296308
1.005	0.96	0.00196309
1.005	0.97	0.00116311
1.005	0.98	0.000563153
1.005	0.99	0.00016321
1.005	1	-3.67183e-05
1.005	1.01	-3.66312e-05
1.005	1.02	0.000163471
1.005	1.03	0.000563589
1.005	1.04	0.00116372
1.005	1.05	0.00196387
1.005	1.06	0.00296403
1.005	1.07	0.00416421
1.005	1.08	0.0055644
1.005	1.09	0.0071646
1.005	1.1	0.00896482
1.005	1.11	0.0109651
1.005	1.12	0.0131653
1.005	1.13	0.0155656
1.005	1.14	0.0181658
1.005	1.15	0.0209661
1.005	1.16	0.0239664
1.005	1.17	0.0271667
1.005	1.18	0.0305671
1.005	1.19	0.0341674
1.005	1.2	0.0379678
1.005	1.21	0.0419681
1.005	1.22	0.0461685
1.005	1.23	0.0505689
1.005	1.24	0.0551693
1.005	1.25	0.0599698
1.005	1.26	0.0649702
1.005	1.27	0.0701706
1.005	1.28	0.0755711
1.005	1.29	0.0811716
1.005	1.3	0.086972
1.005	1.31	0.0929725
1.005	1.32	0.099173
1.005	1.33	0.105574
1.005	1.34	0.112174
1.005	1.35	0.118975
1.005	1.36	0.125975
1.005	1.37	0.133176
1.005	1.38	0.140576
1.005	1.39	0.148177
1.005	1.4	0.155977
1.005	1.41	0.163978
1.005	1.42	0.172179
1.005	1.43	0.180579
1.005	1.44	0.18918
1.005	1.45	0.197981
1.005	1.46	0.206981
1.005	1.47	0.216182
1.005	1.48	0.225583
1.005	1.49	0.235183
1.005	1.5	0.244984
1.005	1.51	0.254985
1.005	1.52	0.265185
1.005	1.53	0.275586
1.005	1.54	0.286187
1.005	1.55	0.296987
1.005	1.56	0.307988
1.005	1.57	0.319189
1.005	1.58	0.33059
1.005	1.59	0.34219
1.005	1.6	0.353991
1.005	1.61	0.365992
1.005	1.62	0.378193
1.005	1.63	0.390593
1.005	1.64	0.403194
1.005	1.65	0.415995
1.005	1.66	0.428996
1.005	1.67	0.442197
1.005	1.68	0.455597
1.005	1.69	0.469198
1.005	1.7	0.482999
1.005	1.71	0.497
1.005	1.72	0.511201
1.005	1.73	0.525602
1.005	1.74	0.540202
1.005	1.75	0.555003
1.005	1.76	0.570004
1.005	1.77	0.585205
1.005	1.78	0.600606
1.005	1.79	0.616207
1.005	1.8	0.632007
1.005	1.81	0.648008
1.005	1.82	0.664209
1.005	1.83	0.68061
1.005	1.84	0.697211
1.005	1.85	0.714012
1.005	1.86	0.731013
1.005	1.87	0.748214
1.005	1.88	0.765614
1.005	1.89	0.783215
1.005	1.9	0.801016
1.005	1.91	0.819017
1.005	1.92	0.837218
1.005	1.93	0.855619
1.005	1.94	0.87422
1.005	1.95	0.893021
1.005	1.96	0.912021
1.005	1.97	0.931222
1.005	1.98	0.950623
1.005	1.99	0.970224
1.005	2	0.990025
1.01	0	1.0201
1.01	0.01	0.999998
1.01	0.02	0.980096
1.01	0.03	0.960394
1.01	0.04	0.940892
1.01	0.05	0.921589
1.01	0.06	0.902487
1.01	0.07	0.883585
1.01	0.08	0.864883
1.01	0.09	0.846381
1.01	0.1	0.828079
1.01	0.11	0.809977
1.01	0.12	0.792075
1.01	0.13	0.774373
1.01	0.14	0.756871
1.01	0.15	0.739569
1.01	0.16	0.722467
1.01	0.17	0.705565
1.01	0.18	0.688863
1.01	0.19	0.672361
1.01	0.2	0.656059
1.01	0.21	0.639957
1.01	0.22	0.624055
1.01	0.23	0.608353
1.01	0.24	0.592851
1.01	0.25	0.577549
1.01	0.26	0.562447
1.01	0.27	0.547545
1.01	0.28	0.532843
1.01	0.29	0.518342
1.01	0.3	0.50404
1.01	0.31	0.489938
1.01	0.32	0.476036
1.01	0.33	0.462334
1.01	0.34	0.448833
1.01	0.35	0.435531
1.01	0.36	0.422429
1.01	0.37	0.409527
1.01	0.38	0.396826
1.01	0.39	0.384324
1.01	0.4	0.372023
1.01	0.41	0.359921
1.01	0.42	0.348019
1.01	0.43	0.336318
1.01	0.44	0.324816
1.01	0.45	0.313515
1.01	0.46	0.302413
1.01	0.47	0.291512
1.01	0.48	0.28081
1.01	0.49	0.270309
1.01	0.5	0.260008
1.01	0.51	0.249906
1.01	0.52	0.240005
1.01	0.53	0.230304
1.01	0.54	0.220802
1.01	0.55	0.211501
1.01	0.56	0.2024
1.01	0.57	0.193499
1.01	0.58	0.184798
1.01	0.59	0.176296
1.01	0.6	0.167995
1.01	0.61	0.159894
1.01	0.62	0.151993
1.01	0.63	0.144292
1.01	0.64	0.136791
1.01	0.65	0.12949
1.01	0.66	0.122389
1.01	0.67	0.115488
1.01	0.68	0.108788
1.01	0.69	0.102287
1.01	0.7	0.0959859
1.01	0.71	0.0898852
1.01	0.72	0.0839844
1.01	0.73	0.0782837
1.01	0.74	0.072783
1.01	0.75	0.0674824
1.01	0.76	0.0623818
1.01	0.77	0.0574812
1.01	0.78	0.0527806
1.01	0.79	0.0482801
1.01	0.8	0.0439796
1.01	0.81	0.0398792
1.01	0.82	0.0359788
1.01	0.83	0.0322784
1.01	0.84	0.028778
1.01	0.85	0.0254777
1.01	0.86	0.0223774
1.01	0.87	0.0194771
1.01	0.88	0.0167769
1.01	0.89	0.0142767
1.01	0.9	0.0119765
1.01	0.91	0.00987641
1.01	0.92	0.0079763
1.01	0.93	0.00627623
1.01	0.94	0.00477619
1.01	0.95	0.00347618
1.01	0.96	0.0023762
1.01	0.97	0.00147625
1.01	0.98	0.00077633
1.01	0.99	0.000276443
1.01	1	-2.34132e-05
1.01	1.01	-0.000123238
1.01	1.02	-2.30328e-05
1.01	1.03	0.000277202
1.01	1.04	0.000777466
1.01	1.05	0.00147776
1.01	1.06	0.00237808
1.01	1.07	0.00347844
1.01	1.08	0.00477882
1.01	1.09	0.00627923
1.01	1.1	0.00797967
1.01	1.11	0.00988013
1.01	1.12	0.0119806
1.01	1.13	0.0142812
1.01	1.14	0.0167817
1.01	1.15	0.0194823
1.01	1.16	0.0223829
1.01	1.17	0.0254835
1.01	1.18	0.0287842
1.01	1.19	0.0322849
1.01	1.2	0.0359856
1.01	1.21	0.0398863
1.01	1.22	0.0439871
1.01	1.23	0.0482879
1.01	1.24	0.0527887
1.01	1.25	0.0574895
1.01	1.26	0.0623904
1.01	1.27	0.0674913
1.01	1.28	0.0727922
1.01	1.29	0.0782931
1.01	1.3	0.0839941
1.01	1.31	0.0898951
1.01	1.32	0.0959961
1.01	1.33	0.102297
1.01	1.34	0.108798
1.01	1.35	0.115499
1.01	1.36	0.1224
1.01	1.37	0.129501
1.01	1.38	0.136803
1.01	1.39	0.144304
1.01	1.4	0.152005
1.01	1.41	0.159906
1.01	1.42	0.168007
1.01	1.43	0.176309
1.01	1.44	0.18481
1.01	1.45	0.193511
1.01	1.46	0.202412
1.01	1.47	0.211514
1.01	1.48	0.220815
1.01	1.49	0.230316
1.01	1.5	0.240018
1.01	1.51	0.249919
1.01	1.52	0.260021
1.01	1.53	0.270322
1.01	1.54	0.280823
1.01	1.55	0.291525
1.01	1.56	0.302426
1.01	1.57	0.313528
1.01	1.58	0.324829
1.01	1.59	0.336331
1.01	1.6	0.348032
1.01	1.61	0.359934
1.01	1.62	0.372035
1.01	1.63	0.384337
1.01	1.64	0.396838
1.01	1.65	0.40954
1.01	1.66	0.422442
1.01	1.67	0.435543
1.01	1.68	0.448845
1.01	1.69	0.462346
1.01	1.7	0.476048
1.01	1.71	0.48995
1.01	1.72	0.504051
1.01	1.73	0.518353
1.01	1.74	0.532855
1.01	1.75	0.547556
1.01	1.76	0.562458
1.01	1.77	0.57756
1.01	1.78	0.592861
1.01	1.79	0.608363
1.01	1.8	0.624065
1.01	1.81	0.639967
1.01	1.82	0.656068
1.01	1.83	0.67237
1.01	1.84	0.688872
1.01	1.85	0.705574
1.01	1.86	0.722475
1.01	1.87	0.739577
1.01	1.88	0.756879
1.01	1.89	0.774381
1.01	1.9	0.792082
1.01	1.91	0.809984
1.01	1.92	0.828086
1.01	1.93	0.846388
1.01	1.94	0.864889
1.01	1.95	0.883591
1.01	1.96	0.902493
1.01	1.97	0.921595
1.01	1.98	0.940896
1.01	1.99	0.960398
1.01	2	0.9801
1.015	0	1.03022
1.015	0.01	1.01002
1.015	0.02	0.990019
1.015	0.03	0.970216
1.015	0.04	0.950612
1.015	0.05	0.931209
1.015	0.06	0.912006
1.015	0.07	0.893003
1.015	0.08	0.8742
1.015	0.09	0.855597
1.015	0.1	0.837194
1.015	0.11	0.81899
1.015	0.12	0.800987
1.015	0.13	0.783184
1.015	0.14	0.765581
1.015	0.15	0.748178
1.015	0.16	0.730975
1.015	0.17	0.713972
1.015	0.18	0.697169
1.015	0.19	0.680566
1.015	0.2	0.664163
1.015	0.21	0.64796
1.015	0.22	0.631957
1.015	0.23	0.616154
1.015	0.24	0.600551
1.015	0.25	0.585149
1.015	0.26	0.569946
1.015	0.27	0.554943
1.015	0.28	0.54014
1.015	0.29	0.525537
1.015	0.3	0.511135
1.015	0.31	0.496932
1.015	0.32	0.482929
1.015	0.33	0.469127
1.015	0.34	0.455524
1.015	0.35	0.442121
1.015	0.36	0.428919
1.015	0.37	0.415916
1.015	0.38	0.403114
1.015	0.39	0.390511
1.015	0.4	0.378109
1.015	0.41	0.365906
1.015	0.42	0.353904
1.015	0.43	0.342102
1.015	0.44	0.330499
1.015	0.45	0.319097
1.015	0.46	0.307895
1.015	0.47	0.296893
1.015	0.48	0.286091
1.015	0.49	0.275488
1.015	0.5	0.265086
1.015	0.51	0.254884
1.015	0.52	0.244882
1.015	0.53	0.23508
1.015	0.54	0.225479
1.015	0.55	0.216077
1.015	0.56	0.206875
1.015	0.57	0.197873
1.015	0.58	0.189071
1.015	0.59	0.18047
1.015	0.6	0.172068
1.015	0.61	0.163866
1.015	0.62	0.155865
1.015	0.63	0.148063
1.015	0.64	0.140462
1.015	0.65	0.13306
1.015	0.66	0.125859
1.015	0.67	0.118858
1.015	0.68	0.112056
1.015	0.69	0.105455
1.015	0.7	0.0990539
1.015	0.71	0.0928528
1.015	0.72	0.0868517
1.015	0.73	0.0810506
1.015	0.74	0.0754496
1.015	0.75	0.0700486
1.015	0.76	0.0648477
1.015	0.77	0.0598468
1.015	0.78	0.055046
1.015	0.79	0.0504453
1.015	0.8	0.0460445
1.015	0.81	0.0418439
1.015	0.82	0.0378432
1.015	0.83	0.0340426
1.015	0.84	0.0304421
1.015	0.85	0.0270416
1.015	0.86	0.0238412
1.015	0.87	0.0208408
1.015	0.88	0.0180404
1.015	0.89	0.0154401
1.015	0.9	0.0130399
1.015	0.91	0.0108397
1.015	0.92	0.0088395
1.015	0.93	0.00703939
1.015	0.94	0.00543933
1.015	0.95	0.00403931
1.015	0.96	0.00283934
1.015	0.97	0.00183942
1.015	0.98	0.00103954
1.015	0.99	0.000439719
1.015	1	3.99363e-05
1.015	1.01	-0.000159801
1.015	1.02	-0.000159493
1.015	1.03	4.08587e-05
1.015	1.04	0.000441255
1.015	1.05	0.0010417
1.015	1.06	0.00184218
1.015	1.07	0.00284271
1.015	1.08	0.00404328
1.015	1.09	0.0054439
1.015	1.1	0.00704455
1.015	1.11	0.00884525
1.015	1.12	0.010846
1.015	1.13	0.0130468
1.015	1.14	0.0154476
1.015	1.15	0.0180485
1.015	1.16	0.0208494
1.015	1.17	0.0238503
1.015	1.18	0.0270513
1.015	1.19	0.0304523
1.015	1.2	0.0340534
1.015	1.21	0.0378545
1.015	1.22	0.0418557
1.015	1.23	0.0460569
1.015	1.24	0.0504581
1.015	1.25	0.0550593
1.015	1.26	0.0598606
1.015	1.27	0.064862
1.015	1.28	0.0700633
1.015	1.29	0.0754648
1.015	1.3	0.0810662
1.015	1.31	0.0868677
1.015	1.32	0.0928692
1.015	1.33	0.0990707
1.015	1.34	0.105472
1.015	1.35	0.112074
1.015	1.36	0.118876
1.015	1.37	0.125877
1.015	1.38	0.133079
1.015	1.39	0.140481
1.015	1.4	0.148082
1.015	1.41	0.155884
1.015	1.42	0.163886
1.015	1.43	0.172088
1.015	1.44	0.18049
1.015	1.45	0.189092
1.015	1.46	0.197894
1.015	1.47	0.206896
1.015	1.48	0.216098
1.015	1.49	0.2255
1.015	1.5	0.235102
1.015	1.51	0.244904
1.015	1.52	0.254906
1.015	1.53	0.265108
1.015	1.54	0.27551
1.015	1.55	0.286112
1.015	1.56	0.296914
1.015	1.57	0.307917
1.015	1.58	0.319119
1.015	1.59	0.330521
1.015	1.6	0.342123
1.015	1.61	0.353926
1.015	1.62	0.365928
1.015	1.63	0.37813
1.015	1.64	0.390533
1.015	1.65	0.403135
1.015	1.66	0.415937
1.015	1.67	0.42894
1.015	1.68	0.442142
1.015	1.69	0.455545
1.015	1.7	0.469147
1.015	1.71	0.48295
1.015	1.72	0.496952
1.015	1.73	0.511155
1.015	1.74	0.525557
1.015	1.75	0.54016
1.015	1.76	0.554962
1.015	1.77	0.569965
1.015	1.78	0.585167
1.015	1.79	0.60057
1.015	1.8	0.616172
1.015	1.81	0.631975
1.015	1.82	0.647977
1.015	1.83	0.66418
1.015	1.84	0.680583
1.015	1.85	0.697185
1.015	1.86	0.713988
1.015	1.87	0.730991
1.015	1.88	0.748193
1.015	1.89	0.765596
1.015	1.9	0.783198
1.015	1.91	0.801001
1.015	1.92	0.819004
1.015	1.93	0.837206
1.015	1.94	0.855609
1.015	1.95	0.874212
1.015	1.96	0.893014
1.015	1.97	0.912017
1.015	1.98	0.93122
1.015	1.99	0.950622
1.015	2	0.970225
1.02	0	1.0404
1.02	0.01	1.0201
1.02	0.02	0.999992
1.02	0.03	0.980087
1.02	0.04	0.960383
1.02	0.05	0.940879
1.02	0.06	0.921575
1.02	0.07	0.902471
1.02	0.08	0.883566
1.02	0.09	0.864862
1.02	0.1	0.846358
1.02	0.11	0.828054
1.02	0.12	0.80995
1.02	0.13	0.792046
1.02	0.14	0.774342
1.02	0.15	0.756838
1.02	0.16	0.739534
1.02	0.17	0.722429
1.02	0.18	0.705525
1.02	0.19	0.688821
1.02	0.2	0.672318
1.02	0.21	0.656014
1.02	0.22	0.63991
1.02	0.23	0.624006
1.02	0.24	0.608302
1.02	0.25	0.592798
1.02	0.26	0.577494
1.02	0.27	0.562391
1.02	0.28	0.547487
1.02	0.29	0.532783
1.02	0.3	0.518279
1.02	0.31	0.503976
1.02	0.32	0.489872
1.02	0.33	0.475969
1.02	0.34	0.462265
1.02	0.35	0.448762
1.02	0.36	0.435458
1.02	0.37	0.422355
1.02	0.38	0.409452
1.02	0.39	0.396748
1.02	0.4	0.384245
1.02	0.41	0.371942
1.02	0.42	0.359839
1.02	0.43	0.347936
1.02	0.44	0.336233
1.02	0.45	0.32473
1.02	0.46	0.313427
1.02	0.47	0.302324
1.02	0.48	0.291421
1.02	0.49	0.280718
1.02	0.5	0.270215
1.02	0.51	0.259913
1.02	0.52	0.24981
1.02	0.53	0.239907
1.02	0.54	0.230205
1.02	0.55	0.220702
1.02	0.56	0.2114
1.02	0.57	0.202297
1.02	0.58	0.193395
1.02	0.59	0.184693
1.02	0.6	0.176191
1.02	0.61	0.167889
1.02	0.62	0.159786
1.02	0.63	0.151884
1.02	0.64	0.144182
1.02	0.65	0.136681
1.02	0.66	0.129379
1.02	0.67	0.122277
1.02	0.68	0.115375
1.02	0.69	0.108674
1.02	0.7	0.102172
1.02	0.71	0.0958704
1.02	0.72	0.0897689
1.02	0.73	0.0838675
1.02	0.74	0.0781662
1.02	0.75	0.0726649
1.02	0.76	0.0673637
1.02	0.77	0.0622625
1.02	0.78	0.0573614
1.02	0.79	0.0526604
1.02	0.8	0.0481594
1.02	0.81	0.0438585
1.02	0.82	0.0397577
1.02	0.83	0.0358569
1.02	0.84	0.0321562
1.02	0.85	0.0286555
1.02	0.86	0.025355
1.02	0.87	0.0222544
1.02	0.88	0.019354
1.02	0.89	0.0166536
1.02	0.9	0.0141532
1.02	0.91	0.011853
1.02	0.92	0.00975275
1.02	0.93	0.0078526
1.02	0.94	0.00615252
1.02	0.95	0.0046525
1.02	0.96	0.00335254
1.02	0.97	0.00225264
1.02	0.98	0.00135281
1.02	0.99	0.00065304
1.02	1	0.000153328
1.02	1.01	-0.000146321
1.02	1.02	-0.000245912
1.02	1.03	-0.000145443
1.02	1.04	0.000155086
1.02	1.05	0.000655673
1.02	1.06	0.00135632
1.02	1.07	0.00225702
1.02	1.08	0.00335778
1.02	1.09	0.0046586
1.02	1.1	0.00615948
1.02	1.11	0.00786042
1.02	1.12	0.00976141
1.02	1.13	0.0118625
1.02	1.14	0.0141636
1.02	1.15	0.0166647
1.02	1.16	0.0193659
1.02	1.17	0.0222672
1.02	1.18	0.0253685
1.02	1.19	0.0286699
1.02	1.2	0.0321713
1.02	1.21	0.0358728
1.02	1.22	0.0397743
1.02	1.23	0.0438759
1.02	1.24	0.0481775
1.02	1.25	0.0526792
1.02	1.26	0.0573809
1.02	1.27	0.0622827
1.02	1.28	0.0673846
1.02	1.29	0.0726864
1.02	1.3	0.0781883
1.02	1.31	0.0838903
1.02	1.32	0.0897923
1.02	1.33	0.0958944
1.02	1.34	0.102196
1.02	1.35	0.108699
1.02	1.36	0.115401
1.02	1.37	0.122303
1.02	1.38	0.129405
1.02	1.39	0.136708
1.02	1.4	0.14421
1.02	1.41	0.151912
1.02	1.42	0.159815
1.02	1.43	0.167917
1.02	1.44	0.17622
1.02	1.45	0.184722
1.02	1.46	0.193425
1.02	1.47	0.202328
1.02	1.48	0.21143
1.02	1.49	0.220733
1.02	1.5	0.230236
1.02	1.51	0.239938
1.02	1.52	0.249841
1.02	1.53	0.259944
1.02	1.54	0.270247
1.02	1.55	0.28075
1.02	1.56	0.291453
1.02	1.57	0.302356
1.02	1.58	0.313459
1.02	1.59	0.324762
1.02	1.6	0.336265
1.02	1.61	0.347968
1.02	1.62	0.359871
1.02	1.63	0.371974
1.02	1.64	0.384277
1.02	1.65	0.39678
1.02	1.66	0.409483
1.02	1.67	0.422387
1.02	1.68	0.43549
1.02	1.69	0.448793
1.02	1.7	0.462296
1.02	1.71	0.476
1.02	1.72	0.489903
1.02	1.73	0.504006
1.02	1.74	0.518309
1.02	1.75	0.532813
1.02	1.76	0.547516
1.02	1.77	0.56242
1.02	1.78	0.577523
1.02	1.79	0.592826
1.02	1.8	0.60833
1.02	1.81	0.624033
1.02	1.82	0.639937
1.02	1.83	0.65604
1.02	1.84	0.672344
1.02	1.85	0.688847
1.02	1.86	0.705551
1.02	1.87	0.722454
1.02	1.88	0.739558
1.02	1.89	0.756861
1.02	1.9	0.774365
1.02	1.91	0.792068
1.02	1.92	0.809972
1.02	1.93	0.828075
1.02	1.94	0.846379
1.02	1.95	0.864882
1.02	1.96	0.883586
1.02	1.97	0.902489
1.02	1.98	0.921593
1.02	1.99	0.940896
1.02	2	0.9604
1.025	0	1.05062
1.025	0.01	1.03022
1.025	0.02	1.01001
1.025	0.03	0.990009
1.025	0.04	0.970204
1.025	0.05	0.950599
1.025	0.06	0.931193
1.025	0.07	0.911988
1.025	0.08	0.892983
1.025	0.09	0.874178
1.025	0.1	0.855573
1.025	0.11	0.837167
1.025	0.12	0.818962
1.025	0.13	0.800957
1.025	0.14	0.783152
1.025	0.15	0.765547
1.025	0.16	0.748142
1.025	0.17	0.730937
1.025	0.18	0.713932
1.025	0.19	0.697127
1.025	0.2	0.680522
1.025	0.21	0.664117
1.025	0.22	0.647912
1.025	0.23	0.631907
1.025	0.24	0.616102
1.025	0.25	0.600498
1.025	0.26	0.585093
1.025	0.27	0.569888
1.025	0.28	0.554884
1.025	0.29	0.540079
1.025	0.3	0.525474
1.025	0.31	0.51107
1.025	0.32	0.496865
1.025	0.33	0.482861
1.025	0.34	0.469057
1.025	0.35	0.455452
1.025	0.36	0.442048
1.025	0.37	0.428844
1.025	0.38	0.41584
1.025	0.39	0.403036
1.025	0.4	0.390431
1.025	0.41	0.378027
1.025	0.42	0.365824
1.025	0.43	0.35382
1.025	0.44	0.342016
1.025	0.45	0.330412
1.025	0.46	0.319008
1.025	0.47	0.307805
1.025	0.48	0.296801
1.025	0.49	0.285998
1.025	0.5	0.275394
1.025	0.51	0.264991
1.025	0.52	0.254787
1.025	0.53	0.244784
1.025	0.54	0.234981
1.025	0.55	0.225378
1.025	0.56	0.215975
1.025	0.57	0.206772
1.025	0.58	0.197769
1.025	0.59	0.188966
1.025	0.6	0.180363
1.025	0.61	0.171961
1.025	0.62	0.163758
1.025	0.63	0.155756
1.025	0.64	0.147953
1.025	0.65	0.140351
1.025	0.66	0.132949
1.025	0.67	0.125746
1.025	0.68	0.118744
1.025	0.69	0.111942
1.025	0.7	0.10534
1.025	0.71	0.0989382
1.025	0.72	0.0927363
1.025	0.73	0.0867346
1.025	0.74	0.0809329
1.025	0.75	0.0753313
1.025	0.76	0.0699298
1.025	0.77	0.0647283
1.025	0.78	0.0597269
1.025	0.79	0.0549257
1.025	0.8	0.0503244
1.025	0.81	0.0459233
1.025	0.82	0.0417223
1.025	0.83	0.0377213
1.025	0.84	0.0339204
1.025	0.85	0.0303196
1.025	0.86	0.0269189
1.025	0.87	0.0237182
1.025	0.88	0.0207176
1.025	0.89	0.0179171
1.025	0.9	0.0153167
1.025	0.91	0.0129164
1.025	0.92	0.0107161
1.025	0.93	0.00871593
1.025	0.94	0.00691582
1.025	0.95	0.0053158
1.025	0.96	0.00391585
1.025	0.97	0.00271598
1.025	0.98	0.00171618
1.025	0.99	0.00091647
1.025	1	0.00031683
1.025	1.01	-8.27335e-05
1.025	1.02	-0.000282222
1.025	1.03	-0.000281637
1.025	1.04	-8.09765e-05
1.025	1.05	0.000319757
1.025	1.06	0.000920564
1.025	1.07	0.00172144
1.025	1.08	0.0027224
1.025	1.09	0.00392342
1.025	1.1	0.00532452
1.025	1.11	0.00692568
1.025	1.12	0.00872692
1.025	1.13	0.0107282
1.025	1.14	0.0129296
1.025	1.15	0.0153311
1.025	1.16	0.0179326
1.025	1.17	0.0207341
1.025	1.18	0.0237358
1.025	1.19	0.0269375
1.025	1.2	0.0303393
1.025	1.21	0.0339411
1.025	1.22	0.037743
1.025	1.23	0.041745
1.025	1.24	0.0459471
1.025	1.25	0.0503492
1.025	1.26	0.0549513
1.025	1.27	0.0597535
1.025	1.28	0.0647558
1.025	1.29	0.0699582
1.025	1.3	0.0753606
1.025	1.31	0.080963
1.025	1.32	0.0867655
1.025	1.33	0.0927681
1.025	1.34	0.0989707
1.025	1.35	0.105373
1.025	1.36	0.111976
1.025	1.37	0.118779
1.025	1.38	0.125782
1.025	1.39	0.132985
1.025	1.4	0.140388
1.025	1.41	0.147991
1.025	1.42	0.155794
1.025	1.43	0.163797
1.025	1.44	0.172
1.025	1.45	0.180403
1.025	1.46	0.189006
1.025	1.47	0.19781
1.025	1.48	0.206813
1.025	1.49	0.216016
1.025	1.5	0.22542
1.025	1.51	0.235023
1.025	1.52	0.244827
1.025	1.53	0.25483
1.025	1.54	0.265034
1.025	1.55	0.275437
1.025	1.56	0.286041
1.025	1.57	0.296845
1.025	1.58	0.307848
1.025	1.59	0.319052
1.025	1.6	0.330456
1.025	1.61	0.34206
1.025	1.62	0.353864
1.025	1.63	0.365867
1.025	1.64	0.378071
1.025	1.65	0.390475
1.025	1.66	0.403079
1.025	1.67	0.415883
1.025	1.68	0.428887
1.025	1.69	0.442091
1.025	1.7	0.455495
1.025	1.71	0.469099
1.025	1.72	0.482904
1.025	1.73	0.496908
1.025	1.74	0.511112
1.025	1.75	0.525516
1.025	1.76	0.54012
1.025	1.77	0.554924
1.025	1.78	0.569929
1.025	1.79	0.585133
1.025	1.8	0.600537
1.025	1.81	0.616142
1.025	1.82	0.631946
1.025	1.83	0.64795
1.025	1.84	0.664155
1.025	1.85	0.680559
1.025	1.86	0.697163
1.025	1.87	0.713968
1.025	1.88	0.730972
1.025	1.89	0.748176
1.025	1.9	0.765581
1.025	1.91	0.783185
1.025	1.92	0.80099
1.025	1.93	0.818994
1.025	1.94	0.837198
1.025	1.95	0.855603
1.025	1.96	0.874207
1.025	1.97	0.893012
1.025	1.98	0.912016
1.025	1.99	0.931221
1.025	2	0.950625
1.03	0	1.0609
1.03	0.01	1.04039
1.03	0.02	1.02009
1.03	0.03	0.999981
1.03	0.04	0.980075
1.03	0.05	0.960368
1.03	0.06	0.940862
1.03	0.07	0.921556
1.03	0.08	0.90245
1.03	0.09	0.883543
1.03	0.1	0.864837
1.03	0.11	0.846331
1.03	0.12	0.828025
1.03	0.13	0.809919
1.03	0.14	0.792013
1.03	0.15	0.774306
1.03	0.16	0.7568
1.03	0.17	0.739494
1.03	0.18	0.722388
1.03	0.19	0.705482
1.03	0.2	0.688776
1.03	0.21	0.672271
1.03	0.22	0.655965
1.03	0.23	0.639859
1.03	0.24	0.623953
1.03	0.25	0.608247
1.03	0.26	0.592742
1.03	0.27	0.577436
1.03	0.28	0.56233
1.03	0.29	0.547425
1.03	0.3	0.532719
1.03	0.31	0.518214
1.03	0.32	0.503909
1.03	0.33	0.489803
1.03	0.34	0.475898
1.03	0.35	0.462193
1.03	0.36	0.448688
1.03	0.37	0.435383
1.03	0.38	0.422278
1.03	0.39	0.409373
1.03	0.4	0.396668
1.03	0.41	0.384163
1.03	0.42	0.371858
1.03	0.43	0.359754
1.03	0.44	0.347849
1.03	0.45	0.336145
1.03	0.46	0.32464
1.03	0.47	0.313336
1.03	0.48	0.302231
1.03	0.49	0.291327
1.03	0.5	0.280623
1.03	0.51	0.270119
1.03	0.52	0.259815
1.03	0.53	0.249711
1.03	0.54	0.239807
1.03	0.55	0.230104
1.03	0.56	0.2206
1.03	0.57	0.211297
1.03	0.58	0.202193
1.03	0.59	0.19329
1.03	0.6	0.184586
1.03	0.61	0.176083
1.03	0.62	0.16778
1.03	0.63	0.159677
1.03	0.64	0.151774
1.03	0.65	0.144071
1.03	0.66	0.136568
1.03	0.67	0.129266
1.03	0.68	0.122163
1.03	0.69	0.115261
1.03	0.7	0.108558
1.03	0.71	0.102056
1.03	0.72	0.0957538
1.03	0.73	0.0896517
1.03	0.74	0.0837497
1.03	0.75	0.0780477
1.03	0.76	0.0725459
1.03	0.77	0.0672442
1.03	0.78	0.0621425
1.03	0.79	0.057241
1.03	0.8	0.0525395
1.03	0.81	0.0480382
1.03	0.82	0.0437369
1.03	0.83	0.0396358
1.03	0.84	0.0357347
1.03	0.85	0.0320337
1.03	0.86	0.0285328
1.03	0.87	0.0252321
1.03	0.88	0.0221314
1.03	0.89	0.0192308
1.03	0.9	0.0165303
1.03	0.91	0.0140299
1.03	0.92	0.0117296
1.03	0.93	0.00962934
1.03	0.94	0.00772921
1.03	0.95	0.00602918
1.03	0.96	0.00452924
1.03	0.97	0.0032294
1.03	0.98	0.00212965
1.03	0.99	0.00122999
1.03	1	0.000530419
1.03	1.01	3.09413e-05
1.03	1.02	-0.000268446
1.03	1.03	-0.000367744
1.03	1.04	-0.000266952
1.03	1.05	3.39276e-05
1.03	1.06	0.000534895
1.03	1.07	0.00123595
1.03	1.08	0.00213709
1.03	1.09	0.00323832
1.03	1.1	0.00453964
1.03	1.11	0.00604104
1.03	1.12	0.00774252
1.03	1.13	0.00964409
1.03	1.14	0.0117457
1.03	1.15	0.0140475
1.03	1.16	0.0165493
1.03	1.17	0.0192512
1.03	1.18	0.0221532
1.03	1.19	0.0252552
1.03	1.2	0.0285574
1.03	1.21	0.0320596
1.03	1.22	0.0357619
1.03	1.23	0.0396642
1.03	1.24	0.0437667
1.03	1.25	0.0480692
1.03	1.26	0.0525718
1.03	1.27	0.0572744
1.03	1.28	0.0621772
1.03	1.29	0.06728
1.03	1.3	0.0725829
1.03	1.31	0.0780858
1.03	1.32	0.0837888
1.03	1.33	0.0896919
1.03	1.34	0.0957951
1.03	1.35	0.102098
1.03	1.36	0.108602
1.03	1.37	0.115305
1.03	1.38	0.122208
1.03	1.39	0.129312
1.03	1.4	0.136615
1.03	1.41	0.144119
1.03	1.42	0.151823
1.03	1.43	0.159726
1.03	1.44	0.16783
1.03	1.45	0.176134
1.03	1.46	0.184638
1.03	1.47	0.193342
1.03	1.48	0.202246
1.03	1.49	0.21135
1.03	1.5	0.220654
1.03	1.51	0.230158
1.03	1.52	0.239862
1.03	1.53	0.249766
1.03	1.54	0.259871
1.03	1.55	0.270175
1.03	1.56	0.280679
1.03	1.57	0.291384
1.03	1.58	0.302288
1.03	1.59	0.313393
1.03	1.6	0.324697
1.03	1.61	0.336202
1.03	1.62	0.347906
1.03	1.63	0.359811
1.03	1.64	0.371916
1.03	1.65	0.38422
1.03	1.66	0.396725
1.03	1.67	0.40943
1.03	1.68	0.422335
1.03	1.69	0.43544
1.03	1.7	0.448745
1.03	1.71	0.462249
1.03	1.72	0.475954
1.03	1.73	0.489859
1.03	1.74	0.503964
1.03	1.75	0.518269
1.03	1.76	0.532774
1.03	1.77	0.547479
1.03	1.78	0.562385
1.03	1.79	0.57749
1.03	1.8	0.592795
1.03	1.81	0.6083
1.03	1.82	0.624005
1.03	1.83	0.63991
1.03	1.84	0.656015
1.03	1.85	0.672321
1.03	1.86	0.688826
1.03	1.87	0.705531
1.03	1.88	0.722436
1.03	1.89	0.739542
1.03	1.9	0.756847
1.03	1.91	0.774352
1.03	1.92	0.792058
1.03	1.93	0.809963
1.03	1.94	0.828068
1.03	1.95	0.846373
1.03	1.96	0.864879
1.03	1.97	0.883584
1.03	1.98	0.902489
1.03	1.99	0.921595
1.03	2	0.9409
1.035	0	1.07122
1.035	0.01	1.05062
1.035	0.02	1.03021
1.035	0.03	1.01
1.035	0.04	0.989996
1.035	0.05	0.970188
1.035	0.06	0.950581
1.035	0.07	0.931174
1.035	0.08	0.911966
1.035	0.09	0.892959
1.035	0.1	0.874152
1.035	0.11	0.855545
1.035	0.12	0.837137
1.035	0.13	0.81893
1.035	0.14	0.800923
1.035	0.15	0.783116
1.035	0.16	0.765509
1.035	0.17	0.748102
1.035	0.18	0.730895
1.035	0.19	0.713888
1.035	0.2	0.697081
1.035	0.21	0.680474
1.035	0.22	0.664067
1.035	0.23	0.64786
1.035	0.24	0.631854
1.035	0.25	0.616047
1.035	0.26	0.60044
1.035	0.27	0.585034
1.035	0.28	0.569827
1.035	0.29	0.554821
1.035	0.3	0.540014
1.035	0.31	0.525408
1.035	0.32	0.511002
1.035	0.33	0.496796
1.035	0.34	0.48279
1.035	0.35	0.468983
1.035	0.36	0.455377
1.035	0.37	0.441972
1.035	0.38	0.428766
1.035	0.39	0.41576
1.035	0.4	0.402954
1.035	0.41	0.390349
1.035	0.42	0.377943
1.035	0.43	0.365738
1.035	0.44	0.353732
1.035	0.45	0.341927
1.035	0.46	0.330322
1.035	0.47	0.318917
1.035	0.48	0.307712
1.035	0.49	0.296707
1.035	0.5	0.285902
1.035	0.51	0.275297
1.035	0.52	0.264893
1.035	0.53	0.254688
1.035	0.54	0.244684
1.035	0.55	0.234879
1.035	0.56	0.225275
1.035	0.57	0.215871
1.035	0.58	0.206667
1.035	0.59	0.197663
1.035	0.6	0.188859
1.035	0.61	0.180255
1.035	0.62	0.171852
1.035	0.63	0.163648
1.035	0.64	0.155645
1.035	0.65	0.147842
1.035	0.66	0.140238
1.035	0.67	0.132835
1.035	0.68	0.125632
1.035	0.69	0.118629
1.035	0.7	0.111827
1.035	0.71	0.105224
1.035	0.72	0.0988213
1.035	0.73	0.0926188
1.035	0.74	0.0866165
1.035	0.75	0.0808142
1.035	0.76	0.0752121
1.035	0.77	0.0698101
1.035	0.78	0.0646081
1.035	0.79	0.0596063
1.035	0.8	0.0548047
1.035	0.81	0.0502031
1.035	0.82	0.0458016
1.035	0.83	0.0416002
1.035	0.84	0.037599
1.035	0.85	0.0337979
1.035	0.86	0.0301968
1.035	0.87	0.0267959
1.035	0.88	0.0235951
1.035	0.89	0.0205944
1.035	0.9	0.0177938
1.035	0.91	0.0151934
1.035	0.92	0.012793
1.035	0.93	0.0105927
1.035	0.94	0.0085926
1.035	0.95	0.00679257
1.035	0.96	0.00519264
1.035	0.97	0.00379282
1.035	0.98	0.00259311
1.035	0.99	0.0015935
1.035	1	0.000794007
1.035	1.01	0.000194616
1.035	1.02	-0.00020467
1.035	1.03	-0.000403851
1.035	1.04	-0.000402928
1.035	1.05	-0.000201902
1.035	1.06	0.000199227
1.035	1.07	0.000800457
1.035	1.08	0.00160179
1.035	1.09	0.00260322
1.035	1.1	0.00380476
1.035	1.11	0.00520639
1.035	1.12	0.00680812
1.035	1.13	0.00860995
1.035	1.14	0.0106119
1.035	1.15	0.0128139
1.035	1.16	0.015216
1.035	1.17	0.0178182
1.035	1.18	0.0206205
1.035	1.19	0.0236229
1.035	1.2	0.0268254
1.035	1.21	0.030228
1.035	1.22	0.0338307
1.035	1.23	0.0376334
1.035	1.24	0.0416363
1.035	1.25	0.0458392
1.035	1.26	0.0502422
1.035	1.27	0.0548454
1.035	1.28	0.0596485
1.035	1.29	0.0646518
1.035	1.3	0.0698552
1.035	1.31	0.0752586
1.035	1.32	0.0808621
1.035	1.33	0.0866657
1.035	1.34	0.0926694
1.035	1.35	0.0988731
1.035	1.36	0.105277
1.035	1.37	0.111881
1.035	1.38	0.118685
1.035	1.39	0.125689
1.035	1.4	0.132893
1.035	1.41	0.140297
1.035	1.42	0.147901
1.035	1.43	0.155706
1.035	1.44	0.16371
1.035	1.45	0.171915
1.035	1.46	0.180319
1.035	1.47	0.188924
1.035	1.48	0.197728
1.035	1.49	0.206733
1.035	1.5	0.215938
1.035	1.51	0.225343
1.035	1.52	0.234947
1.035	1.53	0.244752
1.035	1.54	0.254757
1.035	1.55	0.264962
1.035	1.56	0.275368
1.035	1.57	0.285973
1.035	1.58	0.296778
1.035	1.59	0.307783
1.035	1.6	0.318988
1.035	1.61	0.330394
1.035	1.62	0.341999
1.035	1.63	0.353805
1.035	1.64	0.36581
1.035	1.65	0.378016
1.035	1.66	0.390421
1.035	1.67	0.403027
1.035	1.68	0.415832
1.035	1.69	0.428838
1.035	1.7	0.442044
1.035	1.71	0.455449
1.035	1.72	0.469055
1.035	1.73	0.482861
1.035	1.74	0.496867
1.035	1.75	0.511073
1.035	1.76	0.525479
1.035	1.77	0.540084
1.035	1.78	0.55489
1.035	1.79	0.569896
1.035	1.8	0.585102
1.035	1.81	0.600508
1.035	1.82	0.616114
1.035	1.83	0.63192
1.035	1.84	0.647926
1.035	1.85	0.664133
1.035	1.86	0.680539
1.035	1.87	0.697145
1.035	1.88	0.713951
1.035	1.89	0.730957
1.035	1.9	0.748163
1.035	1.91	0.765569
1.035	1.92	0.783175
1.035	1.93	0.800982
1.035	1.94	0.818988
1.035	1.95	0.837194
1.035	1.96	0.8556
1.035	1.97	0.874206
1.035	1.98	0.893013
1.035	1.99	0.912019
1.035	2	0.931225
1.04	0	1.0816
1.04	0.01	1.06089
1.04	0.02	1.04038
1.04	0.03	1.02007
1.04	0.04	0.999966
1.04	0.05	0.980058
1.04	0.06	0.96035
1.04	0.07	0.940841
1.04	0.08	0.921533
1.04	0.09	0.902425
1.04	0.1	0.883516
1.04	0.11	0.864808
1.04	0.12	0.8463
1.04	0.13	0.827992
1.04	0.14	0.809884
1.04	0.15	0.791975
1.04	0.16	0.774267
1.04	0.17	0.756759
1.04	0.18	0.739451
1.04	0.19	0.722343
1.04	0.2	0.705435
1.04	0.21	0.688728
1.04	0.22	0.67222
1.04	0.23	0.655912
1.04	0.24	0.639804
1.04	0.25	0.623897
1.04	0.26	0.608189
1.04	0.27	0.592682
1.04	0.28	0.577374
1.04	0.29	0.562267
1.04	0.3	0.54736
1.04	0.31	0.532652
1.04	0.32	0.518145
1.04	0.33	0.503838
1.04	0.34	0.489731
1.04	0.35	0.475824
1.04	0.36	0.462117
1.04	0.37	0.448611
1.04	0.38	0.435304
1.04	0.39	0.422197
1.04	0.4	0.409291
1.04	0.41	0.396584
1.04	0.42	0.384078
1.04	0.43	0.371772
1.04	0.44	0.359666
1.04	0.45	0.34776
1.04	0.46	0.336054
1.04	0.47	0.324548
1.04	0.48	0.313242
1.04	0.49	0.302137
1.04	0.5	0.291231
1.04	0.51	0.280526
1.04	0.52	0.270021
1.04	0.53	0.259715
1.04	0.54	0.24961
1.04	0.55	0.239705
1.04	0.56	0.230001
1.04	0.57	0.220496
1.04	0.58	0.211191
1.04	0.59	0.202087
1.04	0.6	0.193182
1.04	0.61	0.184478
1.04	0.62	0.175974
1.04	0.63	0.16767
1.04	0.64	0.159566
1.04	0.65	0.151662
1.04	0.66	0.143958
1.04	0.67	0.136455
1.04	0.68	0.129151
1.04	0.69	0.122048
1.04	0.7	0.115145
1.04	0.71	0.108442
1.04	0.72	0.101939
1.04	0.73	0.0956361
1.04	0.74	0.0895334
1.04	0.75	0.0836309
1.04	0.76	0.0779284
1.04	0.77	0.0724261
1.04	0.78	0.0671239
1.04	0.79	0.0620219
1.04	0.8	0.05712
1.04	0.81	0.0524182
1.04	0.82	0.0479165
1.04	0.83	0.0436149
1.04	0.84	0.0395135
1.04	0.85	0.0356122
1.04	0.86	0.031911
1.04	0.87	0.02841
1.04	0.88	0.0251091
1.04	0.89	0.0220083
1.04	0.9	0.0191076
1.04	0.91	0.0164071
1.04	0.92	0.0139067
1.04	0.93	0.0116064
1.04	0.94	0.0095062
1.04	0.95	0.00760616
1.04	0.96	0.00590624
1.04	0.97	0.00440645
1.04	0.98	0.00310678
1.04	0.99	0.00200723
1.04	1	0.00110781
1.04	1.01	0.0004085
1.04	1.02	-9.06844e-05
1.04	1.03	-0.000389749
1.04	1.04	-0.000488696
1.04	1.05	-0.000387524
1.04	1.06	-8.62347e-05
1.04	1.07	0.000415171
1.04	1.08	0.00111669
1.04	1.09	0.00201833
1.04	1.1	0.00312008
1.04	1.11	0.00442195
1.04	1.12	0.00592392
1.04	1.13	0.00762601
1.04	1.14	0.00952821
1.04	1.15	0.0116305
1.04	1.16	0.0139329
1.04	1.17	0.0164355
1.04	1.18	0.0191381
1.04	1.19	0.0220408
1.04	1.2	0.0251437
1.04	1.21	0.0284466
1.04	1.22	0.0319497
1.04	1.23	0.0356528
1.04	1.24	0.0395561
1.04	1.25	0.0436594
1.04	1.26	0.0479629
1.04	1.27	0.0524664
1.04	1.28	0.0571701
1.04	1.29	0.0620738
1.04	1.3	0.0671777
1.04	1.31	0.0724816
1.04	1.32	0.0779856
1.04	1.33	0.0836897
1.04	1.34	0.0895939
1.04	1.35	0.0956982
1.04	1.36	0.102003
1.04	1.37	0.108507
1.04	1.38	0.115212
1.04	1.39	0.122116
1.04	1.4	0.129221
1.04	1.41	0.136526
1.04	1.42	0.14403
1.04	1.43	0.151735
1.04	1.44	0.15964
1.04	1.45	0.167746
1.04	1.46	0.176051
1.04	1.47	0.184556
1.04	1.48	0.193261
1.04	1.49	0.202167
1.04	1.5	0.211272
1.04	1.51	0.220578
1.04	1.52	0.230083
1.04	1.53	0.239789
1.04	1.54	0.249694
1.04	1.55	0.2598
1.04	1.56	0.270106
1.04	1.57	0.280612
1.04	1.58	0.291318
1.04	1.59	0.302224
1.04	1.6	0.31333
1.04	1.61	0.324636
1.04	1.62	0.336142
1.04	1.63	0.347848
1.04	1.64	0.359755
1.04	1.65	0.371861
1.04	1.66	0.384167
1.04	1.67	0.396674
1.04	1.68	0.40938
1.04	1.69	0.422286
1.04	1.7	0.435393
1.04	1.71	0.448699
1.04	1.72	0.462206
1.04	1.73	0.475913
1.04	1.74	0.489819
1.04	1.75	0.503926
1.04	1.76	0.518233
1.04	1.77	0.532739
1.04	1.78	0.547446
1.04	1.79	0.562353
1.04	1.8	0.57746
1.04	1.81	0.592767
1.04	1.82	0.608274
1.04	1.83	0.623981
1.04	1.84	0.639887
1.04	1.85	0.655994
1.04	1.86	0.672301
1.04	1.87	0.688808
1.04	1.88	0.705515
1.04	1.89	0.722422
1.04	1.9	0.739529
1.04	1.91	0.756836
1.04	1.92	0.774343
1.04	1.93	0.79205
1.04	1.94	0.809958
1.04	1.95	0.828065
1.04	1.96	0.846372
1.04	1.97	0.864879
1.04	1.98	0.883586
1.04	1.99	0.902493
1.04	2	0.9216
1.045	0	1.09202
1.045	0.01	1.07122
1.045	0.02	1.05061
1.045	0.03	1.0302
1.045	0.04	1.00999
1.045	0.05	0.989978
1.045	0.06	0.970168
1.045	0.07	0.950559
1.045	0.08	0.93115
1.045	0.09	0.91194
1.045	0.1	0.892931
1.045	0.11	0.874122
1.045	0.12	0.855512
1.045	0.13	0.837103
1.045	0.14	0.818894
1.045	0.15	0.800885
1.045	0.16	0.783076
1.045	0.17	0.765467
1.045	0.18	0.748058
1.045	0.19	0.730849
1.045	0.2	0.71384
1.045	0.21	0.697031
1.045	0.22	0.680422
1.045	0.23	0.664014
1.045	0.24	0.647805
1.045	0.25	0.631796
1.045	0.26	0.615988
1.045	0.27	0.60038
1.045	0.28	0.584971
1.045	0.29	0.569763
1.045	0.3	0.554755
1.045	0.31	0.539947
1.045	0.32	0.525339
1.045	0.33	0.510931
1.045	0.34	0.496723
1.045	0.35	0.482715
1.045	0.36	0.468907
1.045	0.37	0.4553
1.045	0.38	0.441892
1.045	0.39	0.428685
1.045	0.4	0.415678
1.045	0.41	0.40287
1.045	0.42	0.390263
1.045	0.43	0.377856
1.045	0.44	0.365649
1.045	0.45	0.353643
1.045	0.46	0.341836
1.045	0.47	0.330229
1.045	0.48	0.318823
1.045	0.49	0.307617
1.045	0.5	0.296611
1.045	0.51	0.285804
1.045	0.52	0.275199
1.045	0.53	0.264793
1.045	0.54	0.254587
1.045	0.55	0.244581
1.045	0.56	0.234776
1.045	0.57	0.225171
1.045	0.58	0.215765
1.045	0.59	0.20656
1.045	0.6	0.197555
1.045	0.61	0.188751
1.045	0.62	0.180146
1.045	0.63	0.171741
1.045	0.64	0.163537
1.045	0.65	0.155533
1.045	0.66	0.147729
1.045	0.67	0.140125
1.045	0.68	0.132721
1.045	0.69	0.125517
1.045	0.7	0.118513
1.045	0.71	0.11171
1.045	0.72	0.105107
1.045	0.73	0.0987036
1.045	0.74	0.0925006
1.045	0.75	0.0864977
1.045	0.76	0.0806949
1.045	0.77	0.0750923
1.045	0.78	0.0696899
1.045	0.79	0.0644876
1.045	0.8	0.0594854
1.045	0.81	0.0546834
1.045	0.82	0.0500815
1.045	0.83	0.0456797
1.045	0.84	0.0414781
1.045	0.85	0.0374767
1.045	0.86	0.0336754
1.045	0.87	0.0300742
1.045	0.88	0.0266732
1.045	0.89	0.0234723
1.045	0.9	0.0204715
1.045	0.91	0.0176709
1.045	0.92	0.0150705
1.045	0.93	0.0126701
1.045	0.94	0.0104699
1.045	0.95	0.00846989
1.045	0.96	0.00666998
1.045	0.97	0.00507022
1.045	0.98	0.00367059
1.045	0.99	0.0024711
1.045	1	0.00147174
1.045	1.01	0.000672521
1.045	1.02	7.34373e-05
1.045	1.03	-0.000325512
1.045	1.04	-0.000524327
1.045	1.05	-0.00052301
1.045	1.06	-0.000321561
1.045	1.07	8.0019e-05
1.045	1.08	0.000681729
1.045	1.09	0.00148357
1.045	1.1	0.00248554
1.045	1.11	0.00368763
1.045	1.12	0.00508986
1.045	1.13	0.00669221
1.045	1.14	0.00849468
1.045	1.15	0.0104973
1.045	1.16	0.0127
1.045	1.17	0.0151028
1.045	1.18	0.0177058
1.045	1.19	0.0205089
1.045	1.2	0.0235121
1.045	1.21	0.0267154
1.045	1.22	0.0301188
1.045	1.23	0.0337224
1.045	1.24	0.037526
1.045	1.25	0.0415298
1.045	1.26	0.0457337
1.045	1.27	0.0501377
1.045	1.28	0.0547417
1.045	1.29	0.0595459
1.045	1.3	0.0645503
1.045	1.31	0.0697547
1.045	1.32	0.0751592
1.045	1.33	0.0807638
1.045	1.34	0.0865685
1.045	1.35	0.0925733
1.045	1.36	0.0987782
1.045	1.37	0.105183
1.045	1.38	0.111788
1.045	1.39	0.118594
1.045	1.4	0.125599
1.045	1.41	0.132804
1.045	1.42	0.14021
1.045	1.43	0.147815
1.045	1.44	0.155621
1.045	1.45	0.163627
1.045	1.46	0.171832
1.045	1.47	0.180238
1.045	1.48	0.188844
1.045	1.49	0.19765
1.045	1.5	0.206656
1.045	1.51	0.215863
1.045	1.52	0.225269
1.045	1.53	0.234875
1.045	1.54	0.244681
1.045	1.55	0.254688
1.045	1.56	0.264895
1.045	1.57	0.275301
1.045	1.58	0.285908
1.045	1.59	0.296715
1.045	1.6	0.307721
1.045	1.61	0.318928
1.045	1.62	0.330335
1.045	1.63	0.341942
1.045	1.64	0.353749
1.045	1.65	0.365756
1.045	1.66	0.377963
1.045	1.67	0.39037
1.045	1.68	0.402978
1.045	1.69	0.415785
1.045	1.7	0.428792
1.045	1.71	0.442
1.045	1.72	0.455407
1.045	1.73	0.469014
1.045	1.74	0.482822
1.045	1.75	0.496829
1.045	1.76	0.511037
1.045	1.77	0.525445
1.045	1.78	0.540052
1.045	1.79	0.55486
1.045	1.8	0.569867
1.045	1.81	0.585075
1.045	1.82	0.600483
1.045	1.83	0.616091
1.045	1.84	0.631898
1.045	1.85	0.647906
1.045	1.86	0.664114
1.045	1.87	0.680522
1.045	1.88	0.69713
1.045	1.89	0.713938
1.045	1.9	0.730946
1.045	1.91	0.748154
1.045	1.92	0.765561
1.045	1.93	0.783169
1.045	1.94	0.800977
1.045	1.95	0.818985
1.045	1.96	0.837193
1.045	1.97	0.855601
1.045	1.98	0.874209
1.045	1.99	0.893017
1.045	2	0.912025
1.05	0	1.1025
1.05	0.01	1.08159
1.05	0.02	1.06088
1.05	0.03	1.04037
1.05	0.04	1.02006
1.05	0.05	0.999948
1.05	0.06	0.980037
1.05	0.07	0.960327
1.05	0.08	0.940816
1.05	0.09	0.921506
1.05	0.1	0.902396
1.05	0.11	0.883485
1.05	0.12	0.864775
1.05	0.13	0.846265
1.05	0.14	0.827955
1.05	0.15	0.809844
1.05	0.16	0.791934
1.05	0.17	0.774224
1.05	0.18	0.756714
1.05	0.19	0.739404
1.05	0.2	0.722295
1.05	0.21	0.705385
1.05	0.22	0.688675
1.05	0.23	0.672165
1.05	0.24	0.655856
1.05	0.25	0.639746
1.05	0.26	0.623837
1.05	0.27	0.608127
1.05	0.28	0.592618
1.05	0.29	0.577309
1.05	0.3	0.5622
1.05	0.31	0.547291
1.05	0.32	0.532582
1.05	0.33	0.518073
1.05	0.34	0.503764
1.05	0.35	0.489656
1.05	0.36	0.475747
1.05	0.37	0.462039
1.05	0.38	0.44853
1.05	0.39	0.435222
1.05	0.4	0.422114
1.05	0.41	0.409206
1.05	0.42	0.396498
1.05	0.43	0.383991
1.05	0.44	0.371683
1.05	0.45	0.359575
1.05	0.46	0.347668
1.05	0.47	0.335961
1.05	0.48	0.324454
1.05	0.49	0.313147
1.05	0.5	0.30204
1.05	0.51	0.291133
1.05	0.52	0.280426
1.05	0.53	0.26992
1.05	0.54	0.259614
1.05	0.55	0.249507
1.05	0.56	0.239601
1.05	0.57	0.229895
1.05	0.58	0.22039
1.05	0.59	0.211084
1.05	0.6	0.201979
1.05	0.61	0.193073
1.05	0.62	0.184368
1.05	0.63	0.175863
1.05	0.64	0.167558
1.05	0.65	0.159453
1.05	0.66	0.151549
1.05	0.67	0.143844
1.05	0.68	0.13634
1.05	0.69	0.129036
1.05	0.7	0.121932
1.05	0.71	0.115028
1.05	0.72	0.108325
1.05	0.73	0.101821
1.05	0.74	0.0955177
1.05	0.75	0.0894145
1.05	0.76	0.0835114
1.05	0.77	0.0778085
1.05	0.78	0.0723058
1.05	0.79	0.0670033
1.05	0.8	0.0619008
1.05	0.81	0.0569986
1.05	0.82	0.0522965
1.05	0.83	0.0477946
1.05	0.84	0.0434928
1.05	0.85	0.0393912
1.05	0.86	0.0354897
1.05	0.87	0.0317884
1.05	0.88	0.0282873
1.05	0.89	0.0249863
1.05	0.9	0.0218854
1.05	0.91	0.0189848
1.05	0.92	0.0162842
1.05	0.93	0.0137839
1.05	0.94	0.0114837
1.05	0.95	0.00938362
1.05	0.96	0.00748373
1.05	0.97	0.00578398
1.05	0.98	0.00428439
1.05	0.99	0.00298496
1.05	1	0.00188567
1.05	1.01	0.000986542
1.05	1.02	0.000287559
1.05	1.03	-0.000211274
1.05	1.04	-0.000509959
1.05	1.05	-0.000608496
1.05	1.06	-0.000506887
1.05	1.07	-0.000205132
1.05	1.08	0.000296767
1.05	1.09	0.000998811
1.05	1.1	0.001901
1.05	1.11	0.00300332
1.05	1.12	0.00430579
1.05	1.13	0.0058084
1.05	1.14	0.00751115
1.05	1.15	0.00941403
1.05	1.16	0.011517
1.05	1.17	0.0138202
1.05	1.18	0.0163235
1.05	1.19	0.0190269
1.05	1.2	0.0219305
1.05	1.21	0.0250341
1.05	1.22	0.0283379
1.05	1.23	0.0318419
1.05	1.24	0.0355459
1.05	1.25	0.0394501
1.05	1.26	0.0435544
1.05	1.27	0.0478589
1.05	1.28	0.0523634
1.05	1.29	0.0570681
1.05	1.3	0.0619729
1.05	1.31	0.0670778
1.05	1.32	0.0723828
1.05	1.33	0.0778879
1.05	1.34	0.0835931
1.05	1.35	0.0894985
1.05	1.36	0.0956039
1.05	1.37	0.101909
1.05	1.38	0.108415
1.05	1.39	0.115121
1.05	1.4	0.122027
1.05	1.41	0.129133
1.05	1.42	0.136439
1.05	1.43	0.143945
1.05	1.44	0.151651
1.05	1.45	0.159558
1.05	1.46	0.167664
1.05	1.47	0.175971
1.05	1.48	0.184477
1.05	1.49	0.193184
1.05	1.5	0.202091
1.05	1.51	0.211197
1.05	1.52	0.220504
1.05	1.53	0.230011
1.05	1.54	0.239719
1.05	1.55	0.249626
1.05	1.56	0.259733
1.05	1.57	0.27004
1.05	1.58	0.280548
1.05	1.59	0.291255
1.05	1.6	0.302163
1.05	1.61	0.31327
1.05	1.62	0.324578
1.05	1.63	0.336086
1.05	1.64	0.347794
1.05	1.65	0.359701
1.05	1.66	0.371809
1.05	1.67	0.384117
1.05	1.68	0.396625
1.05	1.69	0.409333
1.05	1.7	0.422242
1.05	1.71	0.43535
1.05	1.72	0.448658
1.05	1.73	0.462166
1.05	1.74	0.475874
1.05	1.75	0.489783
1.05	1.76	0.503891
1.05	1.77	0.5182
1.05	1.78	0.532708
1.05	1.79	0.547417
1.05	1.8	0.562325
1.05	1.81	0.577434
1.05	1.82	0.592742
1.05	1.83	0.608251
1.05	1.84	0.62396
1.05	1.85	0.639868
1.05	1.86	0.655977
1.05	1.87	0.672286
1.05	1.88	0.688794
1.05	1.89	0.705503
1.05	1.9	0.722412
1.05	1.91	0.739521
1.05	1.92	0.756829
1.05	1.93	0.774338
1.05	1.94	0.792047
1.05	1.95	0.809956
1.05	1.96	0.828065
1.05	1.97	0.846373
1.05	1.98	0.864882
1.05	1.99	0.883591
1.05	2	0.9025
1.055	0	1.11302
1.055	0.01	1.09201
1.055	0.02	1.0712
1.055	0.03	1.05059
1.055	0.04	1.03018
1.055	0.05	1.00997
1.055	0.06	0.989956
1.055	0.07	0.970144
1.055	0.08	0.950533
1.055	0.09	0.931122
1.055	0.1	0.91191
1.055	0.11	0.892899
1.055	0.12	0.874088
1.055	0.13	0.855476
1.055	0.14	0.837065
1.055	0.15	0.818854
1.055	0.16	0.800843
1.055	0.17	0.783032
1.055	0.18	0.765421
1.055	0.19	0.74801
1.055	0.2	0.730799
1.055	0.21	0.713788
1.055	0.22	0.696978
1.055	0.23	0.680367
1.055	0.24	0.663957
1.055	0.25	0.647746
1.055	0.26	0.631736
1.055	0.27	0.615925
1.055	0.28	0.600315
1.055	0.29	0.584905
1.055	0.3	0.569695
1.055	0.31	0.554685
1.055	0.32	0.539875
1.055	0.33	0.525266
1.055	0.34	0.510856
1.055	0.35	0.496647
1.055	0.36	0.482637
1.055	0.37	0.468828
1.055	0.38	0.455219
1.055	0.39	0.44181
1.055	0.4	0.428601
1.055	0.41	0.415592
1.055	0.42	0.402784
1.055	0.43	0.390175
1.055	0.44	0.377767
1.055	0.45	0.365558
1.055	0.46	0.35355
1.055	0.47	0.341742
1.055	0.48	0.330135
1.055	0.49	0.318727
1.055	0.5	0.307519
1.055	0.51	0.296512
1.055	0.52	0.285705
1.055	0.53	0.275098
1.055	0.54	0.264691
1.055	0.55	0.254484
1.055	0.56	0.244477
1.055	0.57	0.234671
1.055	0.58	0.225064
1.055	0.59	0.215658
1.055	0.6	0.206452
1.055	0.61	0.197446
1.055	0.62	0.18864
1.055	0.63	0.180035
1.055	0.64	0.17163
1.055	0.65	0.163424
1.055	0.66	0.155419
1.055	0.67	0.147614
1.055	0.68	0.14001
1.055	0.69	0.132605
1.055	0.7	0.125401
1.055	0.71	0.118397
1.055	0.72	0.111593
1.055	0.73	0.104989
1.055	0.74	0.0985851
1.055	0.75	0.0923815
1.055	0.76	0.0863782
1.055	0.77	0.080575
1.055	0.78	0.074972
1.055	0.79	0.0695692
1.055	0.8	0.0643666
1.055	0.81	0.0593641
1.055	0.82	0.0545618
1.055	0.83	0.0499597
1.055	0.84	0.0455577
1.055	0.85	0.0413559
1.055	0.86	0.0373543
1.055	0.87	0.0335529
1.055	0.88	0.0299516
1.055	0.89	0.0265506
1.055	0.9	0.0233496
1.055	0.91	0.0203489
1.055	0.92	0.0175483
1.055	0.93	0.0149479
1.055	0.94	0.0125477
1.055	0.95	0.0103477
1.055	0.96	0.00834777
1.055	0.97	0.00654805
1.055	0.98	0.0049485
1.055	0.99	0.00354912
1.055	1	0.00234991
1.055	1.01	0.00135086
1.055	1.02	0.000551982
1.055	1.03	-4.67358e-05
1.055	1.04	-0.000445291
1.055	1.05	-0.000643683
1.055	1.06	-0.000641915
1.055	1.07	-0.000439986
1.055	1.08	-3.78987e-05
1.055	1.09	0.000564347
1.055	1.1	0.00136675
1.055	1.11	0.00236931
1.055	1.12	0.00357202
1.055	1.13	0.00497489
1.055	1.14	0.0065779
1.055	1.15	0.00838107
1.055	1.16	0.0103844
1.055	1.17	0.0125879
1.055	1.18	0.0149915
1.055	1.19	0.0175952
1.055	1.2	0.0203991
1.055	1.21	0.0234032
1.055	1.22	0.0266074
1.055	1.23	0.0300117
1.055	1.24	0.0336161
1.055	1.25	0.0374207
1.055	1.26	0.0414255
1.055	1.27	0.0456303
1.055	1.28	0.0500353
1.055	1.29	0.0546405
1.055	1.3	0.0594457
1.055	1.31	0.0644511
1.055	1.32	0.0696566
1.055	1.33	0.0750622
1.055	1.34	0.080668
1.055	1.35	0.0864739
1.055	1.36	0.0924798
1.055	1.37	0.0986859
1.055	1.38	0.105092
1.055	1.39	0.111698
1.055	1.4	0.118505
1.055	1.41	0.125511
1.055	1.42	0.132718
1.055	1.43	0.140125
1.055	1.44	0.147732
1.055	1.45	0.155539
1.055	1.46	0.163546
1.055	1.47	0.171753
1.055	1.48	0.18016
1.055	1.49	0.188768
1.055	1.5	0.197575
1.055	1.51	0.206583
1.055	1.52	0.21579
1.055	1.53	0.225198
1.055	1.54	0.234806
1.055	1.55	0.244614
1.055	1.56	0.254622
1.055	1.57	0.26483
1.055	1.58	0.275238
1.055	1.59	0.285846
1.055	1.6	0.296654
1.055	1.61	0.307663
1.055	1.62	0.318871
1.055	1.63	0.33028
1.055	1.64	0.341888
1.055	1.65	0.353697
1.055	1.66	0.365706
1.055	1.67	0.377914
1.055	1.68	0.390323
1.055	1.69	0.402932
1.055	1.7	0.415741
1.055	1.71	0.42875
1.055	1.72	0.441959
1.055	1.73	0.455368
1.055	1.74	0.468977
1.055	1.75	0.482786
1.055	1.76	0.496796
1.055	1.77	0.511005
1.055	1.78	0.525414
1.055	1.79	0.540023
1.055	1.8	0.554833
1.055	1.81	0.569842
1.055	1.82	0.585052
1.055	1.83	0.600461
1.055	1.84	0.616071
1.055	1.85	0.63188
1.055	1.86	0.64789
1.055	1.87	0.664099
1.055	1.88	0.680509
1.055	1.89	0.697118
1.055	1.9	0.713928
1.055	1.91	0.730938
1.055	1.92	0.748147
1.055	1.93	0.765557
1.055	1.94	0.783167
1.055	1.95	0.800976
1.055	1.96	0.818986
1.055	1.97	0.837196
1.055	1.98	0.855606
1.055	1.99	0.874215
1.055	2	0.893025
1.06	0	1.1236
1.06	0.01	1.10249
1.06	0.02	1.08157
1.06	0.03	1.06086
1.06	0.04	1.04035
1.06	0.05	1.02004
1.06	0.06	0.999925
1.06	0.07	0.980012
1.06	0.08	0.9603
1.06	0.09	0.940787
1.06	0.1	0.921475
1.06	0.11	0.902363
1.06	0.12	0.88345
1.06	0.13	0.864738
1.06	0.14	0.846226
1.06	0.15	0.827914
1.06	0.16	0.809802
1.06	0.17	0.79189
1.06	0.18	0.774178
1.06	0.19	0.756666
1.06	0.2	0.739354
1.06	0.21	0.722242
1.06	0.22	0.705331
1.06	0.23	0.688619
1.06	0.24	0.672108
1.06	0.25	0.655796
1.06	0.26	0.639685
1.06	0.27	0.623774
1.06	0.28	0.608062
1.06	0.29	0.592551
1.06	0.3	0.577241
1.06	0.31	0.56213
1.06	0.32	0.547219
1.06	0.33	0.532509
1.06	0.34	0.517998
1.06	0.35	0.503688
1.06	0.36	0.489578
1.06	0.37	0.475667
1.06	0.38	0.461957
1.06	0.39	0.448448
1.06	0.4	0.435138
1.06	0.41	0.422028
1.06	0.42	0.409119
1.06	0.43	0.39641
1.06	0.44	0.383901
1.06	0.45	0.371592
1.06	0.46	0.359483
1.06	0.47	0.347574
1.06	0.48	0.335865
1.06	0.49	0.324357
1.06	0.5	0.313049
1.06	0.51	0.301941
1.06	0.52	0.291033
1.06	0.53	0.280325
1.06	0.54	0.269818
1.06	0.55	0.25951
1.06	0.56	0.249403
1.06	0.57	0.239496
1.06	0.58	0.229789
1.06	0.59	0.220282
1.06	0.6	0.210976
1.06	0.61	0.201869
1.06	0.62	0.192963
1.06	0.63	0.184257
1.06	0.64	0.175751
1.06	0.65	0.167445
1.06	0.66	0.15934
1.06	0.67	0.151435
1.06	0.68	0.14373
1.06	0.69	0.136225
1.06	0.7	0.12892
1.06	0.71	0.121815
1.06	0.72	0.114911
1.06	0.73	0.108207
1.06	0.74	0.101703
1.06	0.75	0.0953988
1.06	0.76	0.0892952
1.06	0.77	0.0833917
1.06	0.78	0.0776884
1.06	0.79	0.0721854
1.06	0.8	0.0668825
1.06	0.81	0.0617798
1.06	0.82	0.0568773
1.06	0.83	0.052175
1.06	0.84	0.0476728
1.06	0.85	0.0433709
1.06	0.86	0.0392691
1.06	0.87	0.0353676
1.06	0.88	0.0316662
1.06	0.89	0.028165
1.06	0.9	0.024864
1.06	0.91	0.0217632
1.06	0.92	0.0188626
1.06	0.93	0.0161622
1.06	0.94	0.0136619
1.06	0.95	0.0113619
1.06	0.96	0.00926199
1.06	0.97	0.0073623
1.06	0.98	0.00566279
1.06	0.99	0.00416347
1.06	1	0.00286433
1.06	1.01	0.00176537
1.06	1.02	0.000866585
1.06	1.03	0.000167982
1.06	1.04	-0.000330443
1.06	1.05	-0.000628691
1.06	1.06	-0.000726764
1.06	1.07	-0.000624663
1.06	1.08	-0.000322388
1.06	1.09	0.00018006
1.06	1.1	0.000882678
1.06	1.11	0.00178547
1.06	1.12	0.00288842
1.06	1.13	0.00419154
1.06	1.14	0.00569483
1.06	1.15	0.00739828
1.06	1.16	0.0093019
1.06	1.17	0.0114057
1.06	1.18	0.0137096
1.06	1.19	0.0162137
1.06	1.2	0.018918
1.06	1.21	0.0218224
1.06	1.22	0.0249269
1.06	1.23	0.0282316
1.06	1.24	0.0317365
1.06	1.25	0.0354415
1.06	1.26	0.0393467
1.06	1.27	0.043452
1.06	1.28	0.0477574
1.06	1.29	0.052263
1.06	1.3	0.0569687
1.06	1.31	0.0618746
1.06	1.32	0.0669806
1.06	1.33	0.0722867
1.06	1.34	0.077793
1.06	1.35	0.0834994
1.06	1.36	0.0894059
1.06	1.37	0.0955126
1.06	1.38	0.101819
1.06	1.39	0.108326
1.06	1.4	0.115033
1.06	1.41	0.12194
1.06	1.42	0.129048
1.06	1.43	0.136355
1.06	1.44	0.143863
1.06	1.45	0.15157
1.06	1.46	0.159478
1.06	1.47	0.167586
1.06	1.48	0.175894
1.06	1.49	0.184402
1.06	1.5	0.19311
1.06	1.51	0.202018
1.06	1.52	0.211126
1.06	1.53	0.220435
1.06	1.54	0.229943
1.06	1.55	0.239652
1.06	1.56	0.249561
1.06	1.57	0.259669
1.06	1.58	0.269978
1.06	1.59	0.280487
1.06	1.6	0.291196
1.06	1.61	0.302105
1.06	1.62	0.313214
1.06	1.63	0.324524
1.06	1.64	0.336033
1.06	1.65	0.347742
1.06	1.66	0.359652
1.06	1.67	0.371761
1.06	1.68	0.384071
1.06	1.69	0.396581
1.06	1.7	0.40929
1.06	1.71	0.4222
1.06	1.72	0.43531
1.06	1.73	0.44862
1.06	1.74	0.46213
1.06	1.75	0.47584
1.06	1.76	0.48975
1.06	1.77	0.50386
1.06	1.78	0.51817
1.06	1.79	0.53268
1.06	1.8	0.547391
1.06	1.81	0.562301
1.06	1.82	0.577411
1.06	1.83	0.592721
1.06	1.84	0.608232
1.06	1.85	0.623942
1.06	1.86	0.639853
1.06	1.87	0.655963
1.06	1.88	0.672273
1.06	1.89	0.688784
1.06	1.9	0.705494
1.06	1.91	0.722405
1.06	1.92	0.739515
1.06	1.93	0.756826
1.06	1.94	0.774337
1.06	1.95	0.792047
1.06	1.96	0.809958
1.06	1.97	0.828068
1.06	1.98	0.846379
1.06	1.99	0.864889
1.06	2	0.8836
1.065	0	1.13422
1.065	0.01	1.11301
1.065	0.02	1.092
1.065	0.03	1.07118
1.065	0.04	1.05057
1.065	0.05	1.03016
1.065	0.06	1.00994
1.065	0.07	0.98993
1.065	0.08	0.970117
1.065	0.09	0.950503
1.065	0.1	0.93109
1.065	0.11	0.911876
1.065	0.12	0.892863
1.065	0.13	0.87405
1.065	0.14	0.855437
1.065	0.15	0.837023
1.065	0.16	0.81881
1.065	0.17	0.800797
1.065	0.18	0.782984
1.065	0.19	0.765372
1.065	0.2	0.747959
1.065	0.21	0.730746
1.065	0.22	0.713733
1.065	0.23	0.696921
1.065	0.24	0.680308
1.065	0.25	0.663896
1.065	0.26	0.647684
1.065	0.27	0.631672
1.065	0.28	0.61586
1.065	0.29	0.600248
1.065	0.3	0.584836
1.065	0.31	0.569624
1.065	0.32	0.554613
1.065	0.33	0.539801
1.065	0.34	0.52519
1.065	0.35	0.510779
1.065	0.36	0.496568
1.065	0.37	0.482557
1.065	0.38	0.468746
1.065	0.39	0.455135
1.065	0.4	0.441725
1.065	0.41	0.428515
1.065	0.42	0.415504
1.065	0.43	0.402694
1.065	0.44	0.390084
1.065	0.45	0.377675
1.065	0.46	0.365465
1.065	0.47	0.353456
1.065	0.48	0.341646
1.065	0.49	0.330037
1.065	0.5	0.318628
1.065	0.51	0.30742
1.065	0.52	0.296411
1.065	0.53	0.285603
1.065	0.54	0.274995
1.065	0.55	0.264587
1.065	0.56	0.254379
1.065	0.57	0.244371
1.065	0.58	0.234564
1.065	0.59	0.224956
1.065	0.6	0.215549
1.065	0.61	0.206342
1.065	0.62	0.197336
1.065	0.63	0.188529
1.065	0.64	0.179923
1.065	0.65	0.171517
1.065	0.66	0.163311
1.065	0.67	0.155305
1.065	0.68	0.147499
1.065	0.69	0.139894
1.065	0.7	0.132489
1.065	0.71	0.125284
1.065	0.72	0.118279
1.065	0.73	0.111475
1.065	0.74	0.10487
1.065	0.75	0.0984661
1.065	0.76	0.0922621
1.065	0.77	0.0862584
1.065	0.78	0.0804548
1.065	0.79	0.0748515
1.065	0.8	0.0694484
1.065	0.81	0.0642455
1.065	0.82	0.0592428
1.065	0.83	0.0544403
1.065	0.84	0.049838
1.065	0.85	0.0454359
1.065	0.86	0.041234
1.065	0.87	0.0372323
1.065	0.88	0.0334308
1.065	0.89	0.0298295
1.065	0.9	0.0264284
1.065	0.91	0.0232276
1.065	0.92	0.0202269
1.065	0.93	0.0174264
1.065	0.94	0.0148261
1.065	0.95	0.0124261
1.065	0.96	0.0102262
1.065	0.97	0.00822655
1.065	0.98	0.00642708
1.065	0.99	0.00482782
1.065	1	0.00342874
1.065	1.01	0.00222987
1.065	1.02	0.00123119
1.065	1.03	0.0004327
1.065	1.04	-0.000165595
1.065	1.05	-0.000563699
1.065	1.06	-0.000761613
1.065	1.07	-0.000759338
1.065	1.08	-0.000556875
1.065	1.09	-0.000154226
1.065	1.1	0.000448608
1.065	1.11	0.00125163
1.065	1.12	0.00225483
1.065	1.13	0.00345821
1.065	1.14	0.00486176
1.065	1.15	0.0064655
1.065	1.16	0.00826941
1.065	1.17	0.0102735
1.065	1.18	0.0124778
1.065	1.19	0.0148822
1.065	1.2	0.0174868
1.065	1.21	0.0202916
1.065	1.22	0.0232965
1.065	1.23	0.0265016
1.065	1.24	0.0299069
1.065	1.25	0.0335123
1.065	1.26	0.0373179
1.065	1.27	0.0413236
1.065	1.28	0.0455295
1.065	1.29	0.0499356
1.065	1.3	0.0545418
1.065	1.31	0.0593481
1.065	1.32	0.0643546
1.065	1.33	0.0695612
1.065	1.34	0.074968
1.065	1.35	0.0805749
1.065	1.36	0.086382
1.065	1.37	0.0923892
1.065	1.38	0.0985965
1.065	1.39	0.105004
1.065	1.4	0.111612
1.065	1.41	0.118419
1.065	1.42	0.125427
1.065	1.43	0.132635
1.065	1.44	0.140043
1.065	1.45	0.147652
1.065	1.46	0.15546
1.065	1.47	0.163468
1.065	1.48	0.171677
1.065	1.49	0.180086
1.065	1.5	0.188694
1.065	1.51	0.197503
1.065	1.52	0.206512
1.065	1.53	0.215721
1.065	1.54	0.225131
1.065	1.55	0.23474
1.065	1.56	0.244549
1.065	1.57	0.254559
1.065	1.58	0.264768
1.065	1.59	0.275178
1.065	1.6	0.285788
1.065	1.61	0.296598
1.065	1.62	0.307608
1.065	1.63	0.318818
1.065	1.64	0.330228
1.065	1.65	0.341838
1.065	1.66	0.353648
1.065	1.67	0.365659
1.065	1.68	0.377869
1.065	1.69	0.390279
1.065	1.7	0.40289
1.065	1.71	0.415701
1.065	1.72	0.428711
1.065	1.73	0.441922
1.065	1.74	0.455333
1.065	1.75	0.468943
1.065	1.76	0.482754
1.065	1.77	0.496765
1.065	1.78	0.510976
1.065	1.79	0.525387
1.065	1.8	0.539998
1.065	1.81	0.554809
1.065	1.82	0.569821
1.065	1.83	0.585032
1.065	1.84	0.600443
1.065	1.85	0.616054
1.065	1.86	0.631865
1.065	1.87	0.647877
1.065	1.88	0.664088
1.065	1.89	0.680499
1.065	1.9	0.697111
1.065	1.91	0.713922
1.065	1.92	0.730933
1.065	1.93	0.748145
1.065	1.94	0.765556
1.065	1.95	0.783168
1.065	1.96	0.800979
1.065	1.97	0.818991
1.065	1.98	0.837202
1.065	1.99	0.855614
1.065	2	0.874225
1.07	0	1.1449
1.07	0.01	1.12359
1.07	0.02	1.10247
1.07	0.03	1.08156
1.07	0.04	1.06084
1.07	0.05	1.04033
1.07	0.06	1.02001
1.07	0.07	0.999898
1.07	0.08	0.979983
1.07	0.09	0.960269
1.07	0.1	0.940754
1.07	0.11	0.92144
1.07	0.12	0.902326
1.07	0.13	0.883412
1.07	0.14	0.864697
1.07	0.15	0.846183
1.07	0.16	0.827869
1.07	0.17	0.809755
1.07	0.18	0.791841
1.07	0.19	0.774127
1.07	0.2	0.756614
1.07	0.21	0.7393
1.07	0.22	0.722186
1.07	0.23	0.705273
1.07	0.24	0.68856
1.07	0.25	0.672046
1.07	0.26	0.655733
1.07	0.27	0.63962
1.07	0.28	0.623707
1.07	0.29	0.607994
1.07	0.3	0.592482
1.07	0.31	0.577169
1.07	0.32	0.562057
1.07	0.33	0.547144
1.07	0.34	0.532432
1.07	0.35	0.51792
1.07	0.36	0.503608
1.07	0.37	0.489496
1.07	0.38	0.475585
1.07	0.39	0.461873
1.07	0.4	0.448362
1.07	0.41	0.435051
1.07	0.42	0.42194
1.07	0.43	0.409029
1.07	0.44	0.396319
1.07	0.45	0.383808
1.07	0.46	0.371498
1.07	0.47	0.359388
1.07	0.48	0.347478
1.07	0.49	0.335768
1.07	0.5	0.324258
1.07	0.51	0.312949
1.07	0.52	0.30184
1.07	0.53	0.290931
1.07	0.54	0.280222
1.07	0.55	0.269713
1.07	0.56	0.259405
1.07	0.57	0.249297
1.07	0.58	0.239389
1.07	0.59	0.229681
1.07	0.6	0.220173
1.07	0.61	0.210866
1.07	0.62	0.201758
1.07	0.63	0.192851
1.07	0.64	0.184145
1.07	0.65	0.175638
1.07	0.66	0.167332
1.07	0.67	0.159225
1.07	0.68	0.151319
1.07	0.69	0.143614
1.07	0.7	0.136108
1.07	0.71	0.128803
1.07	0.72	0.121698
1.07	0.73	0.114793
1.07	0.74	0.108088
1.07	0.75	0.101584
1.07	0.76	0.0952794
1.07	0.77	0.0891754
1.07	0.78	0.0832716
1.07	0.79	0.077568
1.07	0.8	0.0720647
1.07	0.81	0.0667615
1.07	0.82	0.0616586
1.07	0.83	0.0567559
1.07	0.84	0.0520535
1.07	0.85	0.0475512
1.07	0.86	0.0432492
1.07	0.87	0.0391473
1.07	0.88	0.0352457
1.07	0.89	0.0315444
1.07	0.9	0.0280432
1.07	0.91	0.0247423
1.07	0.92	0.0216415
1.07	0.93	0.018741
1.07	0.94	0.0160408
1.07	0.95	0.0135407
1.07	0.96	0.0112408
1.07	0.97	0.00914119
1.07	0.98	0.00724177
1.07	0.99	0.00554255
1.07	1	0.00404355
1.07	1.01	0.00274476
1.07	1.02	0.00164618
1.07	1.03	0.000747806
1.07	1.04	4.96394e-05
1.07	1.05	-0.000448321
1.07	1.06	-0.000746077
1.07	1.07	-0.00084363
1.07	1.08	-0.000740981
1.07	1.09	-0.000438131
1.07	1.1	6.49175e-05
1.07	1.11	0.000768164
1.07	1.12	0.00167161
1.07	1.13	0.00277524
1.07	1.14	0.00407907
1.07	1.15	0.00558309
1.07	1.16	0.0072873
1.07	1.17	0.0091917
1.07	1.18	0.0112963
1.07	1.19	0.013601
1.07	1.2	0.016106
1.07	1.21	0.0188111
1.07	1.22	0.0217164
1.07	1.23	0.0248219
1.07	1.24	0.0281276
1.07	1.25	0.0316334
1.07	1.26	0.0353394
1.07	1.27	0.0392456
1.07	1.28	0.0433519
1.07	1.29	0.0476584
1.07	1.3	0.0521651
1.07	1.31	0.0568719
1.07	1.32	0.0617789
1.07	1.33	0.066886
1.07	1.34	0.0721933
1.07	1.35	0.0777008
1.07	1.36	0.0834084
1.07	1.37	0.0893161
1.07	1.38	0.095424
1.07	1.39	0.101732
1.07	1.4	0.10824
1.07	1.41	0.114949
1.07	1.42	0.121857
1.07	1.43	0.128966
1.07	1.44	0.136274
1.07	1.45	0.143783
1.07	1.46	0.151492
1.07	1.47	0.159401
1.07	1.48	0.16751
1.07	1.49	0.17582
1.07	1.5	0.184329
1.07	1.51	0.193039
1.07	1.52	0.201949
1.07	1.53	0.211058
1.07	1.54	0.220368
1.07	1.55	0.229878
1.07	1.56	0.239588
1.07	1.57	0.249499
1.07	1.58	0.259609
1.07	1.59	0.269919
1.07	1.6	0.28043
1.07	1.61	0.29114
1.07	1.62	0.302051
1.07	1.63	0.313162
1.07	1.64	0.324473
1.07	1.65	0.335984
1.07	1.66	0.347695
1.07	1.67	0.359606
1.07	1.68	0.371717
1.07	1.69	0.384028
1.07	1.7	0.39654
1.07	1.71	0.409251
1.07	1.72	0.422162
1.07	1.73	0.435274
1.07	1.74	0.448586
1.07	1.75	0.462097
1.07	1.76	0.475809
1.07	1.77	0.489721
1.07	1.78	0.503832
1.07	1.79	0.518144
1.07	1.8	0.532656
1.07	1.81	0.547368
1.07	1.82	0.56228
1.07	1.83	0.577392
1.07	1.84	0.592704
1.07	1.85	0.608216
1.07	1.86	0.623928
1.07	1.87	0.63984
1.07	1.88	0.655953
1.07	1.89	0.672265
1.07	1.9	0.688777
1.07	1.91	0.705489
1.07	1.92	0.722402
1.07	1.93	0.739514
1.07	1.94	0.756826
1.07	1.95	0.774338
1.07	1.96	0.792051
1.07	1.97	0.809963
1.07	1.98	0.828075
1.07	1.99	0.846388
1.07	2	0.8649
1.075	0	1.15562
1.075	0.01	1.13421
1.075	0.02	1.11299
1.075	0.03	1.09198
1.075	0.04	1.07116
1.075	0.05	1.05055
1.075	0.06	1.03013
1.075	0.07	1.00992
1.075	0.08	0.9899
1.075	0.09	0.970085
1.075	0.1	0.950469
1.075	0.11	0.931054
1.075	0.12	0.911839
1.075	0.13	0.892823
1.075	0.14	0.874008
1.075	0.15	0.855393
1.075	0.16	0.836978
1.075	0.17	0.818763
1.075	0.18	0.800748
1.075	0.19	0.782933
1.075	0.2	0.765319
1.075	0.21	0.747904
1.075	0.22	0.730689
1.075	0.23	0.713675
1.075	0.24	0.696861
1.075	0.25	0.680246
1.075	0.26	0.663832
1.075	0.27	0.647618
1.075	0.28	0.631605
1.075	0.29	0.615791
1.075	0.3	0.600177
1.075	0.31	0.584764
1.075	0.32	0.569551
1.075	0.33	0.554537
1.075	0.34	0.539724
1.075	0.35	0.525111
1.075	0.36	0.510699
1.075	0.37	0.496486
1.075	0.38	0.482474
1.075	0.39	0.468661
1.075	0.4	0.455049
1.075	0.41	0.441638
1.075	0.42	0.428426
1.075	0.43	0.415414
1.075	0.44	0.402603
1.075	0.45	0.389992
1.075	0.46	0.377581
1.075	0.47	0.36537
1.075	0.48	0.353359
1.075	0.49	0.341549
1.075	0.5	0.329938
1.075	0.51	0.318528
1.075	0.52	0.307319
1.075	0.53	0.296309
1.075	0.54	0.285499
1.075	0.55	0.27489
1.075	0.56	0.264481
1.075	0.57	0.254272
1.075	0.58	0.244264
1.075	0.59	0.234455
1.075	0.6	0.224847
1.075	0.61	0.215439
1.075	0.62	0.206232
1.075	0.63	0.197224
1.075	0.64	0.188417
1.075	0.65	0.17981
1.075	0.66	0.171403
1.075	0.67	0.163196
1.075	0.68	0.15519
1.075	0.69	0.147384
1.075	0.7	0.139778
1.075	0.71	0.132372
1.075	0.72	0.125167
1.075	0.73	0.118161
1.075	0.74	0.111356
1.075	0.75	0.104752
1.075	0.76	0.098347
1.075	0.77	0.0921427
1.075	0.78	0.0861386
1.075	0.79	0.0803348
1.075	0.8	0.0747312
1.075	0.81	0.0693278
1.075	0.82	0.0641247
1.075	0.83	0.0591218
1.075	0.84	0.0543192
1.075	0.85	0.0497168
1.075	0.86	0.0453146
1.075	0.87	0.0411126
1.075	0.88	0.0371109
1.075	0.89	0.0333095
1.075	0.9	0.0297082
1.075	0.91	0.0263072
1.075	0.92	0.0231064
1.075	0.93	0.0201059
1.075	0.94	0.0173056
1.075	0.95	0.0147055
1.075	0.96	0.0123057
1.075	0.97	0.0101061
1.075	0.98	0.00810667
1.075	0.99	0.00630751
1.075	1	0.00470858
1.075	1.01	0.00330988
1.075	1.02	0.00211139
1.075	1.03	0.00111313
1.075	1.04	0.000315097
1.075	1.05	-0.00028272
1.075	1.06	-0.000680319
1.075	1.07	-0.0008777
1.075	1.08	-0.000874866
1.075	1.09	-0.000671816
1.075	1.1	-0.000268554
1.075	1.11	0.00033492
1.075	1.12	0.0011386
1.075	1.13	0.00214249
1.075	1.14	0.00334659
1.075	1.15	0.00475089
1.075	1.16	0.0063554
1.075	1.17	0.0081601
1.075	1.18	0.010165
1.075	1.19	0.0123701
1.075	1.2	0.0147754
1.075	1.21	0.0173809
1.075	1.22	0.0201866
1.075	1.23	0.0231925
1.075	1.24	0.0263985
1.075	1.25	0.0298048
1.075	1.26	0.0334112
1.075	1.27	0.0372178
1.075	1.28	0.0412246
1.075	1.29	0.0454315
1.075	1.3	0.0498387
1.075	1.31	0.054446
1.075	1.32	0.0592534
1.075	1.33	0.064261
1.075	1.34	0.0694688
1.075	1.35	0.0748768
1.075	1.36	0.080485
1.075	1.37	0.0862932
1.075	1.38	0.0923017
1.075	1.39	0.0985103
1.075	1.4	0.104919
1.075	1.41	0.111528
1.075	1.42	0.118337
1.075	1.43	0.125346
1.075	1.44	0.132555
1.075	1.45	0.139965
1.075	1.46	0.147575
1.075	1.47	0.155384
1.075	1.48	0.163394
1.075	1.49	0.171604
1.075	1.5	0.180014
1.075	1.51	0.188625
1.075	1.52	0.197435
1.075	1.53	0.206445
1.075	1.54	0.215656
1.075	1.55	0.225067
1.075	1.56	0.234678
1.075	1.57	0.244489
1.075	1.58	0.2545
1.075	1.59	0.264711
1.075	1.6	0.275122
1.075	1.61	0.285733
1.075	1.62	0.296545
1.075	1.63	0.307556
1.075	1.64	0.318768
1.075	1.65	0.33018
1.075	1.66	0.341791
1.075	1.67	0.353603
1.075	1.68	0.365615
1.075	1.69	0.377827
1.075	1.7	0.390239
1.075	1.71	0.402852
1.075	1.72	0.415664
1.075	1.73	0.428676
1.075	1.74	0.441889
1.075	1.75	0.455301
1.075	1.76	0.468914
1.075	1.77	0.482726
1.075	1.78	0.496739
1.075	1.79	0.510951
1.075	1.8	0.525364
1.075	1.81	0.539977
1.075	1.82	0.55479
1.075	1.83	0.569803
1.075	1.84	0.585015
1.075	1.85	0.600428
1.075	1.86	0.616041
1.075	1.87	0.631854
1.075	1.88	0.647867
1.075	1.89	0.66408
1.075	1.9	0.680493
1.075	1.91	0.697107
1.075	1.92	0.71392
1.075	1.93	0.730933
1.075	1.94	0.748146
1.075	1.95	0.765559
1.075	1.96	0.783172
1.075	1.97	0.800985
1.075	1.98	0.818999
1.075	1.99	0.837212
1.075	2	0.855625
1.08	0	1.1664
1.08	0.01	1.14488
1.08	0.02	1.12357
1.08	0.03	1.10245
1.08	0.04	1.08153
1.08	0.05	1.06082
1.08	0.06	1.0403
1.08	0.07	1.01998
1.08	0.08	0.999867
1.08	0.09	0.979951
1.08	0.1	0.960234
1.08	0.11	0.940718
1.08	0.12	0.921401
1.08	0.13	0.902285
1.08	0.14	0.883369
1.08	0.15	0.864653
1.08	0.16	0.846137
1.08	0.17	0.827821
1.08	0.18	0.809705
1.08	0.19	0.791789
1.08	0.2	0.774073
1.08	0.21	0.756558
1.08	0.22	0.739242
1.08	0.23	0.722127
1.08	0.24	0.705212
1.08	0.25	0.688497
1.08	0.26	0.671982
1.08	0.27	0.655667
1.08	0.28	0.639552
1.08	0.29	0.623637
1.08	0.3	0.607923
1.08	0.31	0.592409
1.08	0.32	0.577094
1.08	0.33	0.56198
1.08	0.34	0.547067
1.08	0.35	0.532353
1.08	0.36	0.517839
1.08	0.37	0.503526
1.08	0.38	0.489413
1.08	0.39	0.4755
1.08	0.4	0.461787
1.08	0.41	0.448274
1.08	0.42	0.434962
1.08	0.43	0.421849
1.08	0.44	0.408937
1.08	0.45	0.396225
1.08	0.46	0.383713
1.08	0.47	0.371402
1.08	0.48	0.359291
1.08	0.49	0.347379
1.08	0.5	0.335669
1.08	0.51	0.324158
1.08	0.52	0.312847
1.08	0.53	0.301737
1.08	0.54	0.290827
1.08	0.55	0.280117
1.08	0.56	0.269608
1.08	0.57	0.259298
1.08	0.58	0.249189
1.08	0.59	0.23928
1.08	0.6	0.229571
1.08	0.61	0.220063
1.08	0.62	0.210755
1.08	0.63	0.201647
1.08	0.64	0.192739
1.08	0.65	0.184031
1.08	0.66	0.175524
1.08	0.67	0.167217
1.08	0.68	0.15911
1.08	0.69	0.151204
1.08	0.7	0.143497
1.08	0.71	0.135991
1.08	0.72	0.128685
1.08	0.73	0.12158
1.08	0.74	0.114674
1.08	0.75	0.107969
1.08	0.76	0.101465
1.08	0.77	0.0951599
1.08	0.78	0.0890556
1.08	0.79	0.0831515
1.08	0.8	0.0774477
1.08	0.81	0.0719441
1.08	0.82	0.0666408
1.08	0.83	0.0615377
1.08	0.84	0.0566349
1.08	0.85	0.0519323
1.08	0.86	0.04743
1.08	0.87	0.0431279
1.08	0.88	0.0390261
1.08	0.89	0.0351245
1.08	0.9	0.0314232
1.08	0.91	0.0279221
1.08	0.92	0.0246213
1.08	0.93	0.0215208
1.08	0.94	0.0186204
1.08	0.95	0.0159203
1.08	0.96	0.0134205
1.08	0.97	0.0111209
1.08	0.98	0.00902158
1.08	0.99	0.00712247
1.08	1	0.00542361
1.08	1.01	0.00392499
1.08	1.02	0.00262661
1.08	1.03	0.00152846
1.08	1.04	0.000630555
1.08	1.05	-6.71192e-05
1.08	1.06	-0.00056456
1.08	1.07	-0.00086177
1.08	1.08	-0.000958749
1.08	1.09	-0.0008555
1.08	1.1	-0.000552024
1.08	1.11	-4.83224e-05
1.08	1.12	0.000655602
1.08	1.13	0.00155975
1.08	1.14	0.00266411
1.08	1.15	0.0039687
1.08	1.16	0.0054735
1.08	1.17	0.00717851
1.08	1.18	0.00908374
1.08	1.19	0.0111892
1.08	1.2	0.0134948
1.08	1.21	0.0160007
1.08	1.22	0.0187067
1.08	1.23	0.021613
1.08	1.24	0.0247194
1.08	1.25	0.0280261
1.08	1.26	0.0315329
1.08	1.27	0.03524
1.08	1.28	0.0391472
1.08	1.29	0.0432546
1.08	1.3	0.0475622
1.08	1.31	0.05207
1.08	1.32	0.0567779
1.08	1.33	0.0616861
1.08	1.34	0.0667944
1.08	1.35	0.0721029
1.08	1.36	0.0776116
1.08	1.37	0.0833204
1.08	1.38	0.0892294
1.08	1.39	0.0953385
1.08	1.4	0.101648
1.08	1.41	0.108157
1.08	1.42	0.114867
1.08	1.43	0.121777
1.08	1.44	0.128887
1.08	1.45	0.136197
1.08	1.46	0.143707
1.08	1.47	0.151417
1.08	1.48	0.159328
1.08	1.49	0.167439
1.08	1.5	0.175749
1.08	1.51	0.18426
1.08	1.52	0.192971
1.08	1.53	0.201883
1.08	1.54	0.210994
1.08	1.55	0.220305
1.08	1.56	0.229817
1.08	1.57	0.239528
1.08	1.58	0.24944
1.08	1.59	0.259552
1.08	1.6	0.269864
1.08	1.61	0.280376
1.08	1.62	0.291088
1.08	1.63	0.302001
1.08	1.64	0.313113
1.08	1.65	0.324425
1.08	1.66	0.335938
1.08	1.67	0.347651
1.08	1.68	0.359563
1.08	1.69	0.371676
1.08	1.7	0.383989
1.08	1.71	0.396502
1.08	1.72	0.409215
1.08	1.73	0.422128
1.08	1.74	0.435242
1.08	1.75	0.448555
1.08	1.76	0.462068
1.08	1.77	0.475782
1.08	1.78	0.489695
1.08	1.79	0.503808
1.08	1.8	0.518122
1.08	1.81	0.532636
1.08	1.82	0.547349
1.08	1.83	0.562263
1.08	1.84	0.577377
1.08	1.85	0.59269
1.08	1.86	0.608204
1.08	1.87	0.623918
1.08	1.88	0.639832
1.08	1.89	0.655946
1.08	1.9	0.67226
1.08	1.91	0.688774
1.08	1.92	0.705488
1.08	1.93	0.722402
1.08	1.94	0.739516
1.08	1.95	0.75683
1.08	1.96	0.774344
1.08	1.97	0.792058
1.08	1.98	0.809972
1.08	1.99	0.828086
1.08	2	0.8464
1.085	0	1.17722
1.085	0.01	1.15561
1.085	0.02	1.13419
1.085	0.03	1.11297
1.085	0.04	1.09195
1.085	0.05	1.07114
1.085	0.06	1.05052
1.085	0.07	1.0301
1.085	0.08	1.00988
1.085	0.09	0.989866
1.085	0.1	0.970049
1.085	0.11	0.950432
1.085	0.12	0.931014
1.085	0.13	0.911797
1.085	0.14	0.89278
1.085	0.15	0.873963
1.085	0.16	0.855346
1.085	0.17	0.836929
1.085	0.18	0.818712
1.085	0.19	0.800695
1.085	0.2	0.782879
1.085	0.21	0.765262
1.085	0.22	0.747846
1.085	0.23	0.730629
1.085	0.24	0.713613
1.085	0.25	0.696797
1.085	0.26	0.680181
1.085	0.27	0.663765
1.085	0.28	0.64755
1.085	0.29	0.631534
1.085	0.3	0.615719
1.085	0.31	0.600104
1.085	0.32	0.584689
1.085	0.33	0.569474
1.085	0.34	0.554459
1.085	0.35	0.539644
1.085	0.36	0.52503
1.085	0.37	0.510616
1.085	0.38	0.496402
1.085	0.39	0.482388
1.085	0.4	0.468574
1.085	0.41	0.454961
1.085	0.42	0.441548
1.085	0.43	0.428335
1.085	0.44	0.415322
1.085	0.45	0.402509
1.085	0.46	0.389897
1.085	0.47	0.377484
1.085	0.48	0.365272
1.085	0.49	0.353261
1.085	0.5	0.341449
1.085	0.51	0.329838
1.085	0.52	0.318426
1.085	0.53	0.307216
1.085	0.54	0.296205
1.085	0.55	0.285394
1.085	0.56	0.274784
1.085	0.57	0.264374
1.085	0.58	0.254165
1.085	0.59	0.244155
1.085	0.6	0.234346
1.085	0.61	0.224737
1.085	0.62	0.215328
1.085	0.63	0.20612
1.085	0.64	0.197111
1.085	0.65	0.188303
1.085	0.66	0.179696
1.085	0.67	0.171288
1.085	0.68	0.163081
1.085	0.69	0.155074
1.085	0.7	0.147267
1.085	0.71	0.139661
1.085	0.72	0.132255
1.085	0.73	0.125049
1.085	0.74	0.118043
1.085	0.75	0.111238
1.085	0.76	0.104633
1.085	0.77	0.0982277
1.085	0.78	0.0920231
1.085	0.79	0.0860187
1.085	0.8	0.0802147
1.085	0.81	0.0746109
1.085	0.82	0.0692074
1.085	0.83	0.0640041
1.085	0.84	0.0590011
1.085	0.85	0.0541984
1.085	0.86	0.0495959
1.085	0.87	0.0451937
1.085	0.88	0.0409918
1.085	0.89	0.0369901
1.085	0.9	0.0331887
1.085	0.91	0.0295876
1.085	0.92	0.0261867
1.085	0.93	0.0229861
1.085	0.94	0.0199857
1.085	0.95	0.0171857
1.085	0.96	0.0145858
1.085	0.97	0.0121863
1.085	0.98	0.00998696
1.085	0.99	0.00798791
1.085	1	0.00618912
1.085	1.01	0.00459058
1.085	1.02	0.0031923
1.085	1.03	0.00199427
1.085	1.04	0.000996487
1.085	1.05	0.000198955
1.085	1.06	-0.00039833
1.085	1.07	-0.00079537
1.085	1.08	-0.000992165
1.085	1.09	-0.000988717
1.085	1.1	-0.000785029
1.085	1.11	-0.000381101
1.085	1.12	0.000223063
1.085	1.13	0.00102746
1.085	1.14	0.00203209
1.085	1.15	0.00323696
1.085	1.16	0.00464205
1.085	1.17	0.00624737
1.085	1.18	0.00805292
1.085	1.19	0.0100587
1.085	1.2	0.0122647
1.085	1.21	0.0146709
1.085	1.22	0.0172773
1.085	1.23	0.0200839
1.085	1.24	0.0230908
1.085	1.25	0.0262979
1.085	1.26	0.0297051
1.085	1.27	0.0333126
1.085	1.28	0.0371203
1.085	1.29	0.0411281
1.085	1.3	0.0453362
1.085	1.31	0.0497445
1.085	1.32	0.0543529
1.085	1.33	0.0591615
1.085	1.34	0.0641704
1.085	1.35	0.0693794
1.085	1.36	0.0747886
1.085	1.37	0.0803979
1.085	1.38	0.0862075
1.085	1.39	0.0922172
1.085	1.4	0.0984271
1.085	1.41	0.104837
1.085	1.42	0.111447
1.085	1.43	0.118258
1.085	1.44	0.125268
1.085	1.45	0.132479
1.085	1.46	0.13989
1.085	1.47	0.147501
1.085	1.48	0.155312
1.085	1.49	0.163323
1.085	1.5	0.171535
1.085	1.51	0.179946
1.085	1.52	0.188558
1.085	1.53	0.19737
1.085	1.54	0.206382
1.085	1.55	0.215594
1.085	1.56	0.225006
1.085	1.57	0.234619
1.085	1.58	0.244431
1.085	1.59	0.254444
1.085	1.6	0.264656
1.085	1.61	0.275069
1.085	1.62	0.285682
1.085	1.63	0.296495
1.085	1.64	0.307508
1.085	1.65	0.318722
1.085	1.66	0.330135
1.085	1.67	0.341748
1.085	1.68	0.353562
1.085	1.69	0.365575
1.085	1.7	0.377789
1.085	1.71	0.390203
1.085	1.72	0.402817
1.085	1.73	0.415631
1.085	1.74	0.428645
1.085	1.75	0.441859
1.085	1.76	0.455273
1.085	1.77	0.468887
1.085	1.78	0.482701
1.085	1.79	0.496716
1.085	1.8	0.51093
1.085	1.81	0.525345
1.085	1.82	0.539959
1.085	1.83	0.554774
1.085	1.84	0.569788
1.085	1.85	0.585003
1.085	1.86	0.600417
1.085	1.87	0.616032
1.085	1.88	0.631847
1.085	1.89	0.647862
1.085	1.9	0.664076
1.085	1.91	0.680491
1.085	1.92	0.697106
1.085	1.93	0.713921
1.085	1.94	0.730936
1.085	1.95	0.748151
1.085	1.96	0.765565
1.085	1.97	0.78318
1.085	1.98	0.800995
1.085	1.99	0.81901
1.085	2	0.837225
1.09	0	1.1881
1.09	0.01	1.16638
1.09	0.02	1.14486
1.09	0.03	1.12354
1.09	0.04	1.10243
1.09	0.05	1.08151
1.09	0.06	1.06079
1.09	0.07	1.04027
1.09	0.08	1.01995
1.09	0.09	0.999832
1.09	0.1	0.979914
1.09	0.11	0.960196
1.09	0.12	0.940677
1.09	0.13	0.921359
1.09	0.14	0.902241
1.09	0.15	0.883323
1.09	0.16	0.864605
1.09	0.17	0.846087
1.09	0.18	0.827769
1.09	0.19	0.809651
1.09	0.2	0.791734
1.09	0.21	0.774016
1.09	0.22	0.756499
1.09	0.23	0.739182
1.09	0.24	0.722065
1.09	0.25	0.705148
1.09	0.26	0.688431
1.09	0.27	0.671914
1.09	0.28	0.655598
1.09	0.29	0.639481
1.09	0.3	0.623565
1.09	0.31	0.607849
1.09	0.32	0.592333
1.09	0.33	0.577017
1.09	0.34	0.561902
1.09	0.35	0.546986
1.09	0.36	0.532271
1.09	0.37	0.517756
1.09	0.38	0.503441
1.09	0.39	0.489327
1.09	0.4	0.475412
1.09	0.41	0.461698
1.09	0.42	0.448184
1.09	0.43	0.43487
1.09	0.44	0.421757
1.09	0.45	0.408843
1.09	0.46	0.39613
1.09	0.47	0.383617
1.09	0.48	0.371304
1.09	0.49	0.359192
1.09	0.5	0.34728
1.09	0.51	0.335568
1.09	0.52	0.324056
1.09	0.53	0.312744
1.09	0.54	0.301633
1.09	0.55	0.290722
1.09	0.56	0.280011
1.09	0.57	0.269501
1.09	0.58	0.25919
1.09	0.59	0.24908
1.09	0.6	0.239171
1.09	0.61	0.229461
1.09	0.62	0.219952
1.09	0.63	0.210643
1.09	0.64	0.201534
1.09	0.65	0.192626
1.09	0.66	0.183917
1.09	0.67	0.17541
1.09	0.68	0.167102
1.09	0.69	0.158995
1.09	0.7	0.151088
1.09	0.71	0.143381
1.09	0.72	0.135874
1.09	0.73	0.128568
1.09	0.74	0.121462
1.09	0.75	0.114556
1.09	0.76	0.107851
1.09	0.77	0.101346
1.09	0.78	0.0950408
1.09	0.79	0.0889362
1.09	0.8	0.0830319
1.09	0.81	0.0773279
1.09	0.82	0.0718242
1.09	0.83	0.0665207
1.09	0.84	0.0614176
1.09	0.85	0.0565147
1.09	0.86	0.0518121
1.09	0.87	0.0473097
1.09	0.88	0.0430077
1.09	0.89	0.0389059
1.09	0.9	0.0350045
1.09	0.91	0.0313033
1.09	0.92	0.0278023
1.09	0.93	0.0245017
1.09	0.94	0.0214013
1.09	0.95	0.0185012
1.09	0.96	0.0158014
1.09	0.97	0.0133019
1.09	0.98	0.0110026
1.09	0.99	0.00890362
1.09	1	0.0070049
1.09	1.01	0.00530645
1.09	1.02	0.00380826
1.09	1.03	0.00251034
1.09	1.04	0.00141269
1.09	1.05	0.000515295
1.09	1.06	-0.000181835
1.09	1.07	-0.000678705
1.09	1.08	-0.000975317
1.09	1.09	-0.00107167
1.09	1.1	-0.000967772
1.09	1.11	-0.00066362
1.09	1.12	-0.000159217
1.09	1.13	0.000545434
1.09	1.14	0.00145033
1.09	1.15	0.00255547
1.09	1.16	0.00386086
1.09	1.17	0.00536648
1.09	1.18	0.00707235
1.09	1.19	0.00897845
1.09	1.2	0.0110848
1.09	1.21	0.0133913
1.09	1.22	0.0158981
1.09	1.23	0.0186052
1.09	1.24	0.0215124
1.09	1.25	0.0246199
1.09	1.26	0.0279275
1.09	1.27	0.0314354
1.09	1.28	0.0351435
1.09	1.29	0.0390519
1.09	1.3	0.0431604
1.09	1.31	0.0474691
1.09	1.32	0.0519781
1.09	1.33	0.0566872
1.09	1.34	0.0615965
1.09	1.35	0.066706
1.09	1.36	0.0720158
1.09	1.37	0.0775257
1.09	1.38	0.0832358
1.09	1.39	0.089146
1.09	1.4	0.0952565
1.09	1.41	0.101567
1.09	1.42	0.108078
1.09	1.43	0.114789
1.09	1.44	0.1217
1.09	1.45	0.128811
1.09	1.46	0.136123
1.09	1.47	0.143635
1.09	1.48	0.151346
1.09	1.49	0.159258
1.09	1.5	0.16737
1.09	1.51	0.175683
1.09	1.52	0.184195
1.09	1.53	0.192908
1.09	1.54	0.20182
1.09	1.55	0.210933
1.09	1.56	0.220246
1.09	1.57	0.229759
1.09	1.58	0.239472
1.09	1.59	0.249386
1.09	1.6	0.259499
1.09	1.61	0.269813
1.09	1.62	0.280326
1.09	1.63	0.29104
1.09	1.64	0.301954
1.09	1.65	0.313068
1.09	1.66	0.324382
1.09	1.67	0.335896
1.09	1.68	0.34761
1.09	1.69	0.359525
1.09	1.7	0.371639
1.09	1.71	0.383954
1.09	1.72	0.396469
1.09	1.73	0.409183
1.09	1.74	0.422098
1.09	1.75	0.435213
1.09	1.76	0.448528
1.09	1.77	0.462043
1.09	1.78	0.475758
1.09	1.79	0.489673
1.09	1.8	0.503788
1.09	1.81	0.518104
1.09	1.82	0.532619
1.09	1.83	0.547334
1.09	1.84	0.56225
1.09	1.85	0.577365
1.09	1.86	0.592681
1.09	1.87	0.608196
1.09	1.88	0.623912
1.09	1.89	0.639827
1.09	1.9	0.655943
1.09	1.91	0.672258
1.09	1.92	0.688774
1.09	1.93	0.70549
1.09	1.94	0.722406
1.09	1.95	0.739521
1.09	1.96	0.756837
1.09	1.97	0.774353
1.09	1.98	0.792069
1.09	1.99	0.809984
1.09	2	0.8281
1.095	0	1.19903
1.095	0.01	1.17721
1.095	0.02	1.15559
1.095	0.03	1.13417
1.095	0.04	1.11295
1.095	0.05	1.09193
1.095	0.06	1.07111
1.095	0.07	1.05049
1.095	0.08	1.03007
1.095	0.09	1.00985
1.095	0.1	0.989829
1.095	0.11	0.970009
1.095	0.12	0.95039
1.095	0.13	0.930971
1.095	0.14	0.911752
1.095	0.15	0.892733
1.095	0.16	0.873914
1.095	0.17	0.855295
1.095	0.18	0.836876
1.095	0.19	0.818658
1.095	0.2	0.800639
1.095	0.21	0.782821
1.095	0.22	0.765202
1.095	0.23	0.747784
1.095	0.24	0.730566
1.095	0.25	0.713548
1.095	0.26	0.69673
1.095	0.27	0.680113
1.095	0.28	0.663695
1.095	0.29	0.647478
1.095	0.3	0.631461
1.095	0.31	0.615644
1.095	0.32	0.600027
1.095	0.33	0.584611
1.095	0.34	0.569394
1.095	0.35	0.554378
1.095	0.36	0.539562
1.095	0.37	0.524946
1.095	0.38	0.510531
1.095	0.39	0.496315
1.095	0.4	0.4823
1.095	0.41	0.468485
1.095	0.42	0.45487
1.095	0.43	0.441456
1.095	0.44	0.428241
1.095	0.45	0.415227
1.095	0.46	0.402413
1.095	0.47	0.3898
1.095	0.48	0.377386
1.095	0.49	0.365173
1.095	0.5	0.35316
1.095	0.51	0.341348
1.095	0.52	0.329735
1.095	0.53	0.318323
1.095	0.54	0.307111
1.095	0.55	0.296099
1.095	0.56	0.285288
1.095	0.57	0.274677
1.095	0.58	0.264266
1.095	0.59	0.254056
1.095	0.6	0.244045
1.095	0.61	0.234235
1.095	0.62	0.224626
1.095	0.63	0.215216
1.095	0.64	0.206007
1.095	0.65	0.196998
1.095	0.66	0.188189
1.095	0.67	0.179581
1.095	0.68	0.171173
1.095	0.69	0.162965
1.095	0.7	0.154958
1.095	0.71	0.147151
1.095	0.72	0.139544
1.095	0.73	0.132137
1.095	0.74	0.124931
1.095	0.75	0.117925
1.095	0.76	0.111119
1.095	0.77	0.104514
1.095	0.78	0.0981085
1.095	0.79	0.0919037
1.095	0.8	0.0858992
1.095	0.81	0.0800949
1.095	0.82	0.074491
1.095	0.83	0.0690874
1.095	0.84	0.063884
1.095	0.85	0.058881
1.095	0.86	0.0540782
1.095	0.87	0.0494758
1.095	0.88	0.0450736
1.095	0.89	0.0408718
1.095	0.9	0.0368702
1.095	0.91	0.0330689
1.095	0.92	0.029468
1.095	0.93	0.0260673
1.095	0.94	0.0228669
1.095	0.95	0.0198668
1.095	0.96	0.017067
1.095	0.97	0.0144675
1.095	0.98	0.0120683
1.095	0.99	0.00986933
1.095	1	0.00787068
1.095	1.01	0.00607231
1.095	1.02	0.00447422
1.095	1.03	0.00307641
1.095	1.04	0.00187888
1.095	1.05	0.000881635
1.095	1.06	8.46606e-05
1.095	1.07	-0.00051204
1.095	1.08	-0.000908467
1.095	1.09	-0.00110462
1.095	1.1	-0.00110051
1.095	1.11	-0.000896137
1.095	1.12	-0.000491496
1.095	1.13	0.000113408
1.095	1.14	0.000918571
1.095	1.15	0.00192399
1.095	1.16	0.00312967
1.095	1.17	0.0045356
1.095	1.18	0.00614178
1.095	1.19	0.00794821
1.095	1.2	0.00995489
1.095	1.21	0.0121618
1.095	1.22	0.014569
1.095	1.23	0.0171764
1.095	1.24	0.019984
1.095	1.25	0.0229919
1.095	1.26	0.0262
1.095	1.27	0.0296083
1.095	1.28	0.0332168
1.095	1.29	0.0370256
1.095	1.3	0.0410346
1.095	1.31	0.0452438
1.095	1.32	0.0496532
1.095	1.33	0.0542629
1.095	1.34	0.0590727
1.095	1.35	0.0640827
1.095	1.36	0.069293
1.095	1.37	0.0747034
1.095	1.38	0.0803141
1.095	1.39	0.0861249
1.095	1.4	0.0921359
1.095	1.41	0.0983471
1.095	1.42	0.104759
1.095	1.43	0.11137
1.095	1.44	0.118182
1.095	1.45	0.125194
1.095	1.46	0.132406
1.095	1.47	0.139818
1.095	1.48	0.147431
1.095	1.49	0.155243
1.095	1.5	0.163256
1.095	1.51	0.171469
1.095	1.52	0.179882
1.095	1.53	0.188495
1.095	1.54	0.197308
1.095	1.55	0.206322
1.095	1.56	0.215536
1.095	1.57	0.224949
1.095	1.58	0.234563
1.095	1.59	0.244377
1.095	1.6	0.254392
1.095	1.61	0.264606
1.095	1.62	0.27502
1.095	1.63	0.285635
1.095	1.64	0.296449
1.095	1.65	0.307464
1.095	1.66	0.318679
1.095	1.67	0.330094
1.095	1.68	0.341709
1.095	1.69	0.353524
1.095	1.7	0.365539
1.095	1.71	0.377755
1.095	1.72	0.39017
1.095	1.73	0.402786
1.095	1.74	0.415601
1.095	1.75	0.428617
1.095	1.76	0.441833
1.095	1.77	0.455249
1.095	1.78	0.468864
1.095	1.79	0.48268
1.095	1.8	0.496696
1.095	1.81	0.510913
1.095	1.82	0.525329
1.095	1.83	0.539945
1.095	1.84	0.554761
1.095	1.85	0.569777
1.095	1.86	0.584994
1.095	1.87	0.60041
1.095	1.88	0.616026
1.095	1.89	0.631843
1.095	1.9	0.647859
1.095	1.91	0.664076
1.095	1.92	0.680492
1.095	1.93	0.697109
1.095	1.94	0.713925
1.095	1.95	0.730942
1.095	1.96	0.748159
1.095	1.97	0.765575
1.095	1.98	0.783192
1.095	1.99	0.801008
1.095	2	0.819025
1.1	0	1.21
1.1	0.01	1.18808
1.1	0.02	1.16636
1.1	0.03	1.14484
1.1	0.04	1.12352
1.1	0.05	1.1024
1.1	0.06	1.08148
1.1	0.07	1.06076
1.1	0.08	1.04023
1.1	0.09	1.01991
1.1	0.1	0.999794
1.1	0.11	0.979874
1.1	0.12	0.960153
1.1	0.13	0.940633
1.1	0.14	0.921313
1.1	0.15	0.902193
1.1	0.16	0.883273
1.1	0.17	0.864553
1.1	0.18	0.846033
1.1	0.19	0.827714
1.1	0.2	0.809594
1.1	0.21	0.791675
1.1	0.22	0.773956
1.1	0.23	0.756437
1.1	0.24	0.739118
1.1	0.25	0.721999
1.1	0.26	0.70508
1.1	0.27	0.688362
1.1	0.28	0.671844
1.1	0.29	0.655525
1.1	0.3	0.639407
1.1	0.31	0.62349
1.1	0.32	0.607772
1.1	0.33	0.592255
1.1	0.34	0.576937
1.1	0.35	0.56182
1.1	0.36	0.546903
1.1	0.37	0.532187
1.1	0.38	0.51767
1.1	0.39	0.503354
1.1	0.4	0.489238
1.1	0.41	0.475322
1.1	0.42	0.461607
1.1	0.43	0.448092
1.1	0.44	0.434777
1.1	0.45	0.421662
1.1	0.46	0.408747
1.1	0.47	0.396033
1.1	0.48	0.383519
1.1	0.49	0.371205
1.1	0.5	0.359091
1.1	0.51	0.347178
1.1	0.52	0.335465
1.1	0.53	0.323952
1.1	0.54	0.31264
1.1	0.55	0.301527
1.1	0.56	0.290616
1.1	0.57	0.279904
1.1	0.58	0.269392
1.1	0.59	0.259081
1.1	0.6	0.248971
1.1	0.61	0.23906
1.1	0.62	0.22935
1.1	0.63	0.21984
1.1	0.64	0.21053
1.1	0.65	0.201421
1.1	0.66	0.192512
1.1	0.67	0.183803
1.1	0.68	0.175295
1.1	0.69	0.166986
1.1	0.7	0.158879
1.1	0.71	0.150971
1.1	0.72	0.143264
1.1	0.73	0.135757
1.1	0.74	0.12845
1.1	0.75	0.121344
1.1	0.76	0.114438
1.1	0.77	0.107732
1.1	0.78	0.101227
1.1	0.79	0.0949217
1.1	0.8	0.0888169
1.1	0.81	0.0829125
1.1	0.82	0.0772084
1.1	0.83	0.0717045
1.1	0.84	0.066401
1.1	0.85	0.0612978
1.1	0.86	0.056395
1.1	0.87	0.0516924
1.1	0.88	0.0471901
1.1	0.89	0.0428882
1.1	0.9	0.0387865
1.1	0.91	0.0348852
1.1	0.92	0.0311842
1.1	0.93	0.0276835
1.1	0.94	0.0243831
1.1	0.95	0.021283
1.1	0.96	0.0183832
1.1	0.97	0.0156837
1.1	0.98	0.0131845
1.1	0.99	0.0108856
1.1	1	0.00878702
1.1	1.01	0.00688873
1.1	1.02	0.00519074
1.1	1.03	0.00369305
1.1	1.04	0.00239564
1.1	1.05	0.00129853
1.1	1.06	0.000401713
1.1	1.07	-0.000294819
1.1	1.08	-0.000791065
1.1	1.09	-0.00108703
1.1	1.1	-0.00118271
1.1	1.11	-0.00107811
1.1	1.12	-0.000773229
1.1	1.13	-0.000268076
1.1	1.14	0.00043735
1.1	1.15	0.00134305
1.1	1.16	0.00244901
1.1	1.17	0.00375524
1.1	1.18	0.00526174
1.1	1.19	0.0069685
1.1	1.2	0.00887551
1.1	1.21	0.0109828
1.1	1.22	0.0132903
1.1	1.23	0.0157981
1.1	1.24	0.0185061
1.1	1.25	0.0214144
1.1	1.26	0.0245229
1.1	1.27	0.0278316
1.1	1.28	0.0313406
1.1	1.29	0.0350498
1.1	1.3	0.0389593
1.1	1.31	0.043069
1.1	1.32	0.0473789
1.1	1.33	0.051889
1.1	1.34	0.0565993
1.1	1.35	0.0615099
1.1	1.36	0.0666206
1.1	1.37	0.0719316
1.1	1.38	0.0774428
1.1	1.39	0.0831542
1.1	1.4	0.0890658
1.1	1.41	0.0951775
1.1	1.42	0.10149
1.1	1.43	0.108002
1.1	1.44	0.114714
1.1	1.45	0.121627
1.1	1.46	0.128739
1.1	1.47	0.136052
1.1	1.48	0.143565
1.1	1.49	0.151278
1.1	1.5	0.159192
1.1	1.51	0.167305
1.1	1.52	0.175619
1.1	1.53	0.184133
1.1	1.54	0.192847
1.1	1.55	0.201761
1.1	1.56	0.210876
1.1	1.57	0.22019
1.1	1.58	0.229705
1.1	1.59	0.239419
1.1	1.6	0.249334
1.1	1.61	0.259449
1.1	1.62	0.269765
1.1	1.63	0.28028
1.1	1.64	0.290995
1.1	1.65	0.301911
1.1	1.66	0.313026
1.1	1.67	0.324342
1.1	1.68	0.335858
1.1	1.69	0.347574
1.1	1.7	0.35949
1.1	1.71	0.371606
1.1	1.72	0.383922
1.1	1.73	0.396438
1.1	1.74	0.409155
1.1	1.75	0.422071
1.1	1.76	0.435188
1.1	1.77	0.448504
1.1	1.78	0.462021
1.1	1.79	0.475738
1.1	1.8	0.489655
1.1	1.81	0.503772
1.1	1.82	0.518089
1.1	1.83	0.532606
1.1	1.84	0.547323
1.1	1.85	0.56224
1.1	1.86	0.577357
1.1	1.87	0.592674
1.1	1.88	0.608191
1.1	1.89	0.623909
1.1	1.9	0.639826
1.1	1.91	0.655943
1.1	1.92	0.672261
1.1	1.93	0.688778
1.1	1.94	0.705495
1.1	1.95	0.722413
1.1	1.96	0.73953
1.1	1.97	0.756848
1.1	1.98	0.774365
1.1	1.99	0.792083
1.1	2	0.81
1.105	0	1.22103
1.105	0.01	1.199
1.105	0.02	1.17718
1.105	0.03	1.15556
1.105	0.04	1.13414
1.105	0.05	1.11292
1.105	0.06	1.09189
1.105	0.07	1.07107
1.105	0.08	1.05045
1.105	0.09	1.03003
1.105	0.1	1.00981
1.105	0.11	0.989788
1.105	0.12	0.969966
1.105	0.13	0.950345
1.105	0.14	0.930924
1.105	0.15	0.911703
1.105	0.16	0.892682
1.105	0.17	0.873861
1.105	0.18	0.855241
1.105	0.19	0.83682
1.105	0.2	0.8186
1.105	0.21	0.80058
1.105	0.22	0.782759
1.105	0.23	0.765139
1.105	0.24	0.74772
1.105	0.25	0.7305
1.105	0.26	0.71348
1.105	0.27	0.696661
1.105	0.28	0.680042
1.105	0.29	0.663623
1.105	0.3	0.647404
1.105	0.31	0.631385
1.105	0.32	0.615567
1.105	0.33	0.599948
1.105	0.34	0.58453
1.105	0.35	0.569313
1.105	0.36	0.554295
1.105	0.37	0.539477
1.105	0.38	0.52486
1.105	0.39	0.510443
1.105	0.4	0.496227
1.105	0.41	0.48221
1.105	0.42	0.468394
1.105	0.43	0.454778
1.105	0.44	0.441362
1.105	0.45	0.428146
1.105	0.46	0.415131
1.105	0.47	0.402316
1.105	0.48	0.389701
1.105	0.49	0.377287
1.105	0.5	0.365073
1.105	0.51	0.353059
1.105	0.52	0.341245
1.105	0.53	0.329632
1.105	0.54	0.318219
1.105	0.55	0.307006
1.105	0.56	0.295993
1.105	0.57	0.285181
1.105	0.58	0.274569
1.105	0.59	0.264157
1.105	0.6	0.253946
1.105	0.61	0.243935
1.105	0.62	0.234124
1.105	0.63	0.224514
1.105	0.64	0.215104
1.105	0.65	0.205894
1.105	0.66	0.196884
1.105	0.67	0.188075
1.105	0.68	0.179466
1.105	0.69	0.171058
1.105	0.7	0.16285
1.105	0.71	0.154842
1.105	0.72	0.147034
1.105	0.73	0.139427
1.105	0.74	0.13202
1.105	0.75	0.124813
1.105	0.76	0.117807
1.105	0.77	0.111001
1.105	0.78	0.104395
1.105	0.79	0.09799
1.105	0.8	0.091785
1.105	0.81	0.0857804
1.105	0.82	0.079976
1.105	0.83	0.074372
1.105	0.84	0.0689684
1.105	0.85	0.063765
1.105	0.86	0.058762
1.105	0.87	0.0539593
1.105	0.88	0.0493569
1.105	0.89	0.0449549
1.105	0.9	0.0407532
1.105	0.91	0.0367518
1.105	0.92	0.0329507
1.105	0.93	0.0293499
1.105	0.94	0.0259495
1.105	0.95	0.0227494
1.105	0.96	0.0197496
1.105	0.97	0.0169502
1.105	0.98	0.014351
1.105	0.99	0.0119522
1.105	1	0.00975367
1.105	1.01	0.00775546
1.105	1.02	0.00595757
1.105	1.03	0.00435999
1.105	1.04	0.00296271
1.105	1.05	0.00176574
1.105	1.06	0.000769074
1.105	1.07	-2.72916e-05
1.105	1.08	-0.000623357
1.105	1.09	-0.00101912
1.105	1.1	-0.0012146
1.105	1.11	-0.00120977
1.105	1.12	-0.00100466
1.105	1.13	-0.000599261
1.105	1.14	6.4268e-06
1.105	1.15	0.000812398
1.105	1.16	0.00181865
1.105	1.17	0.00302518
1.105	1.18	0.00443199
1.105	1.19	0.00603908
1.105	1.2	0.00784643
1.105	1.21	0.00985405
1.105	1.22	0.0120619
1.105	1.23	0.0144701
1.105	1.24	0.0170785
1.105	1.25	0.0198872
1.105	1.26	0.0228961
1.105	1.27	0.0261053
1.105	1.28	0.0295147
1.105	1.29	0.0331243
1.105	1.3	0.0369342
1.105	1.31	0.0409444
1.105	1.32	0.0451548
1.105	1.33	0.0495654
1.105	1.34	0.0541762
1.105	1.35	0.0589873
1.105	1.36	0.0639986
1.105	1.37	0.0692101
1.105	1.38	0.0746218
1.105	1.39	0.0802337
1.105	1.4	0.0860459
1.105	1.41	0.0920582
1.105	1.42	0.0982707
1.105	1.43	0.104683
1.105	1.44	0.111296
1.105	1.45	0.11811
1.105	1.46	0.125123
1.105	1.47	0.132336
1.105	1.48	0.13975
1.105	1.49	0.147364
1.105	1.5	0.155178
1.105	1.51	0.163192
1.105	1.52	0.171407
1.105	1.53	0.179821
1.105	1.54	0.188436
1.105	1.55	0.197251
1.105	1.56	0.206266
1.105	1.57	0.215481
1.105	1.58	0.224896
1.105	1.59	0.234512
1.105	1.6	0.244327
1.105	1.61	0.254343
1.105	1.62	0.264559
1.105	1.63	0.274975
1.105	1.64	0.285591
1.105	1.65	0.296407
1.105	1.66	0.307424
1.105	1.67	0.31864
1.105	1.68	0.330057
1.105	1.69	0.341673
1.105	1.7	0.35349
1.105	1.71	0.365507
1.105	1.72	0.377724
1.105	1.73	0.390141
1.105	1.74	0.402758
1.105	1.75	0.415576
1.105	1.76	0.428593
1.105	1.77	0.44181
1.105	1.78	0.455228
1.105	1.79	0.468846
1.105	1.8	0.482663
1.105	1.81	0.496681
1.105	1.82	0.510899
1.105	1.83	0.525316
1.105	1.84	0.539934
1.105	1.85	0.554752
1.105	1.86	0.56977
1.105	1.87	0.584988
1.105	1.88	0.600406
1.105	1.89	0.616024
1.105	1.9	0.631843
1.105	1.91	0.647861
1.105	1.92	0.664079
1.105	1.93	0.680497
1.105	1.94	0.697115
1.105	1.95	0.713934
1.105	1.96	0.730952
1.105	1.97	0.74817
1.105	1.98	0.765588
1.105	1.99	0.783207
1.105	2	0.801025
1.11	0	1.2321
1.11	0.01	1.20998
1.11	0.02	1.18805
1.11	0.03	1.16633
1.11	0.04	1.14481
1.11	0.05	1.12349
1.11	0.06	1.10236
1.11	0.07	1.08144
1.11	0.08	1.06072
1.11	0.09	1.0402
1.11	0.1	1.01987
1.11	0.11	0.999752
1.11	0.12	0.97983
1.11	0.13	0.960107
1.11	0.14	0.940585
1.11	0.15	0.921263
1.11	0.16	0.902142
1.11	0.17	0.88322
1.11	0.18	0.864498
1.11	0.19	0.845977
1.11	0.2	0.827655
1.11	0.21	0.809534
1.11	0.22	0.791613
1.11	0.23	0.773892
1.11	0.24	0.756371
1.11	0.25	0.739051
1.11	0.26	0.72193
1.11	0.27	0.70501
1.11	0.28	0.68829
1.11	0.29	0.67177
1.11	0.3	0.65545
1.11	0.31	0.639331
1.11	0.32	0.623412
1.11	0.33	0.607692
1.11	0.34	0.592174
1.11	0.35	0.576855
1.11	0.36	0.561736
1.11	0.37	0.546818
1.11	0.38	0.5321
1.11	0.39	0.517582
1.11	0.4	0.503265
1.11	0.41	0.489148
1.11	0.42	0.475231
1.11	0.43	0.461514
1.11	0.44	0.447997
1.11	0.45	0.434681
1.11	0.46	0.421565
1.11	0.47	0.408649
1.11	0.48	0.395934
1.11	0.49	0.383419
1.11	0.5	0.371104
1.11	0.51	0.358989
1.11	0.52	0.347075
1.11	0.53	0.335361
1.11	0.54	0.323847
1.11	0.55	0.312534
1.11	0.56	0.301421
1.11	0.57	0.290508
1.11	0.58	0.279796
1.11	0.59	0.269283
1.11	0.6	0.258971
1.11	0.61	0.24886
1.11	0.62	0.238949
1.11	0.63	0.229238
1.11	0.64	0.219727
1.11	0.65	0.210417
1.11	0.66	0.201307
1.11	0.67	0.192397
1.11	0.68	0.183688
1.11	0.69	0.175179
1.11	0.7	0.166871
1.11	0.71	0.158762
1.11	0.72	0.150854
1.11	0.73	0.143147
1.11	0.74	0.13564
1.11	0.75	0.128333
1.11	0.76	0.121226
1.11	0.77	0.11432
1.11	0.78	0.107614
1.11	0.79	0.101108
1.11	0.8	0.0948031
1.11	0.81	0.0886983
1.11	0.82	0.0827937
1.11	0.83	0.0770895
1.11	0.84	0.0715857
1.11	0.85	0.0662822
1.11	0.86	0.061179
1.11	0.87	0.0562762
1.11	0.88	0.0515737
1.11	0.89	0.0470716
1.11	0.9	0.0427698
1.11	0.91	0.0386683
1.11	0.92	0.0347672
1.11	0.93	0.0310664
1.11	0.94	0.027566
1.11	0.95	0.0242659
1.11	0.96	0.0211661
1.11	0.97	0.0182667
1.11	0.98	0.0155675
1.11	0.99	0.0130688
1.11	1	0.0107703
1.11	1.01	0.0086722
1.11	1.02	0.0067744
1.11	1.03	0.00507693
1.11	1.04	0.00357978
1.11	1.05	0.00228295
1.11	1.06	0.00118643
1.11	1.07	0.000290236
1.11	1.08	-0.000405648
1.11	1.09	-0.000901221
1.11	1.1	-0.00119648
1.11	1.11	-0.00129144
1.11	1.12	-0.00118609
1.11	1.13	-0.000880443
1.11	1.14	-0.000374494
1.11	1.15	0.000331753
1.11	1.16	0.00123829
1.11	1.17	0.00234513
1.11	1.18	0.00365225
1.11	1.19	0.00515966
1.11	1.2	0.00686735
1.11	1.21	0.00877532
1.11	1.22	0.0108836
1.11	1.23	0.0131921
1.11	1.24	0.0157009
1.11	1.25	0.01841
1.11	1.26	0.0213193
1.11	1.27	0.0244289
1.11	1.28	0.0277387
1.11	1.29	0.0312488
1.11	1.3	0.0349592
1.11	1.31	0.0388698
1.11	1.32	0.0429807
1.11	1.33	0.0472918
1.11	1.34	0.0518031
1.11	1.35	0.0565147
1.11	1.36	0.0614265
1.11	1.37	0.0665385
1.11	1.38	0.0718508
1.11	1.39	0.0773632
1.11	1.4	0.0830759
1.11	1.41	0.0889889
1.11	1.42	0.095102
1.11	1.43	0.101415
1.11	1.44	0.107929
1.11	1.45	0.114643
1.11	1.46	0.121557
1.11	1.47	0.128671
1.11	1.48	0.135985
1.11	1.49	0.1435
1.11	1.5	0.151214
1.11	1.51	0.159129
1.11	1.52	0.167244
1.11	1.53	0.175559
1.11	1.54	0.184075
1.11	1.55	0.19279
1.11	1.56	0.201706
1.11	1.57	0.210822
1.11	1.58	0.220138
1.11	1.59	0.229654
1.11	1.6	0.23937
1.11	1.61	0.249287
1.11	1.62	0.259403
1.11	1.63	0.26972
1.11	1.64	0.280237
1.11	1.65	0.290954
1.11	1.66	0.301871
1.11	1.67	0.312988
1.11	1.68	0.324306
1.11	1.69	0.335823
1.11	1.7	0.347541
1.11	1.71	0.359458
1.11	1.72	0.371576
1.11	1.73	0.383894
1.11	1.74	0.396412
1.11	1.75	0.40913
1.11	1.76	0.422048
1.11	1.77	0.435166
1.11	1.78	0.448485
1.11	1.79	0.462003
1.11	1.8	0.475722
1.11	1.81	0.48964
1.11	1.82	0.503759
1.11	1.83	0.518077
1.11	1.84	0.532596
1.11	1.85	0.547315
1.11	1.86	0.562234
1.11	1.87	0.577352
1.11	1.88	0.592671
1.11	1.89	0.60819
1.11	1.9	0.623909
1.11	1.91	0.639828
1.11	1.92	0.655947
1.11	1.93	0.672266
1.11	1.94	0.688785
1.11	1.95	0.705504
1.11	1.96	0.722424
1.11	1.97	0.739543
1.11	1.98	0.756862
1.11	1.99	0.774381
1.11	2	0.7921
1.115	0	1.24323
1.115	0.01	1.221
1.115	0.02	1.19898
1.115	0.03	1.17715
1.115	0.04	1.15553
1.115	0.05	1.13411
1.115	0.06	1.11288
1.115	0.07	1.09186
1.115	0.08	1.07104
1.115	0.09	1.05041
1.115	0.1	1.02999
1.115	0.11	1.00977
1.115	0.12	0.989743
1.115	0.13	0.96992
1.115	0.14	0.950297
1.115	0.15	0.930874
1.115	0.16	0.911651
1.115	0.17	0.892628
1.115	0.18	0.873806
1.115	0.19	0.855183
1.115	0.2	0.836761
1.115	0.21	0.818539
1.115	0.22	0.800517
1.115	0.23	0.782695
1.115	0.24	0.765073
1.115	0.25	0.747652
1.115	0.26	0.730431
1.115	0.27	0.713409
1.115	0.28	0.696589
1.115	0.29	0.679968
1.115	0.3	0.663547
1.115	0.31	0.647327
1.115	0.32	0.631307
1.115	0.33	0.615487
1.115	0.34	0.599867
1.115	0.35	0.584448
1.115	0.36	0.569228
1.115	0.37	0.554209
1.115	0.38	0.53939
1.115	0.39	0.524772
1.115	0.4	0.510354
1.115	0.41	0.496136
1.115	0.42	0.482118
1.115	0.43	0.4683
1.115	0.44	0.454683
1.115	0.45	0.441266
1.115	0.46	0.42805
1.115	0.47	0.415033
1.115	0.48	0.402217
1.115	0.49	0.389601
1.115	0.5	0.377186
1.115	0.51	0.36497
1.115	0.52	0.352956
1.115	0.53	0.341141
1.115	0.54	0.329527
1.115	0.55	0.318113
1.115	0.56	0.306899
1.115	0.57	0.295886
1.115	0.58	0.285073
1.115	0.59	0.27446
1.115	0.6	0.264048
1.115	0.61	0.253835
1.115	0.62	0.243824
1.115	0.63	0.234012
1.115	0.64	0.224401
1.115	0.65	0.214991
1.115	0.66	0.20578
1.115	0.67	0.19677
1.115	0.68	0.187961
1.115	0.69	0.179351
1.115	0.7	0.170942
1.115	0.71	0.162734
1.115	0.72	0.154725
1.115	0.73	0.146917
1.115	0.74	0.13931
1.115	0.75	0.131903
1.115	0.76	0.124696
1.115	0.77	0.117689
1.115	0.78	0.110883
1.115	0.79	0.104277
1.115	0.8	0.0978719
1.115	0.81	0.0916668
1.115	0.82	0.085662
1.115	0.83	0.0798577
1.115	0.84	0.0742537
1.115	0.85	0.06885
1.115	0.86	0.0636467
1.115	0.87	0.0586438
1.115	0.88	0.0538412
1.115	0.89	0.0492389
1.115	0.9	0.0448371
1.115	0.91	0.0406355
1.115	0.92	0.0366344
1.115	0.93	0.0328336
1.115	0.94	0.0292331
1.115	0.95	0.025833
1.115	0.96	0.0226332
1.115	0.97	0.0196338
1.115	0.98	0.0168347
1.115	0.99	0.014236
1.115	1	0.0118376
1.115	1.01	0.00963958
1.115	1.02	0.00764188
1.115	1.03	0.00584452
1.115	1.04	0.00424749
1.115	1.05	0.0028508
1.115	1.06	0.00165444
1.115	1.07	0.000658404
1.115	1.08	-0.000137301
1.115	1.09	-0.000732682
1.115	1.1	-0.00112774
1.115	1.11	-0.00132248
1.115	1.12	-0.0013169
1.115	1.13	-0.001111
1.115	1.14	-0.000704793
1.115	1.15	-9.82753e-05
1.115	1.16	0.00070855
1.115	1.17	0.00171568
1.115	1.18	0.00292311
1.115	1.19	0.00433084
1.115	1.2	0.00593887
1.115	1.21	0.00774719
1.115	1.22	0.0097558
1.115	1.23	0.0119647
1.115	1.24	0.0143739
1.115	1.25	0.0169833
1.115	1.26	0.0197931
1.115	1.27	0.0228031
1.115	1.28	0.0260134
1.115	1.29	0.0294239
1.115	1.3	0.0330347
1.115	1.31	0.0368458
1.115	1.32	0.0408571
1.115	1.33	0.0450687
1.115	1.34	0.0494805
1.115	1.35	0.0540926
1.115	1.36	0.0589049
1.115	1.37	0.0639175
1.115	1.38	0.0691303
1.115	1.39	0.0745433
1.115	1.4	0.0801565
1.115	1.41	0.08597
1.115	1.42	0.0919837
1.115	1.43	0.0981976
1.115	1.44	0.104612
1.115	1.45	0.111226
1.115	1.46	0.118041
1.115	1.47	0.125055
1.115	1.48	0.13227
1.115	1.49	0.139685
1.115	1.5	0.147301
1.115	1.51	0.155116
1.115	1.52	0.163132
1.115	1.53	0.171348
1.115	1.54	0.179764
1.115	1.55	0.18838
1.115	1.56	0.197197
1.115	1.57	0.206213
1.115	1.58	0.21543
1.115	1.59	0.224847
1.115	1.6	0.234464
1.115	1.61	0.244281
1.115	1.62	0.254298
1.115	1.63	0.264516
1.115	1.64	0.274933
1.115	1.65	0.285551
1.115	1.66	0.296369
1.115	1.67	0.307387
1.115	1.68	0.318605
1.115	1.69	0.330023
1.115	1.7	0.341641
1.115	1.71	0.35346
1.115	1.72	0.365478
1.115	1.73	0.377697
1.115	1.74	0.390116
1.115	1.75	0.402735
1.115	1.76	0.415554
1.115	1.77	0.428573
1.115	1.78	0.441792
1.115	1.79	0.455211
1.115	1.8	0.46883
1.115	1.81	0.482649
1.115	1.82	0.496669
1.115	1.83	0.510888
1.115	1.84	0.525308
1.115	1.85	0.539927
1.115	1.86	0.554747
1.115	1.87	0.569767
1.115	1.88	0.584986
1.115	1.89	0.600406
1.115	1.9	0.616026
1.115	1.91	0.631846
1.115	1.92	0.647866
1.115	1.93	0.664085
1.115	1.94	0.680505
1.115	1.95	0.697125
1.115	1.96	0.713945
1.115	1.97	0.730965
1.115	1.98	0.748185
1.115	1.99	0.765605
1.115	2	0.783225
1.12	0	1.2544
1.12	0.01	1.23208
1.12	0.02	1.20995
1.12	0.03	1.18803
1.12	0.04	1.1663
1.12	0.05	1.14478
1.12	0.06	1.12345
1.12	0.07	1.10233
1.12	0.08	1.0814
1.12	0.09	1.06068
1.12	0.1	1.04015
1.12	0.11	1.01983
1.12	0.12	0.999706
1.12	0.13	0.979782
1.12	0.14	0.960058
1.12	0.15	0.940534
1.12	0.16	0.921211
1.12	0.17	0.902087
1.12	0.18	0.883163
1.12	0.19	0.86444
1.12	0.2	0.845917
1.12	0.21	0.827594
1.12	0.22	0.809471
1.12	0.23	0.791548
1.12	0.24	0.773826
1.12	0.25	0.756303
1.12	0.26	0.738981
1.12	0.27	0.721859
1.12	0.28	0.704937
1.12	0.29	0.688216
1.12	0.3	0.671694
1.12	0.31	0.655373
1.12	0.32	0.639252
1.12	0.33	0.623331
1.12	0.34	0.607611
1.12	0.35	0.59209
1.12	0.36	0.57677
1.12	0.37	0.561651
1.12	0.38	0.546731
1.12	0.39	0.532012
1.12	0.4	0.517493
1.12	0.41	0.503174
1.12	0.42	0.489055
1.12	0.43	0.475137
1.12	0.44	0.461419
1.12	0.45	0.447902
1.12	0.46	0.434584
1.12	0.47	0.421467
1.12	0.48	0.40855
1.12	0.49	0.395834
1.12	0.5	0.383318
1.12	0.51	0.371002
1.12	0.52	0.358886
1.12	0.53	0.346971
1.12	0.54	0.335256
1.12	0.55	0.323742
1.12	0.56	0.312427
1.12	0.57	0.301314
1.12	0.58	0.2904
1.12	0.59	0.279687
1.12	0.6	0.269174
1.12	0.61	0.258861
1.12	0.62	0.248749
1.12	0.63	0.238837
1.12	0.64	0.229126
1.12	0.65	0.219615
1.12	0.66	0.210304
1.12	0.67	0.201193
1.12	0.68	0.192283
1.12	0.69	0.183574
1.12	0.7	0.175064
1.12	0.71	0.166755
1.12	0.72	0.158647
1.12	0.73	0.150738
1.12	0.74	0.143031
1.12	0.75	0.135523
1.12	0.76	0.128216
1.12	0.77	0.121109
1.12	0.78	0.114203
1.12	0.79	0.107497
1.12	0.8	0.100991
1.12	0.81	0.0946856
1.12	0.82	0.0885807
1.12	0.83	0.0826762
1.12	0.84	0.076972
1.12	0.85	0.0714682
1.12	0.86	0.0661647
1.12	0.87	0.0610617
1.12	0.88	0.056159
1.12	0.89	0.0514566
1.12	0.9	0.0469547
1.12	0.91	0.0426531
1.12	0.92	0.0385519
1.12	0.93	0.034651
1.12	0.94	0.0309506
1.12	0.95	0.0274504
1.12	0.96	0.0241507
1.12	0.97	0.0210513
1.12	0.98	0.0181523
1.12	0.99	0.0154536
1.12	1	0.0129553
1.12	1.01	0.0106573
1.12	1.02	0.00855971
1.12	1.03	0.00666246
1.12	1.04	0.00496556
1.12	1.05	0.003469
1.12	1.06	0.00217279
1.12	1.07	0.00107692
1.12	1.08	0.000181392
1.12	1.09	-0.000513797
1.12	1.1	-0.00100865
1.12	1.11	-0.00130317
1.12	1.12	-0.00139736
1.12	1.13	-0.00129122
1.12	1.14	-0.000984754
1.12	1.15	-0.000477967
1.12	1.16	0.000229142
1.12	1.17	0.00113657
1.12	1.18	0.00224431
1.12	1.19	0.00355236
1.12	1.2	0.00506072
1.12	1.21	0.00676938
1.12	1.22	0.00867835
1.12	1.23	0.0107876
1.12	1.24	0.0130972
1.12	1.25	0.015607
1.12	1.26	0.0183172
1.12	1.27	0.0212276
1.12	1.28	0.0243383
1.12	1.29	0.0276493
1.12	1.3	0.0311605
1.12	1.31	0.0348721
1.12	1.32	0.0387839
1.12	1.33	0.0428959
1.12	1.34	0.0472082
1.12	1.35	0.0517208
1.12	1.36	0.0564336
1.12	1.37	0.0613467
1.12	1.38	0.06646
1.12	1.39	0.0717736
1.12	1.4	0.0772874
1.12	1.41	0.0830014
1.12	1.42	0.0889157
1.12	1.43	0.0950302
1.12	1.44	0.101345
1.12	1.45	0.10786
1.12	1.46	0.114575
1.12	1.47	0.12149
1.12	1.48	0.128606
1.12	1.49	0.135922
1.12	1.5	0.143438
1.12	1.51	0.151154
1.12	1.52	0.15907
1.12	1.53	0.167187
1.12	1.54	0.175503
1.12	1.55	0.18402
1.12	1.56	0.192737
1.12	1.57	0.201655
1.12	1.58	0.210772
1.12	1.59	0.22009
1.12	1.6	0.229607
1.12	1.61	0.239325
1.12	1.62	0.249243
1.12	1.63	0.259361
1.12	1.64	0.26968
1.12	1.65	0.280198
1.12	1.66	0.290917
1.12	1.67	0.301835
1.12	1.68	0.312954
1.12	1.69	0.324273
1.12	1.7	0.335792
1.12	1.71	0.347512
1.12	1.72	0.359431
1.12	1.73	0.37155
1.12	1.74	0.38387
1.12	1.75	0.396389
1.12	1.76	0.409109
1.12	1.77	0.422029
1.12	1.78	0.435149
1.12	1.79	0.448469
1.12	1.8	0.461989
1.12	1.81	0.475709
1.12	1.82	0.489629
1.12	1.83	0.503749
1.12	1.84	0.51807
1.12	1.85	0.53259
1.12	1.86	0.547311
1.12	1.87	0.562231
1.12	1.88	0.577352
1.12	1.89	0.592672
1.12	1.9	0.608193
1.12	1.91	0.623913
1.12	1.92	0.639834
1.12	1.93	0.655955
1.12	1.94	0.672275
1.12	1.95	0.688796
1.12	1.96	0.705517
1.12	1.97	0.722438
1.12	1.98	0.739558
1.12	1.99	0.756879
1.12	2	0.7744
1.125	0	1.26562
1.125	0.01	1.2432
1.125	0.02	1.22097
1.125	0.03	1.19895
1.125	0.04	1.17712
1.125	0.05	1.1555
1.125	0.06	1.13407
1.125	0.07	1.11285
1.125	0.08	1.09182
1.125	0.09	1.071
1.125	0.1	1.05037
1.125	0.11	1.02994
1.125	0.12	1.00972
1.125	0.13	0.989694
1.125	0.14	0.96987
1.125	0.15	0.950245
1.125	0.16	0.93082
1.125	0.17	0.911596
1.125	0.18	0.892571
1.125	0.19	0.873747
1.125	0.2	0.855123
1.125	0.21	0.836699
1.125	0.22	0.818475
1.125	0.23	0.800451
1.125	0.24	0.782628
1.125	0.25	0.765005
1.125	0.26	0.747582
1.125	0.27	0.730359
1.125	0.28	0.713336
1.125	0.29	0.696513
1.125	0.3	0.679891
1.125	0.31	0.663469
1.125	0.32	0.647247
1.125	0.33	0.631226
1.125	0.34	0.615404
1.125	0.35	0.599783
1.125	0.36	0.584362
1.125	0.37	0.569142
1.125	0.38	0.554121
1.125	0.39	0.539301
1.125	0.4	0.524682
1.125	0.41	0.510262
1.125	0.42	0.496043
1.125	0.43	0.482024
1.125	0.44	0.468205
1.125	0.45	0.454587
1.125	0.46	0.441169
1.125	0.47	0.427951
1.125	0.48	0.414934
1.125	0.49	0.402117
1.125	0.5	0.3895
1.125	0.51	0.377083
1.125	0.52	0.364867
1.125	0.53	0.352851
1.125	0.54	0.341036
1.125	0.55	0.329421
1.125	0.56	0.318006
1.125	0.57	0.306791
1.125	0.58	0.295777
1.125	0.59	0.284964
1.125	0.6	0.27435
1.125	0.61	0.263937
1.125	0.62	0.253724
1.125	0.63	0.243712
1.125	0.64	0.2339
1.125	0.65	0.224289
1.125	0.66	0.214877
1.125	0.67	0.205667
1.125	0.68	0.196656
1.125	0.69	0.187846
1.125	0.7	0.179236
1.125	0.71	0.170827
1.125	0.72	0.162618
1.125	0.73	0.154609
1.125	0.74	0.146801
1.125	0.75	0.139193
1.125	0.76	0.131786
1.125	0.77	0.124579
1.125	0.78	0.117572
1.125	0.79	0.110766
1.125	0.8	0.10416
1.125	0.81	0.0977545
1.125	0.82	0.0915494
1.125	0.83	0.0855446
1.125	0.84	0.0797403
1.125	0.85	0.0741363
1.125	0.86	0.0687328
1.125	0.87	0.0635296
1.125	0.88	0.0585268
1.125	0.89	0.0537244
1.125	0.9	0.0491223
1.125	0.91	0.0447207
1.125	0.92	0.0405194
1.125	0.93	0.0365185
1.125	0.94	0.032718
1.125	0.95	0.0291179
1.125	0.96	0.0257182
1.125	0.97	0.0225188
1.125	0.98	0.0195198
1.125	0.99	0.0167212
1.125	1	0.0141229
1.125	1.01	0.0117251
1.125	1.02	0.00952755
1.125	1.03	0.0075304
1.125	1.04	0.00573362
1.125	1.05	0.0041372
1.125	1.06	0.00274114
1.125	1.07	0.00154544
1.125	1.08	0.000550087
1.125	1.09	-0.000244911
1.125	1.1	-0.00083956
1.125	1.11	-0.00123386
1.125	1.12	-0.00142782
1.125	1.13	-0.00142144
1.125	1.14	-0.00121471
1.125	1.15	-0.000807655
1.125	1.16	-0.000200264
1.125	1.17	0.000607457
1.125	1.18	0.0016155
1.125	1.19	0.00282388
1.125	1.2	0.00423257
1.125	1.21	0.00584158
1.125	1.22	0.0076509
1.125	1.23	0.00966053
1.125	1.24	0.0118705
1.125	1.25	0.0142807
1.125	1.26	0.0168913
1.125	1.27	0.0197021
1.125	1.28	0.0227132
1.125	1.29	0.0259246
1.125	1.3	0.0293364
1.125	1.31	0.0329483
1.125	1.32	0.0367606
1.125	1.33	0.0407731
1.125	1.34	0.0449859
1.125	1.35	0.049399
1.125	1.36	0.0540124
1.125	1.37	0.058826
1.125	1.38	0.0638398
1.125	1.39	0.0690539
1.125	1.4	0.0744683
1.125	1.41	0.0800828
1.125	1.42	0.0858977
1.125	1.43	0.0919127
1.125	1.44	0.098128
1.125	1.45	0.104544
1.125	1.46	0.111159
1.125	1.47	0.117975
1.125	1.48	0.124991
1.125	1.49	0.132208
1.125	1.5	0.139624
1.125	1.51	0.147241
1.125	1.52	0.155058
1.125	1.53	0.163075
1.125	1.54	0.171293
1.125	1.55	0.17971
1.125	1.56	0.188328
1.125	1.57	0.197146
1.125	1.58	0.206164
1.125	1.59	0.215382
1.125	1.6	0.224801
1.125	1.61	0.234419
1.125	1.62	0.244238
1.125	1.63	0.254257
1.125	1.64	0.264476
1.125	1.65	0.274895
1.125	1.66	0.285515
1.125	1.67	0.296334
1.125	1.68	0.307354
1.125	1.69	0.318573
1.125	1.7	0.329993
1.125	1.71	0.341613
1.125	1.72	0.353433
1.125	1.73	0.365453
1.125	1.74	0.377674
1.125	1.75	0.390094
1.125	1.76	0.402715
1.125	1.77	0.415535
1.125	1.78	0.428556
1.125	1.79	0.441777
1.125	1.8	0.455198
1.125	1.81	0.468818
1.125	1.82	0.482639
1.125	1.83	0.49666
1.125	1.84	0.510882
1.125	1.85	0.525303
1.125	1.86	0.539924
1.125	1.87	0.554745
1.125	1.88	0.569767
1.125	1.89	0.584988
1.125	1.9	0.600409
1.125	1.91	0.616031
1.125	1.92	0.631852
1.125	1.93	0.647874
1.125	1.94	0.664095
1.125	1.95	0.680517
1.125	1.96	0.697139
1.125	1.97	0.71396
1.125	1.98	0.730982
1.125	1.99	0.748203
1.125	2	0.765625
1.13	0	1.2769
1.13	0.01	1.25437
1.13	0.02	1.23205
1.13	0.03	1.20992
1.13	0.04	1.18799
1.13	0.05	1.16627
1.13	0.06	1.14474
1.13	0.07	1.12341
1.13	0.08	1.10229
1.13	0.09	1.08136
1.13	0.1	1.06064
1.13	0.11	1.04011
1.13	0.12	1.01978
1.13	0.13	0.999657
1.13	0.14	0.979731
1.13	0.15	0.960005
1.13	0.16	0.94048
1.13	0.17	0.921154
1.13	0.18	0.902029
1.13	0.19	0.883104
1.13	0.2	0.864379
1.13	0.21	0.845854
1.13	0.22	0.827529
1.13	0.23	0.809405
1.13	0.24	0.79148
1.13	0.25	0.773756
1.13	0.26	0.756232
1.13	0.27	0.738909
1.13	0.28	0.721785
1.13	0.29	0.704862
1.13	0.3	0.688139
1.13	0.31	0.671616
1.13	0.32	0.655293
1.13	0.33	0.639171
1.13	0.34	0.623248
1.13	0.35	0.607527
1.13	0.36	0.592005
1.13	0.37	0.576684
1.13	0.38	0.561562
1.13	0.39	0.546642
1.13	0.4	0.531921
1.13	0.41	0.517401
1.13	0.42	0.503081
1.13	0.43	0.488961
1.13	0.44	0.475042
1.13	0.45	0.461323
1.13	0.46	0.447804
1.13	0.47	0.434486
1.13	0.48	0.421368
1.13	0.49	0.40845
1.13	0.5	0.395732
1.13	0.51	0.383215
1.13	0.52	0.370899
1.13	0.53	0.358782
1.13	0.54	0.346866
1.13	0.55	0.33515
1.13	0.56	0.323635
1.13	0.57	0.31232
1.13	0.58	0.301205
1.13	0.59	0.290291
1.13	0.6	0.279577
1.13	0.61	0.269064
1.13	0.62	0.25875
1.13	0.63	0.248638
1.13	0.64	0.238725
1.13	0.65	0.229013
1.13	0.66	0.219502
1.13	0.67	0.21019
1.13	0.68	0.201079
1.13	0.69	0.192169
1.13	0.7	0.183459
1.13	0.71	0.174949
1.13	0.72	0.16664
1.13	0.73	0.158531
1.13	0.74	0.150623
1.13	0.75	0.142914
1.13	0.76	0.135407
1.13	0.77	0.128099
1.13	0.78	0.120992
1.13	0.79	0.114086
1.13	0.8	0.10738
1.13	0.81	0.100874
1.13	0.82	0.0945688
1.13	0.83	0.0884639
1.13	0.84	0.0825593
1.13	0.85	0.0768552
1.13	0.86	0.0713515
1.13	0.87	0.0660482
1.13	0.88	0.0609453
1.13	0.89	0.0560428
1.13	0.9	0.0513407
1.13	0.91	0.046839
1.13	0.92	0.0425377
1.13	0.93	0.0384368
1.13	0.94	0.0345362
1.13	0.95	0.0308361
1.13	0.96	0.0273364
1.13	0.97	0.024037
1.13	0.98	0.0209381
1.13	0.99	0.0180395
1.13	1	0.0153413
1.13	1.01	0.0128435
1.13	1.02	0.0105461
1.13	1.03	0.00844907
1.13	1.04	0.00655241
1.13	1.05	0.00485613
1.13	1.06	0.00336022
1.13	1.07	0.00206468
1.13	1.08	0.000969501
1.13	1.09	7.46922e-05
1.13	1.1	-0.000619754
1.13	1.11	-0.00111384
1.13	1.12	-0.00140757
1.13	1.13	-0.00150095
1.13	1.14	-0.00139397
1.13	1.15	-0.00108665
1.13	1.16	-0.000578975
1.13	1.17	0.000129037
1.13	1.18	0.00103739
1.13	1.19	0.00214608
1.13	1.2	0.00345509
1.13	1.21	0.00496444
1.13	1.22	0.00667412
1.13	1.23	0.00858411
1.13	1.24	0.0106944
1.13	1.25	0.0130051
1.13	1.26	0.015516
1.13	1.27	0.0182272
1.13	1.28	0.0211388
1.13	1.29	0.0242506
1.13	1.3	0.0275628
1.13	1.31	0.0310752
1.13	1.32	0.034788
1.13	1.33	0.038701
1.13	1.34	0.0428143
1.13	1.35	0.0471278
1.13	1.36	0.0516417
1.13	1.37	0.0563558
1.13	1.38	0.0612702
1.13	1.39	0.0663848
1.13	1.4	0.0716997
1.13	1.41	0.0772148
1.13	1.42	0.0829302
1.13	1.43	0.0888458
1.13	1.44	0.0949617
1.13	1.45	0.101278
1.13	1.46	0.107794
1.13	1.47	0.114511
1.13	1.48	0.121428
1.13	1.49	0.128545
1.13	1.5	0.135862
1.13	1.51	0.143379
1.13	1.52	0.151097
1.13	1.53	0.159015
1.13	1.54	0.167133
1.13	1.55	0.175451
1.13	1.56	0.183969
1.13	1.57	0.192688
1.13	1.58	0.201607
1.13	1.59	0.210726
1.13	1.6	0.220045
1.13	1.61	0.229564
1.13	1.62	0.239284
1.13	1.63	0.249203
1.13	1.64	0.259323
1.13	1.65	0.269643
1.13	1.66	0.280163
1.13	1.67	0.290883
1.13	1.68	0.301803
1.13	1.69	0.312924
1.13	1.7	0.324244
1.13	1.71	0.335765
1.13	1.72	0.347486
1.13	1.73	0.359407
1.13	1.74	0.371528
1.13	1.75	0.383849
1.13	1.76	0.39637
1.13	1.77	0.409092
1.13	1.78	0.422013
1.13	1.79	0.435135
1.13	1.8	0.448456
1.13	1.81	0.461978
1.13	1.82	0.4757
1.13	1.83	0.489622
1.13	1.84	0.503744
1.13	1.85	0.518066
1.13	1.86	0.532588
1.13	1.87	0.54731
1.13	1.88	0.562232
1.13	1.89	0.577354
1.13	1.9	0.592676
1.13	1.91	0.608199
1.13	1.92	0.623921
1.13	1.93	0.639843
1.13	1.94	0.655966
1.13	1.95	0.672288
1.13	1.96	0.68881
1.13	1.97	0.705533
1.13	1.98	0.722455
1.13	1.99	0.739578
1.13	2	0.7569
1.135	0	1.28822
1.135	0.01	1.2656
1.135	0.02	1.24317
1.135	0.03	1.22094
1.135	0.04	1.19891
1.135	0.05	1.17709
1.135	0.06	1.15546
1.135	0.07	1.13403
1.135	0.08	1.11281
1.135	0.09	1.09178
1.135	0.1	1.07095
1.135	0.11	1.05032
1.135	0.12	1.0299
1.135	0.13	1.00967
1.135	0.14	0.989643
1.135	0.15	0.969816
1.135	0.16	0.95019
1.135	0.17	0.930763
1.135	0.18	0.911537
1.135	0.19	0.892511
1.135	0.2	0.873685
1.135	0.21	0.855059
1.135	0.22	0.836634
1.135	0.23	0.818408
1.135	0.24	0.800383
1.135	0.25	0.782558
1.135	0.26	0.764933
1.135	0.27	0.747509
1.135	0.28	0.730284
1.135	0.29	0.71326
1.135	0.3	0.696436
1.135	0.31	0.679812
1.135	0.32	0.663389
1.135	0.33	0.647166
1.135	0.34	0.631143
1.135	0.35	0.61532
1.135	0.36	0.599698
1.135	0.37	0.584276
1.135	0.38	0.569054
1.135	0.39	0.554032
1.135	0.4	0.539211
1.135	0.41	0.52459
1.135	0.42	0.510169
1.135	0.43	0.495949
1.135	0.44	0.481929
1.135	0.45	0.468109
1.135	0.46	0.45449
1.135	0.47	0.44107
1.135	0.48	0.427852
1.135	0.49	0.414833
1.135	0.5	0.402015
1.135	0.51	0.389398
1.135	0.52	0.37698
1.135	0.53	0.364763
1.135	0.54	0.352747
1.135	0.55	0.34093
1.135	0.56	0.329314
1.135	0.57	0.317899
1.135	0.58	0.306684
1.135	0.59	0.295669
1.135	0.6	0.284854
1.135	0.61	0.27424
1.135	0.62	0.263827
1.135	0.63	0.253614
1.135	0.64	0.243601
1.135	0.65	0.233788
1.135	0.66	0.224176
1.135	0.67	0.214765
1.135	0.68	0.205553
1.135	0.69	0.196542
1.135	0.7	0.187732
1.135	0.71	0.179122
1.135	0.72	0.170712
1.135	0.73	0.162503
1.135	0.74	0.154494
1.135	0.75	0.146686
1.135	0.76	0.139078
1.135	0.77	0.13167
1.135	0.78	0.124463
1.135	0.79	0.117456
1.135	0.8	0.11065
1.135	0.81	0.104044
1.135	0.82	0.0976385
1.135	0.83	0.0914335
1.135	0.84	0.0854288
1.135	0.85	0.0796245
1.135	0.86	0.0740207
1.135	0.87	0.0686173
1.135	0.88	0.0634142
1.135	0.89	0.0584116
1.135	0.9	0.0536095
1.135	0.91	0.0490077
1.135	0.92	0.0446063
1.135	0.93	0.0404054
1.135	0.94	0.0364048
1.135	0.95	0.0326047
1.135	0.96	0.029005
1.135	0.97	0.0256057
1.135	0.98	0.0224067
1.135	0.99	0.0194082
1.135	1	0.0166101
1.135	1.01	0.0140124
1.135	1.02	0.0116151
1.135	1.03	0.00941814
1.135	1.04	0.0074216
1.135	1.05	0.00562545
1.135	1.06	0.00402969
1.135	1.07	0.0026343
1.135	1.08	0.0014393
1.135	1.09	0.000444683
1.135	1.1	-0.000349564
1.135	1.11	-0.000943437
1.135	1.12	-0.00133694
1.135	1.13	-0.00153008
1.135	1.14	-0.00152285
1.135	1.15	-0.00131526
1.135	1.16	-0.000907312
1.135	1.17	-0.00029901
1.135	1.18	0.000509643
1.135	1.19	0.00151864
1.135	1.2	0.00272799
1.135	1.21	0.00413767
1.135	1.22	0.0057477
1.135	1.23	0.00755805
1.135	1.24	0.00956874
1.135	1.25	0.0117798
1.135	1.26	0.0141911
1.135	1.27	0.0168027
1.135	1.28	0.0196147
1.135	1.29	0.022627
1.135	1.3	0.0258396
1.135	1.31	0.0292525
1.135	1.32	0.0328656
1.135	1.33	0.0366791
1.135	1.34	0.0406929
1.135	1.35	0.044907
1.135	1.36	0.0493213
1.135	1.37	0.0539359
1.135	1.38	0.0587508
1.135	1.39	0.063766
1.135	1.4	0.0689814
1.135	1.41	0.0743971
1.135	1.42	0.080013
1.135	1.43	0.0858292
1.135	1.44	0.0918457
1.135	1.45	0.0980624
1.135	1.46	0.104479
1.135	1.47	0.111096
1.135	1.48	0.117914
1.135	1.49	0.124931
1.135	1.5	0.132149
1.135	1.51	0.139567
1.135	1.52	0.147186
1.135	1.53	0.155004
1.135	1.54	0.163023
1.135	1.55	0.171242
1.135	1.56	0.179661
1.135	1.57	0.18828
1.135	1.58	0.1971
1.135	1.59	0.206119
1.135	1.6	0.215339
1.135	1.61	0.224759
1.135	1.62	0.234379
1.135	1.63	0.244199
1.135	1.64	0.25422
1.135	1.65	0.264441
1.135	1.66	0.274861
1.135	1.67	0.285482
1.135	1.68	0.296303
1.135	1.69	0.307325
1.135	1.7	0.318546
1.135	1.71	0.329967
1.135	1.72	0.341589
1.135	1.73	0.353411
1.135	1.74	0.365432
1.135	1.75	0.377654
1.135	1.76	0.390076
1.135	1.77	0.402698
1.135	1.78	0.415521
1.135	1.79	0.428543
1.135	1.8	0.441765
1.135	1.81	0.455188
1.135	1.82	0.46881
1.135	1.83	0.482633
1.135	1.84	0.496656
1.135	1.85	0.510879
1.135	1.86	0.525301
1.135	1.87	0.539924
1.135	1.88	0.554747
1.135	1.89	0.56977
1.135	1.9	0.584993
1.135	1.91	0.600416
1.135	1.92	0.616039
1.135	1.93	0.631863
1.135	1.94	0.647886
1.135	1.95	0.664109
1.135	1.96	0.680532
1.135	1.97	0.697155
1.135	1.98	0.713979
1.135	1.99	0.731002
1.135	2	0.748225
1.14	0	1.2996
1.14	0.01	1.27687
1.14	0.02	1.25434
1.14	0.03	1.23201
1.14	0.04	1.20989
1.14	0.05	1.18796
1.14	0.06	1.16623
1.14	0.07	1.1447
1.14	0.08	1.12337
1.14	0.09	1.10224
1.14	0.1	1.08132
1.14	0.11	1.06059
1.14	0.12	1.04006
1.14	0.13	1.01973
1.14	0.14	0.999605
1.14	0.15	0.979677
1.14	0.16	0.95995
1.14	0.17	0.940422
1.14	0.18	0.921095
1.14	0.19	0.901968
1.14	0.2	0.883041
1.14	0.21	0.864315
1.14	0.22	0.845788
1.14	0.23	0.827462
1.14	0.24	0.809336
1.14	0.25	0.79141
1.14	0.26	0.773684
1.14	0.27	0.756159
1.14	0.28	0.738833
1.14	0.29	0.721708
1.14	0.3	0.704784
1.14	0.31	0.688059
1.14	0.32	0.671535
1.14	0.33	0.655211
1.14	0.34	0.639087
1.14	0.35	0.623164
1.14	0.36	0.60744
1.14	0.37	0.591917
1.14	0.38	0.576595
1.14	0.39	0.561473
1.14	0.4	0.54655
1.14	0.41	0.531829
1.14	0.42	0.517307
1.14	0.43	0.502986
1.14	0.44	0.488866
1.14	0.45	0.474945
1.14	0.46	0.461225
1.14	0.47	0.447705
1.14	0.48	0.434386
1.14	0.49	0.421267
1.14	0.5	0.408348
1.14	0.51	0.39563
1.14	0.52	0.383112
1.14	0.53	0.370794
1.14	0.54	0.358677
1.14	0.55	0.34676
1.14	0.56	0.335044
1.14	0.57	0.323528
1.14	0.58	0.312212
1.14	0.59	0.301097
1.14	0.6	0.290182
1.14	0.61	0.279467
1.14	0.62	0.268953
1.14	0.63	0.258639
1.14	0.64	0.248526
1.14	0.65	0.238613
1.14	0.66	0.228901
1.14	0.67	0.219389
1.14	0.68	0.210077
1.14	0.69	0.200966
1.14	0.7	0.192055
1.14	0.71	0.183345
1.14	0.72	0.174835
1.14	0.73	0.166525
1.14	0.74	0.158416
1.14	0.75	0.150507
1.14	0.76	0.142799
1.14	0.77	0.135291
1.14	0.78	0.127984
1.14	0.79	0.120877
1.14	0.8	0.11397
1.14	0.81	0.107264
1.14	0.82	0.100758
1.14	0.83	0.0944531
1.14	0.84	0.0883482
1.14	0.85	0.0824438
1.14	0.86	0.0767398
1.14	0.87	0.0712363
1.14	0.88	0.0659332
1.14	0.89	0.0608305
1.14	0.9	0.0559282
1.14	0.91	0.0512264
1.14	0.92	0.046725
1.14	0.93	0.042424
1.14	0.94	0.0383234
1.14	0.95	0.0344233
1.14	0.96	0.0307236
1.14	0.97	0.0272243
1.14	0.98	0.0239254
1.14	0.99	0.0208269
1.14	1	0.0179289
1.14	1.01	0.0152313
1.14	1.02	0.012734
1.14	1.03	0.0104372
1.14	1.04	0.00834079
1.14	1.05	0.00644477
1.14	1.06	0.00474915
1.14	1.07	0.00325393
1.14	1.08	0.00195911
1.14	1.09	0.000864675
1.14	1.1	-2.93704e-05
1.14	1.11	-0.00072303
1.14	1.12	-0.00121631
1.14	1.13	-0.0015092
1.14	1.14	-0.00160172
1.14	1.15	-0.00149387
1.14	1.16	-0.00118564
1.14	1.17	-0.000677054
1.14	1.18	3.19011e-05
1.14	1.19	0.000941215
1.14	1.2	0.00205089
1.14	1.21	0.00336091
1.14	1.22	0.00487128
1.14	1.23	0.006582
1.14	1.24	0.00849306
1.14	1.25	0.0106045
1.14	1.26	0.0129162
1.14	1.27	0.0154282
1.14	1.28	0.0181406
1.14	1.29	0.0210533
1.14	1.3	0.0241664
1.14	1.31	0.0274797
1.14	1.32	0.0309933
1.14	1.33	0.0347073
1.14	1.34	0.0386215
1.14	1.35	0.0427361
1.14	1.36	0.0470509
1.14	1.37	0.0515661
1.14	1.38	0.0562815
1.14	1.39	0.0611972
1.14	1.4	0.0663131
1.14	1.41	0.0716294
1.14	1.42	0.0771459
1.14	1.43	0.0828626
1.14	1.44	0.0887796
1.14	1.45	0.0948969
1.14	1.46	0.101214
1.14	1.47	0.107732
1.14	1.48	0.11445
1.14	1.49	0.121368
1.14	1.5	0.128487
1.14	1.51	0.135806
1.14	1.52	0.143324
1.14	1.53	0.151044
1.14	1.54	0.158963
1.14	1.55	0.167082
1.14	1.56	0.175402
1.14	1.57	0.183922
1.14	1.58	0.192642
1.14	1.59	0.201563
1.14	1.6	0.210683
1.14	1.61	0.220004
1.14	1.62	0.229525
1.14	1.63	0.239246
1.14	1.64	0.249167
1.14	1.65	0.259288
1.14	1.66	0.26961
1.14	1.67	0.280131
1.14	1.68	0.290853
1.14	1.69	0.301775
1.14	1.7	0.312897
1.14	1.71	0.324219
1.14	1.72	0.335742
1.14	1.73	0.347464
1.14	1.74	0.359387
1.14	1.75	0.371509
1.14	1.76	0.383832
1.14	1.77	0.396355
1.14	1.78	0.409078
1.14	1.79	0.422001
1.14	1.8	0.435124
1.14	1.81	0.448448
1.14	1.82	0.461971
1.14	1.83	0.475694
1.14	1.84	0.489618
1.14	1.85	0.503742
1.14	1.86	0.518065
1.14	1.87	0.532589
1.14	1.88	0.547313
1.14	1.89	0.562236
1.14	1.9	0.57736
1.14	1.91	0.592684
1.14	1.92	0.608208
1.14	1.93	0.623932
1.14	1.94	0.639856
1.14	1.95	0.65598
1.14	1.96	0.672304
1.14	1.97	0.688828
1.14	1.98	0.705552
1.14	1.99	0.722476
1.14	2	0.7396
1.145	0	1.31103
1.145	0.01	1.2882
1.145	0.02	1.26557
1.145	0.03	1.24314
1.145	0.04	1.22091
1.145	0.05	1.19888
1.145	0.06	1.17705
1.145	0.07	1.15542
1.145	0.08	1.13399
1.145	0.09	1.11276
1.145	0.1	1.09173
1.145	0.11	1.0709
1.145	0.12	1.05027
1.145	0.13	1.02985
1.145	0.14	1.00962
1.145	0.15	0.989588
1.145	0.16	0.96976
1.145	0.17	0.950131
1.145	0.18	0.930703
1.145	0.19	0.911475
1.145	0.2	0.892448
1.145	0.21	0.87362
1.145	0.22	0.854993
1.145	0.23	0.836566
1.145	0.24	0.818339
1.145	0.25	0.800312
1.145	0.26	0.782485
1.145	0.27	0.764859
1.145	0.28	0.747433
1.145	0.29	0.730207
1.145	0.3	0.713182
1.145	0.31	0.696356
1.145	0.32	0.679731
1.145	0.33	0.663306
1.145	0.34	0.647082
1.145	0.35	0.631058
1.145	0.36	0.615234
1.145	0.37	0.59961
1.145	0.38	0.584187
1.145	0.39	0.568963
1.145	0.4	0.553941
1.145	0.41	0.539118
1.145	0.42	0.524496
1.145	0.43	0.510074
1.145	0.44	0.495853
1.145	0.45	0.481832
1.145	0.46	0.468011
1.145	0.47	0.454391
1.145	0.48	0.440971
1.145	0.49	0.427751
1.145	0.5	0.414732
1.145	0.51	0.401913
1.145	0.52	0.389294
1.145	0.53	0.376876
1.145	0.54	0.364658
1.145	0.55	0.352641
1.145	0.56	0.340824
1.145	0.57	0.329207
1.145	0.58	0.317791
1.145	0.59	0.306575
1.145	0.6	0.29556
1.145	0.61	0.284745
1.145	0.62	0.27413
1.145	0.63	0.263716
1.145	0.64	0.253502
1.145	0.65	0.243489
1.145	0.66	0.233676
1.145	0.67	0.224064
1.145	0.68	0.214652
1.145	0.69	0.20544
1.145	0.7	0.196429
1.145	0.71	0.187618
1.145	0.72	0.179008
1.145	0.73	0.170598
1.145	0.74	0.162388
1.145	0.75	0.154379
1.145	0.76	0.146571
1.145	0.77	0.138963
1.145	0.78	0.131555
1.145	0.79	0.124348
1.145	0.8	0.117341
1.145	0.81	0.110535
1.145	0.82	0.103929
1.145	0.83	0.0975235
1.145	0.84	0.0913185
1.145	0.85	0.0853139
1.145	0.86	0.0795098
1.145	0.87	0.0739061
1.145	0.88	0.0685029
1.145	0.89	0.0633001
1.145	0.9	0.0582978
1.145	0.91	0.0534959
1.145	0.92	0.0488945
1.145	0.93	0.0444934
1.145	0.94	0.0402929
1.145	0.95	0.0362927
1.145	0.96	0.032493
1.145	0.97	0.0288937
1.145	0.98	0.0254949
1.145	0.99	0.0222965
1.145	1	0.0192985
1.145	1.01	0.0165009
1.145	1.02	0.0139038
1.145	1.03	0.0115071
1.145	1.04	0.00931079
1.145	1.05	0.0073149
1.145	1.06	0.00551943
1.145	1.07	0.00392437
1.145	1.08	0.00252972
1.145	1.09	0.00133547
1.145	1.1	0.000341619
1.145	1.11	-0.00045183
1.145	1.12	-0.00104488
1.145	1.13	-0.00143754
1.145	1.14	-0.00162982
1.145	1.15	-0.0016217
1.145	1.16	-0.0014132
1.145	1.17	-0.00100433
1.145	1.18	-0.000395076
1.145	1.19	0.000414547
1.145	1.2	0.00142454
1.145	1.21	0.00263489
1.145	1.22	0.00404561
1.145	1.23	0.00565668
1.145	1.24	0.0074681
1.145	1.25	0.00947988
1.145	1.26	0.011692
1.145	1.27	0.0141045
1.145	1.28	0.0167173
1.145	1.29	0.0195304
1.145	1.3	0.0225438
1.145	1.31	0.0257576
1.145	1.32	0.0291717
1.145	1.33	0.0327861
1.145	1.34	0.0366009
1.145	1.35	0.0406159
1.145	1.36	0.0448312
1.145	1.37	0.0492469
1.145	1.38	0.0538628
1.145	1.39	0.058679
1.145	1.4	0.0636955
1.145	1.41	0.0689122
1.145	1.42	0.0743293
1.145	1.43	0.0799466
1.145	1.44	0.0857642
1.145	1.45	0.091782
1.145	1.46	0.0980001
1.145	1.47	0.104418
1.145	1.48	0.111037
1.145	1.49	0.117856
1.145	1.5	0.124875
1.145	1.51	0.132094
1.145	1.52	0.139514
1.145	1.53	0.147134
1.145	1.54	0.154954
1.145	1.55	0.162974
1.145	1.56	0.171194
1.145	1.57	0.179615
1.145	1.58	0.188236
1.145	1.59	0.197057
1.145	1.6	0.206078
1.145	1.61	0.215299
1.145	1.62	0.224721
1.145	1.63	0.234342
1.145	1.64	0.244164
1.145	1.65	0.254186
1.145	1.66	0.264409
1.145	1.67	0.274831
1.145	1.68	0.285453
1.145	1.69	0.296276
1.145	1.7	0.307299
1.145	1.71	0.318522
1.145	1.72	0.329945
1.145	1.73	0.341568
1.145	1.74	0.353391
1.145	1.75	0.365415
1.145	1.76	0.377638
1.145	1.77	0.390062
1.145	1.78	0.402686
1.145	1.79	0.41551
1.145	1.8	0.428534
1.145	1.81	0.441758
1.145	1.82	0.455182
1.145	1.83	0.468806
1.145	1.84	0.48263
1.145	1.85	0.496655
1.145	1.86	0.510879
1.145	1.87	0.525304
1.145	1.88	0.539928
1.145	1.89	0.554753
1.145	1.9	0.569777
1.145	1.91	0.585002
1.145	1.92	0.600427
1.145	1.93	0.616051
1.145	1.94	0.631876
1.145	1.95	0.647901
1.145	1.96	0.664126
1.145	1.97	0.680551
1.145	1.98	0.697175
1.145	1.99	0.714
1.145	2	0.731025
1.15	0	1.3225
1.15	0.01	1.29957
1.15	0.02	1.27684
1.15	0.03	1.25431
1.15	0.04	1.23198
1.15	0.05	1.20985
1.15	0.06	1.18792
1.15	0.07	1.16619
1.15	0.08	1.14466
1.15	0.09	1.12333
1.15	0.1	1.1022
1.15	0.11	1.08127
1.15	0.12	1.06054
1.15	0.13	1.04001
1.15	0.14	1.01968
1.15	0.15	0.999549
1.15	0.16	0.97962
1.15	0.17	0.959891
1.15	0.18	0.940362
1.15	0.19	0.921033
1.15	0.2	0.901904
1.15	0.21	0.882976
1.15	0.22	0.864248
1.15	0.23	0.84572
1.15	0.24	0.827392
1.15	0.25	0.809264
1.15	0.26	0.791337
1.15	0.27	0.77361
1.15	0.28	0.756083
1.15	0.29	0.738756
1.15	0.3	0.72163
1.15	0.31	0.704704
1.15	0.32	0.687978
1.15	0.33	0.671452
1.15	0.34	0.655127
1.15	0.35	0.639002
1.15	0.36	0.623077
1.15	0.37	0.607353
1.15	0.38	0.591828
1.15	0.39	0.576505
1.15	0.4	0.561381
1.15	0.41	0.546458
1.15	0.42	0.531735
1.15	0.43	0.517213
1.15	0.44	0.502891
1.15	0.45	0.488769
1.15	0.46	0.474847
1.15	0.47	0.461126
1.15	0.48	0.447606
1.15	0.49	0.434285
1.15	0.5	0.421166
1.15	0.51	0.408246
1.15	0.52	0.395527
1.15	0.53	0.383008
1.15	0.54	0.37069
1.15	0.55	0.358572
1.15	0.56	0.346654
1.15	0.57	0.334937
1.15	0.58	0.32342
1.15	0.59	0.312104
1.15	0.6	0.300988
1.15	0.61	0.290073
1.15	0.62	0.279358
1.15	0.63	0.268843
1.15	0.64	0.258529
1.15	0.65	0.248415
1.15	0.66	0.238502
1.15	0.67	0.228789
1.15	0.68	0.219276
1.15	0.69	0.209965
1.15	0.7	0.200853
1.15	0.71	0.191942
1.15	0.72	0.183231
1.15	0.73	0.174721
1.15	0.74	0.166411
1.15	0.75	0.158302
1.15	0.76	0.150393
1.15	0.77	0.142685
1.15	0.78	0.135177
1.15	0.79	0.12787
1.15	0.8	0.120763
1.15	0.81	0.113856
1.15	0.82	0.10715
1.15	0.83	0.100644
1.15	0.84	0.0943391
1.15	0.85	0.0882344
1.15	0.86	0.0823302
1.15	0.87	0.0766264
1.15	0.88	0.0711231
1.15	0.89	0.0658202
1.15	0.9	0.0607178
1.15	0.91	0.0558159
1.15	0.92	0.0511144
1.15	0.93	0.0466133
1.15	0.94	0.0423127
1.15	0.95	0.0382126
1.15	0.96	0.0343129
1.15	0.97	0.0306136
1.15	0.98	0.0271148
1.15	0.99	0.0238165
1.15	1	0.0207185
1.15	1.01	0.0178211
1.15	1.02	0.015124
1.15	1.03	0.0126274
1.15	1.04	0.0103312
1.15	1.05	0.00823547
1.15	1.06	0.00634014
1.15	1.07	0.00464524
1.15	1.08	0.00315075
1.15	1.09	0.00185669
1.15	1.1	0.000763035
1.15	1.11	-0.000130206
1.15	1.12	-0.000823038
1.15	1.13	-0.00131546
1.15	1.14	-0.00160749
1.15	1.15	-0.00169912
1.15	1.16	-0.00159035
1.15	1.17	-0.00128119
1.15	1.18	-0.000771643
1.15	1.19	-6.17134e-05
1.15	1.2	0.000848595
1.15	1.21	0.00195928
1.15	1.22	0.00327033
1.15	1.23	0.00478176
1.15	1.24	0.00649355
1.15	1.25	0.0084057
1.15	1.26	0.0105182
1.15	1.27	0.0128311
1.15	1.28	0.0153443
1.15	1.29	0.0180578
1.15	1.3	0.0209717
1.15	1.31	0.0240859
1.15	1.32	0.0274005
1.15	1.33	0.0309153
1.15	1.34	0.0346305
1.15	1.35	0.038546
1.15	1.36	0.0426619
1.15	1.37	0.046978
1.15	1.38	0.0514944
1.15	1.39	0.0562111
1.15	1.4	0.0611282
1.15	1.41	0.0662455
1.15	1.42	0.071563
1.15	1.43	0.0770809
1.15	1.44	0.0827991
1.15	1.45	0.0887175
1.15	1.46	0.0948361
1.15	1.47	0.101155
1.15	1.48	0.107674
1.15	1.49	0.114394
1.15	1.5	0.121313
1.15	1.51	0.128433
1.15	1.52	0.135753
1.15	1.53	0.143274
1.15	1.54	0.150994
1.15	1.55	0.158915
1.15	1.56	0.167036
1.15	1.57	0.175358
1.15	1.58	0.183879
1.15	1.59	0.192601
1.15	1.6	0.201523
1.15	1.61	0.210645
1.15	1.62	0.219967
1.15	1.63	0.229489
1.15	1.64	0.239212
1.15	1.65	0.249135
1.15	1.66	0.259258
1.15	1.67	0.269581
1.15	1.68	0.280104
1.15	1.69	0.290827
1.15	1.7	0.301751
1.15	1.71	0.312874
1.15	1.72	0.324198
1.15	1.73	0.335722
1.15	1.74	0.347446
1.15	1.75	0.35937
1.15	1.76	0.371495
1.15	1.77	0.383819
1.15	1.78	0.396344
1.15	1.79	0.409068
1.15	1.8	0.421993
1.15	1.81	0.435118
1.15	1.82	0.448443
1.15	1.83	0.461968
1.15	1.84	0.475693
1.15	1.85	0.489618
1.15	1.86	0.503743
1.15	1.87	0.518068
1.15	1.88	0.532594
1.15	1.89	0.547319
1.15	1.9	0.562244
1.15	1.91	0.57737
1.15	1.92	0.592695
1.15	1.93	0.608221
1.15	1.94	0.623946
1.15	1.95	0.639872
1.15	1.96	0.655998
1.15	1.97	0.672323
1.15	1.98	0.688849
1.15	1.99	0.705574
1.15	2	0.7225
1.155	0	1.33403
1.155	0.01	1.31099
1.155	0.02	1.28816
1.155	0.03	1.26553
1.155	0.04	1.2431
1.155	0.05	1.22087
1.155	0.06	1.19884
1.155	0.07	1.17701
1.155	0.08	1.15537
1.155	0.09	1.13394
1.155	0.1	1.11271
1.155	0.11	1.09168
1.155	0.12	1.07085
1.155	0.13	1.05022
1.155	0.14	1.02979
1.155	0.15	1.00956
1.155	0.16	0.98953
1.155	0.17	0.9697
1.155	0.18	0.95007
1.155	0.19	0.93064
1.155	0.2	0.911411
1.155	0.21	0.892382
1.155	0.22	0.873553
1.155	0.23	0.854924
1.155	0.24	0.836495
1.155	0.25	0.818267
1.155	0.26	0.800238
1.155	0.27	0.78241
1.155	0.28	0.764783
1.155	0.29	0.747355
1.155	0.3	0.730128
1.155	0.31	0.713101
1.155	0.32	0.696274
1.155	0.33	0.679648
1.155	0.34	0.663222
1.155	0.35	0.646996
1.155	0.36	0.63097
1.155	0.37	0.615145
1.155	0.38	0.59952
1.155	0.39	0.584096
1.155	0.4	0.568872
1.155	0.41	0.553848
1.155	0.42	0.539024
1.155	0.43	0.524401
1.155	0.44	0.509978
1.155	0.45	0.495756
1.155	0.46	0.481734
1.155	0.47	0.467912
1.155	0.48	0.454291
1.155	0.49	0.44087
1.155	0.5	0.427649
1.155	0.51	0.414629
1.155	0.52	0.401809
1.155	0.53	0.38919
1.155	0.54	0.376771
1.155	0.55	0.364553
1.155	0.56	0.352535
1.155	0.57	0.340717
1.155	0.58	0.3291
1.155	0.59	0.317683
1.155	0.6	0.306467
1.155	0.61	0.295451
1.155	0.62	0.284635
1.155	0.63	0.27402
1.155	0.64	0.263605
1.155	0.65	0.253391
1.155	0.66	0.243377
1.155	0.67	0.233564
1.155	0.68	0.223951
1.155	0.69	0.214539
1.155	0.7	0.205327
1.155	0.71	0.196316
1.155	0.72	0.187505
1.155	0.73	0.178894
1.155	0.74	0.170484
1.155	0.75	0.162275
1.155	0.76	0.154266
1.155	0.77	0.146457
1.155	0.78	0.138849
1.155	0.79	0.131441
1.155	0.8	0.124234
1.155	0.81	0.117227
1.155	0.82	0.110421
1.155	0.83	0.103815
1.155	0.84	0.0974098
1.155	0.85	0.091205
1.155	0.86	0.0852006
1.155	0.87	0.0793967
1.155	0.88	0.0737933
1.155	0.89	0.0683903
1.155	0.9	0.0631878
1.155	0.91	0.0581858
1.155	0.92	0.0533843
1.155	0.93	0.0487832
1.155	0.94	0.0443826
1.155	0.95	0.0401824
1.155	0.96	0.0361827
1.155	0.97	0.0323835
1.155	0.98	0.0287848
1.155	0.99	0.0253864
1.155	1	0.0221886
1.155	1.01	0.0191912
1.155	1.02	0.0163942
1.155	1.03	0.0137977
1.155	1.04	0.0114017
1.155	1.05	0.00920603
1.155	1.06	0.00721085
1.155	1.07	0.0054161
1.155	1.08	0.00382179
1.155	1.09	0.00242791
1.155	1.1	0.00123445
1.155	1.11	0.000241422
1.155	1.12	-0.000551189
1.155	1.13	-0.00114338
1.155	1.14	-0.00153516
1.155	1.15	-0.00172653
1.155	1.16	-0.00171749
1.155	1.17	-0.00150805
1.155	1.18	-0.0010982
1.155	1.19	-0.000487969
1.155	1.2	0.000322658
1.155	1.21	0.00133367
1.155	1.22	0.00254506
1.155	1.23	0.00395684
1.155	1.24	0.005569
1.155	1.25	0.00738152
1.155	1.26	0.00939442
1.155	1.27	0.0116077
1.155	1.28	0.0140213
1.155	1.29	0.0166353
1.155	1.3	0.0194496
1.155	1.31	0.0224642
1.155	1.32	0.0256792
1.155	1.33	0.0290946
1.155	1.34	0.0327102
1.155	1.35	0.0365262
1.155	1.36	0.0405425
1.155	1.37	0.0447591
1.155	1.38	0.0491761
1.155	1.39	0.0537933
1.155	1.4	0.0586108
1.155	1.41	0.0636287
1.155	1.42	0.0688468
1.155	1.43	0.0742652
1.155	1.44	0.0798839
1.155	1.45	0.0857029
1.155	1.46	0.0917222
1.155	1.47	0.0979417
1.155	1.48	0.104361
1.155	1.49	0.110982
1.155	1.5	0.117802
1.155	1.51	0.124822
1.155	1.52	0.132043
1.155	1.53	0.139464
1.155	1.54	0.147085
1.155	1.55	0.154907
1.155	1.56	0.162929
1.155	1.57	0.17115
1.155	1.58	0.179573
1.155	1.59	0.188195
1.155	1.6	0.197017
1.155	1.61	0.20604
1.155	1.62	0.215263
1.155	1.63	0.224686
1.155	1.64	0.234309
1.155	1.65	0.244133
1.155	1.66	0.254157
1.155	1.67	0.26438
1.155	1.68	0.274804
1.155	1.69	0.285428
1.155	1.7	0.296253
1.155	1.71	0.307277
1.155	1.72	0.318502
1.155	1.73	0.329926
1.155	1.74	0.341551
1.155	1.75	0.353376
1.155	1.76	0.365401
1.155	1.77	0.377626
1.155	1.78	0.390052
1.155	1.79	0.402677
1.155	1.8	0.415502
1.155	1.81	0.428528
1.155	1.82	0.441754
1.155	1.83	0.455179
1.155	1.84	0.468805
1.155	1.85	0.482631
1.155	1.86	0.496657
1.155	1.87	0.510883
1.155	1.88	0.525309
1.155	1.89	0.539935
1.155	1.9	0.554762
1.155	1.91	0.569788
1.155	1.92	0.585014
1.155	1.93	0.60044
1.155	1.94	0.616067
1.155	1.95	0.631893
1.155	1.96	0.647919
1.155	1.97	0.664146
1.155	1.98	0.680572
1.155	1.99	0.697199
1.155	2	0.714025
1.16	0	1.3456
1.16	0.01	1.32247
1.16	0.02	1.29954
1.16	0.03	1.2768
1.16	0.04	1.25427
1.16	0.05	1.23194
1.16	0.06	1.20981
1.16	0.07	1.18787
1.16	0.08	1.16614
1.16	0.09	1.14461
1.16	0.1	1.12328
1.16	0.11	1.10215
1.16	0.12	1.08122
1.16	0.13	1.06048
1.16	0.14	1.03995
1.16	0.15	1.01962
1.16	0.16	0.99949
1.16	0.17	0.97956
1.16	0.18	0.959829
1.16	0.19	0.940298
1.16	0.2	0.920968
1.16	0.21	0.901838
1.16	0.22	0.882908
1.16	0.23	0.864178
1.16	0.24	0.845649
1.16	0.25	0.827319
1.16	0.26	0.80919
1.16	0.27	0.791261
1.16	0.28	0.773533
1.16	0.29	0.756005
1.16	0.3	0.738676
1.16	0.31	0.721549
1.16	0.32	0.704621
1.16	0.33	0.687894
1.16	0.34	0.671367
1.16	0.35	0.655041
1.16	0.36	0.638914
1.16	0.37	0.622989
1.16	0.38	0.607263
1.16	0.39	0.591738
1.16	0.4	0.576413
1.16	0.41	0.561288
1.16	0.42	0.546364
1.16	0.43	0.53164
1.16	0.44	0.517117
1.16	0.45	0.502794
1.16	0.46	0.488671
1.16	0.47	0.474749
1.16	0.48	0.461027
1.16	0.49	0.447505
1.16	0.5	0.434184
1.16	0.51	0.421063
1.16	0.52	0.408143
1.16	0.53	0.395423
1.16	0.54	0.382903
1.16	0.55	0.370584
1.16	0.56	0.358466
1.16	0.57	0.346548
1.16	0.58	0.33483
1.16	0.59	0.323312
1.16	0.6	0.311996
1.16	0.61	0.300879
1.16	0.62	0.289963
1.16	0.63	0.279248
1.16	0.64	0.268733
1.16	0.65	0.258418
1.16	0.66	0.248304
1.16	0.67	0.23839
1.16	0.68	0.228677
1.16	0.69	0.219164
1.16	0.7	0.209852
1.16	0.71	0.20074
1.16	0.72	0.191829
1.16	0.73	0.183118
1.16	0.74	0.174608
1.16	0.75	0.166298
1.16	0.76	0.158189
1.16	0.77	0.15028
1.16	0.78	0.142572
1.16	0.79	0.135064
1.16	0.8	0.127756
1.16	0.81	0.120649
1.16	0.82	0.113743
1.16	0.83	0.107037
1.16	0.84	0.100531
1.16	0.85	0.0942264
1.16	0.86	0.0881219
1.16	0.87	0.0822179
1.16	0.88	0.0765144
1.16	0.89	0.0710113
1.16	0.9	0.0657088
1.16	0.91	0.0606067
1.16	0.92	0.0557051
1.16	0.93	0.051004
1.16	0.94	0.0465033
1.16	0.95	0.0422032
1.16	0.96	0.0381035
1.16	0.97	0.0342043
1.16	0.98	0.0305056
1.16	0.99	0.0270073
1.16	1	0.0237095
1.16	1.01	0.0206122
1.16	1.02	0.0177153
1.16	1.03	0.0150189
1.16	1.04	0.012523
1.16	1.05	0.0102275
1.16	1.06	0.00813245
1.16	1.07	0.00623786
1.16	1.08	0.00454371
1.16	1.09	0.00305001
1.16	1.1	0.00175675
1.16	1.11	0.000663923
1.16	1.12	-0.00022847
1.16	1.13	-0.000920433
1.16	1.14	-0.00141197
1.16	1.15	-0.00170308
1.16	1.16	-0.00179378
1.16	1.17	-0.00168406
1.16	1.18	-0.00137392
1.16	1.19	-0.000863387
1.16	1.2	-0.000152449
1.16	1.21	0.000758886
1.16	1.22	0.00187061
1.16	1.23	0.00318274
1.16	1.24	0.00469525
1.16	1.25	0.00640815
1.16	1.26	0.00832143
1.16	1.27	0.0104351
1.16	1.28	0.0127491
1.16	1.29	0.0152635
1.16	1.3	0.0179782
1.16	1.31	0.0208933
1.16	1.32	0.0240087
1.16	1.33	0.0273245
1.16	1.34	0.0308406
1.16	1.35	0.0345571
1.16	1.36	0.0384739
1.16	1.37	0.042591
1.16	1.38	0.0469084
1.16	1.39	0.0514262
1.16	1.4	0.0561442
1.16	1.41	0.0610626
1.16	1.42	0.0661812
1.16	1.43	0.0715002
1.16	1.44	0.0770195
1.16	1.45	0.082739
1.16	1.46	0.0886588
1.16	1.47	0.0947789
1.16	1.48	0.101099
1.16	1.49	0.10762
1.16	1.5	0.114341
1.16	1.51	0.121262
1.16	1.52	0.128383
1.16	1.53	0.135705
1.16	1.54	0.143227
1.16	1.55	0.150949
1.16	1.56	0.158871
1.16	1.57	0.166994
1.16	1.58	0.175317
1.16	1.59	0.18384
1.16	1.6	0.192563
1.16	1.61	0.201486
1.16	1.62	0.21061
1.16	1.63	0.219934
1.16	1.64	0.229458
1.16	1.65	0.239182
1.16	1.66	0.249106
1.16	1.67	0.259231
1.16	1.68	0.269555
1.16	1.69	0.28008
1.16	1.7	0.290805
1.16	1.71	0.30173
1.16	1.72	0.312855
1.16	1.73	0.324181
1.16	1.74	0.335706
1.16	1.75	0.347432
1.16	1.76	0.359358
1.16	1.77	0.371484
1.16	1.78	0.38381
1.16	1.79	0.396336
1.16	1.8	0.409062
1.16	1.81	0.421988
1.16	1.82	0.435115
1.16	1.83	0.448441
1.16	1.84	0.461968
1.16	1.85	0.475695
1.16	1.86	0.489621
1.16	1.87	0.503748
1.16	1.88	0.518075
1.16	1.89	0.532602
1.16	1.9	0.547329
1.16	1.91	0.562256
1.16	1.92	0.577383
1.16	1.93	0.59271
1.16	1.94	0.608237
1.16	1.95	0.623964
1.16	1.96	0.639891
1.16	1.97	0.656018
1.16	1.98	0.672346
1.16	1.99	0.688873
1.16	2	0.7056
1.165	0	1.35723
1.165	0.01	1.33399
1.165	0.02	1.31096
1.165	0.03	1.28813
1.165	0.04	1.26549
1.165	0.05	1.24306
1.165	0.06	1.22083
1.165	0.07	1.19879
1.165	0.08	1.17696
1.165	0.09	1.15533
1.165	0.1	1.13389
1.165	0.11	1.11266
1.165	0.12	1.09163
1.165	0.13	1.0708
1.165	0.14	1.05016
1.165	0.15	1.02973
1.165	0.16	1.0095
1.165	0.17	0.989469
1.165	0.18	0.969638
1.165	0.19	0.950006
1.165	0.2	0.930575
1.165	0.21	0.911344
1.165	0.22	0.892313
1.165	0.23	0.873483
1.165	0.24	0.854852
1.165	0.25	0.836422
1.165	0.26	0.818192
1.165	0.27	0.800163
1.165	0.28	0.782333
1.165	0.29	0.764704
1.165	0.3	0.747275
1.165	0.31	0.730047
1.165	0.32	0.713019
1.165	0.33	0.696191
1.165	0.34	0.679563
1.165	0.35	0.663136
1.165	0.36	0.646909
1.165	0.37	0.630882
1.165	0.38	0.615056
1.165	0.39	0.59943
1.165	0.4	0.584004
1.165	0.41	0.568779
1.165	0.42	0.553754
1.165	0.43	0.538929
1.165	0.44	0.524305
1.165	0.45	0.509882
1.165	0.46	0.495658
1.165	0.47	0.481635
1.165	0.48	0.467813
1.165	0.49	0.454191
1.165	0.5	0.440769
1.165	0.51	0.427547
1.165	0.52	0.414527
1.165	0.53	0.401706
1.165	0.54	0.389086
1.165	0.55	0.376666
1.165	0.56	0.364447
1.165	0.57	0.352429
1.165	0.58	0.34061
1.165	0.59	0.328993
1.165	0.6	0.317575
1.165	0.61	0.306358
1.165	0.62	0.295342
1.165	0.63	0.284526
1.165	0.64	0.27391
1.165	0.65	0.263495
1.165	0.66	0.253281
1.165	0.67	0.243267
1.165	0.68	0.233453
1.165	0.69	0.22384
1.165	0.7	0.214428
1.165	0.71	0.205216
1.165	0.72	0.196204
1.165	0.73	0.187393
1.165	0.74	0.178782
1.165	0.75	0.170372
1.165	0.76	0.162162
1.165	0.77	0.154153
1.165	0.78	0.146345
1.165	0.79	0.138737
1.165	0.8	0.131329
1.165	0.81	0.124122
1.165	0.82	0.117115
1.165	0.83	0.110309
1.165	0.84	0.103703
1.165	0.85	0.0972983
1.165	0.86	0.0910937
1.165	0.87	0.0850895
1.165	0.88	0.0792859
1.165	0.89	0.0736828
1.165	0.9	0.0682802
1.165	0.91	0.063078
1.165	0.92	0.0580764
1.165	0.93	0.0532752
1.165	0.94	0.0486746
1.165	0.95	0.0442744
1.165	0.96	0.0400748
1.165	0.97	0.0360756
1.165	0.98	0.0322769
1.165	0.99	0.0286787
1.165	1	0.0252809
1.165	1.01	0.0220837
1.165	1.02	0.0190869
1.165	1.03	0.0162906
1.165	1.04	0.0136948
1.165	1.05	0.0112994
1.165	1.06	0.00910452
1.165	1.07	0.00711008
1.165	1.08	0.00531611
1.165	1.09	0.00372258
1.165	1.1	0.00232951
1.165	1.11	0.00113689
1.165	1.12	0.000144712
1.165	1.13	-0.000647023
1.165	1.14	-0.00123832
1.165	1.15	-0.00162918
1.165	1.16	-0.00181961
1.165	1.17	-0.00180961
1.165	1.18	-0.0015992
1.165	1.19	-0.00118836
1.165	1.2	-0.000577112
1.165	1.21	0.000234542
1.165	1.22	0.0012466
1.165	1.23	0.00245907
1.165	1.24	0.00387194
1.165	1.25	0.0054852
1.165	1.26	0.00729886
1.165	1.27	0.00931289
1.165	1.28	0.0115273
1.165	1.29	0.0139421
1.165	1.3	0.0165572
1.165	1.31	0.0193728
1.165	1.32	0.0223886
1.165	1.33	0.0256049
1.165	1.34	0.0290214
1.165	1.35	0.0326384
1.165	1.36	0.0364556
1.165	1.37	0.0404732
1.165	1.38	0.0446911
1.165	1.39	0.0491094
1.165	1.4	0.053728
1.165	1.41	0.0585468
1.165	1.42	0.063566
1.165	1.43	0.0687855
1.165	1.44	0.0742053
1.165	1.45	0.0798254
1.165	1.46	0.0856458
1.165	1.47	0.0916665
1.165	1.48	0.0978874
1.165	1.49	0.104309
1.165	1.5	0.11093
1.165	1.51	0.117752
1.165	1.52	0.124774
1.165	1.53	0.131996
1.165	1.54	0.139419
1.165	1.55	0.147041
1.165	1.56	0.154864
1.165	1.57	0.162887
1.165	1.58	0.171111
1.165	1.59	0.179535
1.165	1.6	0.188158
1.165	1.61	0.196982
1.165	1.62	0.206007
1.165	1.63	0.215231
1.165	1.64	0.224656
1.165	1.65	0.234281
1.165	1.66	0.244106
1.165	1.67	0.254131
1.165	1.68	0.264356
1.165	1.69	0.274782
1.165	1.7	0.285407
1.165	1.71	0.296233
1.165	1.72	0.307259
1.165	1.73	0.318485
1.165	1.74	0.329912
1.165	1.75	0.341538
1.165	1.76	0.353365
1.165	1.77	0.365391
1.165	1.78	0.377618
1.165	1.79	0.390045
1.165	1.8	0.402672
1.165	1.81	0.415499
1.165	1.82	0.428526
1.165	1.83	0.441753
1.165	1.84	0.455181
1.165	1.85	0.468808
1.165	1.86	0.482635
1.165	1.87	0.496663
1.165	1.88	0.510891
1.165	1.89	0.525318
1.165	1.9	0.539946
1.165	1.91	0.554774
1.165	1.92	0.569802
1.165	1.93	0.585029
1.165	1.94	0.600457
1.165	1.95	0.616085
1.165	1.96	0.631913
1.165	1.97	0.647941
1.165	1.98	0.664169
1.165	1.99	0.680597
1.165	2	0.697225
1.17	0	1.3689
1.17	0.01	1.34557
1.17	0.02	1.32243
1.17	0.03	1.2995
1.17	0.04	1.27676
1.17	0.05	1.25423
1.17	0.06	1.2319
1.17	0.07	1.20976
1.17	0.08	1.18783
1.17	0.09	1.16609
1.17	0.1	1.14456
1.17	0.11	1.12323
1.17	0.12	1.10209
1.17	0.13	1.08116
1.17	0.14	1.06043
1.17	0.15	1.03989
1.17	0.16	1.01956
1.17	0.17	0.999429
1.17	0.18	0.979496
1.17	0.19	0.959764
1.17	0.2	0.940232
1.17	0.21	0.9209
1.17	0.22	0.901769
1.17	0.23	0.882837
1.17	0.24	0.864106
1.17	0.25	0.845575
1.17	0.26	0.827244
1.17	0.27	0.809114
1.17	0.28	0.791184
1.17	0.29	0.773454
1.17	0.3	0.755924
1.17	0.31	0.738595
1.17	0.32	0.721466
1.17	0.33	0.704537
1.17	0.34	0.687809
1.17	0.35	0.671281
1.17	0.36	0.654953
1.17	0.37	0.638826
1.17	0.38	0.622898
1.17	0.39	0.607172
1.17	0.4	0.591645
1.17	0.41	0.57632
1.17	0.42	0.561194
1.17	0.43	0.546269
1.17	0.44	0.531544
1.17	0.45	0.51702
1.17	0.46	0.502696
1.17	0.47	0.488572
1.17	0.48	0.474649
1.17	0.49	0.460926
1.17	0.5	0.447404
1.17	0.51	0.434082
1.17	0.52	0.42096
1.17	0.53	0.408039
1.17	0.54	0.395319
1.17	0.55	0.382798
1.17	0.56	0.370479
1.17	0.57	0.35836
1.17	0.58	0.346441
1.17	0.59	0.334723
1.17	0.6	0.323205
1.17	0.61	0.311887
1.17	0.62	0.30077
1.17	0.63	0.289854
1.17	0.64	0.279138
1.17	0.65	0.268623
1.17	0.66	0.258308
1.17	0.67	0.248193
1.17	0.68	0.23828
1.17	0.69	0.228566
1.17	0.7	0.219053
1.17	0.71	0.209741
1.17	0.72	0.200629
1.17	0.73	0.191717
1.17	0.74	0.183006
1.17	0.75	0.174496
1.17	0.76	0.166186
1.17	0.77	0.158077
1.17	0.78	0.150168
1.17	0.79	0.14246
1.17	0.8	0.134952
1.17	0.81	0.127644
1.17	0.82	0.120538
1.17	0.83	0.113631
1.17	0.84	0.106925
1.17	0.85	0.10042
1.17	0.86	0.0941154
1.17	0.87	0.0880112
1.17	0.88	0.0821075
1.17	0.89	0.0764043
1.17	0.9	0.0709016
1.17	0.91	0.0655994
1.17	0.92	0.0604977
1.17	0.93	0.0555965
1.17	0.94	0.0508958
1.17	0.95	0.0463957
1.17	0.96	0.042096
1.17	0.97	0.0379969
1.17	0.98	0.0340982
1.17	0.99	0.0304
1.17	1	0.0269024
1.17	1.01	0.0236052
1.17	1.02	0.0205085
1.17	1.03	0.0176123
1.17	1.04	0.0149166
1.17	1.05	0.0124214
1.17	1.06	0.0101266
1.17	1.07	0.00803231
1.17	1.08	0.0061385
1.17	1.09	0.00444516
1.17	1.1	0.00295228
1.17	1.11	0.00165986
1.17	1.12	0.000567897
1.17	1.13	-0.000323609
1.17	1.14	-0.00101466
1.17	1.15	-0.00150527
1.17	1.16	-0.00179544
1.17	1.17	-0.00188517
1.17	1.18	-0.00177446
1.17	1.19	-0.00146333
1.17	1.2	-0.000951768
1.17	1.21	-0.000239795
1.17	1.22	0.000672596
1.17	1.23	0.0017854
1.17	1.24	0.00309863
1.17	1.25	0.00461227
1.17	1.26	0.0063263
1.17	1.27	0.00824072
1.17	1.28	0.0103555
1.17	1.29	0.0126707
1.17	1.3	0.0151863
1.17	1.31	0.0179022
1.17	1.32	0.0208185
1.17	1.33	0.0239352
1.17	1.34	0.0272523
1.17	1.35	0.0307697
1.17	1.36	0.0344874
1.17	1.37	0.0384055
1.17	1.38	0.0425239
1.17	1.39	0.0468426
1.17	1.4	0.0513617
1.17	1.41	0.0560811
1.17	1.42	0.0610008
1.17	1.43	0.0661209
1.17	1.44	0.0714412
1.17	1.45	0.0769619
1.17	1.46	0.0826828
1.17	1.47	0.088604
1.17	1.48	0.0947256
1.17	1.49	0.101047
1.17	1.5	0.107569
1.17	1.51	0.114292
1.17	1.52	0.121214
1.17	1.53	0.128337
1.17	1.54	0.13566
1.17	1.55	0.143184
1.17	1.56	0.150907
1.17	1.57	0.158831
1.17	1.58	0.166955
1.17	1.59	0.175279
1.17	1.6	0.183804
1.17	1.61	0.192529
1.17	1.62	0.201454
1.17	1.63	0.210579
1.17	1.64	0.219904
1.17	1.65	0.22943
1.17	1.66	0.239155
1.17	1.67	0.249081
1.17	1.68	0.259207
1.17	1.69	0.269534
1.17	1.7	0.28006
1.17	1.71	0.290786
1.17	1.72	0.301713
1.17	1.73	0.31284
1.17	1.74	0.324167
1.17	1.75	0.335694
1.17	1.76	0.347421
1.17	1.77	0.359349
1.17	1.78	0.371476
1.17	1.79	0.383804
1.17	1.8	0.396332
1.17	1.81	0.409059
1.17	1.82	0.421987
1.17	1.83	0.435115
1.17	1.84	0.448443
1.17	1.85	0.461972
1.17	1.86	0.4757
1.17	1.87	0.489628
1.17	1.88	0.503756
1.17	1.89	0.518085
1.17	1.9	0.532613
1.17	1.91	0.547342
1.17	1.92	0.56227
1.17	1.93	0.577399
1.17	1.94	0.592728
1.17	1.95	0.608256
1.17	1.96	0.623985
1.17	1.97	0.639914
1.17	1.98	0.656043
1.17	1.99	0.672371
1.17	2	0.6889
1.175	0	1.38063
1.175	0.01	1.35719
1.175	0.02	1.33395
1.175	0.03	1.31092
1.175	0.04	1.28808
1.175	0.05	1.26545
1.175	0.06	1.24302
1.175	0.07	1.22078
1.175	0.08	1.19875
1.175	0.09	1.17691
1.175	0.1	1.15528
1.175	0.11	1.13384
1.175	0.12	1.11261
1.175	0.13	1.09157
1.175	0.14	1.07074
1.175	0.15	1.05011
1.175	0.16	1.02967
1.175	0.17	1.00944
1.175	0.18	0.989406
1.175	0.19	0.969572
1.175	0.2	0.94994
1.175	0.21	0.930507
1.175	0.22	0.911274
1.175	0.23	0.892242
1.175	0.24	0.87341
1.175	0.25	0.854778
1.175	0.26	0.836347
1.175	0.27	0.818116
1.175	0.28	0.800085
1.175	0.29	0.782254
1.175	0.3	0.764623
1.175	0.31	0.747193
1.175	0.32	0.729964
1.175	0.33	0.712934
1.175	0.34	0.696105
1.175	0.35	0.679476
1.175	0.36	0.663048
1.175	0.37	0.64682
1.175	0.38	0.630792
1.175	0.39	0.614964
1.175	0.4	0.599337
1.175	0.41	0.583911
1.175	0.42	0.568685
1.175	0.43	0.553659
1.175	0.44	0.538833
1.175	0.45	0.524208
1.175	0.46	0.509784
1.175	0.47	0.495559
1.175	0.48	0.481536
1.175	0.49	0.467712
1.175	0.5	0.454089
1.175	0.51	0.440667
1.175	0.52	0.427445
1.175	0.53	0.414423
1.175	0.54	0.401602
1.175	0.55	0.388981
1.175	0.56	0.376561
1.175	0.57	0.364341
1.175	0.58	0.352322
1.175	0.59	0.340503
1.175	0.6	0.328885
1.175	0.61	0.317467
1.175	0.62	0.30625
1.175	0.63	0.295233
1.175	0.64	0.284417
1.175	0.65	0.273801
1.175	0.66	0.263386
1.175	0.67	0.253171
1.175	0.68	0.243157
1.175	0.69	0.233343
1.175	0.7	0.22373
1.175	0.71	0.214317
1.175	0.72	0.205105
1.175	0.73	0.196093
1.175	0.74	0.187282
1.175	0.75	0.178671
1.175	0.76	0.170261
1.175	0.77	0.162051
1.175	0.78	0.154042
1.175	0.79	0.146233
1.175	0.8	0.138625
1.175	0.81	0.131218
1.175	0.82	0.124011
1.175	0.83	0.117004
1.175	0.84	0.110198
1.175	0.85	0.103593
1.175	0.86	0.0971882
1.175	0.87	0.0909838
1.175	0.88	0.08498
1.175	0.89	0.0791767
1.175	0.9	0.0735739
1.175	0.91	0.0681717
1.175	0.92	0.06297
1.175	0.93	0.0579688
1.175	0.94	0.0531681
1.175	0.95	0.0485679
1.175	0.96	0.0441683
1.175	0.97	0.0399691
1.175	0.98	0.0359705
1.175	0.99	0.0321724
1.175	1	0.0285748
1.175	1.01	0.0251777
1.175	1.02	0.0219811
1.175	1.03	0.018985
1.175	1.04	0.0161894
1.175	1.05	0.0135943
1.175	1.06	0.0111996
1.175	1.07	0.0090055
1.175	1.08	0.00701186
1.175	1.09	0.00521869
1.175	1.1	0.003626
1.175	1.11	0.00223378
1.175	1.12	0.00104203
1.175	1.13	5.07464e-05
1.175	1.14	-0.000740073
1.175	1.15	-0.00133043
1.175	1.16	-0.00172034
1.175	1.17	-0.0019098
1.175	1.18	-0.00189881
1.175	1.19	-0.00168738
1.175	1.2	-0.00127552
1.175	1.21	-0.00066323
1.175	1.22	0.000149487
1.175	1.23	0.00116263
1.175	1.24	0.00237621
1.175	1.25	0.0037902
1.175	1.26	0.00540461
1.175	1.27	0.00721941
1.175	1.28	0.00923461
1.175	1.29	0.0114502
1.175	1.3	0.0138662
1.175	1.31	0.0164825
1.175	1.32	0.0192993
1.175	1.33	0.0223164
1.175	1.34	0.0255339
1.175	1.35	0.0289517
1.175	1.36	0.03257
1.175	1.37	0.0363885
1.175	1.38	0.0404074
1.175	1.39	0.0446266
1.175	1.4	0.0490462
1.175	1.41	0.0536661
1.175	1.42	0.0584864
1.175	1.43	0.0635069
1.175	1.44	0.0687278
1.175	1.45	0.074149
1.175	1.46	0.0797705
1.175	1.47	0.0855923
1.175	1.48	0.0916144
1.175	1.49	0.0978368
1.175	1.5	0.104259
1.175	1.51	0.110882
1.175	1.52	0.117706
1.175	1.53	0.124729
1.175	1.54	0.131953
1.175	1.55	0.139377
1.175	1.56	0.147001
1.175	1.57	0.154825
1.175	1.58	0.16285
1.175	1.59	0.171075
1.175	1.6	0.1795
1.175	1.61	0.188126
1.175	1.62	0.196951
1.175	1.63	0.205977
1.175	1.64	0.215203
1.175	1.65	0.224629
1.175	1.66	0.234255
1.175	1.67	0.244082
1.175	1.68	0.254109
1.175	1.69	0.264336
1.175	1.7	0.274763
1.175	1.71	0.28539
1.175	1.72	0.296217
1.175	1.73	0.307245
1.175	1.74	0.318473
1.175	1.75	0.329901
1.175	1.76	0.341528
1.175	1.77	0.353357
1.175	1.78	0.365385
1.175	1.79	0.377613
1.175	1.8	0.390042
1.175	1.81	0.40267
1.175	1.82	0.415499
1.175	1.83	0.428527
1.175	1.84	0.441756
1.175	1.85	0.455185
1.175	1.86	0.468814
1.175	1.87	0.482643
1.175	1.88	0.496672
1.175	1.89	0.510902
1.175	1.9	0.525331
1.175	1.91	0.53996
1.175	1.92	0.554789
1.175	1.93	0.569819
1.175	1.94	0.585048
1.175	1.95	0.600478
1.175	1.96	0.616107
1.175	1.97	0.631937
1.175	1.98	0.647966
1.175	1.99	0.664196
1.175	2	0.680625
1.18	0	1.3924
1.18	0.01	1.36886
1.18	0.02	1.34553
1.18	0.03	1.32239
1.18	0.04	1.29946
1.18	0.05	1.27672
1.18	0.06	1.25418
1.18	0.07	1.23185
1.18	0.08	1.20971
1.18	0.09	1.18778
1.18	0.1	1.16604
1.18	0.11	1.14451
1.18	0.12	1.12317
1.18	0.13	1.10204
1.18	0.14	1.0811
1.18	0.15	1.06037
1.18	0.16	1.03983
1.18	0.17	1.0195
1.18	0.18	0.999365
1.18	0.19	0.979431
1.18	0.2	0.959697
1.18	0.21	0.940164
1.18	0.22	0.92083
1.18	0.23	0.901697
1.18	0.24	0.882764
1.18	0.25	0.864032
1.18	0.26	0.845499
1.18	0.27	0.827167
1.18	0.28	0.809036
1.18	0.29	0.791104
1.18	0.3	0.773373
1.18	0.31	0.755842
1.18	0.32	0.738512
1.18	0.33	0.721381
1.18	0.34	0.704452
1.18	0.35	0.687722
1.18	0.36	0.671193
1.18	0.37	0.654864
1.18	0.38	0.638736
1.18	0.39	0.622807
1.18	0.4	0.60708
1.18	0.41	0.591552
1.18	0.42	0.576226
1.18	0.43	0.561099
1.18	0.44	0.546173
1.18	0.45	0.531447
1.18	0.46	0.516922
1.18	0.47	0.502597
1.18	0.48	0.488473
1.18	0.49	0.474549
1.18	0.5	0.460825
1.18	0.51	0.447302
1.18	0.52	0.43398
1.18	0.53	0.420857
1.18	0.54	0.407936
1.18	0.55	0.395215
1.18	0.56	0.382694
1.18	0.57	0.370374
1.18	0.58	0.358254
1.18	0.59	0.346335
1.18	0.6	0.334616
1.18	0.61	0.323098
1.18	0.62	0.31178
1.18	0.63	0.300663
1.18	0.64	0.289746
1.18	0.65	0.27903
1.18	0.66	0.268514
1.18	0.67	0.258199
1.18	0.68	0.248084
1.18	0.69	0.23817
1.18	0.7	0.228456
1.18	0.71	0.218943
1.18	0.72	0.209631
1.18	0.73	0.200519
1.18	0.74	0.191607
1.18	0.75	0.182896
1.18	0.76	0.174386
1.18	0.77	0.166076
1.18	0.78	0.157967
1.18	0.79	0.150058
1.18	0.8	0.14235
1.18	0.81	0.134842
1.18	0.82	0.127535
1.18	0.83	0.120428
1.18	0.84	0.113522
1.18	0.85	0.106816
1.18	0.86	0.100311
1.18	0.87	0.094007
1.18	0.88	0.0879031
1.18	0.89	0.0819997
1.18	0.9	0.0762968
1.18	0.91	0.0707945
1.18	0.92	0.0654928
1.18	0.93	0.0603915
1.18	0.94	0.0554908
1.18	0.95	0.0507906
1.18	0.96	0.046291
1.18	0.97	0.0419919
1.18	0.98	0.0378933
1.18	0.99	0.0339952
1.18	1	0.0302977
1.18	1.01	0.0268007
1.18	1.02	0.0235042
1.18	1.03	0.0204082
1.18	1.04	0.0175127
1.18	1.05	0.0148177
1.18	1.06	0.0123232
1.18	1.07	0.0100292
1.18	1.08	0.00793572
1.18	1.09	0.00604272
1.18	1.1	0.00435022
1.18	1.11	0.0028582
1.18	1.12	0.00156666
1.18	1.13	0.000475599
1.18	1.14	-0.000414987
1.18	1.15	-0.0011051
1.18	1.16	-0.00159475
1.18	1.17	-0.00188394
1.18	1.18	-0.00197267
1.18	1.19	-0.00186095
1.18	1.2	-0.00154879
1.18	1.21	-0.00103619
1.18	1.22	-0.000323147
1.18	1.23	0.000590336
1.18	1.24	0.00170426
1.18	1.25	0.00301861
1.18	1.26	0.00453338
1.18	1.27	0.00624856
1.18	1.28	0.00816414
1.18	1.29	0.0102801
1.18	1.3	0.0125965
1.18	1.31	0.0151133
1.18	1.32	0.0178305
1.18	1.33	0.020748
1.18	1.34	0.023866
1.18	1.35	0.0271843
1.18	1.36	0.0307029
1.18	1.37	0.0344219
1.18	1.38	0.0383413
1.18	1.39	0.0424611
1.18	1.4	0.0467811
1.18	1.41	0.0513016
1.18	1.42	0.0560223
1.18	1.43	0.0609434
1.18	1.44	0.0660648
1.18	1.45	0.0713865
1.18	1.46	0.0769086
1.18	1.47	0.0826309
1.18	1.48	0.0885536
1.18	1.49	0.0946765
1.18	1.5	0.101
1.18	1.51	0.107523
1.18	1.52	0.114247
1.18	1.53	0.121171
1.18	1.54	0.128295
1.18	1.55	0.13562
1.18	1.56	0.143145
1.18	1.57	0.15087
1.18	1.58	0.158795
1.18	1.59	0.166921
1.18	1.6	0.175247
1.18	1.61	0.183773
1.18	1.62	0.192499
1.18	1.63	0.201425
1.18	1.64	0.210552
1.18	1.65	0.219879
1.18	1.66	0.229406
1.18	1.67	0.239133
1.18	1.68	0.249061
1.18	1.69	0.259188
1.18	1.7	0.269516
1.18	1.71	0.280044
1.18	1.72	0.290772
1.18	1.73	0.3017
1.18	1.74	0.312829
1.18	1.75	0.324157
1.18	1.76	0.335686
1.18	1.77	0.347415
1.18	1.78	0.359344
1.18	1.79	0.371473
1.18	1.8	0.383802
1.18	1.81	0.396331
1.18	1.82	0.40906
1.18	1.83	0.42199
1.18	1.84	0.435119
1.18	1.85	0.448449
1.18	1.86	0.461979
1.18	1.87	0.475709
1.18	1.88	0.489638
1.18	1.89	0.503768
1.18	1.9	0.518098
1.18	1.91	0.532628
1.18	1.92	0.547358
1.18	1.93	0.562289
1.18	1.94	0.577419
1.18	1.95	0.592749
1.18	1.96	0.608279
1.18	1.97	0.624009
1.18	1.98	0.63994
1.18	1.99	0.65607
1.18	2	0.6724
1.185	0	1.40423
1.185	0.01	1.38059
1.185	0.02	1.35715
1.185	0.03	1.33391
1.185	0.04	1.31088
1.185	0.05	1.28804
1.185	0.06	1.2654
1.185	0.07	1.24297
1.185	0.08	1.22073
1.185	0.09	1.1987
1.185	0.1	1.17686
1.185	0.11	1.15522
1.185	0.12	1.13379
1.185	0.13	1.11255
1.185	0.14	1.09152
1.185	0.15	1.07068
1.185	0.16	1.05004
1.185	0.17	1.02961
1.185	0.18	1.00937
1.185	0.19	0.989339
1.185	0.2	0.969505
1.185	0.21	0.94987
1.185	0.22	0.930436
1.185	0.23	0.911202
1.185	0.24	0.892169
1.185	0.25	0.873335
1.185	0.26	0.854702
1.185	0.27	0.836269
1.185	0.28	0.818037
1.185	0.29	0.800005
1.185	0.3	0.782173
1.185	0.31	0.764541
1.185	0.32	0.74711
1.185	0.33	0.729879
1.185	0.34	0.712848
1.185	0.35	0.696018
1.185	0.36	0.679388
1.185	0.37	0.662958
1.185	0.38	0.646729
1.185	0.39	0.6307
1.185	0.4	0.614872
1.185	0.41	0.599244
1.185	0.42	0.583816
1.185	0.43	0.568589
1.185	0.44	0.553563
1.185	0.45	0.538736
1.185	0.46	0.52411
1.185	0.47	0.509685
1.185	0.48	0.49546
1.185	0.49	0.481435
1.185	0.5	0.467611
1.185	0.51	0.453988
1.185	0.52	0.440564
1.185	0.53	0.427342
1.185	0.54	0.41432
1.185	0.55	0.401498
1.185	0.56	0.388877
1.185	0.57	0.376456
1.185	0.58	0.364236
1.185	0.59	0.352216
1.185	0.6	0.340397
1.185	0.61	0.328778
1.185	0.62	0.31736
1.185	0.63	0.306142
1.185	0.64	0.295125
1.185	0.65	0.284308
1.185	0.66	0.273692
1.185	0.67	0.263277
1.185	0.68	0.253062
1.185	0.69	0.243047
1.185	0.7	0.233233
1.185	0.71	0.22362
1.185	0.72	0.214207
1.185	0.73	0.204995
1.185	0.74	0.195983
1.185	0.75	0.187172
1.185	0.76	0.178561
1.185	0.77	0.170151
1.185	0.78	0.161941
1.185	0.79	0.153932
1.185	0.8	0.146124
1.185	0.81	0.138516
1.185	0.82	0.131109
1.185	0.83	0.123902
1.185	0.84	0.116896
1.185	0.85	0.11009
1.185	0.86	0.103485
1.185	0.87	0.0970801
1.185	0.88	0.0908761
1.185	0.89	0.0848726
1.185	0.9	0.0790697
1.185	0.91	0.0734674
1.185	0.92	0.0680655
1.185	0.93	0.0628643
1.185	0.94	0.0578636
1.185	0.95	0.0530634
1.185	0.96	0.0484638
1.185	0.97	0.0440647
1.185	0.98	0.0398661
1.185	0.99	0.0358681
1.185	1	0.0320706
1.185	1.01	0.0284737
1.185	1.02	0.0250772
1.185	1.03	0.0218813
1.185	1.04	0.0188859
1.185	1.05	0.0160911
1.185	1.06	0.0134967
1.185	1.07	0.0111029
1.185	1.08	0.00890958
1.185	1.09	0.00691676
1.185	1.1	0.00512444
1.185	1.11	0.00353262
1.185	1.12	0.00214129
1.185	1.13	0.000950456
1.185	1.14	-3.98957e-05
1.185	1.15	-0.000829766
1.185	1.16	-0.00141916
1.185	1.17	-0.00180808
1.185	1.18	-0.00199653
1.185	1.19	-0.00198452
1.185	1.2	-0.00177205
1.185	1.21	-0.00135914
1.185	1.22	-0.000745773
1.185	1.23	6.80437e-05
1.185	1.24	0.00108231
1.185	1.25	0.00229702
1.185	1.26	0.00371215
1.185	1.27	0.00532771
1.185	1.28	0.00714368
1.185	1.29	0.00916006
1.185	1.3	0.0113769
1.185	1.31	0.0137941
1.185	1.32	0.0164117
1.185	1.33	0.0192296
1.185	1.34	0.022248
1.185	1.35	0.0254668
1.185	1.36	0.0288859
1.185	1.37	0.0325054
1.185	1.38	0.0363253
1.185	1.39	0.0403455
1.185	1.4	0.0445661
1.185	1.41	0.048987
1.185	1.42	0.0536083
1.185	1.43	0.0584299
1.185	1.44	0.0634518
1.185	1.45	0.0686741
1.185	1.46	0.0740967
1.185	1.47	0.0797196
1.185	1.48	0.0855428
1.185	1.49	0.0915663
1.185	1.5	0.0977901
1.185	1.51	0.104214
1.185	1.52	0.110839
1.185	1.53	0.117663
1.185	1.54	0.124688
1.185	1.55	0.131913
1.185	1.56	0.139339
1.185	1.57	0.146964
1.185	1.58	0.15479
1.185	1.59	0.162817
1.185	1.6	0.171043
1.185	1.61	0.17947
1.185	1.62	0.188097
1.185	1.63	0.196924
1.185	1.64	0.205951
1.185	1.65	0.215179
1.185	1.66	0.224606
1.185	1.67	0.234234
1.185	1.68	0.244062
1.185	1.69	0.254091
1.185	1.7	0.264319
1.185	1.71	0.274748
1.185	1.72	0.285376
1.185	1.73	0.296205
1.185	1.74	0.307234
1.185	1.75	0.318464
1.185	1.76	0.329893
1.185	1.77	0.341523
1.185	1.78	0.353352
1.185	1.79	0.365382
1.185	1.8	0.377612
1.185	1.81	0.390042
1.185	1.82	0.402672
1.185	1.83	0.415502
1.185	1.84	0.428533
1.185	1.85	0.441763
1.185	1.86	0.455193
1.185	1.87	0.468824
1.185	1.88	0.482654
1.185	1.89	0.496685
1.185	1.9	0.510916
1.185	1.91	0.525347
1.185	1.92	0.539977
1.185	1.93	0.554808
1.185	1.94	0.569839
1.185	1.95	0.58507
1.185	1.96	0.600501
1.185	1.97	0.616132
1.185	1.98	0.631963
1.185	1.99	0.647994
1.185	2	0.664225
1.19	0	1.4161
1.19	0.01	1.39236
1.19	0.02	1.36882
1.19	0.03	1.34549
1.19	0.04	1.32235
1.19	0.05	1.29941
1.19	0.06	1.27667
1.19	0.07	1.25414
1.19	0.08	1.2318
1.19	0.09	1.20966
1.19	0.1	1.18773
1.19	0.11	1.16599
1.19	0.12	1.14445
1.19	0.13	1.12311
1.19	0.14	1.10198
1.19	0.15	1.08104
1.19	0.16	1.06031
1.19	0.17	1.03977
1.19	0.18	1.01943
1.19	0.19	0.999298
1.19	0.2	0.979363
1.19	0.21	0.959627
1.19	0.22	0.940093
1.19	0.23	0.920758
1.19	0.24	0.901623
1.19	0.25	0.882689
1.19	0.26	0.863955
1.19	0.27	0.845422
1.19	0.28	0.827088
1.19	0.29	0.808955
1.19	0.3	0.791023
1.19	0.31	0.77329
1.19	0.32	0.755758
1.19	0.33	0.738427
1.19	0.34	0.721295
1.19	0.35	0.704364
1.19	0.36	0.687634
1.19	0.37	0.671103
1.19	0.38	0.654774
1.19	0.39	0.638644
1.19	0.4	0.622715
1.19	0.41	0.606986
1.19	0.42	0.591458
1.19	0.43	0.57613
1.19	0.44	0.561003
1.19	0.45	0.546076
1.19	0.46	0.531349
1.19	0.47	0.516823
1.19	0.48	0.502498
1.19	0.49	0.488373
1.19	0.5	0.474448
1.19	0.51	0.460724
1.19	0.52	0.4472
1.19	0.53	0.433877
1.19	0.54	0.420754
1.19	0.55	0.407832
1.19	0.56	0.39511
1.19	0.57	0.382589
1.19	0.58	0.370268
1.19	0.59	0.358148
1.19	0.6	0.346228
1.19	0.61	0.334509
1.19	0.62	0.322991
1.19	0.63	0.311673
1.19	0.64	0.300555
1.19	0.65	0.289638
1.19	0.66	0.278921
1.19	0.67	0.268406
1.19	0.68	0.25809
1.19	0.69	0.247975
1.19	0.7	0.238061
1.19	0.71	0.228347
1.19	0.72	0.218834
1.19	0.73	0.209522
1.19	0.74	0.200409
1.19	0.75	0.191498
1.19	0.76	0.182787
1.19	0.77	0.174277
1.19	0.78	0.165967
1.19	0.79	0.157858
1.19	0.8	0.149949
1.19	0.81	0.142241
1.19	0.82	0.134733
1.19	0.83	0.127426
1.19	0.84	0.12032
1.19	0.85	0.113414
1.19	0.86	0.106709
1.19	0.87	0.100204
1.19	0.88	0.0939002
1.19	0.89	0.0877967
1.19	0.9	0.0818937
1.19	0.91	0.0761913
1.19	0.92	0.0706894
1.19	0.93	0.0653881
1.19	0.94	0.0602874
1.19	0.95	0.0553872
1.19	0.96	0.0506876
1.19	0.97	0.0461885
1.19	0.98	0.04189
1.19	0.99	0.037792
1.19	1	0.0338946
1.19	1.01	0.0301977
1.19	1.02	0.0267014
1.19	1.03	0.0234056
1.19	1.04	0.0203103
1.19	1.05	0.0174156
1.19	1.06	0.0147213
1.19	1.07	0.0122277
1.19	1.08	0.00993448
1.19	1.09	0.00784183
1.19	1.1	0.0059497
1.19	1.11	0.00425807
1.19	1.12	0.00276695
1.19	1.13	0.00147633
1.19	1.14	0.000386206
1.19	1.15	-0.000503424
1.19	1.16	-0.00119256
1.19	1.17	-0.00168122
1.19	1.18	-0.0019694
1.19	1.19	-0.0020571
1.19	1.2	-0.00194434
1.19	1.21	-0.00163112
1.19	1.22	-0.00111743
1.19	1.23	-0.000403286
1.19	1.24	0.000511318
1.19	1.25	0.00162637
1.19	1.26	0.00294187
1.19	1.27	0.00445779
1.19	1.28	0.00617414
1.19	1.29	0.00809091
1.19	1.3	0.0102081
1.19	1.31	0.0125257
1.19	1.32	0.0150437
1.19	1.33	0.0177621
1.19	1.34	0.020681
1.19	1.35	0.0238002
1.19	1.36	0.0271198
1.19	1.37	0.0306397
1.19	1.38	0.03436
1.19	1.39	0.0382807
1.19	1.4	0.0424018
1.19	1.41	0.0467232
1.19	1.42	0.051245
1.19	1.43	0.0559671
1.19	1.44	0.0608896
1.19	1.45	0.0660124
1.19	1.46	0.0713355
1.19	1.47	0.076859
1.19	1.48	0.0825827
1.19	1.49	0.0885068
1.19	1.5	0.0946311
1.19	1.51	0.100956
1.19	1.52	0.107481
1.19	1.53	0.114206
1.19	1.54	0.121131
1.19	1.55	0.128257
1.19	1.56	0.135583
1.19	1.57	0.14311
1.19	1.58	0.150836
1.19	1.59	0.158763
1.19	1.6	0.16689
1.19	1.61	0.175217
1.19	1.62	0.183745
1.19	1.63	0.192473
1.19	1.64	0.201401
1.19	1.65	0.210529
1.19	1.66	0.219857
1.19	1.67	0.229386
1.19	1.68	0.239114
1.19	1.69	0.249043
1.19	1.7	0.259173
1.19	1.71	0.269502
1.19	1.72	0.280031
1.19	1.73	0.290761
1.19	1.74	0.301691
1.19	1.75	0.312821
1.19	1.76	0.324151
1.19	1.77	0.335681
1.19	1.78	0.347411
1.19	1.79	0.359342
1.19	1.8	0.371472
1.19	1.81	0.383803
1.19	1.82	0.396334
1.19	1.83	0.409065
1.19	1.84	0.421996
1.19	1.85	0.435127
1.19	1.86	0.448458
1.19	1.87	0.461989
1.19	1.88	0.475721
1.19	1.89	0.489652
1.19	1.9	0.503784
1.19	1.91	0.518115
1.19	1.92	0.532647
1.19	1.93	0.547378
1.19	1.94	0.56231
1.19	1.95	0.577441
1.19	1.96	0.592773
1.19	1.97	0.608305
1.19	1.98	0.624037
1.19	1.99	0.639968
1.19	2	0.6561
1.195	0	1.42803
1.195	0.01	1.40419
1.195	0.02	1.38055
1.195	0.03	1.35711
1.195	0.04	1.33387
1.195	0.05	1.31083
1.195	0.06	1.28799
1.195	0.07	1.26536
1.195	0.08	1.24292
1.195	0.09	1.22068
1.195	0.1	1.19864
1.195	0.11	1.1768
1.195	0.12	1.15517
1.195	0.13	1.13373
1.195	0.14	1.11249
1.195	0.15	1.09145
1.195	0.16	1.07062
1.195	0.17	1.04998
1.195	0.18	1.02954
1.195	0.19	1.00931
1.195	0.2	0.989271
1.195	0.21	0.969435
1.195	0.22	0.949799
1.195	0.23	0.930364
1.195	0.24	0.911128
1.195	0.25	0.892093
1.195	0.26	0.873259
1.195	0.27	0.854624
1.195	0.28	0.83619
1.195	0.29	0.817956
1.195	0.3	0.799923
1.195	0.31	0.78209
1.195	0.32	0.764457
1.195	0.33	0.747025
1.195	0.34	0.729793
1.195	0.35	0.712761
1.195	0.36	0.69593
1.195	0.37	0.679299
1.195	0.38	0.662868
1.195	0.39	0.646638
1.195	0.4	0.630608
1.195	0.41	0.614779
1.195	0.42	0.59915
1.195	0.43	0.583722
1.195	0.44	0.568494
1.195	0.45	0.553466
1.195	0.46	0.538639
1.195	0.47	0.524012
1.195	0.48	0.509586
1.195	0.49	0.49536
1.195	0.5	0.481335
1.195	0.51	0.46751
1.195	0.52	0.453886
1.195	0.53	0.440462
1.195	0.54	0.427239
1.195	0.55	0.414216
1.195	0.56	0.401394
1.195	0.57	0.388773
1.195	0.58	0.376351
1.195	0.59	0.364131
1.195	0.6	0.352111
1.195	0.61	0.340291
1.195	0.62	0.328672
1.195	0.63	0.317253
1.195	0.64	0.306035
1.195	0.65	0.295018
1.195	0.66	0.284201
1.195	0.67	0.273585
1.195	0.68	0.263169
1.195	0.69	0.252954
1.195	0.7	0.242939
1.195	0.71	0.233125
1.195	0.72	0.223512
1.195	0.73	0.214099
1.195	0.74	0.204887
1.195	0.75	0.195875
1.195	0.76	0.187064
1.195	0.77	0.178453
1.195	0.78	0.170043
1.195	0.79	0.161834
1.195	0.8	0.153825
1.195	0.81	0.146017
1.195	0.82	0.138409
1.195	0.83	0.131002
1.195	0.84	0.123795
1.195	0.85	0.116789
1.195	0.86	0.109984
1.195	0.87	0.103379
1.195	0.88	0.0969749
1.195	0.89	0.0907712
1.195	0.9	0.0847682
1.195	0.91	0.0789657
1.195	0.92	0.0733638
1.195	0.93	0.0679625
1.195	0.94	0.0627617
1.195	0.95	0.0577615
1.195	0.96	0.0529619
1.195	0.97	0.0483629
1.195	0.98	0.0439644
1.195	0.99	0.0397665
1.195	1	0.0357691
1.195	1.01	0.0319723
1.195	1.02	0.0283761
1.195	1.03	0.0249803
1.195	1.04	0.0217852
1.195	1.05	0.0187906
1.195	1.06	0.0159965
1.195	1.07	0.0134029
1.195	1.08	0.0110099
1.195	1.09	0.00881745
1.195	1.1	0.0068255
1.195	1.11	0.00503406
1.195	1.12	0.00344314
1.195	1.13	0.00205274
1.195	1.14	0.000862841
1.195	1.15	-0.00012655
1.195	1.16	-0.000915442
1.195	1.17	-0.00150384
1.195	1.18	-0.00189174
1.195	1.19	-0.00207917
1.195	1.2	-0.00206611
1.195	1.21	-0.00185258
1.195	1.22	-0.00143858
1.195	1.23	-0.000824109
1.195	1.24	-9.17146e-06
1.195	1.25	0.00100623
1.195	1.26	0.00222207
1.195	1.27	0.00363836
1.195	1.28	0.00525509
1.195	1.29	0.00707225
1.195	1.3	0.00908983
1.195	1.31	0.0113078
1.195	1.32	0.0137263
1.195	1.33	0.0163451
1.195	1.34	0.0191644
1.195	1.35	0.022184
1.195	1.36	0.0254041
1.195	1.37	0.0288245
1.195	1.38	0.0324453
1.195	1.39	0.0362664
1.195	1.4	0.040288
1.195	1.41	0.0445099
1.195	1.42	0.0489322
1.195	1.43	0.0535548
1.195	1.44	0.0583778
1.195	1.45	0.0634011
1.195	1.46	0.0686248
1.195	1.47	0.0740487
1.195	1.48	0.079673
1.195	1.49	0.0854976
1.195	1.5	0.0915226
1.195	1.51	0.0977478
1.195	1.52	0.104173
1.195	1.53	0.110799
1.195	1.54	0.117625
1.195	1.55	0.124652
1.195	1.56	0.131878
1.195	1.57	0.139305
1.195	1.58	0.146932
1.195	1.59	0.15476
1.195	1.6	0.162787
1.195	1.61	0.171015
1.195	1.62	0.179444
1.195	1.63	0.188072
1.195	1.64	0.1969
1.195	1.65	0.205929
1.195	1.66	0.215158
1.195	1.67	0.224588
1.195	1.68	0.234217
1.195	1.69	0.244047
1.195	1.7	0.254076
1.195	1.71	0.264306
1.195	1.72	0.274736
1.195	1.73	0.285367
1.195	1.74	0.296197
1.195	1.75	0.307228
1.195	1.76	0.318459
1.195	1.77	0.32989
1.195	1.78	0.341521
1.195	1.79	0.353352
1.195	1.8	0.365383
1.195	1.81	0.377614
1.195	1.82	0.390046
1.195	1.83	0.402678
1.195	1.84	0.415509
1.195	1.85	0.428541
1.195	1.86	0.441773
1.195	1.87	0.455205
1.195	1.88	0.468837
1.195	1.89	0.482669
1.195	1.9	0.496701
1.195	1.91	0.510934
1.195	1.92	0.525366
1.195	1.93	0.539998
1.195	1.94	0.55483
1.195	1.95	0.569863
1.195	1.96	0.585095
1.195	1.97	0.600528
1.195	1.98	0.61616
1.195	1.99	0.631993
1.195	2	0.648025
1.2	0	1.44
1.2	0.01	1.41606
1.2	0.02	1.39232
1.2	0.03	1.36878
1.2	0.04	1.34544
1.2	0.05	1.3223
1.2	0.06	1.29936
1.2	0.07	1.27662
1.2	0.08	1.25409
1.2	0.09	1.23175
1.2	0.1	1.20961
1.2	0.11	1.18767
1.2	0.12	1.16593
1.2	0.13	1.14439
1.2	0.14	1.12305
1.2	0.15	1.10192
1.2	0.16	1.08098
1.2	0.17	1.06024
1.2	0.18	1.0397
1.2	0.19	1.01937
1.2	0.2	0.999229
1.2	0.21	0.979292
1.2	0.22	0.959556
1.2	0.23	0.940019
1.2	0.24	0.920683
1.2	0.25	0.901548
1.2	0.26	0.882612
1.2	0.27	0.863877
1.2	0.28	0.845342
1.2	0.29	0.827008
1.2	0.3	0.808873
1.2	0.31	0.79094
1.2	0.32	0.773206
1.2	0.33	0.755673
1.2	0.34	0.73834
1.2	0.35	0.721208
1.2	0.36	0.704276
1.2	0.37	0.687544
1.2	0.38	0.671013
1.2	0.39	0.654682
1.2	0.4	0.638552
1.2	0.41	0.622622
1.2	0.42	0.606892
1.2	0.43	0.591363
1.2	0.44	0.576034
1.2	0.45	0.560906
1.2	0.46	0.545979
1.2	0.47	0.531251
1.2	0.48	0.516724
1.2	0.49	0.502398
1.2	0.5	0.488272
1.2	0.51	0.474347
1.2	0.52	0.460622
1.2	0.53	0.447098
1.2	0.54	0.433774
1.2	0.55	0.420651
1.2	0.56	0.407728
1.2	0.57	0.395006
1.2	0.58	0.382484
1.2	0.59	0.370163
1.2	0.6	0.358043
1.2	0.61	0.346123
1.2	0.62	0.334403
1.2	0.63	0.322884
1.2	0.64	0.311566
1.2	0.65	0.300448
1.2	0.66	0.289531
1.2	0.67	0.278814
1.2	0.68	0.268298
1.2	0.69	0.257983
1.2	0.7	0.247868
1.2	0.71	0.237953
1.2	0.72	0.22824
1.2	0.73	0.218726
1.2	0.74	0.209414
1.2	0.75	0.200302
1.2	0.76	0.19139
1.2	0.77	0.18268
1.2	0.78	0.174169
1.2	0.79	0.16586
1.2	0.8	0.157751
1.2	0.81	0.149842
1.2	0.82	0.142134
1.2	0.83	0.134627
1.2	0.84	0.12732
1.2	0.85	0.120214
1.2	0.86	0.113309
1.2	0.87	0.106604
1.2	0.88	0.1001
1.2	0.89	0.0937958
1.2	0.9	0.0876927
1.2	0.91	0.0817902
1.2	0.92	0.0760882
1.2	0.93	0.0705869
1.2	0.94	0.0652861
1.2	0.95	0.0601859
1.2	0.96	0.0552863
1.2	0.97	0.0505873
1.2	0.98	0.0460888
1.2	0.99	0.041791
1.2	1	0.0376936
1.2	1.01	0.0337969
1.2	1.02	0.0301007
1.2	1.03	0.0266051
1.2	1.04	0.0233101
1.2	1.05	0.0202156
1.2	1.06	0.0173216
1.2	1.07	0.0146282
1.2	1.08	0.0121354
1.2	1.09	0.00984307
1.2	1.1	0.0077513
1.2	1.11	0.00586005
1.2	1.12	0.00416934
1.2	1.13	0.00267915
1.2	1.14	0.00138948
1.2	1.15	0.000300329
1.2	1.16	-0.000588313
1.2	1.17	-0.00127645
1.2	1.18	-0.00176408
1.2	1.19	-0.00205122
1.2	1.2	-0.00213787
1.2	1.21	-0.00202404
1.2	1.22	-0.00170972
1.2	1.23	-0.00119492
1.2	1.24	-0.000479653
1.2	1.25	0.000436089
1.2	1.26	0.00155229
1.2	1.27	0.00286895
1.2	1.28	0.00438605
1.2	1.29	0.00610359
1.2	1.3	0.00802157
1.2	1.31	0.01014
1.2	1.32	0.0124588
1.2	1.33	0.0149781
1.2	1.34	0.0176978
1.2	1.35	0.0206179
1.2	1.36	0.0237384
1.2	1.37	0.0270592
1.2	1.38	0.0305805
1.2	1.39	0.0343022
1.2	1.4	0.0382242
1.2	1.41	0.0423466
1.2	1.42	0.0466694
1.2	1.43	0.0511925
1.2	1.44	0.055916
1.2	1.45	0.0608398
1.2	1.46	0.065964
1.2	1.47	0.0712885
1.2	1.48	0.0768134
1.2	1.49	0.0825385
1.2	1.5	0.088464
1.2	1.51	0.0945898
1.2	1.52	0.100916
1.2	1.53	0.107442
1.2	1.54	0.114169
1.2	1.55	0.121096
1.2	1.56	0.128223
1.2	1.57	0.135551
1.2	1.58	0.143078
1.2	1.59	0.150806
1.2	1.6	0.158735
1.2	1.61	0.166863
1.2	1.62	0.175192
1.2	1.63	0.183721
1.2	1.64	0.19245
1.2	1.65	0.20138
1.2	1.66	0.210509
1.2	1.67	0.219839
1.2	1.68	0.229369
1.2	1.69	0.2391
1.2	1.7	0.24903
1.2	1.71	0.259161
1.2	1.72	0.269492
1.2	1.73	0.280023
1.2	1.74	0.290754
1.2	1.75	0.301685
1.2	1.76	0.312817
1.2	1.77	0.324148
1.2	1.78	0.33568
1.2	1.79	0.347412
1.2	1.8	0.359344
1.2	1.81	0.371476
1.2	1.82	0.383808
1.2	1.83	0.39634
1.2	1.84	0.409073
1.2	1.85	0.422005
1.2	1.86	0.435138
1.2	1.87	0.448471
1.2	1.88	0.462003
1.2	1.89	0.475736
1.2	1.9	0.489669
1.2	1.91	0.503802
1.2	1.92	0.518135
1.2	1.93	0.532668
1.2	1.94	0.547401
1.2	1.95	0.562334
1.2	1.96	0.577467
1.2	1.97	0.592801
1.2	1.98	0.608334
1.2	1.99	0.624067
1.2	2	0.64
1.205	0	1.45203
1.205	0.01	1.42798
1.205	0.02	1.40414
1.205	0.03	1.3805
1.205	0.04	1.35706
1.205	0.05	1.33382
1.205	0.06	1.31078
1.205	0.07	1.28794
1.205	0.08	1.2653
1.205	0.09	1.24286
1.205	0.1	1.22062
1.205	0.11	1.19859
1.205	0.12	1.17675
1.205	0.13	1.15511
1.205	0.14	1.13367
1.205	0.15	1.11243
1.205	0.16	1.09139
1.205	0.17	1.07055
1.205	0.18	1.04991
1.205	0.19	1.02948
1.205	0.2	1.00924
1.205	0.21	0.9892
1.205	0.22	0.969363
1.205	0.23	0.949725
1.205	0.24	0.930289
1.205	0.25	0.911052
1.205	0.26	0.892016
1.205	0.27	0.87318
1.205	0.28	0.854544
1.205	0.29	0.836109
1.205	0.3	0.817874
1.205	0.31	0.79984
1.205	0.32	0.782006
1.205	0.33	0.764372
1.205	0.34	0.746938
1.205	0.35	0.729705
1.205	0.36	0.712672
1.205	0.37	0.69584
1.205	0.38	0.679208
1.205	0.39	0.662777
1.205	0.4	0.646546
1.205	0.41	0.630515
1.205	0.42	0.614685
1.205	0.43	0.599055
1.205	0.44	0.583626
1.205	0.45	0.568397
1.205	0.46	0.553369
1.205	0.47	0.538541
1.205	0.48	0.523914
1.205	0.49	0.509487
1.205	0.5	0.49526
1.205	0.51	0.481235
1.205	0.52	0.467409
1.205	0.53	0.453784
1.205	0.54	0.44036
1.205	0.55	0.427136
1.205	0.56	0.414113
1.205	0.57	0.401291
1.205	0.58	0.388668
1.205	0.59	0.376247
1.205	0.6	0.364026
1.205	0.61	0.352005
1.205	0.62	0.340186
1.205	0.63	0.328566
1.205	0.64	0.317147
1.205	0.65	0.305929
1.205	0.66	0.294912
1.205	0.67	0.284095
1.205	0.68	0.273478
1.205	0.69	0.263062
1.205	0.7	0.252847
1.205	0.71	0.242832
1.205	0.72	0.233018
1.205	0.73	0.223405
1.205	0.74	0.213992
1.205	0.75	0.20478
1.205	0.76	0.195768
1.205	0.77	0.186957
1.205	0.78	0.178347
1.205	0.79	0.169937
1.205	0.8	0.161728
1.205	0.81	0.153719
1.205	0.82	0.145911
1.205	0.83	0.138303
1.205	0.84	0.130897
1.205	0.85	0.12369
1.205	0.86	0.116685
1.205	0.87	0.10988
1.205	0.88	0.103275
1.205	0.89	0.0968715
1.205	0.9	0.0906683
1.205	0.91	0.0846658
1.205	0.92	0.0788638
1.205	0.93	0.0732624
1.205	0.94	0.0678616
1.205	0.95	0.0626614
1.205	0.96	0.0576618
1.205	0.97	0.0528628
1.205	0.98	0.0482644
1.205	0.99	0.0438666
1.205	1	0.0396693
1.205	1.01	0.0356727
1.205	1.02	0.0318766
1.205	1.03	0.0282811
1.205	1.04	0.0248861
1.205	1.05	0.0216917
1.205	1.06	0.0186979
1.205	1.07	0.0159047
1.205	1.08	0.013312
1.205	1.09	0.0109198
1.205	1.1	0.00872821
1.205	1.11	0.00673716
1.205	1.12	0.00494664
1.205	1.13	0.00335666
1.205	1.14	0.00196721
1.205	1.15	0.000778294
1.205	1.16	-0.000210105
1.205	1.17	-0.000997986
1.205	1.18	-0.00158536
1.205	1.19	-0.00197222
1.205	1.2	-0.00215858
1.205	1.21	-0.00214445
1.205	1.22	-0.00192982
1.205	1.23	-0.00151471
1.205	1.24	-0.00089911
1.205	1.25	-8.30323e-05
1.205	1.26	0.000933516
1.205	1.27	0.00215053
1.205	1.28	0.00356799
1.205	1.29	0.00518591
1.205	1.3	0.00700428
1.205	1.31	0.00902309
1.205	1.32	0.0112423
1.205	1.33	0.013662
1.205	1.34	0.0162821
1.205	1.35	0.0191026
1.205	1.36	0.0221236
1.205	1.37	0.0253449
1.205	1.38	0.0287666
1.205	1.39	0.0323887
1.205	1.4	0.0362112
1.205	1.41	0.0402341
1.205	1.42	0.0444574
1.205	1.43	0.048881
1.205	1.44	0.053505
1.205	1.45	0.0583294
1.205	1.46	0.0633541
1.205	1.47	0.0685791
1.205	1.48	0.0740045
1.205	1.49	0.0796302
1.205	1.5	0.0854562
1.205	1.51	0.0914825
1.205	1.52	0.0977092
1.205	1.53	0.104136
1.205	1.54	0.110763
1.205	1.55	0.117591
1.205	1.56	0.124619
1.205	1.57	0.131847
1.205	1.58	0.139275
1.205	1.59	0.146904
1.205	1.6	0.154733
1.205	1.61	0.162762
1.205	1.62	0.170991
1.205	1.63	0.179421
1.205	1.64	0.188051
1.205	1.65	0.196881
1.205	1.66	0.205911
1.205	1.67	0.215142
1.205	1.68	0.224572
1.205	1.69	0.234203
1.205	1.7	0.244034
1.205	1.71	0.254066
1.205	1.72	0.264297
1.205	1.73	0.274729
1.205	1.74	0.285361
1.205	1.75	0.296193
1.205	1.76	0.307225
1.205	1.77	0.318457
1.205	1.78	0.329889
1.205	1.79	0.341522
1.205	1.8	0.353355
1.205	1.81	0.365387
1.205	1.82	0.37762
1.205	1.83	0.390053
1.205	1.84	0.402687
1.205	1.85	0.41552
1.205	1.86	0.428553
1.205	1.87	0.441786
1.205	1.88	0.45522
1.205	1.89	0.468853
1.205	1.9	0.482687
1.205	1.91	0.496721
1.205	1.92	0.510954
1.205	1.93	0.525388
1.205	1.94	0.540022
1.205	1.95	0.554856
1.205	1.96	0.56989
1.205	1.97	0.585123
1.205	1.98	0.600557
1.205	1.99	0.616191
1.205	2	0.632025
1.21	0	1.4641
1.21	0.01	1.43996
1.21	0.02	1.41602
1.21	0.03	1.39228
1.21	0.04	1.36874
1.21	0.05	1.34539
1.21	0.06	1.32225
1.21	0.07	1.29931
1.21	0.08	1.27657
1.21	0.09	1.25403
1.21	0.1	1.23169
1.21	0.11	1.20955
1.21	0.12	1.18761
1.21	0.13	1.16587
1.21	0.14	1.14433
1.21	0.15	1.12299
1.21	0.16	1.10185
1.21	0.17	1.08091
1.21	0.18	1.06017
1.21	0.19	1.03963
1.21	0.2	1.0193
1.21	0.21	0.999158
1.21	0.22	0.97922
1.21	0.23	0.959482
1.21	0.24	0.939944
1.21	0.25	0.920607
1.21	0.26	0.90147
1.21	0.27	0.882533
1.21	0.28	0.863797
1.21	0.29	0.845261
1.21	0.3	0.826925
1.21	0.31	0.80879
1.21	0.32	0.790855
1.21	0.33	0.773121
1.21	0.34	0.755587
1.21	0.35	0.738253
1.21	0.36	0.721119
1.21	0.37	0.704186
1.21	0.38	0.687454
1.21	0.39	0.670922
1.21	0.4	0.65459
1.21	0.41	0.638459
1.21	0.42	0.622528
1.21	0.43	0.606798
1.21	0.44	0.591268
1.21	0.45	0.575938
1.21	0.46	0.56081
1.21	0.47	0.545881
1.21	0.48	0.531153
1.21	0.49	0.516626
1.21	0.5	0.502299
1.21	0.51	0.488173
1.21	0.52	0.474247
1.21	0.53	0.460521
1.21	0.54	0.446997
1.21	0.55	0.433672
1.21	0.56	0.420549
1.21	0.57	0.407626
1.21	0.58	0.394903
1.21	0.59	0.382381
1.21	0.6	0.37006
1.21	0.61	0.357939
1.21	0.62	0.346018
1.21	0.63	0.334299
1.21	0.64	0.322779
1.21	0.65	0.311461
1.21	0.66	0.300343
1.21	0.67	0.289426
1.21	0.68	0.278709
1.21	0.69	0.268193
1.21	0.7	0.257877
1.21	0.71	0.247762
1.21	0.72	0.237848
1.21	0.73	0.228134
1.21	0.74	0.218621
1.21	0.75	0.209308
1.21	0.76	0.200196
1.21	0.77	0.191285
1.21	0.78	0.182574
1.21	0.79	0.174064
1.21	0.8	0.165755
1.21	0.81	0.157646
1.21	0.82	0.149738
1.21	0.83	0.14203
1.21	0.84	0.134523
1.21	0.85	0.127217
1.21	0.86	0.120111
1.21	0.87	0.113206
1.21	0.88	0.106502
1.21	0.89	0.0999978
1.21	0.9	0.0936946
1.21	0.91	0.087592
1.21	0.92	0.0816899
1.21	0.93	0.0759885
1.21	0.94	0.0704877
1.21	0.95	0.0651875
1.21	0.96	0.0600879
1.21	0.97	0.055189
1.21	0.98	0.0504906
1.21	0.99	0.0459928
1.21	1	0.0416956
1.21	1.01	0.037599
1.21	1.02	0.033703
1.21	1.03	0.0300076
1.21	1.04	0.0265127
1.21	1.05	0.0232185
1.21	1.06	0.0201248
1.21	1.07	0.0172317
1.21	1.08	0.0145391
1.21	1.09	0.0120471
1.21	1.1	0.00975571
1.21	1.11	0.00766484
1.21	1.12	0.00577452
1.21	1.13	0.00408475
1.21	1.14	0.00259552
1.21	1.15	0.00130683
1.21	1.16	0.000218671
1.21	1.17	-0.000668959
1.21	1.18	-0.00135607
1.21	1.19	-0.00184266
1.21	1.2	-0.00212874
1.21	1.21	-0.00221431
1.21	1.22	-0.00209938
1.21	1.23	-0.00178395
1.21	1.24	-0.00126803
1.21	1.25	-0.000551619
1.21	1.26	0.000365271
1.21	1.27	0.00148263
1.21	1.28	0.00280046
1.21	1.29	0.00431876
1.21	1.3	0.0060375
1.21	1.31	0.0079567
1.21	1.32	0.0100763
1.21	1.33	0.0123964
1.21	1.34	0.014917
1.21	1.35	0.0176379
1.21	1.36	0.0205593
1.21	1.37	0.023681
1.21	1.38	0.0270032
1.21	1.39	0.0305258
1.21	1.4	0.0342488
1.21	1.41	0.0381721
1.21	1.42	0.0422959
1.21	1.43	0.04662
1.21	1.44	0.0511445
1.21	1.45	0.0558693
1.21	1.46	0.0607945
1.21	1.47	0.0659201
1.21	1.48	0.071246
1.21	1.49	0.0767722
1.21	1.5	0.0824988
1.21	1.51	0.0884256
1.21	1.52	0.0945528
1.21	1.53	0.10088
1.21	1.54	0.107408
1.21	1.55	0.114136
1.21	1.56	0.121065
1.21	1.57	0.128193
1.21	1.58	0.135522
1.21	1.59	0.143052
1.21	1.6	0.150781
1.21	1.61	0.158711
1.21	1.62	0.166841
1.21	1.63	0.175171
1.21	1.64	0.183702
1.21	1.65	0.192432
1.21	1.66	0.201363
1.21	1.67	0.210494
1.21	1.68	0.219826
1.21	1.69	0.229357
1.21	1.7	0.239089
1.21	1.71	0.249021
1.21	1.72	0.259153
1.21	1.73	0.269485
1.21	1.74	0.280018
1.21	1.75	0.29075
1.21	1.76	0.301683
1.21	1.77	0.312816
1.21	1.78	0.324149
1.21	1.79	0.335682
1.21	1.8	0.347416
1.21	1.81	0.359349
1.21	1.82	0.371483
1.21	1.83	0.383817
1.21	1.84	0.39635
1.21	1.85	0.409084
1.21	1.86	0.422018
1.21	1.87	0.435152
1.21	1.88	0.448487
1.21	1.89	0.462021
1.21	1.9	0.475755
1.21	1.91	0.489689
1.21	1.92	0.503824
1.21	1.93	0.518158
1.21	1.94	0.532693
1.21	1.95	0.547427
1.21	1.96	0.562362
1.21	1.97	0.577496
1.21	1.98	0.592831
1.21	1.99	0.608365
1.21	2	0.6241
1.215	0	1.47623
1.215	0.01	1.45198
1.215	0.02	1.42794
1.215	0.03	1.4041
1.215	0.04	1.38046
1.215	0.05	1.35702
1.215	0.06	1.33377
1.215	0.07	1.31073
1.215	0.08	1.28789
1.215	0.09	1.26525
1.215	0.1	1.24281
1.215	0.11	1.22057
1.215	0.12	1.19853
1.215	0.13	1.17669
1.215	0.14	1.15504
1.215	0.15	1.1336
1.215	0.16	1.11236
1.215	0.17	1.09132
1.215	0.18	1.07048
1.215	0.19	1.04984
1.215	0.2	1.0294
1.215	0.21	1.00917
1.215	0.22	0.989127
1.215	0.23	0.969288
1.215	0.24	0.94965
1.215	0.25	0.930212
1.215	0.26	0.910974
1.215	0.27	0.891937
1.215	0.28	0.8731
1.215	0.29	0.854463
1.215	0.3	0.836027
1.215	0.31	0.817791
1.215	0.32	0.799755
1.215	0.33	0.78192
1.215	0.34	0.764285
1.215	0.35	0.74685
1.215	0.36	0.729616
1.215	0.37	0.712583
1.215	0.38	0.69575
1.215	0.39	0.679117
1.215	0.4	0.662684
1.215	0.41	0.646453
1.215	0.42	0.630421
1.215	0.43	0.61459
1.215	0.44	0.59896
1.215	0.45	0.58353
1.215	0.46	0.5683
1.215	0.47	0.553271
1.215	0.48	0.538443
1.215	0.49	0.523815
1.215	0.5	0.509387
1.215	0.51	0.495161
1.215	0.52	0.481134
1.215	0.53	0.467308
1.215	0.54	0.453683
1.215	0.55	0.440258
1.215	0.56	0.427034
1.215	0.57	0.414011
1.215	0.58	0.401187
1.215	0.59	0.388565
1.215	0.6	0.376143
1.215	0.61	0.363922
1.215	0.62	0.351901
1.215	0.63	0.340081
1.215	0.64	0.328461
1.215	0.65	0.317043
1.215	0.66	0.305824
1.215	0.67	0.294806
1.215	0.68	0.283989
1.215	0.69	0.273373
1.215	0.7	0.262957
1.215	0.71	0.252742
1.215	0.72	0.242727
1.215	0.73	0.232913
1.215	0.74	0.2233
1.215	0.75	0.213887
1.215	0.76	0.204675
1.215	0.77	0.195663
1.215	0.78	0.186852
1.215	0.79	0.178242
1.215	0.8	0.169832
1.215	0.81	0.161623
1.215	0.82	0.153615
1.215	0.83	0.145807
1.215	0.84	0.1382
1.215	0.85	0.130794
1.215	0.86	0.123588
1.215	0.87	0.116583
1.215	0.88	0.109778
1.215	0.89	0.103174
1.215	0.9	0.0967708
1.215	0.91	0.0905681
1.215	0.92	0.0845661
1.215	0.93	0.0787646
1.215	0.94	0.0731638
1.215	0.95	0.0677636
1.215	0.96	0.0625641
1.215	0.97	0.0575651
1.215	0.98	0.0527667
1.215	0.99	0.048169
1.215	1	0.0437719
1.215	1.01	0.0395753
1.215	1.02	0.0355794
1.215	1.03	0.0317841
1.215	1.04	0.0281894
1.215	1.05	0.0247952
1.215	1.06	0.0216016
1.215	1.07	0.0186087
1.215	1.08	0.0158163
1.215	1.09	0.0132245
1.215	1.1	0.0108332
1.215	1.11	0.00864253
1.215	1.12	0.0066524
1.215	1.13	0.00486284
1.215	1.14	0.00327383
1.215	1.15	0.00188537
1.215	1.16	0.000697455
1.215	1.17	-0.000289924
1.215	1.18	-0.00107677
1.215	1.19	-0.00166309
1.215	1.2	-0.00204888
1.215	1.21	-0.00223416
1.215	1.22	-0.00221892
1.215	1.23	-0.00200318
1.215	1.24	-0.00158694
1.215	1.25	-0.000970195
1.215	1.26	-0.000152963
1.215	1.27	0.000864753
1.215	1.28	0.00208295
1.215	1.29	0.00350161
1.215	1.3	0.00512074
1.215	1.31	0.00694033
1.215	1.32	0.00896037
1.215	1.33	0.0111809
1.215	1.34	0.0136018
1.215	1.35	0.0162232
1.215	1.36	0.019045
1.215	1.37	0.0220672
1.215	1.38	0.0252898
1.215	1.39	0.0287129
1.215	1.4	0.0323363
1.215	1.41	0.0361601
1.215	1.42	0.0401843
1.215	1.43	0.0444089
1.215	1.44	0.0488339
1.215	1.45	0.0534593
1.215	1.46	0.058285
1.215	1.47	0.0633111
1.215	1.48	0.0685375
1.215	1.49	0.0739643
1.215	1.5	0.0795913
1.215	1.51	0.0854188
1.215	1.52	0.0914465
1.215	1.53	0.0976746
1.215	1.54	0.104103
1.215	1.55	0.110732
1.215	1.56	0.117561
1.215	1.57	0.12459
1.215	1.58	0.131819
1.215	1.59	0.139249
1.215	1.6	0.146879
1.215	1.61	0.15471
1.215	1.62	0.16274
1.215	1.63	0.170971
1.215	1.64	0.179402
1.215	1.65	0.188034
1.215	1.66	0.196865
1.215	1.67	0.205897
1.215	1.68	0.215129
1.215	1.69	0.224561
1.215	1.7	0.234193
1.215	1.71	0.244026
1.215	1.72	0.254059
1.215	1.73	0.264292
1.215	1.74	0.274725
1.215	1.75	0.285358
1.215	1.76	0.296192
1.215	1.77	0.307225
1.215	1.78	0.318459
1.215	1.79	0.329893
1.215	1.8	0.341527
1.215	1.81	0.353361
1.215	1.82	0.365395
1.215	1.83	0.37763
1.215	1.84	0.390064
1.215	1.85	0.402699
1.215	1.86	0.415534
1.215	1.87	0.428568
1.215	1.88	0.441803
1.215	1.89	0.455238
1.215	1.9	0.468873
1.215	1.91	0.482708
1.215	1.92	0.496743
1.215	1.93	0.510978
1.215	1.94	0.525414
1.215	1.95	0.540049
1.215	1.96	0.554884
1.215	1.97	0.569919
1.215	1.98	0.585154
1.215	1.99	0.60059
1.215	2	0.616225
1.22	0	1.4884
1.22	0.01	1.46406
1.22	0.02	1.43991
1.22	0.03	1.41597
1.22	0.04	1.39223
1.22	0.05	1.36869
1.22	0.06	1.34534
1.22	0.07	1.3222
1.22	0.08	1.29926
1.22	0.09	1.27652
1.22	0.1	1.25398
1.22	0.11	1.23163
1.22	0.12	1.20949
1.22	0.13	1.18755
1.22	0.14	1.16581
1.22	0.15	1.14427
1.22	0.16	1.12293
1.22	0.17	1.10179
1.22	0.18	1.08084
1.22	0.19	1.0601
1.22	0.2	1.03956
1.22	0.21	1.01922
1.22	0.22	0.999084
1.22	0.23	0.979145
1.22	0.24	0.959406
1.22	0.25	0.939867
1.22	0.26	0.920529
1.22	0.27	0.901391
1.22	0.28	0.882453
1.22	0.29	0.863716
1.22	0.3	0.845178
1.22	0.31	0.826842
1.22	0.32	0.808705
1.22	0.33	0.79077
1.22	0.34	0.773034
1.22	0.35	0.755499
1.22	0.36	0.738164
1.22	0.37	0.72103
1.22	0.38	0.704096
1.22	0.39	0.687363
1.22	0.4	0.67083
1.22	0.41	0.654497
1.22	0.42	0.638365
1.22	0.43	0.622434
1.22	0.44	0.606703
1.22	0.45	0.591172
1.22	0.46	0.575842
1.22	0.47	0.560712
1.22	0.48	0.545783
1.22	0.49	0.531055
1.22	0.5	0.516527
1.22	0.51	0.502199
1.22	0.52	0.488073
1.22	0.53	0.474146
1.22	0.54	0.46042
1.22	0.55	0.446895
1.22	0.56	0.433571
1.22	0.57	0.420446
1.22	0.58	0.407523
1.22	0.59	0.3948
1.22	0.6	0.382278
1.22	0.61	0.369956
1.22	0.62	0.357835
1.22	0.63	0.345914
1.22	0.64	0.334195
1.22	0.65	0.322675
1.22	0.66	0.311357
1.22	0.67	0.300238
1.22	0.68	0.289321
1.22	0.69	0.278604
1.22	0.7	0.268088
1.22	0.71	0.257772
1.22	0.72	0.247658
1.22	0.73	0.237743
1.22	0.74	0.22803
1.22	0.75	0.218517
1.22	0.76	0.209204
1.22	0.77	0.200092
1.22	0.78	0.191181
1.22	0.79	0.182471
1.22	0.8	0.173961
1.22	0.81	0.165652
1.22	0.82	0.157543
1.22	0.83	0.149635
1.22	0.84	0.141928
1.22	0.85	0.134422
1.22	0.86	0.127116
1.22	0.87	0.12001
1.22	0.88	0.113106
1.22	0.89	0.106402
1.22	0.9	0.0998983
1.22	0.91	0.0935956
1.22	0.92	0.0874935
1.22	0.93	0.081592
1.22	0.94	0.0758912
1.22	0.95	0.070391
1.22	0.96	0.0650914
1.22	0.97	0.0599925
1.22	0.98	0.0550941
1.22	0.99	0.0503964
1.22	1	0.0458994
1.22	1.01	0.0416029
1.22	1.02	0.0375071
1.22	1.03	0.0336118
1.22	1.04	0.0299172
1.22	1.05	0.0264232
1.22	1.06	0.0231297
1.22	1.07	0.0200369
1.22	1.08	0.0171446
1.22	1.09	0.014453
1.22	1.1	0.0119619
1.22	1.11	0.00967139
1.22	1.12	0.00758146
1.22	1.13	0.0056921
1.22	1.14	0.00400331
1.22	1.15	0.00251507
1.22	1.16	0.00122739
1.22	1.17	0.000140253
1.22	1.18	-0.000746337
1.22	1.19	-0.00143239
1.22	1.2	-0.00191791
1.22	1.21	-0.0022029
1.22	1.22	-0.00228737
1.22	1.23	-0.00217132
1.22	1.24	-0.00185476
1.22	1.25	-0.00133769
1.22	1.26	-0.000620128
1.22	1.27	0.000297931
1.22	1.28	0.00141648
1.22	1.29	0.0027355
1.22	1.3	0.004255
1.22	1.31	0.00597497
1.22	1.32	0.0078954
1.22	1.33	0.0100163
1.22	1.34	0.0123376
1.22	1.35	0.0148594
1.22	1.36	0.0175816
1.22	1.37	0.0205043
1.22	1.38	0.0236274
1.22	1.39	0.0269508
1.22	1.4	0.0304747
1.22	1.41	0.034199
1.22	1.42	0.0381237
1.22	1.43	0.0422488
1.22	1.44	0.0465743
1.22	1.45	0.0511001
1.22	1.46	0.0558263
1.22	1.47	0.0607529
1.22	1.48	0.0658798
1.22	1.49	0.0712071
1.22	1.5	0.0767347
1.22	1.51	0.0824627
1.22	1.52	0.088391
1.22	1.53	0.0945196
1.22	1.54	0.100849
1.22	1.55	0.107378
1.22	1.56	0.114107
1.22	1.57	0.121037
1.22	1.58	0.128167
1.22	1.59	0.135498
1.22	1.6	0.143028
1.22	1.61	0.150759
1.22	1.62	0.15869
1.22	1.63	0.166822
1.22	1.64	0.175154
1.22	1.65	0.183686
1.22	1.66	0.192418
1.22	1.67	0.20135
1.22	1.68	0.210483
1.22	1.69	0.219816
1.22	1.7	0.229349
1.22	1.71	0.239082
1.22	1.72	0.249015
1.22	1.73	0.259149
1.22	1.74	0.269483
1.22	1.75	0.280016
1.22	1.76	0.290751
1.22	1.77	0.301685
1.22	1.78	0.312819
1.22	1.79	0.324154
1.22	1.8	0.335688
1.22	1.81	0.347423
1.22	1.82	0.359358
1.22	1.83	0.371493
1.22	1.84	0.383828
1.22	1.85	0.396364
1.22	1.86	0.409099
1.22	1.87	0.422034
1.22	1.88	0.43517
1.22	1.89	0.448506
1.22	1.9	0.462041
1.22	1.91	0.475777
1.22	1.92	0.489713
1.22	1.93	0.503849
1.22	1.94	0.518184
1.22	1.95	0.53272
1.22	1.96	0.547456
1.22	1.97	0.562392
1.22	1.98	0.577528
1.22	1.99	0.592864
1.22	2	0.6084
1.225	0	1.50063
1.225	0.01	1.47618
1.225	0.02	1.45194
1.225	0.03	1.42789
1.225	0.04	1.40405
1.225	0.05	1.38041
1.225	0.06	1.35696
1.225	0.07	1.33372
1.225	0.08	1.31068
1.225	0.09	1.28784
1.225	0.1	1.26519
1.225	0.11	1.24275
1.225	0.12	1.22051
1.225	0.13	1.19846
1.225	0.14	1.17662
1.225	0.15	1.15498
1.225	0.16	1.13354
1.225	0.17	1.1123
1.225	0.18	1.09126
1.225	0.19	1.07041
1.225	0.2	1.04977
1.225	0.21	1.02933
1.225	0.22	1.00909
1.225	0.23	0.989052
1.225	0.24	0.969212
1.225	0.25	0.949573
1.225	0.26	0.930134
1.225	0.27	0.910895
1.225	0.28	0.891856
1.225	0.29	0.873018
1.225	0.3	0.854381
1.225	0.31	0.835943
1.225	0.32	0.817706
1.225	0.33	0.79967
1.225	0.34	0.781833
1.225	0.35	0.764198
1.225	0.36	0.746762
1.225	0.37	0.729527
1.225	0.38	0.712493
1.225	0.39	0.695659
1.225	0.4	0.679025
1.225	0.41	0.662592
1.225	0.42	0.646359
1.225	0.43	0.630327
1.225	0.44	0.614496
1.225	0.45	0.598865
1.225	0.46	0.583434
1.225	0.47	0.568204
1.225	0.48	0.553174
1.225	0.49	0.538345
1.225	0.5	0.523717
1.225	0.51	0.509289
1.225	0.52	0.495061
1.225	0.53	0.481035
1.225	0.54	0.467208
1.225	0.55	0.453583
1.225	0.56	0.440157
1.225	0.57	0.426933
1.225	0.58	0.413909
1.225	0.59	0.401086
1.225	0.6	0.388463
1.225	0.61	0.376041
1.225	0.62	0.363819
1.225	0.63	0.351798
1.225	0.64	0.339978
1.225	0.65	0.328359
1.225	0.66	0.316939
1.225	0.67	0.305721
1.225	0.68	0.294703
1.225	0.69	0.283886
1.225	0.7	0.27327
1.225	0.71	0.262854
1.225	0.72	0.252639
1.225	0.73	0.242624
1.225	0.74	0.23281
1.225	0.75	0.223197
1.225	0.76	0.213784
1.225	0.77	0.204572
1.225	0.78	0.195561
1.225	0.79	0.18675
1.225	0.8	0.17814
1.225	0.81	0.169731
1.225	0.82	0.161522
1.225	0.83	0.153514
1.225	0.84	0.145707
1.225	0.85	0.1381
1.225	0.86	0.130694
1.225	0.87	0.123489
1.225	0.88	0.116484
1.225	0.89	0.10968
1.225	0.9	0.103076
1.225	0.91	0.0966736
1.225	0.92	0.0904715
1.225	0.93	0.08447
1.225	0.94	0.0786691
1.225	0.95	0.0730689
1.225	0.96	0.0676694
1.225	0.97	0.0624704
1.225	0.98	0.0574722
1.225	0.99	0.0526745
1.225	1	0.0480775
1.225	1.01	0.0436811
1.225	1.02	0.0394853
1.225	1.03	0.0354902
1.225	1.04	0.0316956
1.225	1.05	0.0281017
1.225	1.06	0.0247084
1.225	1.07	0.0215157
1.225	1.08	0.0185236
1.225	1.09	0.0157321
1.225	1.1	0.0131412
1.225	1.11	0.0107509
1.225	1.12	0.00856113
1.225	1.13	0.00657197
1.225	1.14	0.00478338
1.225	1.15	0.00319536
1.225	1.16	0.00180791
1.225	1.17	0.000621022
1.225	1.18	-0.000365316
1.225	1.19	-0.00115111
1.225	1.2	-0.00173635
1.225	1.21	-0.00212106
1.225	1.22	-0.00230524
1.225	1.23	-0.00228889
1.225	1.24	-0.00207202
1.225	1.25	-0.00165463
1.225	1.26	-0.00103674
1.225	1.27	-0.000218338
1.225	1.28	0.000800555
1.225	1.29	0.00201994
1.225	1.3	0.0034398
1.225	1.31	0.00506015
1.225	1.32	0.00688096
1.225	1.33	0.00890224
1.225	1.34	0.011124
1.225	1.35	0.0135462
1.225	1.36	0.0161688
1.225	1.37	0.0189919
1.225	1.38	0.0220154
1.225	1.39	0.0252393
1.225	1.4	0.0286636
1.225	1.41	0.0322884
1.225	1.42	0.0361135
1.225	1.43	0.0401391
1.225	1.44	0.044365
1.225	1.45	0.0487914
1.225	1.46	0.0534181
1.225	1.47	0.0582451
1.225	1.48	0.0632726
1.225	1.49	0.0685004
1.225	1.5	0.0739285
1.225	1.51	0.079557
1.225	1.52	0.0853858
1.225	1.53	0.091415
1.225	1.54	0.0976444
1.225	1.55	0.104074
1.225	1.56	0.110704
1.225	1.57	0.117535
1.225	1.58	0.124565
1.225	1.59	0.131796
1.225	1.6	0.139228
1.225	1.61	0.146859
1.225	1.62	0.154691
1.225	1.63	0.162723
1.225	1.64	0.170955
1.225	1.65	0.179388
1.225	1.66	0.188021
1.225	1.67	0.196854
1.225	1.68	0.205887
1.225	1.69	0.21512
1.225	1.7	0.224554
1.225	1.71	0.234188
1.225	1.72	0.244022
1.225	1.73	0.254056
1.225	1.74	0.26429
1.225	1.75	0.274725
1.225	1.76	0.28536
1.225	1.77	0.296195
1.225	1.78	0.30723
1.225	1.79	0.318465
1.225	1.8	0.3299
1.225	1.81	0.341536
1.225	1.82	0.353371
1.225	1.83	0.365407
1.225	1.84	0.377643
1.225	1.85	0.390079
1.225	1.86	0.402715
1.225	1.87	0.415551
1.225	1.88	0.428587
1.225	1.89	0.441823
1.225	1.9	0.45526
1.225	1.91	0.468896
1.225	1.92	0.482732
1.225	1.93	0.496769
1.225	1.94	0.511005
1.225	1.95	0.525442
1.225	1.96	0.540079
1.225	1.97	0.554915
1.225	1.98	0.569952
1.225	1.99	0.585188
1.225	2	0.600625
1.23	0	1.5129
1.23	0.01	1.48836
1.23	0.02	1.46401
1.23	0.03	1.43987
1.23	0.04	1.41592
1.23	0.05	1.39218
1.23	0.06	1.36863
1.23	0.07	1.34529
1.23	0.08	1.32215
1.23	0.09	1.2992
1.23	0.1	1.27646
1.23	0.11	1.25392
1.23	0.12	1.23157
1.23	0.13	1.20943
1.23	0.14	1.18749
1.23	0.15	1.16574
1.23	0.16	1.1442
1.23	0.17	1.12286
1.23	0.18	1.10172
1.23	0.19	1.08077
1.23	0.2	1.06003
1.23	0.21	1.03949
1.23	0.22	1.01915
1.23	0.23	0.999009
1.23	0.24	0.979069
1.23	0.25	0.959329
1.23	0.26	0.939789
1.23	0.27	0.920449
1.23	0.28	0.90131
1.23	0.29	0.882371
1.23	0.3	0.863633
1.23	0.31	0.845095
1.23	0.32	0.826757
1.23	0.33	0.80862
1.23	0.34	0.790683
1.23	0.35	0.772946
1.23	0.36	0.75541
1.23	0.37	0.738075
1.23	0.38	0.72094
1.23	0.39	0.704005
1.23	0.4	0.687271
1.23	0.41	0.670737
1.23	0.42	0.654404
1.23	0.43	0.638271
1.23	0.44	0.622339
1.23	0.45	0.606607
1.23	0.46	0.591076
1.23	0.47	0.575745
1.23	0.48	0.560615
1.23	0.49	0.545686
1.23	0.5	0.530957
1.23	0.51	0.516428
1.23	0.52	0.5021
1.23	0.53	0.487973
1.23	0.54	0.474046
1.23	0.55	0.46032
1.23	0.56	0.446794
1.23	0.57	0.433469
1.23	0.58	0.420345
1.23	0.59	0.407421
1.23	0.6	0.394698
1.23	0.61	0.382176
1.23	0.62	0.369854
1.23	0.63	0.357732
1.23	0.64	0.345812
1.23	0.65	0.334092
1.23	0.66	0.322572
1.23	0.67	0.311254
1.23	0.68	0.300136
1.23	0.69	0.289218
1.23	0.7	0.278501
1.23	0.71	0.267985
1.23	0.72	0.25767
1.23	0.73	0.247555
1.23	0.74	0.237641
1.23	0.75	0.227927
1.23	0.76	0.218414
1.23	0.77	0.209102
1.23	0.78	0.199991
1.23	0.79	0.19108
1.23	0.8	0.18237
1.23	0.81	0.17386
1.23	0.82	0.165551
1.23	0.83	0.157443
1.23	0.84	0.149536
1.23	0.85	0.141829
1.23	0.86	0.134323
1.23	0.87	0.127017
1.23	0.88	0.119912
1.23	0.89	0.113008
1.23	0.9	0.106304
1.23	0.91	0.0998016
1.23	0.92	0.0934995
1.23	0.93	0.0873979
1.23	0.94	0.0814971
1.23	0.95	0.0757969
1.23	0.96	0.0702973
1.23	0.97	0.0649984
1.23	0.98	0.0599002
1.23	0.99	0.0550026
1.23	1	0.0503056
1.23	1.01	0.0458093
1.23	1.02	0.0415136
1.23	1.03	0.0374185
1.23	1.04	0.0335241
1.23	1.05	0.0298303
1.23	1.06	0.0263371
1.23	1.07	0.0230445
1.23	1.08	0.0199526
1.23	1.09	0.0170612
1.23	1.1	0.0143705
1.23	1.11	0.0118803
1.23	1.12	0.00959079
1.23	1.13	0.00750184
1.23	1.14	0.00561346
1.23	1.15	0.00392567
1.23	1.16	0.00243845
1.23	1.17	0.0011518
1.23	1.18	6.57124e-05
1.23	1.19	-0.000819814
1.23	1.2	-0.00150479
1.23	1.21	-0.00198921
1.23	1.22	-0.0022731
1.23	1.23	-0.00235645
1.23	1.24	-0.00223927
1.23	1.25	-0.00192156
1.23	1.26	-0.00140333
1.23	1.27	-0.000684598
1.23	1.28	0.000234643
1.23	1.29	0.00135438
1.23	1.3	0.00267462
1.23	1.31	0.00419533
1.23	1.32	0.00591653
1.23	1.33	0.0078382
1.23	1.34	0.00996034
1.23	1.35	0.0122829
1.23	1.36	0.014806
1.23	1.37	0.0175295
1.23	1.38	0.0204534
1.23	1.39	0.0235778
1.23	1.4	0.0269026
1.23	1.41	0.0304278
1.23	1.42	0.0341534
1.23	1.43	0.0380794
1.23	1.44	0.0422058
1.23	1.45	0.0465326
1.23	1.46	0.0510598
1.23	1.47	0.0557874
1.23	1.48	0.0607154
1.23	1.49	0.0658437
1.23	1.5	0.0711723
1.23	1.51	0.0767013
1.23	1.52	0.0824307
1.23	1.53	0.0883604
1.23	1.54	0.0944904
1.23	1.55	0.100821
1.23	1.56	0.107351
1.23	1.57	0.114082
1.23	1.58	0.121014
1.23	1.59	0.128145
1.23	1.6	0.135477
1.23	1.61	0.143009
1.23	1.62	0.150741
1.23	1.63	0.158674
1.23	1.64	0.166807
1.23	1.65	0.17514
1.23	1.66	0.183673
1.23	1.67	0.192407
1.23	1.68	0.201341
1.23	1.69	0.210475
1.23	1.7	0.219809
1.23	1.71	0.229344
1.23	1.72	0.239078
1.23	1.73	0.249013
1.23	1.74	0.259148
1.23	1.75	0.269483
1.23	1.76	0.280019
1.23	1.77	0.290754
1.23	1.78	0.30169
1.23	1.79	0.312826
1.23	1.8	0.324162
1.23	1.81	0.335698
1.23	1.82	0.347434
1.23	1.83	0.359371
1.23	1.84	0.371507
1.23	1.85	0.383844
1.23	1.86	0.39638
1.23	1.87	0.409117
1.23	1.88	0.422054
1.23	1.89	0.435191
1.23	1.9	0.448528
1.23	1.91	0.462065
1.23	1.92	0.475802
1.23	1.93	0.489739
1.23	1.94	0.503876
1.23	1.95	0.518214
1.23	1.96	0.532751
1.23	1.97	0.547488
1.23	1.98	0.562425
1.23	1.99	0.577563
1.23	2	0.5929
1.235	0	1.52523
1.235	0.01	1.50058
1.235	0.02	1.47613
1.235	0.03	1.45189
1.235	0.04	1.42784
1.235	0.05	1.404
1.235	0.06	1.38035
1.235	0.07	1.35691
1.235	0.08	1.33367
1.235	0.09	1.31062
1.235	0.1	1.28778
1.235	0.11	1.26513
1.235	0.12	1.24269
1.235	0.13	1.22044
1.235	0.14	1.1984
1.235	0.15	1.17656
1.235	0.16	1.15491
1.235	0.17	1.13347
1.235	0.18	1.11223
1.235	0.19	1.09118
1.235	0.2	1.07034
1.235	0.21	1.0497
1.235	0.22	1.02926
1.235	0.23	1.00902
1.235	0.24	0.988976
1.235	0.25	0.969135
1.235	0.26	0.949494
1.235	0.27	0.930054
1.235	0.28	0.910814
1.235	0.29	0.891775
1.235	0.3	0.872935
1.235	0.31	0.854297
1.235	0.32	0.835858
1.235	0.33	0.81762
1.235	0.34	0.799583
1.235	0.35	0.781746
1.235	0.36	0.764109
1.235	0.37	0.746673
1.235	0.38	0.729437
1.235	0.39	0.712402
1.235	0.4	0.695567
1.235	0.41	0.678933
1.235	0.42	0.662499
1.235	0.43	0.646266
1.235	0.44	0.630233
1.235	0.45	0.614401
1.235	0.46	0.598769
1.235	0.47	0.583338
1.235	0.48	0.568107
1.235	0.49	0.553077
1.235	0.5	0.538247
1.235	0.51	0.523618
1.235	0.52	0.50919
1.235	0.53	0.494962
1.235	0.54	0.480935
1.235	0.55	0.467108
1.235	0.56	0.453482
1.235	0.57	0.440057
1.235	0.58	0.426832
1.235	0.59	0.413808
1.235	0.6	0.400984
1.235	0.61	0.388362
1.235	0.62	0.375939
1.235	0.63	0.363718
1.235	0.64	0.351697
1.235	0.65	0.339876
1.235	0.66	0.328256
1.235	0.67	0.316837
1.235	0.68	0.305619
1.235	0.69	0.294601
1.235	0.7	0.283784
1.235	0.71	0.273168
1.235	0.72	0.262752
1.235	0.73	0.252537
1.235	0.74	0.242522
1.235	0.75	0.232709
1.235	0.76	0.223096
1.235	0.77	0.213683
1.235	0.78	0.204471
1.235	0.79	0.19546
1.235	0.8	0.18665
1.235	0.81	0.17804
1.235	0.82	0.169631
1.235	0.83	0.161423
1.235	0.84	0.153415
1.235	0.85	0.145608
1.235	0.86	0.138002
1.235	0.87	0.130597
1.235	0.88	0.123392
1.235	0.89	0.116387
1.235	0.9	0.109584
1.235	0.91	0.102981
1.235	0.92	0.0965787
1.235	0.93	0.0903772
1.235	0.94	0.0843763
1.235	0.95	0.0785761
1.235	0.96	0.0729766
1.235	0.97	0.0675777
1.235	0.98	0.0623795
1.235	0.99	0.0573819
1.235	1	0.052585
1.235	1.01	0.0479887
1.235	1.02	0.0435931
1.235	1.03	0.0393981
1.235	1.04	0.0354038
1.235	1.05	0.0316101
1.235	1.06	0.0280171
1.235	1.07	0.0246246
1.235	1.08	0.0214328
1.235	1.09	0.0184416
1.235	1.1	0.015651
1.235	1.11	0.0130611
1.235	1.12	0.0106717
1.235	1.13	0.00848293
1.235	1.14	0.00649476
1.235	1.15	0.00470718
1.235	1.16	0.00312018
1.235	1.17	0.00173377
1.235	1.18	0.000547928
1.235	1.19	-0.000437343
1.235	1.2	-0.00122205
1.235	1.21	-0.0018062
1.235	1.22	-0.00218981
1.235	1.23	-0.00237286
1.235	1.24	-0.00235538
1.235	1.25	-0.00213736
1.235	1.26	-0.00171881
1.235	1.27	-0.00109975
1.235	1.28	-0.000280168
1.235	1.29	0.000739919
1.235	1.3	0.00196051
1.235	1.31	0.00338159
1.235	1.32	0.00500316
1.235	1.33	0.00682521
1.235	1.34	0.00884774
1.235	1.35	0.0110707
1.235	1.36	0.0134942
1.235	1.37	0.0161181
1.235	1.38	0.0189424
1.235	1.39	0.0219672
1.235	1.4	0.0251925
1.235	1.41	0.0286181
1.235	1.42	0.0322442
1.235	1.43	0.0360707
1.235	1.44	0.0400975
1.235	1.45	0.0443248
1.235	1.46	0.0487525
1.235	1.47	0.0533806
1.235	1.48	0.058209
1.235	1.49	0.0632378
1.235	1.5	0.0684669
1.235	1.51	0.0738965
1.235	1.52	0.0795263
1.235	1.53	0.0853565
1.235	1.54	0.0913871
1.235	1.55	0.0976179
1.235	1.56	0.104049
1.235	1.57	0.110681
1.235	1.58	0.117512
1.235	1.59	0.124544
1.235	1.6	0.131777
1.235	1.61	0.13921
1.235	1.62	0.146842
1.235	1.63	0.154676
1.235	1.64	0.162709
1.235	1.65	0.170943
1.235	1.66	0.179377
1.235	1.67	0.188011
1.235	1.68	0.196845
1.235	1.69	0.20588
1.235	1.7	0.215115
1.235	1.71	0.22455
1.235	1.72	0.234185
1.235	1.73	0.244021
1.235	1.74	0.254056
1.235	1.75	0.264292
1.235	1.76	0.274728
1.235	1.77	0.285364
1.235	1.78	0.296201
1.235	1.79	0.307237
1.235	1.8	0.318474
1.235	1.81	0.329911
1.235	1.82	0.341547
1.235	1.83	0.353384
1.235	1.84	0.365422
1.235	1.85	0.377659
1.235	1.86	0.390096
1.235	1.87	0.402734
1.235	1.88	0.415571
1.235	1.89	0.428609
1.235	1.9	0.441846
1.235	1.91	0.455284
1.235	1.92	0.468922
1.235	1.93	0.48276
1.235	1.94	0.496797
1.235	1.95	0.511035
1.235	1.96	0.525473
1.235	1.97	0.540111
1.235	1.98	0.554949
1.235	1.99	0.569987
1.235	2	0.585225
1.24	0	1.5376
1.24	0.01	1.51285
1.24	0.02	1.48831
1.24	0.03	1.46396
1.24	0.04	1.43982
1.24	0.05	1.41587
1.24	0.06	1.39213
1.24	0.07	1.36858
1.24	0.08	1.34523
1.24	0.09	1.32209
1.24	0.1	1.29914
1.24	0.11	1.2764
1.24	0.12	1.25385
1.24	0.13	1.23151
1.24	0.14	1.20936
1.24	0.15	1.18742
1.24	0.16	1.16568
1.24	0.17	1.14413
1.24	0.18	1.12279
1.24	0.19	1.10165
1.24	0.2	1.0807
1.24	0.21	1.05996
1.24	0.22	1.03942
1.24	0.23	1.01907
1.24	0.24	0.998933
1.24	0.25	0.978991
1.24	0.26	0.95925
1.24	0.27	0.939709
1.24	0.28	0.920368
1.24	0.29	0.901228
1.24	0.3	0.882288
1.24	0.31	0.863549
1.24	0.32	0.84501
1.24	0.33	0.826671
1.24	0.34	0.808533
1.24	0.35	0.790596
1.24	0.36	0.772858
1.24	0.37	0.755321
1.24	0.38	0.737985
1.24	0.39	0.720849
1.24	0.4	0.703914
1.24	0.41	0.687179
1.24	0.42	0.670645
1.24	0.43	0.654311
1.24	0.44	0.638177
1.24	0.45	0.622245
1.24	0.46	0.606512
1.24	0.47	0.590981
1.24	0.48	0.575649
1.24	0.49	0.560519
1.24	0.5	0.545589
1.24	0.51	0.530859
1.24	0.52	0.51633
1.24	0.53	0.502002
1.24	0.54	0.487874
1.24	0.55	0.473947
1.24	0.56	0.460221
1.24	0.57	0.446695
1.24	0.58	0.43337
1.24	0.59	0.420245
1.24	0.6	0.407321
1.24	0.61	0.394598
1.24	0.62	0.382075
1.24	0.63	0.369753
1.24	0.64	0.357632
1.24	0.65	0.345711
1.24	0.66	0.333991
1.24	0.67	0.322472
1.24	0.68	0.311153
1.24	0.69	0.300035
1.24	0.7	0.289118
1.24	0.71	0.278401
1.24	0.72	0.267885
1.24	0.73	0.257569
1.24	0.74	0.247455
1.24	0.75	0.237541
1.24	0.76	0.227828
1.24	0.77	0.218315
1.24	0.78	0.209003
1.24	0.79	0.199892
1.24	0.8	0.190981
1.24	0.81	0.182271
1.24	0.82	0.173762
1.24	0.83	0.165454
1.24	0.84	0.157346
1.24	0.85	0.149439
1.24	0.86	0.141733
1.24	0.87	0.134227
1.24	0.88	0.126922
1.24	0.89	0.119818
1.24	0.9	0.112914
1.24	0.91	0.106211
1.24	0.92	0.0997087
1.24	0.93	0.0934071
1.24	0.94	0.0873062
1.24	0.95	0.081406
1.24	0.96	0.0757065
1.24	0.97	0.0702076
1.24	0.98	0.0649094
1.24	0.99	0.0598119
1.24	1	0.054915
1.24	1.01	0.0502188
1.24	1.02	0.0457233
1.24	1.03	0.0414284
1.24	1.04	0.0373342
1.24	1.05	0.0334406
1.24	1.06	0.0297477
1.24	1.07	0.0262553
1.24	1.08	0.0229637
1.24	1.09	0.0198726
1.24	1.1	0.0169822
1.24	1.11	0.0142924
1.24	1.12	0.0118032
1.24	1.13	0.00951465
1.24	1.14	0.00742668
1.24	1.15	0.00553931
1.24	1.16	0.00385254
1.24	1.17	0.00236636
1.24	1.18	0.00108076
1.24	1.19	-4.26029e-06
1.24	1.2	-0.000888709
1.24	1.21	-0.00157259
1.24	1.22	-0.00205591
1.24	1.23	-0.00233868
1.24	1.24	-0.0024209
1.24	1.25	-0.00230257
1.24	1.26	-0.00198371
1.24	1.27	-0.00146432
1.24	1.28	-0.000744407
1.24	1.29	0.000176022
1.24	1.3	0.00129696
1.24	1.31	0.0026184
1.24	1.32	0.00414034
1.24	1.33	0.00586276
1.24	1.34	0.00778567
1.24	1.35	0.00990906
1.24	1.36	0.0122329
1.24	1.37	0.0147572
1.24	1.38	0.017482
1.24	1.39	0.0204072
1.24	1.4	0.0235329
1.24	1.41	0.0268589
1.24	1.42	0.0303855
1.24	1.43	0.0341124
1.24	1.44	0.0380397
1.24	1.45	0.0421675
1.24	1.46	0.0464956
1.24	1.47	0.0510242
1.24	1.48	0.0557531
1.24	1.49	0.0606824
1.24	1.5	0.065812
1.24	1.51	0.071142
1.24	1.52	0.0766724
1.24	1.53	0.0824031
1.24	1.54	0.0883342
1.24	1.55	0.0944656
1.24	1.56	0.100797
1.24	1.57	0.107329
1.24	1.58	0.114062
1.24	1.59	0.120994
1.24	1.6	0.128127
1.24	1.61	0.13546
1.24	1.62	0.142994
1.24	1.63	0.150728
1.24	1.64	0.158662
1.24	1.65	0.166796
1.24	1.66	0.175131
1.24	1.67	0.183665
1.24	1.68	0.1924
1.24	1.69	0.201336
1.24	1.7	0.210471
1.24	1.71	0.219807
1.24	1.72	0.229343
1.24	1.73	0.239079
1.24	1.74	0.249015
1.24	1.75	0.259151
1.24	1.76	0.269488
1.24	1.77	0.280025
1.24	1.78	0.290762
1.24	1.79	0.301699
1.24	1.8	0.312836
1.24	1.81	0.324173
1.24	1.82	0.335711
1.24	1.83	0.347449
1.24	1.84	0.359386
1.24	1.85	0.371524
1.24	1.86	0.383862
1.24	1.87	0.3964
1.24	1.88	0.409138
1.24	1.89	0.422077
1.24	1.9	0.435215
1.24	1.91	0.448553
1.24	1.92	0.462092
1.24	1.93	0.47583
1.24	1.94	0.489769
1.24	1.95	0.503907
1.24	1.96	0.518246
1.24	1.97	0.532784
1.24	1.98	0.547523
1.24	1.99	0.562461
1.24	2	0.5776
1.245	0	1.55003
1.245	0.01	1.52518
1.245	0.02	1.50053
1.245	0.03	1.47609
1.245	0.04	1.45184
1.245	0.05	1.42779
1.245	0.06	1.40395
1.245	0.07	1.3803
1.245	0.08	1.35685
1.245	0.09	1.33361
1.245	0.1	1.31056
1.245	0.11	1.28772
1.245	0.12	1.26507
1.245	0.13	1.24262
1.245	0.14	1.22038
1.245	0.15	1.19833
1.245	0.16	1.17649
1.245	0.17	1.15484
1.245	0.18	1.1334
1.245	0.19	1.11216
1.245	0.2	1.09111
1.245	0.21	1.07027
1.245	0.22	1.04963
1.245	0.23	1.02918
1.245	0.24	1.00894
1.245	0.25	0.988898
1.245	0.26	0.969056
1.245	0.27	0.949414
1.245	0.28	0.929973
1.245	0.29	0.910732
1.245	0.3	0.891691
1.245	0.31	0.872851
1.245	0.32	0.854212
1.245	0.33	0.835772
1.245	0.34	0.817534
1.245	0.35	0.799495
1.245	0.36	0.781657
1.245	0.37	0.76402
1.245	0.38	0.746583
1.245	0.39	0.729347
1.245	0.4	0.712311
1.245	0.41	0.695475
1.245	0.42	0.67884
1.245	0.43	0.662406
1.245	0.44	0.646172
1.245	0.45	0.630138
1.245	0.46	0.614306
1.245	0.47	0.598673
1.245	0.48	0.583242
1.245	0.49	0.568011
1.245	0.5	0.55298
1.245	0.51	0.53815
1.245	0.52	0.523521
1.245	0.53	0.509092
1.245	0.54	0.494864
1.245	0.55	0.480836
1.245	0.56	0.467009
1.245	0.57	0.453383
1.245	0.58	0.439957
1.245	0.59	0.426732
1.245	0.6	0.413708
1.245	0.61	0.400884
1.245	0.62	0.388261
1.245	0.63	0.375839
1.245	0.64	0.363617
1.245	0.65	0.351596
1.245	0.66	0.339776
1.245	0.67	0.328156
1.245	0.68	0.316737
1.245	0.69	0.305519
1.245	0.7	0.294501
1.245	0.71	0.283684
1.245	0.72	0.273068
1.245	0.73	0.262652
1.245	0.74	0.252437
1.245	0.75	0.242423
1.245	0.76	0.232609
1.245	0.77	0.222997
1.245	0.78	0.213584
1.245	0.79	0.204373
1.245	0.8	0.195362
1.245	0.81	0.186552
1.245	0.82	0.177943
1.245	0.83	0.169534
1.245	0.84	0.161327
1.245	0.85	0.153319
1.245	0.86	0.145513
1.245	0.87	0.137907
1.245	0.88	0.130502
1.245	0.89	0.123298
1.245	0.9	0.116294
1.245	0.91	0.109491
1.245	0.92	0.102889
1.245	0.93	0.096487
1.245	0.94	0.0902861
1.245	0.95	0.0842859
1.245	0.96	0.0784864
1.245	0.97	0.0728875
1.245	0.98	0.0674894
1.245	0.99	0.0622919
1.245	1	0.0572951
1.245	1.01	0.052499
1.245	1.02	0.0479035
1.245	1.03	0.0435087
1.245	1.04	0.0393146
1.245	1.05	0.0353211
1.245	1.06	0.0315283
1.245	1.07	0.0279361
1.245	1.08	0.0245445
1.245	1.09	0.0213536
1.245	1.1	0.0183634
1.245	1.11	0.0155738
1.245	1.12	0.0129848
1.245	1.13	0.0105964
1.245	1.14	0.00840861
1.245	1.15	0.00642146
1.245	1.16	0.00463491
1.245	1.17	0.00304896
1.245	1.18	0.0016636
1.245	1.19	0.00047883
1.245	1.2	-0.000505357
1.245	1.21	-0.00128897
1.245	1.22	-0.00187201
1.245	1.23	-0.00225449
1.245	1.24	-0.00243641
1.245	1.25	-0.00241777
1.245	1.26	-0.0021986
1.245	1.27	-0.00177888
1.245	1.28	-0.00115864
1.245	1.29	-0.000337865
1.245	1.3	0.000683424
1.245	1.31	0.00190522
1.245	1.32	0.00332753
1.245	1.33	0.00495033
1.245	1.34	0.00677362
1.245	1.35	0.0087974
1.245	1.36	0.0110216
1.245	1.37	0.0134464
1.245	1.38	0.0160715
1.245	1.39	0.0188972
1.245	1.4	0.0219233
1.245	1.41	0.0251498
1.245	1.42	0.0285767
1.245	1.43	0.0322041
1.245	1.44	0.0360319
1.245	1.45	0.0400601
1.245	1.46	0.0442888
1.245	1.47	0.0487178
1.245	1.48	0.0533472
1.245	1.49	0.0581769
1.245	1.5	0.0632071
1.245	1.51	0.0684376
1.245	1.52	0.0738685
1.245	1.53	0.0794997
1.245	1.54	0.0853313
1.245	1.55	0.0913632
1.245	1.56	0.0975955
1.245	1.57	0.104028
1.245	1.58	0.110661
1.245	1.59	0.117494
1.245	1.6	0.124528
1.245	1.61	0.131761
1.245	1.62	0.139195
1.245	1.63	0.14683
1.245	1.64	0.154664
1.245	1.65	0.162699
1.245	1.66	0.170934
1.245	1.67	0.17937
1.245	1.68	0.188005
1.245	1.69	0.196841
1.245	1.7	0.205877
1.245	1.71	0.215113
1.245	1.72	0.22455
1.245	1.73	0.234187
1.245	1.74	0.244023
1.245	1.75	0.25406
1.245	1.76	0.264298
1.245	1.77	0.274735
1.245	1.78	0.285373
1.245	1.79	0.29621
1.245	1.8	0.307248
1.245	1.81	0.318486
1.245	1.82	0.329924
1.245	1.83	0.341563
1.245	1.84	0.353401
1.245	1.85	0.36544
1.245	1.86	0.377678
1.245	1.87	0.390117
1.245	1.88	0.402756
1.245	1.89	0.415594
1.245	1.9	0.428633
1.245	1.91	0.441872
1.245	1.92	0.455311
1.245	1.93	0.46895
1.245	1.94	0.48279
1.245	1.95	0.496829
1.245	1.96	0.511068
1.245	1.97	0.525507
1.245	1.98	0.540147
1.245	1.99	0.554986
1.245	2	0.570025
1.25	0	1.5625
1.25	0.01	1.53755
1.25	0.02	1.51281
1.25	0.03	1.48826
1.25	0.04	1.46391
1.25	0.05	1.43976
1.25	0.06	1.41582
1.25	0.07	1.39207
1.25	0.08	1.36852
1.25	0.09	1.34518
1.25	0.1	1.32203
1.25	0.11	1.29908
1.25	0.12	1.27634
1.25	0.13	1.25379
1.25	0.14	1.23144
1.25	0.15	1.2093
1.25	0.16	1.18735
1.25	0.17	1.16561
1.25	0.18	1.14406
1.25	0.19	1.12272
1.25	0.2	1.10157
1.25	0.21	1.08063
1.25	0.22	1.05988
1.25	0.23	1.03934
1.25	0.24	1.019
1.25	0.25	0.998855
1.25	0.26	0.978912
1.25	0.27	0.95917
1.25	0.28	0.939628
1.25	0.29	0.920286
1.25	0.3	0.901145
1.25	0.31	0.882204
1.25	0.32	0.863464
1.25	0.33	0.844924
1.25	0.34	0.826585
1.25	0.35	0.808446
1.25	0.36	0.790507
1.25	0.37	0.772769
1.25	0.38	0.755232
1.25	0.39	0.737895
1.25	0.4	0.720758
1.25	0.41	0.703822
1.25	0.42	0.687087
1.25	0.43	0.670552
1.25	0.44	0.654217
1.25	0.45	0.638083
1.25	0.46	0.62215
1.25	0.47	0.606417
1.25	0.48	0.590885
1.25	0.49	0.575553
1.25	0.5	0.560422
1.25	0.51	0.545492
1.25	0.52	0.530762
1.25	0.53	0.516233
1.25	0.54	0.501904
1.25	0.55	0.487776
1.25	0.56	0.473849
1.25	0.57	0.460122
1.25	0.58	0.446596
1.25	0.59	0.433271
1.25	0.6	0.420146
1.25	0.61	0.407222
1.25	0.62	0.394499
1.25	0.63	0.381976
1.25	0.64	0.369654
1.25	0.65	0.357532
1.25	0.66	0.345612
1.25	0.67	0.333892
1.25	0.68	0.322372
1.25	0.69	0.311054
1.25	0.7	0.299936
1.25	0.71	0.289018
1.25	0.72	0.278302
1.25	0.73	0.267786
1.25	0.74	0.257471
1.25	0.75	0.247356
1.25	0.76	0.237443
1.25	0.77	0.22773
1.25	0.78	0.218217
1.25	0.79	0.208906
1.25	0.8	0.199795
1.25	0.81	0.190885
1.25	0.82	0.182175
1.25	0.83	0.173666
1.25	0.84	0.165358
1.25	0.85	0.157251
1.25	0.86	0.149345
1.25	0.87	0.141639
1.25	0.88	0.134133
1.25	0.89	0.126829
1.25	0.9	0.119725
1.25	0.91	0.112822
1.25	0.92	0.10612
1.25	0.93	0.0996183
1.25	0.94	0.0933174
1.25	0.95	0.0872171
1.25	0.96	0.0813176
1.25	0.97	0.0756188
1.25	0.98	0.0701207
1.25	0.99	0.0648232
1.25	1	0.0597265
1.25	1.01	0.0548304
1.25	1.02	0.050135
1.25	1.03	0.0456403
1.25	1.04	0.0413463
1.25	1.05	0.0372529
1.25	1.06	0.0333602
1.25	1.07	0.0296681
1.25	1.08	0.0261767
1.25	1.09	0.022886
1.25	1.1	0.0197959
1.25	1.11	0.0169064
1.25	1.12	0.0142176
1.25	1.13	0.0117294
1.25	1.14	0.00944182
1.25	1.15	0.00735487
1.25	1.16	0.00546853
1.25	1.17	0.00378281
1.25	1.18	0.00229768
1.25	1.19	0.00101316
1.25	1.2	-7.07773e-05
1.25	1.21	-0.000954126
1.25	1.22	-0.0016369
1.25	1.23	-0.00211909
1.25	1.24	-0.00240072
1.25	1.25	-0.00248179
1.25	1.26	-0.00236231
1.25	1.27	-0.00204228
1.25	1.28	-0.00152171
1.25	1.29	-0.00080061
1.25	1.3	0.000121019
1.25	1.31	0.00124317
1.25	1.32	0.00256583
1.25	1.33	0.00408899
1.25	1.34	0.00581266
1.25	1.35	0.00773681
1.25	1.36	0.00986145
1.25	1.37	0.0121866
1.25	1.38	0.0147121
1.25	1.39	0.0174382
1.25	1.4	0.0203647
1.25	1.41	0.0234916
1.25	1.42	0.026819
1.25	1.43	0.0303468
1.25	1.44	0.0340751
1.25	1.45	0.0380037
1.25	1.46	0.0421328
1.25	1.47	0.0464623
1.25	1.48	0.0509922
1.25	1.49	0.0557224
1.25	1.5	0.0606531
1.25	1.51	0.0657841
1.25	1.52	0.0711154
1.25	1.53	0.0766472
1.25	1.54	0.0823792
1.25	1.55	0.0883117
1.25	1.56	0.0944444
1.25	1.57	0.100778
1.25	1.58	0.107311
1.25	1.59	0.114045
1.25	1.6	0.120979
1.25	1.61	0.128113
1.25	1.62	0.135448
1.25	1.63	0.142982
1.25	1.64	0.150718
1.25	1.65	0.158653
1.25	1.66	0.166789
1.25	1.67	0.175125
1.25	1.68	0.183661
1.25	1.69	0.192397
1.25	1.7	0.201334
1.25	1.71	0.210471
1.25	1.72	0.219808
1.25	1.73	0.229345
1.25	1.74	0.239082
1.25	1.75	0.24902
1.25	1.76	0.259158
1.25	1.77	0.269496
1.25	1.78	0.280034
1.25	1.79	0.290772
1.25	1.8	0.301711
1.25	1.81	0.312849
1.25	1.82	0.324188
1.25	1.83	0.335727
1.25	1.84	0.347466
1.25	1.85	0.359405
1.25	1.86	0.371544
1.25	1.87	0.383884
1.25	1.88	0.396423
1.25	1.89	0.409163
1.25	1.9	0.422102
1.25	1.91	0.435242
1.25	1.92	0.448581
1.25	1.93	0.462121
1.25	1.94	0.475861
1.25	1.95	0.489801
1.25	1.96	0.503941
1.25	1.97	0.51828
1.25	1.98	0.53282
1.25	1.99	0.54756
1.25	2	0.5625
1.255	0	1.57502
1.255	0.01	1.54998
1.255	0.02	1.52513
1.255	0.03	1.50048
1.255	0.04	1.47603
1.255	0.05	1.45178
1.255	0.06	1.42774
1.255	0.07	1.40389
1.255	0.08	1.38024
1.255	0.09	1.35679
1.255	0.1	1.33355
1.255	0.11	1.3105
1.255	0.12	1.28765
1.255	0.13	1.26501
1.255	0.14	1.24256
1.255	0.15	1.22031
1.255	0.16	1.19827
1.255	0.17	1.17642
1.255	0.18	1.15477
1.255	0.19	1.13333
1.255	0.2	1.11208
1.255	0.21	1.09104
1.255	0.22	1.07019
1.255	0.23	1.04955
1.255	0.24	1.02911
1.255	0.25	1.00886
1.255	0.26	0.988819
1.255	0.27	0.968976
1.255	0.28	0.949333
1.255	0.29	0.929891
1.255	0.3	0.910649
1.255	0.31	0.891608
1.255	0.32	0.872767
1.255	0.33	0.854126
1.255	0.34	0.835686
1.255	0.35	0.817447
1.255	0.36	0.799408
1.255	0.37	0.781569
1.255	0.38	0.763931
1.255	0.39	0.746493
1.255	0.4	0.729256
1.255	0.41	0.71222
1.255	0.42	0.695384
1.255	0.43	0.678748
1.255	0.44	0.662313
1.255	0.45	0.646079
1.255	0.46	0.630045
1.255	0.47	0.614211
1.255	0.48	0.598579
1.255	0.49	0.583147
1.255	0.5	0.567915
1.255	0.51	0.552884
1.255	0.52	0.538054
1.255	0.53	0.523424
1.255	0.54	0.508995
1.255	0.55	0.494767
1.255	0.56	0.480739
1.255	0.57	0.466912
1.255	0.58	0.453286
1.255	0.59	0.43986
1.255	0.6	0.426635
1.255	0.61	0.41361
1.255	0.62	0.400786
1.255	0.63	0.388163
1.255	0.64	0.375741
1.255	0.65	0.363519
1.255	0.66	0.351498
1.255	0.67	0.339678
1.255	0.68	0.328058
1.255	0.69	0.316639
1.255	0.7	0.305421
1.255	0.71	0.294403
1.255	0.72	0.283587
1.255	0.73	0.27297
1.255	0.74	0.262555
1.255	0.75	0.25234
1.255	0.76	0.242326
1.255	0.77	0.232513
1.255	0.78	0.222901
1.255	0.79	0.213489
1.255	0.8	0.204278
1.255	0.81	0.195268
1.255	0.82	0.186458
1.255	0.83	0.177849
1.255	0.84	0.169441
1.255	0.85	0.161234
1.255	0.86	0.153227
1.255	0.87	0.145421
1.255	0.88	0.137816
1.255	0.89	0.130411
1.255	0.9	0.123207
1.255	0.91	0.116204
1.255	0.92	0.109402
1.255	0.93	0.1028
1.255	0.94	0.0963993
1.255	0.95	0.0901991
1.255	0.96	0.0841996
1.255	0.97	0.0784008
1.255	0.98	0.0728027
1.255	0.99	0.0674053
1.255	1	0.0622086
1.255	1.01	0.0572125
1.255	1.02	0.0524172
1.255	1.03	0.0478226
1.255	1.04	0.0434286
1.255	1.05	0.0392354
1.255	1.06	0.0352428
1.255	1.07	0.0314508
1.255	1.08	0.0278596
1.255	1.09	0.024469
1.255	1.1	0.021279
1.255	1.11	0.0182897
1.255	1.12	0.0155011
1.255	1.13	0.0129131
1.255	1.14	0.0105257
1.255	1.15	0.00833893
1.255	1.16	0.00635281
1.255	1.17	0.0045673
1.255	1.18	0.00298241
1.255	1.19	0.00159813
1.255	1.2	0.00041444
1.255	1.21	-0.000568651
1.255	1.22	-0.00135115
1.255	1.23	-0.00193308
1.255	1.24	-0.00231442
1.255	1.25	-0.0024952
1.255	1.26	-0.00247542
1.255	1.27	-0.00225508
1.255	1.28	-0.00183419
1.255	1.29	-0.00121276
1.255	1.3	-0.000390797
1.255	1.31	0.000631694
1.255	1.32	0.0018547
1.255	1.33	0.00327823
1.255	1.34	0.00490226
1.255	1.35	0.00672678
1.255	1.36	0.0087518
1.255	1.37	0.0109773
1.255	1.38	0.0134033
1.255	1.39	0.0160297
1.255	1.4	0.0188566
1.255	1.41	0.021884
1.255	1.42	0.0251118
1.255	1.43	0.0285401
1.255	1.44	0.0321687
1.255	1.45	0.0359978
1.255	1.46	0.0400274
1.255	1.47	0.0442573
1.255	1.48	0.0486876
1.255	1.49	0.0533184
1.255	1.5	0.0581495
1.255	1.51	0.063181
1.255	1.52	0.0684128
1.255	1.53	0.073845
1.255	1.54	0.0794776
1.255	1.55	0.0853105
1.255	1.56	0.0913438
1.255	1.57	0.0975774
1.255	1.58	0.104011
1.255	1.59	0.110646
1.255	1.6	0.11748
1.255	1.61	0.124515
1.255	1.62	0.13175
1.255	1.63	0.139186
1.255	1.64	0.146821
1.255	1.65	0.154657
1.255	1.66	0.162693
1.255	1.67	0.17093
1.255	1.68	0.179367
1.255	1.69	0.188004
1.255	1.7	0.196841
1.255	1.71	0.205878
1.255	1.72	0.215116
1.255	1.73	0.224554
1.255	1.74	0.234192
1.255	1.75	0.24403
1.255	1.76	0.254068
1.255	1.77	0.264307
1.255	1.78	0.274746
1.255	1.79	0.285385
1.255	1.8	0.296224
1.255	1.81	0.307263
1.255	1.82	0.318502
1.255	1.83	0.329942
1.255	1.84	0.341581
1.255	1.85	0.353421
1.255	1.86	0.365461
1.255	1.87	0.377701
1.255	1.88	0.390141
1.255	1.89	0.402781
1.255	1.9	0.415621
1.255	1.91	0.428661
1.255	1.92	0.441901
1.255	1.93	0.455342
1.255	1.94	0.468982
1.255	1.95	0.482823
1.255	1.96	0.496863
1.255	1.97	0.511104
1.255	1.98	0.525544
1.255	1.99	0.540185
1.255	2	0.555025
1.26	0	1.5876
1.26	0.01	1.56245
1.26	0.02	1.5375
1.26	0.03	1.51275
1.26	0.04	1.4882
1.26	0.05	1.46386
1.26	0.06	1.43971
1.26	0.07	1.41576
1.26	0.08	1.39201
1.26	0.09	1.36846
1.26	0.1	1.34511
1.26	0.11	1.32197
1.26	0.12	1.29902
1.26	0.13	1.27627
1.26	0.14	1.25372
1.26	0.15	1.23138
1.26	0.16	1.20923
1.26	0.17	1.18728
1.26	0.18	1.16554
1.26	0.19	1.14399
1.26	0.2	1.12264
1.26	0.21	1.1015
1.26	0.22	1.08055
1.26	0.23	1.05981
1.26	0.24	1.03926
1.26	0.25	1.01892
1.26	0.26	0.998775
1.26	0.27	0.978832
1.26	0.28	0.959088
1.26	0.29	0.939546
1.26	0.3	0.920203
1.26	0.31	0.901061
1.26	0.32	0.88212
1.26	0.33	0.863379
1.26	0.34	0.844838
1.26	0.35	0.826498
1.26	0.36	0.808358
1.26	0.37	0.790419
1.26	0.38	0.77268
1.26	0.39	0.755142
1.26	0.4	0.737804
1.26	0.41	0.720667
1.26	0.42	0.70373
1.26	0.43	0.686994
1.26	0.44	0.670459
1.26	0.45	0.654124
1.26	0.46	0.63799
1.26	0.47	0.622056
1.26	0.48	0.606323
1.26	0.49	0.59079
1.26	0.5	0.575458
1.26	0.51	0.560327
1.26	0.52	0.545396
1.26	0.53	0.530666
1.26	0.54	0.516136
1.26	0.55	0.501807
1.26	0.56	0.487679
1.26	0.57	0.473752
1.26	0.58	0.460025
1.26	0.59	0.446499
1.26	0.6	0.433173
1.26	0.61	0.420048
1.26	0.62	0.407124
1.26	0.63	0.394401
1.26	0.64	0.381878
1.26	0.65	0.369556
1.26	0.66	0.357435
1.26	0.67	0.345514
1.26	0.68	0.333794
1.26	0.69	0.322275
1.26	0.7	0.310956
1.26	0.71	0.299838
1.26	0.72	0.288921
1.26	0.73	0.278205
1.26	0.74	0.267689
1.26	0.75	0.257374
1.26	0.76	0.24726
1.26	0.77	0.237347
1.26	0.78	0.227634
1.26	0.79	0.218122
1.26	0.8	0.208811
1.26	0.81	0.199701
1.26	0.82	0.190791
1.26	0.83	0.182082
1.26	0.84	0.173574
1.26	0.85	0.165266
1.26	0.86	0.157159
1.26	0.87	0.149253
1.26	0.88	0.141548
1.26	0.89	0.134043
1.26	0.9	0.126739
1.26	0.91	0.119636
1.26	0.92	0.112734
1.26	0.93	0.106032
1.26	0.94	0.0995312
1.26	0.95	0.093231
1.26	0.96	0.0871315
1.26	0.97	0.0812327
1.26	0.98	0.0755346
1.26	0.99	0.0700373
1.26	1	0.0647406
1.26	1.01	0.0596447
1.26	1.02	0.0547494
1.26	1.03	0.0500549
1.26	1.04	0.045561
1.26	1.05	0.0412679
1.26	1.06	0.0371754
1.26	1.07	0.0332836
1.26	1.08	0.0295924
1.26	1.09	0.026102
1.26	1.1	0.0228122
1.26	1.11	0.019723
1.26	1.12	0.0168346
1.26	1.13	0.0141467
1.26	1.14	0.0116595
1.26	1.15	0.009373
1.26	1.16	0.00728709
1.26	1.17	0.00540181
1.26	1.18	0.00371715
1.26	1.19	0.0022331
1.26	1.2	0.000949665
1.26	1.21	-0.000133168
1.26	1.22	-0.0010154
1.26	1.23	-0.00169705
1.26	1.24	-0.00217811
1.26	1.25	-0.0024586
1.26	1.26	-0.00253851
1.26	1.27	-0.00241786
1.26	1.28	-0.00209665
1.26	1.29	-0.0015749
1.26	1.3	-0.000852601
1.26	1.31	7.02323e-05
1.26	1.32	0.00119359
1.26	1.33	0.00251747
1.26	1.34	0.00404187
1.26	1.35	0.00576677
1.26	1.36	0.00769217
1.26	1.37	0.00981806
1.26	1.38	0.0121444
1.26	1.39	0.0146713
1.26	1.4	0.0173986
1.26	1.41	0.0203264
1.26	1.42	0.0234546
1.26	1.43	0.0267833
1.26	1.44	0.0303124
1.26	1.45	0.034042
1.26	1.46	0.0379719
1.26	1.47	0.0421023
1.26	1.48	0.0464331
1.26	1.49	0.0509643
1.26	1.5	0.0556959
1.26	1.51	0.0606279
1.26	1.52	0.0657602
1.26	1.53	0.0710929
1.26	1.54	0.076626
1.26	1.55	0.0823594
1.26	1.56	0.0882932
1.26	1.57	0.0944273
1.26	1.58	0.100762
1.26	1.59	0.107296
1.26	1.6	0.114032
1.26	1.61	0.120967
1.26	1.62	0.128103
1.26	1.63	0.135439
1.26	1.64	0.142975
1.26	1.65	0.150711
1.26	1.66	0.158648
1.26	1.67	0.166785
1.26	1.68	0.175122
1.26	1.69	0.18366
1.26	1.7	0.192398
1.26	1.71	0.201336
1.26	1.72	0.210474
1.26	1.73	0.219812
1.26	1.74	0.229351
1.26	1.75	0.23909
1.26	1.76	0.249029
1.26	1.77	0.259168
1.26	1.78	0.269507
1.26	1.79	0.280047
1.26	1.8	0.290786
1.26	1.81	0.301726
1.26	1.82	0.312866
1.26	1.83	0.324206
1.26	1.84	0.335746
1.26	1.85	0.347487
1.26	1.86	0.359427
1.26	1.87	0.371568
1.26	1.88	0.383908
1.26	1.89	0.396449
1.26	1.9	0.40919
1.26	1.91	0.422131
1.26	1.92	0.435272
1.26	1.93	0.448612
1.26	1.94	0.462153
1.26	1.95	0.475895
1.26	1.96	0.489836
1.26	1.97	0.503977
1.26	1.98	0.518318
1.26	1.99	0.532859
1.26	2	0.5476
1.265	0	1.60023
1.265	0.01	1.57498
1.265	0.02	1.54993
1.265	0.03	1.52508
1.265	0.04	1.50043
1.265	0.05	1.47598
1.265	0.06	1.45173
1.265	0.07	1.42768
1.265	0.08	1.40383
1.265	0.09	1.38018
1.265	0.1	1.35673
1.265	0.11	1.33348
1.265	0.12	1.31043
1.265	0.13	1.28759
1.265	0.14	1.26494
1.265	0.15	1.24249
1.265	0.16	1.22024
1.265	0.17	1.1982
1.265	0.18	1.17635
1.265	0.19	1.1547
1.265	0.2	1.13326
1.265	0.21	1.11201
1.265	0.22	1.09096
1.265	0.23	1.07012
1.265	0.24	1.04947
1.265	0.25	1.02903
1.265	0.26	1.00878
1.265	0.27	0.988738
1.265	0.28	0.968894
1.265	0.29	0.949251
1.265	0.3	0.929808
1.265	0.31	0.910565
1.265	0.32	0.891523
1.265	0.33	0.872681
1.265	0.34	0.85404
1.265	0.35	0.835599
1.265	0.36	0.817359
1.265	0.37	0.799319
1.265	0.38	0.78148
1.265	0.39	0.763841
1.265	0.4	0.746403
1.265	0.41	0.729165
1.265	0.42	0.712128
1.265	0.43	0.695292
1.265	0.44	0.678656
1.265	0.45	0.66222
1.265	0.46	0.645985
1.265	0.47	0.629951
1.265	0.48	0.614117
1.265	0.49	0.598484
1.265	0.5	0.583052
1.265	0.51	0.56782
1.265	0.52	0.552789
1.265	0.53	0.537958
1.265	0.54	0.523328
1.265	0.55	0.508899
1.265	0.56	0.494671
1.265	0.57	0.480643
1.265	0.58	0.466815
1.265	0.59	0.453189
1.265	0.6	0.439763
1.265	0.61	0.426538
1.265	0.62	0.413513
1.265	0.63	0.400689
1.265	0.64	0.388066
1.265	0.65	0.375644
1.265	0.66	0.363422
1.265	0.67	0.351401
1.265	0.68	0.339581
1.265	0.69	0.327962
1.265	0.7	0.316543
1.265	0.71	0.305325
1.265	0.72	0.294307
1.265	0.73	0.283491
1.265	0.74	0.272875
1.265	0.75	0.26246
1.265	0.76	0.252246
1.265	0.77	0.242232
1.265	0.78	0.232419
1.265	0.79	0.222807
1.265	0.8	0.213396
1.265	0.81	0.204185
1.265	0.82	0.195175
1.265	0.83	0.186366
1.265	0.84	0.177757
1.265	0.85	0.16935
1.265	0.86	0.161143
1.265	0.87	0.153137
1.265	0.88	0.145331
1.265	0.89	0.137727
1.265	0.9	0.130323
1.265	0.91	0.12312
1.265	0.92	0.116117
1.265	0.93	0.109316
1.265	0.94	0.102715
1.265	0.95	0.0963143
1.265	0.96	0.0901148
1.265	0.97	0.0841161
1.265	0.98	0.078318
1.265	0.99	0.0727207
1.265	1	0.0673241
1.265	1.01	0.0621282
1.265	1.02	0.057133
1.265	1.03	0.0523386
1.265	1.04	0.0477448
1.265	1.05	0.0433517
1.265	1.06	0.0391593
1.265	1.07	0.0351677
1.265	1.08	0.0313767
1.265	1.09	0.0277863
1.265	1.1	0.0243967
1.265	1.11	0.0212077
1.265	1.12	0.0182194
1.265	1.13	0.0154317
1.265	1.14	0.0128448
1.265	1.15	0.0104584
1.265	1.16	0.00827269
1.265	1.17	0.00628763
1.265	1.18	0.00450319
1.265	1.19	0.00291937
1.265	1.2	0.00153618
1.265	1.21	0.000353594
1.265	1.22	-0.000628385
1.265	1.23	-0.00140976
1.265	1.24	-0.00199055
1.265	1.25	-0.00237075
1.265	1.26	-0.00255037
1.265	1.27	-0.00252943
1.265	1.28	-0.00230791
1.265	1.29	-0.00188584
1.265	1.3	-0.00126322
1.265	1.31	-0.000440056
1.265	1.32	0.000583644
1.265	1.33	0.00180787
1.265	1.34	0.00323262
1.265	1.35	0.00485788
1.265	1.36	0.00668365
1.265	1.37	0.00870992
1.265	1.38	0.0109367
1.265	1.39	0.0133639
1.265	1.4	0.0159916
1.265	1.41	0.0188198
1.265	1.42	0.0218485
1.265	1.43	0.0250776
1.265	1.44	0.0285071
1.265	1.45	0.0321371
1.265	1.46	0.0359675
1.265	1.47	0.0399983
1.265	1.48	0.0442295
1.265	1.49	0.0486612
1.265	1.5	0.0532932
1.265	1.51	0.0581257
1.265	1.52	0.0631585
1.265	1.53	0.0683917
1.265	1.54	0.0738252
1.265	1.55	0.0794591
1.265	1.56	0.0852934
1.265	1.57	0.091328
1.265	1.58	0.0975629
1.265	1.59	0.103998
1.265	1.6	0.110634
1.265	1.61	0.11747
1.265	1.62	0.124506
1.265	1.63	0.131742
1.265	1.64	0.139179
1.265	1.65	0.146816
1.265	1.66	0.154653
1.265	1.67	0.162691
1.265	1.68	0.170929
1.265	1.69	0.179367
1.265	1.7	0.188005
1.265	1.71	0.196844
1.265	1.72	0.205883
1.265	1.73	0.215122
1.265	1.74	0.224561
1.265	1.75	0.2342
1.265	1.76	0.24404
1.265	1.77	0.254079
1.265	1.78	0.264319
1.265	1.79	0.274759
1.265	1.8	0.2854
1.265	1.81	0.29624
1.265	1.82	0.30728
1.265	1.83	0.318521
1.265	1.84	0.329962
1.265	1.85	0.341603
1.265	1.86	0.353444
1.265	1.87	0.365485
1.265	1.88	0.377726
1.265	1.89	0.390167
1.265	1.9	0.402809
1.265	1.91	0.41565
1.265	1.92	0.428692
1.265	1.93	0.441933
1.265	1.94	0.455375
1.265	1.95	0.469017
1.265	1.96	0.482858
1.265	1.97	0.4969
1.265	1.98	0.511142
1.265	1.99	0.525583
1.265	2	0.540225
1.27	0	1.6129
1.27	0.01	1.58755
1.27	0.02	1.5624
1.27	0.03	1.53745
1.27	0.04	1.5127
1.27	0.05	1.48815
1.27	0.06	1.4638
1.27	0.07	1.43965
1.27	0.08	1.4157
1.27	0.09	1.39195
1.27	0.1	1.3684
1.27	0.11	1.34505
1.27	0.12	1.3219
1.27	0.13	1.29895
1.27	0.14	1.2762
1.27	0.15	1.25366
1.27	0.16	1.23131
1.27	0.17	1.20916
1.27	0.18	1.18721
1.27	0.19	1.16546
1.27	0.2	1.14392
1.27	0.21	1.12257
1.27	0.22	1.10142
1.27	0.23	1.08048
1.27	0.24	1.05973
1.27	0.25	1.03919
1.27	0.26	1.01884
1.27	0.27	0.998695
1.27	0.28	0.978751
1.27	0.29	0.959007
1.27	0.3	0.939463
1.27	0.31	0.92012
1.27	0.32	0.900977
1.27	0.33	0.882035
1.27	0.34	0.863293
1.27	0.35	0.844752
1.27	0.36	0.826411
1.27	0.37	0.80827
1.27	0.38	0.790331
1.27	0.39	0.772591
1.27	0.4	0.755053
1.27	0.41	0.737714
1.27	0.42	0.720577
1.27	0.43	0.70364
1.27	0.44	0.686903
1.27	0.45	0.670367
1.27	0.46	0.654032
1.27	0.47	0.637897
1.27	0.48	0.621963
1.27	0.49	0.606229
1.27	0.5	0.590696
1.27	0.51	0.575364
1.27	0.52	0.560232
1.27	0.53	0.545301
1.27	0.54	0.530571
1.27	0.55	0.516041
1.27	0.56	0.501712
1.27	0.57	0.487584
1.27	0.58	0.473656
1.27	0.59	0.45993
1.27	0.6	0.446403
1.27	0.61	0.433078
1.27	0.62	0.419953
1.27	0.63	0.407029
1.27	0.64	0.394305
1.27	0.65	0.381783
1.27	0.66	0.369461
1.27	0.67	0.357339
1.27	0.68	0.345419
1.27	0.69	0.333699
1.27	0.7	0.32218
1.27	0.71	0.310862
1.27	0.72	0.299744
1.27	0.73	0.288827
1.27	0.74	0.278111
1.27	0.75	0.267596
1.27	0.76	0.257281
1.27	0.77	0.247168
1.27	0.78	0.237255
1.27	0.79	0.227542
1.27	0.8	0.218031
1.27	0.81	0.20872
1.27	0.82	0.19961
1.27	0.83	0.190701
1.27	0.84	0.181992
1.27	0.85	0.173484
1.27	0.86	0.165177
1.27	0.87	0.157071
1.27	0.88	0.149166
1.27	0.89	0.141461
1.27	0.9	0.133957
1.27	0.91	0.126654
1.27	0.92	0.119551
1.27	0.93	0.11265
1.27	0.94	0.105949
1.27	0.95	0.0994484
1.27	0.96	0.0931489
1.27	0.97	0.0870502
1.27	0.98	0.0811521
1.27	0.99	0.0754549
1.27	1	0.0699583
1.27	1.01	0.0646625
1.27	1.02	0.0595674
1.27	1.03	0.054673
1.27	1.04	0.0499793
1.27	1.05	0.0454863
1.27	1.06	0.041194
1.27	1.07	0.0371025
1.27	1.08	0.0332116
1.27	1.09	0.0295214
1.27	1.1	0.0260319
1.27	1.11	0.0227431
1.27	1.12	0.0196549
1.27	1.13	0.0167675
1.27	1.14	0.0140806
1.27	1.15	0.0115945
1.27	1.16	0.00930898
1.27	1.17	0.00722412
1.27	1.18	0.0053399
1.27	1.19	0.00365631
1.27	1.2	0.00217335
1.27	1.21	0.000891016
1.27	1.22	-0.000190709
1.27	1.23	-0.00107183
1.27	1.24	-0.00175234
1.27	1.25	-0.00223227
1.27	1.26	-0.0025116
1.27	1.27	-0.00259036
1.27	1.28	-0.00246854
1.27	1.29	-0.00214616
1.27	1.3	-0.00162322
1.27	1.31	-0.000899734
1.27	1.32	2.4299e-05
1.27	1.33	0.00114887
1.27	1.34	0.00247396
1.27	1.35	0.00399958
1.27	1.36	0.00572571
1.27	1.37	0.00765235
1.27	1.38	0.00977948
1.27	1.39	0.0121071
1.27	1.4	0.0146352
1.27	1.41	0.0173638
1.27	1.42	0.0202928
1.27	1.43	0.0234223
1.27	1.44	0.0267523
1.27	1.45	0.0302827
1.27	1.46	0.0340135
1.27	1.47	0.0379448
1.27	1.48	0.0420765
1.27	1.49	0.0464086
1.27	1.5	0.050941
1.27	1.51	0.0556739
1.27	1.52	0.0606072
1.27	1.53	0.0657409
1.27	1.54	0.0710749
1.27	1.55	0.0766093
1.27	1.56	0.082344
1.27	1.57	0.0882791
1.27	1.58	0.0944145
1.27	1.59	0.10075
1.27	1.6	0.107286
1.27	1.61	0.114023
1.27	1.62	0.120959
1.27	1.63	0.128096
1.27	1.64	0.135434
1.27	1.65	0.142971
1.27	1.66	0.150709
1.27	1.67	0.158647
1.27	1.68	0.166786
1.27	1.69	0.175124
1.27	1.7	0.183663
1.27	1.71	0.192402
1.27	1.72	0.201341
1.27	1.73	0.210481
1.27	1.74	0.219821
1.27	1.75	0.229361
1.27	1.76	0.239101
1.27	1.77	0.249041
1.27	1.78	0.259182
1.27	1.79	0.269522
1.27	1.8	0.280063
1.27	1.81	0.290804
1.27	1.82	0.301745
1.27	1.83	0.312886
1.27	1.84	0.324228
1.27	1.85	0.335769
1.27	1.86	0.347511
1.27	1.87	0.359452
1.27	1.88	0.371594
1.27	1.89	0.383936
1.27	1.9	0.396478
1.27	1.91	0.40922
1.27	1.92	0.422162
1.27	1.93	0.435304
1.27	1.94	0.448646
1.27	1.95	0.462189
1.27	1.96	0.475931
1.27	1.97	0.489873
1.27	1.98	0.504015
1.27	1.99	0.518358
1.27	2	0.5329
1.275	0	1.62562
1.275	0.01	1.60017
1.275	0.02	1.57492
1.275	0.03	1.54987
1.275	0.04	1.52502
1.275	0.05	1.50037
1.275	0.06	1.47592
1.275	0.07	1.45167
1.275	0.08	1.42762
1.275	0.09	1.40377
1.275	0.1	1.38012
1.275	0.11	1.35667
1.275	0.12	1.33342
1.275	0.13	1.31037
1.275	0.14	1.28752
1.275	0.15	1.26487
1.275	0.16	1.24242
1.275	0.17	1.22017
1.275	0.18	1.19812
1.275	0.19	1.17628
1.275	0.2	1.15463
1.275	0.21	1.13318
1.275	0.22	1.11193
1.275	0.23	1.09089
1.275	0.24	1.07004
1.275	0.25	1.04939
1.275	0.26	1.02895
1.275	0.27	1.0087
1.275	0.28	0.988657
1.275	0.29	0.968812
1.275	0.3	0.949168
1.275	0.31	0.929724
1.275	0.32	0.910481
1.275	0.33	0.891438
1.275	0.34	0.872596
1.275	0.35	0.853954
1.275	0.36	0.835512
1.275	0.37	0.817271
1.275	0.38	0.799231
1.275	0.39	0.781391
1.275	0.4	0.763752
1.275	0.41	0.746313
1.275	0.42	0.729075
1.275	0.43	0.712037
1.275	0.44	0.6952
1.275	0.45	0.678564
1.275	0.46	0.662128
1.275	0.47	0.645893
1.275	0.48	0.629858
1.275	0.49	0.614024
1.275	0.5	0.598391
1.275	0.51	0.582958
1.275	0.52	0.567726
1.275	0.53	0.552695
1.275	0.54	0.537864
1.275	0.55	0.523234
1.275	0.56	0.508804
1.275	0.57	0.494576
1.275	0.58	0.480548
1.275	0.59	0.46672
1.275	0.6	0.453094
1.275	0.61	0.439668
1.275	0.62	0.426443
1.275	0.63	0.413418
1.275	0.64	0.400594
1.275	0.65	0.387971
1.275	0.66	0.375549
1.275	0.67	0.363327
1.275	0.68	0.351307
1.275	0.69	0.339487
1.275	0.7	0.327867
1.275	0.71	0.316449
1.275	0.72	0.305231
1.275	0.73	0.294214
1.275	0.74	0.283398
1.275	0.75	0.272782
1.275	0.76	0.262367
1.275	0.77	0.252153
1.275	0.78	0.24214
1.275	0.79	0.232328
1.275	0.8	0.222716
1.275	0.81	0.213305
1.275	0.82	0.204095
1.275	0.83	0.195085
1.275	0.84	0.186277
1.275	0.85	0.177669
1.275	0.86	0.169262
1.275	0.87	0.161056
1.275	0.88	0.15305
1.275	0.89	0.145245
1.275	0.9	0.137641
1.275	0.91	0.130238
1.275	0.92	0.123035
1.275	0.93	0.116034
1.275	0.94	0.109233
1.275	0.95	0.102632
1.275	0.96	0.096233
1.275	0.97	0.0900342
1.275	0.98	0.0840362
1.275	0.99	0.078239
1.275	1	0.0726425
1.275	1.01	0.0672467
1.275	1.02	0.0620517
1.275	1.03	0.0570574
1.275	1.04	0.0522638
1.275	1.05	0.0476709
1.275	1.06	0.0432787
1.275	1.07	0.0390873
1.275	1.08	0.0350965
1.275	1.09	0.0313065
1.275	1.1	0.0277171
1.275	1.11	0.0243285
1.275	1.12	0.0211405
1.275	1.13	0.0181532
1.275	1.14	0.0153665
1.275	1.15	0.0127806
1.275	1.16	0.0103953
1.275	1.17	0.00821062
1.275	1.18	0.00622662
1.275	1.19	0.00444326
1.275	1.2	0.00286054
1.275	1.21	0.00147845
1.275	1.22	0.000296976
1.275	1.23	-0.000683879
1.275	1.24	-0.00146413
1.275	1.25	-0.00204377
1.275	1.26	-0.00242282
1.275	1.27	-0.00260128
1.275	1.28	-0.00257916
1.275	1.29	-0.00235647
1.275	1.3	-0.00193321
1.275	1.31	-0.0013094
1.275	1.32	-0.000485034
1.275	1.33	0.000539875
1.275	1.34	0.00176532
1.275	1.35	0.00319129
1.275	1.36	0.00481778
1.275	1.37	0.00664479
1.275	1.38	0.0086723
1.275	1.39	0.0109003
1.275	1.4	0.0133288
1.275	1.41	0.0159578
1.275	1.42	0.0187872
1.275	1.43	0.0218171
1.275	1.44	0.0250475
1.275	1.45	0.0284783
1.275	1.46	0.0321096
1.275	1.47	0.0359413
1.275	1.48	0.0399734
1.275	1.49	0.0442059
1.275	1.5	0.0486389
1.275	1.51	0.0532722
1.275	1.52	0.058106
1.275	1.53	0.0631401
1.275	1.54	0.0683746
1.275	1.55	0.0738094
1.275	1.56	0.0794447
1.275	1.57	0.0852802
1.275	1.58	0.0913162
1.275	1.59	0.0975524
1.275	1.6	0.103989
1.275	1.61	0.110626
1.275	1.62	0.117463
1.275	1.63	0.124501
1.275	1.64	0.131738
1.275	1.65	0.139177
1.275	1.66	0.146815
1.275	1.67	0.154653
1.275	1.68	0.162692
1.275	1.69	0.170932
1.275	1.7	0.179371
1.275	1.71	0.188011
1.275	1.72	0.19685
1.275	1.73	0.20589
1.275	1.74	0.215131
1.275	1.75	0.224571
1.275	1.76	0.234212
1.275	1.77	0.244053
1.275	1.78	0.254094
1.275	1.79	0.264335
1.275	1.8	0.274776
1.275	1.81	0.285418
1.275	1.82	0.29626
1.275	1.83	0.307301
1.275	1.84	0.318543
1.275	1.85	0.329985
1.275	1.86	0.341627
1.275	1.87	0.35347
1.275	1.88	0.365512
1.275	1.89	0.377755
1.275	1.9	0.390197
1.275	1.91	0.40284
1.275	1.92	0.415682
1.275	1.93	0.428725
1.275	1.94	0.441968
1.275	1.95	0.455411
1.275	1.96	0.469053
1.275	1.97	0.482896
1.275	1.98	0.496939
1.275	1.99	0.511182
1.275	2	0.525625
1.28	0	1.6384
1.28	0.01	1.61285
1.28	0.02	1.5875
1.28	0.03	1.56235
1.28	0.04	1.53739
1.28	0.05	1.51264
1.28	0.06	1.48809
1.28	0.07	1.46374
1.28	0.08	1.43959
1.28	0.09	1.41564
1.28	0.1	1.39189
1.28	0.11	1.36834
1.28	0.12	1.34499
1.28	0.13	1.32184
1.28	0.14	1.29889
1.28	0.15	1.27614
1.28	0.16	1.25359
1.28	0.17	1.23124
1.28	0.18	1.20909
1.28	0.19	1.18714
1.28	0.2	1.16539
1.28	0.21	1.14384
1.28	0.22	1.12249
1.28	0.23	1.10135
1.28	0.24	1.0804
1.28	0.25	1.05965
1.28	0.26	1.03911
1.28	0.27	1.01876
1.28	0.28	0.998614
1.28	0.29	0.978669
1.28	0.3	0.958924
1.28	0.31	0.939379
1.28	0.32	0.920036
1.28	0.33	0.900892
1.28	0.34	0.881949
1.28	0.35	0.863207
1.28	0.36	0.844665
1.28	0.37	0.826323
1.28	0.38	0.808182
1.28	0.39	0.790242
1.28	0.4	0.772502
1.28	0.41	0.754963
1.28	0.42	0.737624
1.28	0.43	0.720486
1.28	0.44	0.703549
1.28	0.45	0.686812
1.28	0.46	0.670275
1.28	0.47	0.65394
1.28	0.48	0.637805
1.28	0.49	0.62187
1.28	0.5	0.606136
1.28	0.51	0.590603
1.28	0.52	0.575271
1.28	0.53	0.560139
1.28	0.54	0.545208
1.28	0.55	0.530477
1.28	0.56	0.515947
1.28	0.57	0.501618
1.28	0.58	0.48749
1.28	0.59	0.473562
1.28	0.6	0.459835
1.28	0.61	0.446309
1.28	0.62	0.432983
1.28	0.63	0.419859
1.28	0.64	0.406935
1.28	0.65	0.394211
1.28	0.66	0.381689
1.28	0.67	0.369367
1.28	0.68	0.357246
1.28	0.69	0.345325
1.28	0.7	0.333606
1.28	0.71	0.322087
1.28	0.72	0.310769
1.28	0.73	0.299652
1.28	0.74	0.288735
1.28	0.75	0.27802
1.28	0.76	0.267505
1.28	0.77	0.25719
1.28	0.78	0.247077
1.28	0.79	0.237164
1.28	0.8	0.227453
1.28	0.81	0.217941
1.28	0.82	0.208631
1.28	0.83	0.199522
1.28	0.84	0.190613
1.28	0.85	0.181905
1.28	0.86	0.173398
1.28	0.87	0.165091
1.28	0.88	0.156986
1.28	0.89	0.149081
1.28	0.9	0.141377
1.28	0.91	0.133873
1.28	0.92	0.126571
1.28	0.93	0.119469
1.28	0.94	0.112568
1.28	0.95	0.105868
1.28	0.96	0.0993685
1.28	0.97	0.0930698
1.28	0.98	0.0869718
1.28	0.99	0.0810746
1.28	1	0.0753781
1.28	1.01	0.0698824
1.28	1.02	0.0645874
1.28	1.03	0.0594932
1.28	1.04	0.0545997
1.28	1.05	0.0499069
1.28	1.06	0.0454149
1.28	1.07	0.0411235
1.28	1.08	0.0370329
1.28	1.09	0.033143
1.28	1.1	0.0294538
1.28	1.11	0.0259652
1.28	1.12	0.0226774
1.28	1.13	0.0195903
1.28	1.14	0.0167038
1.28	1.15	0.014018
1.28	1.16	0.0115329
1.28	1.17	0.00924849
1.28	1.18	0.0071647
1.28	1.19	0.00528156
1.28	1.2	0.00359907
1.28	1.21	0.00211721
1.28	1.22	0.000835984
1.28	1.23	-0.000244619
1.28	1.24	-0.00112461
1.28	1.25	-0.00180398
1.28	1.26	-0.00228276
1.28	1.27	-0.00256093
1.28	1.28	-0.00263852
1.28	1.29	-0.00251553
1.28	1.3	-0.00219197
1.28	1.31	-0.00166784
1.28	1.32	-0.000943155
1.28	1.33	-1.79176e-05
1.28	1.34	0.00110786
1.28	1.35	0.00243418
1.28	1.36	0.00396102
1.28	1.37	0.00568838
1.28	1.38	0.00761625
1.28	1.39	0.00974462
1.28	1.4	0.0120735
1.28	1.41	0.0146029
1.28	1.42	0.0173327
1.28	1.43	0.020263
1.28	1.44	0.0233938
1.28	1.45	0.026725
1.28	1.46	0.0302567
1.28	1.47	0.0339888
1.28	1.48	0.0379213
1.28	1.49	0.0420543
1.28	1.5	0.0463877
1.28	1.51	0.0509214
1.28	1.52	0.0556556
1.28	1.53	0.0605902
1.28	1.54	0.0657252
1.28	1.55	0.0710605
1.28	1.56	0.0765962
1.28	1.57	0.0823322
1.28	1.58	0.0882686
1.28	1.59	0.0944053
1.28	1.6	0.100742
1.28	1.61	0.10728
1.28	1.62	0.114017
1.28	1.63	0.120955
1.28	1.64	0.128094
1.28	1.65	0.135432
1.28	1.66	0.142971
1.28	1.67	0.15071
1.28	1.68	0.15865
1.28	1.69	0.166789
1.28	1.7	0.175129
1.28	1.71	0.18367
1.28	1.72	0.19241
1.28	1.73	0.20135
1.28	1.74	0.210491
1.28	1.75	0.219832
1.28	1.76	0.229374
1.28	1.77	0.239115
1.28	1.78	0.249056
1.28	1.79	0.259198
1.28	1.8	0.26954
1.28	1.81	0.280082
1.28	1.82	0.290824
1.28	1.83	0.301767
1.28	1.84	0.312909
1.28	1.85	0.324252
1.28	1.86	0.335795
1.28	1.87	0.347537
1.28	1.88	0.35948
1.28	1.89	0.371623
1.28	1.9	0.383966
1.28	1.91	0.39651
1.28	1.92	0.409253
1.28	1.93	0.422196
1.28	1.94	0.435339
1.28	1.95	0.448683
1.28	1.96	0.462226
1.28	1.97	0.47597
1.28	1.98	0.489913
1.28	1.99	0.504057
1.28	2	0.5184
1.285	0	1.65123
1.285	0.01	1.62557
1.285	0.02	1.60012
1.285	0.03	1.57487
1.285	0.04	1.54982
1.285	0.05	1.52496
1.285	0.06	1.50031
1.285	0.07	1.47586
1.285	0.08	1.45161
1.285	0.09	1.42756
1.285	0.1	1.40371
1.285	0.11	1.38005
1.285	0.12	1.3566
1.285	0.13	1.33335
1.285	0.14	1.3103
1.285	0.15	1.28745
1.285	0.16	1.2648
1.285	0.17	1.24235
1.285	0.18	1.2201
1.285	0.19	1.19805
1.285	0.2	1.1762
1.285	0.21	1.15455
1.285	0.22	1.1331
1.285	0.23	1.11186
1.285	0.24	1.09081
1.285	0.25	1.06996
1.285	0.26	1.04931
1.285	0.27	1.02887
1.285	0.28	1.00862
1.285	0.29	0.988575
1.285	0.3	0.96873
1.285	0.31	0.949085
1.285	0.32	0.929641
1.285	0.33	0.910397
1.285	0.34	0.891353
1.285	0.35	0.87251
1.285	0.36	0.853868
1.285	0.37	0.835426
1.285	0.38	0.817184
1.285	0.39	0.799143
1.285	0.4	0.781303
1.285	0.41	0.763663
1.285	0.42	0.746224
1.285	0.43	0.728985
1.285	0.44	0.711947
1.285	0.45	0.69511
1.285	0.46	0.678473
1.285	0.47	0.662037
1.285	0.48	0.645801
1.285	0.49	0.629767
1.285	0.5	0.613932
1.285	0.51	0.598299
1.285	0.52	0.582866
1.285	0.53	0.567634
1.285	0.54	0.552602
1.285	0.55	0.537771
1.285	0.56	0.523141
1.285	0.57	0.508712
1.285	0.58	0.494483
1.285	0.59	0.480455
1.285	0.6	0.466627
1.285	0.61	0.453001
1.285	0.62	0.439575
1.285	0.63	0.42635
1.285	0.64	0.413326
1.285	0.65	0.400502
1.285	0.66	0.387879
1.285	0.67	0.375457
1.285	0.68	0.363236
1.285	0.69	0.351215
1.285	0.7	0.339395
1.285	0.71	0.327776
1.285	0.72	0.316358
1.285	0.73	0.30514
1.285	0.74	0.294124
1.285	0.75	0.283308
1.285	0.76	0.272693
1.285	0.77	0.262278
1.285	0.78	0.252065
1.285	0.79	0.242052
1.285	0.8	0.23224
1.285	0.81	0.222629
1.285	0.82	0.213218
1.285	0.83	0.204009
1.285	0.84	0.195
1.285	0.85	0.186192
1.285	0.86	0.177584
1.285	0.87	0.169178
1.285	0.88	0.160972
1.285	0.89	0.152967
1.285	0.9	0.145163
1.285	0.91	0.13756
1.285	0.92	0.130157
1.285	0.93	0.122955
1.285	0.94	0.115954
1.285	0.95	0.109154
1.285	0.96	0.102555
1.285	0.97	0.0961561
1.285	0.98	0.0899581
1.285	0.99	0.083961
1.285	1	0.0781645
1.285	1.01	0.0725689
1.285	1.02	0.067174
1.285	1.03	0.0619798
1.285	1.04	0.0569864
1.285	1.05	0.0521937
1.285	1.06	0.0476017
1.285	1.07	0.0432105
1.285	1.08	0.03902
1.285	1.09	0.0350302
1.285	1.1	0.0312411
1.285	1.11	0.0276528
1.285	1.12	0.0242651
1.285	1.13	0.0210781
1.285	1.14	0.0180918
1.285	1.15	0.0153062
1.285	1.16	0.0127213
1.285	1.17	0.0103371
1.285	1.18	0.00815348
1.285	1.19	0.00617056
1.285	1.2	0.00438829
1.285	1.21	0.00280666
1.285	1.22	0.00142567
1.285	1.23	0.000245319
1.285	1.24	-0.000734412
1.285	1.25	-0.00151353
1.285	1.26	-0.00209203
1.285	1.27	-0.00246993
1.285	1.28	-0.00264723
1.285	1.29	-0.00262395
1.285	1.3	-0.00240009
1.285	1.31	-0.00197565
1.285	1.32	-0.00135065
1.285	1.33	-0.000525088
1.285	1.34	0.00050102
1.285	1.35	0.00172767
1.285	1.36	0.00315485
1.285	1.37	0.00478256
1.285	1.38	0.00661079
1.285	1.39	0.00863953
1.285	1.4	0.0108688
1.285	1.41	0.0132985
1.285	1.42	0.0159287
1.285	1.43	0.0187594
1.285	1.44	0.0217906
1.285	1.45	0.0250222
1.285	1.46	0.0284543
1.285	1.47	0.0320868
1.285	1.48	0.0359198
1.285	1.49	0.0399531
1.285	1.5	0.0441869
1.285	1.51	0.0486212
1.285	1.52	0.0532558
1.285	1.53	0.0580908
1.285	1.54	0.0631262
1.285	1.55	0.068362
1.285	1.56	0.0737981
1.285	1.57	0.0794346
1.285	1.58	0.0852715
1.285	1.59	0.0913087
1.285	1.6	0.0975462
1.285	1.61	0.103984
1.285	1.62	0.110622
1.285	1.63	0.117461
1.285	1.64	0.1245
1.285	1.65	0.131739
1.285	1.66	0.139178
1.285	1.67	0.146818
1.285	1.68	0.154658
1.285	1.69	0.162698
1.285	1.7	0.170938
1.285	1.71	0.179379
1.285	1.72	0.18802
1.285	1.73	0.196861
1.285	1.74	0.205902
1.285	1.75	0.215144
1.285	1.76	0.224585
1.285	1.77	0.234227
1.285	1.78	0.244069
1.285	1.79	0.254112
1.285	1.8	0.264354
1.285	1.81	0.274797
1.285	1.82	0.285439
1.285	1.83	0.296282
1.285	1.84	0.307325
1.285	1.85	0.318569
1.285	1.86	0.330012
1.285	1.87	0.341655
1.285	1.88	0.353499
1.285	1.89	0.365542
1.285	1.9	0.377786
1.285	1.91	0.39023
1.285	1.92	0.402873
1.285	1.93	0.415717
1.285	1.94	0.428761
1.285	1.95	0.442005
1.285	1.96	0.455449
1.285	1.97	0.469093
1.285	1.98	0.482937
1.285	1.99	0.496981
1.285	2	0.511225
1.29	0	1.6641
1.29	0.01	1.63835
1.29	0.02	1.61279
1.29	0.03	1.58744
1.29	0.04	1.56229
1.29	0.05	1.53734
1.29	0.06	1.51258
1.29	0.07	1.48803
1.29	0.08	1.46368
1.29	0.09	1.43953
1.29	0.1	1.41557
1.29	0.11	1.39182
1.29	0.12	1.36827
1.29	0.13	1.34492
1.29	0.14	1.32177
1.29	0.15	1.29882
1.29	0.16	1.27606
1.29	0.17	1.25351
1.29	0.18	1.23116
1.29	0.19	1.20901
1.29	0.2	1.18706
1.29	0.21	1.16531
1.29	0.22	1.14377
1.29	0.23	1.12242
1.29	0.24	1.10127
1.29	0.25	1.08032
1.29	0.26	1.05957
1.29	0.27	1.03903
1.29	0.28	1.01868
1.29	0.29	0.998532
1.29	0.3	0.978586
1.29	0.31	0.958841
1.29	0.32	0.939296
1.29	0.33	0.919951
1.29	0.34	0.900807
1.29	0.35	0.881863
1.29	0.36	0.86312
1.29	0.37	0.844578
1.29	0.38	0.826236
1.29	0.39	0.808095
1.29	0.4	0.790154
1.29	0.41	0.772413
1.29	0.42	0.754874
1.29	0.43	0.737535
1.29	0.44	0.720396
1.29	0.45	0.703458
1.29	0.46	0.686721
1.29	0.47	0.670184
1.29	0.48	0.653848
1.29	0.49	0.637713
1.29	0.5	0.621778
1.29	0.51	0.606044
1.29	0.52	0.590511
1.29	0.53	0.575178
1.29	0.54	0.560047
1.29	0.55	0.545115
1.29	0.56	0.530385
1.29	0.57	0.515855
1.29	0.58	0.501526
1.29	0.59	0.487397
1.29	0.6	0.47347
1.29	0.61	0.459743
1.29	0.62	0.446217
1.29	0.63	0.432891
1.29	0.64	0.419767
1.29	0.65	0.406843
1.29	0.66	0.394119
1.29	0.67	0.381597
1.29	0.68	0.369275
1.29	0.69	0.357155
1.29	0.7	0.345235
1.29	0.71	0.333515
1.29	0.72	0.321997
1.29	0.73	0.310679
1.29	0.74	0.299562
1.29	0.75	0.288646
1.29	0.76	0.277931
1.29	0.77	0.267416
1.29	0.78	0.257102
1.29	0.79	0.246989
1.29	0.8	0.237077
1.29	0.81	0.227366
1.29	0.82	0.217855
1.29	0.83	0.208546
1.29	0.84	0.199437
1.29	0.85	0.190528
1.29	0.86	0.181821
1.29	0.87	0.173314
1.29	0.88	0.165009
1.29	0.89	0.156904
1.29	0.9	0.149
1.29	0.91	0.141296
1.29	0.92	0.133794
1.29	0.93	0.126492
1.29	0.94	0.119391
1.29	0.95	0.11249
1.29	0.96	0.105791
1.29	0.97	0.0992924
1.29	0.98	0.0929944
1.29	0.99	0.0868973
1.29	1	0.0810009
1.29	1.01	0.0753053
1.29	1.02	0.0698105
1.29	1.03	0.0645164
1.29	1.04	0.059423
1.29	1.05	0.0545304
1.29	1.06	0.0498386
1.29	1.07	0.0453475
1.29	1.08	0.0410571
1.29	1.09	0.0369674
1.29	1.1	0.0330785
1.29	1.11	0.0293903
1.29	1.12	0.0259028
1.29	1.13	0.0226159
1.29	1.14	0.0195298
1.29	1.15	0.0166444
1.29	1.16	0.0139597
1.29	1.17	0.0114756
1.29	1.18	0.00919227
1.29	1.19	0.00710956
1.29	1.2	0.00522752
1.29	1.21	0.00354612
1.29	1.22	0.00206537
1.29	1.23	0.000785267
1.29	1.24	-0.000294208
1.29	1.25	-0.00117306
1.29	1.26	-0.00185129
1.29	1.27	-0.00232891
1.29	1.28	-0.00260593
1.29	1.29	-0.00268235
1.29	1.3	-0.00255819
1.29	1.31	-0.00223344
1.29	1.32	-0.00170813
1.29	1.33	-0.000982246
1.29	1.34	-5.5809e-05
1.29	1.35	0.00107118
1.29	1.36	0.0023987
1.29	1.37	0.00392676
1.29	1.38	0.00565534
1.29	1.39	0.00758444
1.29	1.4	0.00971405
1.29	1.41	0.0120442
1.29	1.42	0.0145748
1.29	1.43	0.0173058
1.29	1.44	0.0202374
1.29	1.45	0.0233694
1.29	1.46	0.0267019
1.29	1.47	0.0302348
1.29	1.48	0.0339682
1.29	1.49	0.037902
1.29	1.5	0.0420362
1.29	1.51	0.0463709
1.29	1.52	0.0509059
1.29	1.53	0.0556414
1.29	1.54	0.0605772
1.29	1.55	0.0657135
1.29	1.56	0.0710501
1.29	1.57	0.076587
1.29	1.58	0.0823243
1.29	1.59	0.088262
1.29	1.6	0.0944
1.29	1.61	0.100738
1.29	1.62	0.107277
1.29	1.63	0.114016
1.29	1.64	0.120955
1.29	1.65	0.128095
1.29	1.66	0.135435
1.29	1.67	0.142975
1.29	1.68	0.150715
1.29	1.69	0.158656
1.29	1.7	0.166797
1.29	1.71	0.175138
1.29	1.72	0.183679
1.29	1.73	0.192421
1.29	1.74	0.201363
1.29	1.75	0.210505
1.29	1.76	0.219847
1.29	1.77	0.22939
1.29	1.78	0.239132
1.29	1.79	0.249075
1.29	1.8	0.259218
1.29	1.81	0.269561
1.29	1.82	0.280105
1.29	1.83	0.290848
1.29	1.84	0.301792
1.29	1.85	0.312935
1.29	1.86	0.324279
1.29	1.87	0.335823
1.29	1.88	0.347567
1.29	1.89	0.359511
1.29	1.9	0.371655
1.29	1.91	0.384
1.29	1.92	0.396544
1.29	1.93	0.409288
1.29	1.94	0.422233
1.29	1.95	0.435377
1.29	1.96	0.448722
1.29	1.97	0.462266
1.29	1.98	0.476011
1.29	1.99	0.489955
1.29	2	0.5041
1.295	0	1.67702
1.295	0.01	1.65117
1.295	0.02	1.62552
1.295	0.03	1.60006
1.295	0.04	1.57481
1.295	0.05	1.54976
1.295	0.06	1.5249
1.295	0.07	1.50025
1.295	0.08	1.4758
1.295	0.09	1.45154
1.295	0.1	1.42749
1.295	0.11	1.40364
1.295	0.12	1.37999
1.295	0.13	1.35653
1.295	0.14	1.33328
1.295	0.15	1.31023
1.295	0.16	1.28738
1.295	0.17	1.26473
1.295	0.18	1.24228
1.295	0.19	1.22003
1.295	0.2	1.19798
1.295	0.21	1.17613
1.295	0.22	1.15448
1.295	0.23	1.13303
1.295	0.24	1.11178
1.295	0.25	1.09073
1.295	0.26	1.06988
1.295	0.27	1.04923
1.295	0.28	1.02879
1.295	0.29	1.00854
1.295	0.3	0.988493
1.295	0.31	0.968647
1.295	0.32	0.949001
1.295	0.33	0.929556
1.295	0.34	0.910312
1.295	0.35	0.891268
1.295	0.36	0.872424
1.295	0.37	0.853781
1.295	0.38	0.835339
1.295	0.39	0.817097
1.295	0.4	0.799055
1.295	0.41	0.781215
1.295	0.42	0.763575
1.295	0.43	0.746135
1.295	0.44	0.728896
1.295	0.45	0.711858
1.295	0.46	0.69502
1.295	0.47	0.678383
1.295	0.48	0.661947
1.295	0.49	0.645711
1.295	0.5	0.629676
1.295	0.51	0.613841
1.295	0.52	0.598208
1.295	0.53	0.582774
1.295	0.54	0.567542
1.295	0.55	0.552511
1.295	0.56	0.53768
1.295	0.57	0.523049
1.295	0.58	0.50862
1.295	0.59	0.494391
1.295	0.6	0.480363
1.295	0.61	0.466536
1.295	0.62	0.45291
1.295	0.63	0.439484
1.295	0.64	0.426259
1.295	0.65	0.413235
1.295	0.66	0.400411
1.295	0.67	0.387788
1.295	0.68	0.375367
1.295	0.69	0.363146
1.295	0.7	0.351125
1.295	0.71	0.339306
1.295	0.72	0.327687
1.295	0.73	0.316269
1.295	0.74	0.305052
1.295	0.75	0.294036
1.295	0.76	0.28322
1.295	0.77	0.272605
1.295	0.78	0.262191
1.295	0.79	0.251978
1.295	0.8	0.241966
1.295	0.81	0.232155
1.295	0.82	0.222544
1.295	0.83	0.213134
1.295	0.84	0.203925
1.295	0.85	0.194917
1.295	0.86	0.186109
1.295	0.87	0.177503
1.295	0.88	0.169097
1.295	0.89	0.160892
1.295	0.9	0.152887
1.295	0.91	0.145084
1.295	0.92	0.137481
1.295	0.93	0.13008
1.295	0.94	0.122879
1.295	0.95	0.115878
1.295	0.96	0.109079
1.295	0.97	0.10248
1.295	0.98	0.0960823
1.295	0.99	0.0898852
1.295	1	0.0838889
1.295	1.01	0.0780933
1.295	1.02	0.0724985
1.295	1.03	0.0671045
1.295	1.04	0.0619112
1.295	1.05	0.0569187
1.295	1.06	0.052127
1.295	1.07	0.0475359
1.295	1.08	0.0431457
1.295	1.09	0.0389561
1.295	1.1	0.0349673
1.295	1.11	0.0311792
1.295	1.12	0.0275919
1.295	1.13	0.0242052
1.295	1.14	0.0210193
1.295	1.15	0.0180341
1.295	1.16	0.0152495
1.295	1.17	0.0126656
1.295	1.18	0.0102825
1.295	1.19	0.00809997
1.295	1.2	0.00611814
1.295	1.21	0.00433697
1.295	1.22	0.00275645
1.295	1.23	0.00137658
1.295	1.24	0.000197349
1.295	1.25	-0.000781249
1.295	1.26	-0.00155922
1.295	1.27	-0.00213657
1.295	1.28	-0.00251332
1.295	1.29	-0.00268946
1.295	1.3	-0.00266501
1.295	1.31	-0.00243997
1.295	1.32	-0.00201435
1.295	1.33	-0.00138816
1.295	1.34	-0.000561405
1.295	1.35	0.000465903
1.295	1.36	0.00169376
1.295	1.37	0.00312215
1.295	1.38	0.00475108
1.295	1.39	0.00658052
1.295	1.4	0.00861048
1.295	1.41	0.010841
1.295	1.42	0.0132719
1.295	1.43	0.0159034
1.295	1.44	0.0187353
1.295	1.45	0.0217677
1.295	1.46	0.0250006
1.295	1.47	0.0284339
1.295	1.48	0.0320677
1.295	1.49	0.0359019
1.295	1.5	0.0399365
1.295	1.51	0.0441716
1.295	1.52	0.0486071
1.295	1.53	0.0532429
1.295	1.54	0.0580792
1.295	1.55	0.0631159
1.295	1.56	0.0683529
1.295	1.57	0.0737903
1.295	1.58	0.0794281
1.295	1.59	0.0852662
1.295	1.6	0.0913047
1.295	1.61	0.0975435
1.295	1.62	0.103983
1.295	1.63	0.110622
1.295	1.64	0.117462
1.295	1.65	0.124502
1.295	1.66	0.131742
1.295	1.67	0.139183
1.295	1.68	0.146824
1.295	1.69	0.154665
1.295	1.7	0.162706
1.295	1.71	0.170948
1.295	1.72	0.17939
1.295	1.73	0.188032
1.295	1.74	0.196874
1.295	1.75	0.205917
1.295	1.76	0.21516
1.295	1.77	0.224603
1.295	1.78	0.234246
1.295	1.79	0.244089
1.295	1.8	0.254133
1.295	1.81	0.264376
1.295	1.82	0.27482
1.295	1.83	0.285464
1.295	1.84	0.296308
1.295	1.85	0.307352
1.295	1.86	0.318597
1.295	1.87	0.330041
1.295	1.88	0.341686
1.295	1.89	0.35353
1.295	1.9	0.365575
1.295	1.91	0.37782
1.295	1.92	0.390265
1.295	1.93	0.40291
1.295	1.94	0.415755
1.295	1.95	0.4288
1.295	1.96	0.442045
1.295	1.97	0.45549
1.295	1.98	0.469135
1.295	1.99	0.48298
1.295	2	0.497025
1.3	0	1.69
1.3	0.01	1.66405
1.3	0.02	1.63829
1.3	0.03	1.61274
1.3	0.04	1.58738
1.3	0.05	1.56223
1.3	0.06	1.53728
1.3	0.07	1.51252
1.3	0.08	1.48797
1.3	0.09	1.46361
1.3	0.1	1.43946
1.3	0.11	1.41551
1.3	0.12	1.39175
1.3	0.13	1.3682
1.3	0.14	1.34485
1.3	0.15	1.3217
1.3	0.16	1.29874
1.3	0.17	1.27599
1.3	0.18	1.25344
1.3	0.19	1.23109
1.3	0.2	1.20894
1.3	0.21	1.18699
1.3	0.22	1.16524
1.3	0.23	1.14369
1.3	0.24	1.12234
1.3	0.25	1.10119
1.3	0.26	1.08024
1.3	0.27	1.05949
1.3	0.28	1.03894
1.3	0.29	1.0186
1.3	0.3	0.99845
1.3	0.31	0.978504
1.3	0.32	0.958758
1.3	0.33	0.939212
1.3	0.34	0.919867
1.3	0.35	0.900722
1.3	0.36	0.881778
1.3	0.37	0.863035
1.3	0.38	0.844492
1.3	0.39	0.826149
1.3	0.4	0.808008
1.3	0.41	0.790066
1.3	0.42	0.772326
1.3	0.43	0.754786
1.3	0.44	0.737446
1.3	0.45	0.720308
1.3	0.46	0.703369
1.3	0.47	0.686632
1.3	0.48	0.670095
1.3	0.49	0.653759
1.3	0.5	0.637623
1.3	0.51	0.621689
1.3	0.52	0.605955
1.3	0.53	0.590421
1.3	0.54	0.575088
1.3	0.55	0.559956
1.3	0.56	0.545025
1.3	0.57	0.530295
1.3	0.58	0.515765
1.3	0.59	0.501436
1.3	0.6	0.487307
1.3	0.61	0.47338
1.3	0.62	0.459653
1.3	0.63	0.446127
1.3	0.64	0.432802
1.3	0.65	0.419677
1.3	0.66	0.406754
1.3	0.67	0.394031
1.3	0.68	0.381509
1.3	0.69	0.369187
1.3	0.7	0.357067
1.3	0.71	0.345147
1.3	0.72	0.333428
1.3	0.73	0.32191
1.3	0.74	0.310592
1.3	0.75	0.299476
1.3	0.76	0.28856
1.3	0.77	0.277845
1.3	0.78	0.267331
1.3	0.79	0.257018
1.3	0.8	0.246906
1.3	0.81	0.236994
1.3	0.82	0.227283
1.3	0.83	0.217773
1.3	0.84	0.208464
1.3	0.85	0.199356
1.3	0.86	0.190448
1.3	0.87	0.181741
1.3	0.88	0.173235
1.3	0.89	0.16493
1.3	0.9	0.156826
1.3	0.91	0.148923
1.3	0.92	0.14122
1.3	0.93	0.133718
1.3	0.94	0.126417
1.3	0.95	0.119317
1.3	0.96	0.112417
1.3	0.97	0.105719
1.3	0.98	0.0992209
1.3	0.99	0.0929238
1.3	1	0.0868275
1.3	1.01	0.080932
1.3	1.02	0.0752373
1.3	1.03	0.0697434
1.3	1.04	0.0644502
1.3	1.05	0.0593577
1.3	1.06	0.0544661
1.3	1.07	0.0497752
1.3	1.08	0.045285
1.3	1.09	0.0409956
1.3	1.1	0.0369069
1.3	1.11	0.033019
1.3	1.12	0.0293318
1.3	1.13	0.0258453
1.3	1.14	0.0225595
1.3	1.15	0.0194744
1.3	1.16	0.0165901
1.3	1.17	0.0139064
1.3	1.18	0.0114234
1.3	1.19	0.0091411
1.3	1.2	0.00705948
1.3	1.21	0.00517852
1.3	1.22	0.00349823
1.3	1.23	0.00201859
1.3	1.24	0.000739603
1.3	1.25	-0.000338747
1.3	1.26	-0.00121646
1.3	1.27	-0.00189356
1.3	1.28	-0.00237003
1.3	1.29	-0.0026459
1.3	1.3	-0.00272116
1.3	1.31	-0.00259583
1.3	1.32	-0.00226992
1.3	1.33	-0.00174342
1.3	1.34	-0.00101636
1.3	1.35	-8.87385e-05
1.3	1.36	0.00103944
1.3	1.37	0.00236816
1.3	1.38	0.00389742
1.3	1.39	0.00562721
1.3	1.4	0.00755751
1.3	1.41	0.00968833
1.3	1.42	0.0120197
1.3	1.43	0.0145515
1.3	1.44	0.0172838
1.3	1.45	0.0202166
1.3	1.46	0.0233498
1.3	1.47	0.0266835
1.3	1.48	0.0302177
1.3	1.49	0.0339523
1.3	1.5	0.0378873
1.3	1.51	0.0420228
1.3	1.52	0.0463587
1.3	1.53	0.050895
1.3	1.54	0.0556317
1.3	1.55	0.0605687
1.3	1.56	0.0657062
1.3	1.57	0.071044
1.3	1.58	0.0765822
1.3	1.59	0.0823208
1.3	1.6	0.0882597
1.3	1.61	0.094399
1.3	1.62	0.100739
1.3	1.63	0.107278
1.3	1.64	0.114019
1.3	1.65	0.120959
1.3	1.66	0.1281
1.3	1.67	0.135441
1.3	1.68	0.142982
1.3	1.69	0.150724
1.3	1.7	0.158666
1.3	1.71	0.166808
1.3	1.72	0.17515
1.3	1.73	0.183693
1.3	1.74	0.192436
1.3	1.75	0.201379
1.3	1.76	0.210522
1.3	1.77	0.219866
1.3	1.78	0.229409
1.3	1.79	0.239153
1.3	1.8	0.249097
1.3	1.81	0.259241
1.3	1.82	0.269586
1.3	1.83	0.28013
1.3	1.84	0.290875
1.3	1.85	0.301819
1.3	1.86	0.312964
1.3	1.87	0.324309
1.3	1.88	0.335854
1.3	1.89	0.3476
1.3	1.9	0.359545
1.3	1.91	0.37169
1.3	1.92	0.384035
1.3	1.93	0.396581
1.3	1.94	0.409326
1.3	1.95	0.422272
1.3	1.96	0.435418
1.3	1.97	0.448763
1.3	1.98	0.462309
1.3	1.99	0.476054
1.3	2	0.49
1.305	0	1.70302
1.305	0.01	1.67697
1.305	0.02	1.65112
1.305	0.03	1.62546
1.305	0.04	1.60001
1.305	0.05	1.57475
1.305	0.06	1.5497
1.305	0.07	1.52484
1.305	0.08	1.50019
1.305	0.09	1.47573
1.305	0.1	1.45148
1.305	0.11	1.42743
1.305	0.12	1.40357
1.305	0.13	1.37992
1.305	0.14	1.35647
1.305	0.15	1.33321
1.305	0.16	1.31016
1.305	0.17	1.28731
1.305	0.18	1.26466
1.305	0.19	1.2422
1.305	0.2	1.21995
1.305	0.21	1.1979
1.305	0.22	1.17605
1.305	0.23	1.1544
1.305	0.24	1.13295
1.305	0.25	1.1117
1.305	0.26	1.09065
1.305	0.27	1.0698
1.305	0.28	1.04915
1.305	0.29	1.02871
1.305	0.3	1.00846
1.305	0.31	0.98841
1.305	0.32	0.968564
1.305	0.33	0.948918
1.305	0.34	0.929472
1.305	0.35	0.910227
1.305	0.36	0.891182
1.305	0.37	0.872338
1.305	0.38	0.853695
1.305	0.39	0.835252
1.305	0.4	0.81701
1.305	0.41	0.798968
1.305	0.42	0.781127
1.305	0.43	0.763487
1.305	0.44	0.746047
1.305	0.45	0.728808
1.305	0.46	0.711769
1.305	0.47	0.694931
1.305	0.48	0.678294
1.305	0.49	0.661857
1.305	0.5	0.645621
1.305	0.51	0.629586
1.305	0.52	0.613752
1.305	0.53	0.598118
1.305	0.54	0.582685
1.305	0.55	0.567452
1.305	0.56	0.552421
1.305	0.57	0.53759
1.305	0.58	0.52296
1.305	0.59	0.50853
1.305	0.6	0.494302
1.305	0.61	0.480274
1.305	0.62	0.466447
1.305	0.63	0.45282
1.305	0.64	0.439395
1.305	0.65	0.42617
1.305	0.66	0.413146
1.305	0.67	0.400323
1.305	0.68	0.3877
1.305	0.69	0.375279
1.305	0.7	0.363058
1.305	0.71	0.351038
1.305	0.72	0.339219
1.305	0.73	0.327601
1.305	0.74	0.316183
1.305	0.75	0.304966
1.305	0.76	0.29395
1.305	0.77	0.283135
1.305	0.78	0.272521
1.305	0.79	0.262108
1.305	0.8	0.251895
1.305	0.81	0.241883
1.305	0.82	0.232072
1.305	0.83	0.222462
1.305	0.84	0.213053
1.305	0.85	0.203845
1.305	0.86	0.194837
1.305	0.87	0.18603
1.305	0.88	0.177424
1.305	0.89	0.169019
1.305	0.9	0.160815
1.305	0.91	0.152811
1.305	0.92	0.145009
1.305	0.93	0.137407
1.305	0.94	0.130006
1.305	0.95	0.122805
1.305	0.96	0.115806
1.305	0.97	0.109007
1.305	0.98	0.10241
1.305	0.99	0.0960125
1.305	1	0.0898162
1.305	1.01	0.0838208
1.305	1.02	0.0780261
1.305	1.03	0.0724322
1.305	1.04	0.0670391
1.305	1.05	0.0618468
1.305	1.06	0.0568552
1.305	1.07	0.0520644
1.305	1.08	0.0474744
1.305	1.09	0.0430851
1.305	1.1	0.0388965
1.305	1.11	0.0349087
1.305	1.12	0.0311216
1.305	1.13	0.0275353
1.305	1.14	0.0241497
1.305	1.15	0.0209648
1.305	1.16	0.0179806
1.305	1.17	0.0151971
1.305	1.18	0.0126143
1.305	1.19	0.0102322
1.305	1.2	0.00805082
1.305	1.21	0.00607009
1.305	1.22	0.00429002
1.305	1.23	0.00271062
1.305	1.24	0.00133187
1.305	1.25	0.000153766
1.305	1.26	-0.000823696
1.305	1.27	-0.00160053
1.305	1.28	-0.00217673
1.305	1.29	-0.00255232
1.305	1.3	-0.0027273
1.305	1.31	-0.00270168
1.305	1.32	-0.00247547
1.305	1.33	-0.00204868
1.305	1.34	-0.00142131
1.305	1.35	-0.000593366
1.305	1.36	0.000435133
1.305	1.37	0.00166418
1.305	1.38	0.00309378
1.305	1.39	0.0047239
1.305	1.4	0.00655456
1.305	1.41	0.00858573
1.305	1.42	0.0108174
1.305	1.43	0.0132496
1.305	1.44	0.0158823
1.305	1.45	0.0187154
1.305	1.46	0.021749
1.305	1.47	0.0249831
1.305	1.48	0.0284177
1.305	1.49	0.0320527
1.305	1.5	0.0358881
1.305	1.51	0.039924
1.305	1.52	0.0441603
1.305	1.53	0.048597
1.305	1.54	0.0532341
1.305	1.55	0.0580716
1.305	1.56	0.0631095
1.305	1.57	0.0683478
1.305	1.58	0.0737864
1.305	1.59	0.0794254
1.305	1.6	0.0852648
1.305	1.61	0.0913045
1.305	1.62	0.0975445
1.305	1.63	0.103985
1.305	1.64	0.110626
1.305	1.65	0.117467
1.305	1.66	0.124508
1.305	1.67	0.131749
1.305	1.68	0.139191
1.305	1.69	0.146833
1.305	1.7	0.154676
1.305	1.71	0.162718
1.305	1.72	0.170961
1.305	1.73	0.179404
1.305	1.74	0.188048
1.305	1.75	0.196891
1.305	1.76	0.205935
1.305	1.77	0.215179
1.305	1.78	0.224623
1.305	1.79	0.234267
1.305	1.8	0.244112
1.305	1.81	0.254157
1.305	1.82	0.264401
1.305	1.83	0.274846
1.305	1.84	0.285491
1.305	1.85	0.296337
1.305	1.86	0.307382
1.305	1.87	0.318628
1.305	1.88	0.330073
1.305	1.89	0.341719
1.305	1.9	0.353565
1.305	1.91	0.36561
1.305	1.92	0.377856
1.305	1.93	0.390302
1.305	1.94	0.402948
1.305	1.95	0.415794
1.305	1.96	0.42884
1.305	1.97	0.442087
1.305	1.98	0.455533
1.305	1.99	0.469179
1.305	2	0.483025
1.31	0	1.7161
1.31	0.01	1.68994
1.31	0.02	1.66399
1.31	0.03	1.63823
1.31	0.04	1.61268
1.31	0.05	1.58732
1.31	0.06	1.56217
1.31	0.07	1.53721
1.31	0.08	1.51246
1.31	0.09	1.4879
1.31	0.1	1.46355
1.31	0.11	1.43939
1.31	0.12	1.41544
1.31	0.13	1.39169
1.31	0.14	1.36813
1.31	0.15	1.34478
1.31	0.16	1.32163
1.31	0.17	1.29867
1.31	0.18	1.27592
1.31	0.19	1.25337
1.31	0.2	1.23102
1.31	0.21	1.20886
1.31	0.22	1.18691
1.31	0.23	1.16516
1.31	0.24	1.14361
1.31	0.25	1.12226
1.31	0.26	1.10111
1.31	0.27	1.08016
1.31	0.28	1.05941
1.31	0.29	1.03886
1.31	0.3	1.01852
1.31	0.31	0.998368
1.31	0.32	0.978421
1.31	0.33	0.958674
1.31	0.34	0.939128
1.31	0.35	0.919783
1.31	0.36	0.900638
1.31	0.37	0.881693
1.31	0.38	0.862949
1.31	0.39	0.844406
1.31	0.4	0.826063
1.31	0.41	0.807921
1.31	0.42	0.789979
1.31	0.43	0.772238
1.31	0.44	0.754698
1.31	0.45	0.737359
1.31	0.46	0.72022
1.31	0.47	0.703281
1.31	0.48	0.686544
1.31	0.49	0.670007
1.31	0.5	0.65367
1.31	0.51	0.637535
1.31	0.52	0.6216
1.31	0.53	0.605866
1.31	0.54	0.590332
1.31	0.55	0.574999
1.31	0.56	0.559867
1.31	0.57	0.544936
1.31	0.58	0.530206
1.31	0.59	0.515676
1.31	0.6	0.501347
1.31	0.61	0.487219
1.31	0.62	0.473292
1.31	0.63	0.459565
1.31	0.64	0.446039
1.31	0.65	0.432714
1.31	0.66	0.41959
1.31	0.67	0.406666
1.31	0.68	0.393944
1.31	0.69	0.381422
1.31	0.7	0.369101
1.31	0.71	0.356981
1.31	0.72	0.345061
1.31	0.73	0.333343
1.31	0.74	0.321825
1.31	0.75	0.310508
1.31	0.76	0.299392
1.31	0.77	0.288477
1.31	0.78	0.277763
1.31	0.79	0.267249
1.31	0.8	0.256936
1.31	0.81	0.246824
1.31	0.82	0.236913
1.31	0.83	0.227203
1.31	0.84	0.217694
1.31	0.85	0.208385
1.31	0.86	0.199278
1.31	0.87	0.190371
1.31	0.88	0.181665
1.31	0.89	0.173159
1.31	0.9	0.164855
1.31	0.91	0.156751
1.31	0.92	0.148849
1.31	0.93	0.141147
1.31	0.94	0.133646
1.31	0.95	0.126346
1.31	0.96	0.119246
1.31	0.97	0.112348
1.31	0.98	0.10565
1.31	0.99	0.0991527
1.31	1	0.0928565
1.31	1.01	0.0867611
1.31	1.02	0.0808665
1.31	1.03	0.0751727
1.31	1.04	0.0696796
1.31	1.05	0.0643874
1.31	1.06	0.0592959
1.31	1.07	0.0544052
1.31	1.08	0.0497153
1.31	1.09	0.0452261
1.31	1.1	0.0409376
1.31	1.11	0.03685
1.31	1.12	0.032963
1.31	1.13	0.0292769
1.31	1.14	0.0257914
1.31	1.15	0.0225067
1.31	1.16	0.0194226
1.31	1.17	0.0165393
1.31	1.18	0.0138567
1.31	1.19	0.0113748
1.31	1.2	0.00909361
1.31	1.21	0.00701309
1.31	1.22	0.00513324
1.31	1.23	0.00345405
1.31	1.24	0.00197553
1.31	1.25	0.000697669
1.31	1.26	-0.00037955
1.31	1.27	-0.00125613
1.31	1.28	-0.00193208
1.31	1.29	-0.0024074
1.31	1.3	-0.00268212
1.31	1.31	-0.00275622
1.31	1.32	-0.00262972
1.31	1.33	-0.00230264
1.31	1.34	-0.00177497
1.31	1.35	-0.00104673
1.31	1.36	-0.000117924
1.31	1.37	0.00101144
1.31	1.38	0.00234135
1.31	1.39	0.00387181
1.31	1.4	0.00560279
1.31	1.41	0.0075343
1.31	1.42	0.00966632
1.31	1.43	0.0119989
1.31	1.44	0.0145319
1.31	1.45	0.0172654
1.31	1.46	0.0201994
1.31	1.47	0.0233339
1.31	1.48	0.0266688
1.31	1.49	0.0302041
1.31	1.5	0.03394
1.31	1.51	0.0378762
1.31	1.52	0.0420129
1.31	1.53	0.04635
1.31	1.54	0.0508875
1.31	1.55	0.0556254
1.31	1.56	0.0605637
1.31	1.57	0.0657024
1.31	1.58	0.0710415
1.31	1.59	0.0765809
1.31	1.6	0.0823207
1.31	1.61	0.0882608
1.31	1.62	0.0944013
1.31	1.63	0.100742
1.31	1.64	0.107283
1.31	1.65	0.114025
1.31	1.66	0.120966
1.31	1.67	0.128108
1.31	1.68	0.135451
1.31	1.69	0.142993
1.31	1.7	0.150736
1.31	1.71	0.158679
1.31	1.72	0.166822
1.31	1.73	0.175166
1.31	1.74	0.18371
1.31	1.75	0.192454
1.31	1.76	0.201398
1.31	1.77	0.210543
1.31	1.78	0.219887
1.31	1.79	0.229432
1.31	1.8	0.239177
1.31	1.81	0.249122
1.31	1.82	0.259267
1.31	1.83	0.269613
1.31	1.84	0.280158
1.31	1.85	0.290904
1.31	1.86	0.30185
1.31	1.87	0.312996
1.31	1.88	0.324342
1.31	1.89	0.335888
1.31	1.9	0.347635
1.31	1.91	0.359581
1.31	1.92	0.371727
1.31	1.93	0.384074
1.31	1.94	0.39662
1.31	1.95	0.409367
1.31	1.96	0.422313
1.31	1.97	0.43546
1.31	1.98	0.448807
1.31	1.99	0.462353
1.31	2	0.4761
1.315	0	1.72922
1.315	0.01	1.70297
1.315	0.02	1.67691
1.315	0.03	1.65106
1.315	0.04	1.6254
1.315	0.05	1.59995
1.315	0.06	1.57469
1.315	0.07	1.54963
1.315	0.08	1.52478
1.315	0.09	1.50012
1.315	0.1	1.47567
1.315	0.11	1.45141
1.315	0.12	1.42736
1.315	0.13	1.4035
1.315	0.14	1.37985
1.315	0.15	1.3564
1.315	0.16	1.33314
1.315	0.17	1.31009
1.315	0.18	1.28723
1.315	0.19	1.26458
1.315	0.2	1.24213
1.315	0.21	1.21988
1.315	0.22	1.19783
1.315	0.23	1.17597
1.315	0.24	1.15432
1.315	0.25	1.13287
1.315	0.26	1.11162
1.315	0.27	1.09057
1.315	0.28	1.06972
1.315	0.29	1.04907
1.315	0.3	1.02862
1.315	0.31	1.00838
1.315	0.32	0.988328
1.315	0.33	0.968481
1.315	0.34	0.948835
1.315	0.35	0.929389
1.315	0.36	0.910143
1.315	0.37	0.891098
1.315	0.38	0.872254
1.315	0.39	0.85361
1.315	0.4	0.835167
1.315	0.41	0.816924
1.315	0.42	0.798882
1.315	0.43	0.781041
1.315	0.44	0.7634
1.315	0.45	0.74596
1.315	0.46	0.728721
1.315	0.47	0.711682
1.315	0.48	0.694844
1.315	0.49	0.678207
1.315	0.5	0.66177
1.315	0.51	0.645534
1.315	0.52	0.629499
1.315	0.53	0.613664
1.315	0.54	0.59803
1.315	0.55	0.582597
1.315	0.56	0.567365
1.315	0.57	0.552333
1.315	0.58	0.537503
1.315	0.59	0.522873
1.315	0.6	0.508443
1.315	0.61	0.494215
1.315	0.62	0.480187
1.315	0.63	0.46636
1.315	0.64	0.452734
1.315	0.65	0.439309
1.315	0.66	0.426084
1.315	0.67	0.413061
1.315	0.68	0.400238
1.315	0.69	0.387616
1.315	0.7	0.375195
1.315	0.71	0.362974
1.315	0.72	0.350955
1.315	0.73	0.339136
1.315	0.74	0.327518
1.315	0.75	0.316101
1.315	0.76	0.304885
1.315	0.77	0.293869
1.315	0.78	0.283055
1.315	0.79	0.272441
1.315	0.8	0.262028
1.315	0.81	0.251816
1.315	0.82	0.241805
1.315	0.83	0.231995
1.315	0.84	0.222385
1.315	0.85	0.212977
1.315	0.86	0.203769
1.315	0.87	0.194762
1.315	0.88	0.185956
1.315	0.89	0.17735
1.315	0.9	0.168946
1.315	0.91	0.160742
1.315	0.92	0.15274
1.315	0.93	0.144938
1.315	0.94	0.137337
1.315	0.95	0.129937
1.315	0.96	0.122737
1.315	0.97	0.115738
1.315	0.98	0.108941
1.315	0.99	0.102344
1.315	1	0.0959475
1.315	1.01	0.0897522
1.315	1.02	0.0837576
1.315	1.03	0.0779639
1.315	1.04	0.0723709
1.315	1.05	0.0669788
1.315	1.06	0.0617874
1.315	1.07	0.0567968
1.315	1.08	0.0520069
1.315	1.09	0.0474179
1.315	1.1	0.0430296
1.315	1.11	0.038842
1.315	1.12	0.0348552
1.315	1.13	0.0310692
1.315	1.14	0.0274839
1.315	1.15	0.0240993
1.315	1.16	0.0209154
1.315	1.17	0.0179323
1.315	1.18	0.0151499
1.315	1.19	0.0125682
1.315	1.2	0.0101871
1.315	1.21	0.00800682
1.315	1.22	0.00602718
1.315	1.23	0.00424822
1.315	1.24	0.00266992
1.315	1.25	0.00129229
1.315	1.26	0.000115306
1.315	1.27	-0.000861029
1.315	1.28	-0.00163673
1.315	1.29	-0.00221179
1.315	1.3	-0.00258624
1.315	1.31	-0.00276008
1.315	1.32	-0.0027333
1.315	1.33	-0.00250594
1.315	1.34	-0.00207798
1.315	1.35	-0.00144944
1.315	1.36	-0.000620335
1.315	1.37	0.000409336
1.315	1.38	0.00163956
1.315	1.39	0.00307033
1.315	1.4	0.00470164
1.315	1.41	0.00653348
1.315	1.42	0.00856584
1.315	1.43	0.0107987
1.315	1.44	0.0132321
1.315	1.45	0.0158659
1.315	1.46	0.0187003
1.315	1.47	0.0217351
1.315	1.48	0.0249704
1.315	1.49	0.0284061
1.315	1.5	0.0320423
1.315	1.51	0.035879
1.315	1.52	0.039916
1.315	1.53	0.0441535
1.315	1.54	0.0485914
1.315	1.55	0.0532297
1.315	1.56	0.0580684
1.315	1.57	0.0631075
1.315	1.58	0.068347
1.315	1.59	0.0737868
1.315	1.6	0.079427
1.315	1.61	0.0852676
1.315	1.62	0.0913085
1.315	1.63	0.0975497
1.315	1.64	0.103991
1.315	1.65	0.110633
1.315	1.66	0.117475
1.315	1.67	0.124518
1.315	1.68	0.13176
1.315	1.69	0.139203
1.315	1.7	0.146847
1.315	1.71	0.15469
1.315	1.72	0.162734
1.315	1.73	0.170978
1.315	1.74	0.179422
1.315	1.75	0.188067
1.315	1.76	0.196912
1.315	1.77	0.205956
1.315	1.78	0.215202
1.315	1.79	0.224647
1.315	1.8	0.234292
1.315	1.81	0.244138
1.315	1.82	0.254184
1.315	1.83	0.26443
1.315	1.84	0.274876
1.315	1.85	0.285522
1.315	1.86	0.296368
1.315	1.87	0.307415
1.315	1.88	0.318661
1.315	1.89	0.330108
1.315	1.9	0.341755
1.315	1.91	0.353601
1.315	1.92	0.365648
1.315	1.93	0.377895
1.315	1.94	0.390342
1.315	1.95	0.402989
1.315	1.96	0.415836
1.315	1.97	0.428884
1.315	1.98	0.442131
1.315	1.99	0.455578
1.315	2	0.469225
1.32	0	1.7424
1.32	0.01	1.71604
1.32	0.02	1.68989
1.32	0.03	1.66393
1.32	0.04	1.63817
1.32	0.05	1.61262
1.32	0.06	1.58726
1.32	0.07	1.56211
1.32	0.08	1.53715
1.32	0.09	1.51239
1.32	0.1	1.48784
1.32	0.11	1.46348
1.32	0.12	1.43933
1.32	0.13	1.41537
1.32	0.14	1.39162
1.32	0.15	1.36806
1.32	0.16	1.34471
1.32	0.17	1.32155
1.32	0.18	1.2986
1.32	0.19	1.27585
1.32	0.2	1.25329
1.32	0.21	1.23094
1.32	0.22	1.20879
1.32	0.23	1.18684
1.32	0.24	1.16508
1.32	0.25	1.14353
1.32	0.26	1.12218
1.32	0.27	1.10103
1.32	0.28	1.08008
1.32	0.29	1.05933
1.32	0.3	1.03878
1.32	0.31	1.01843
1.32	0.32	0.998286
1.32	0.33	0.978338
1.32	0.34	0.958591
1.32	0.35	0.939045
1.32	0.36	0.919699
1.32	0.37	0.900553
1.32	0.38	0.881608
1.32	0.39	0.862864
1.32	0.4	0.84432
1.32	0.41	0.825977
1.32	0.42	0.807835
1.32	0.43	0.789893
1.32	0.44	0.772152
1.32	0.45	0.754612
1.32	0.46	0.737272
1.32	0.47	0.720133
1.32	0.48	0.703194
1.32	0.49	0.686456
1.32	0.5	0.669919
1.32	0.51	0.653583
1.32	0.52	0.637447
1.32	0.53	0.621513
1.32	0.54	0.605778
1.32	0.55	0.590245
1.32	0.56	0.574912
1.32	0.57	0.559781
1.32	0.58	0.544849
1.32	0.59	0.530119
1.32	0.6	0.51559
1.32	0.61	0.501261
1.32	0.62	0.487133
1.32	0.63	0.473206
1.32	0.64	0.459479
1.32	0.65	0.445954
1.32	0.66	0.432629
1.32	0.67	0.419505
1.32	0.68	0.406582
1.32	0.69	0.39386
1.32	0.7	0.381338
1.32	0.71	0.369018
1.32	0.72	0.356898
1.32	0.73	0.344979
1.32	0.74	0.333261
1.32	0.75	0.321744
1.32	0.76	0.310427
1.32	0.77	0.299312
1.32	0.78	0.288397
1.32	0.79	0.277683
1.32	0.8	0.26717
1.32	0.81	0.256858
1.32	0.82	0.246747
1.32	0.83	0.236836
1.32	0.84	0.227127
1.32	0.85	0.217618
1.32	0.86	0.20831
1.32	0.87	0.199203
1.32	0.88	0.190297
1.32	0.89	0.181592
1.32	0.9	0.173087
1.32	0.91	0.164784
1.32	0.92	0.156681
1.32	0.93	0.148779
1.32	0.94	0.141078
1.32	0.95	0.133577
1.32	0.96	0.126278
1.32	0.97	0.119179
1.32	0.98	0.112282
1.32	0.99	0.105585
1.32	1	0.0990886
1.32	1.01	0.0927933
1.32	1.02	0.0866988
1.32	1.03	0.0808051
1.32	1.04	0.0751122
1.32	1.05	0.0696201
1.32	1.06	0.0643288
1.32	1.07	0.0592383
1.32	1.08	0.0543486
1.32	1.09	0.0496596
1.32	1.1	0.0451715
1.32	1.11	0.040884
1.32	1.12	0.0367974
1.32	1.13	0.0329115
1.32	1.14	0.0292263
1.32	1.15	0.0257419
1.32	1.16	0.0224582
1.32	1.17	0.0193753
1.32	1.18	0.016493
1.32	1.19	0.0138115
1.32	1.2	0.0113307
1.32	1.21	0.00905057
1.32	1.22	0.00697114
1.32	1.23	0.00509239
1.32	1.24	0.00341432
1.32	1.25	0.00193692
1.32	1.26	0.000660174
1.32	1.27	-0.000415916
1.32	1.28	-0.00129136
1.32	1.29	-0.00196617
1.32	1.3	-0.00244035
1.32	1.31	-0.00271392
1.32	1.32	-0.00278687
1.32	1.33	-0.00265922
1.32	1.34	-0.00233097
1.32	1.35	-0.00180214
1.32	1.36	-0.00107273
1.32	1.37	-0.000142753
1.32	1.38	0.000987786
1.32	1.39	0.00231888
1.32	1.4	0.00385051
1.32	1.41	0.00558268
1.32	1.42	0.00751537
1.32	1.43	0.00964858
1.32	1.44	0.0119823
1.32	1.45	0.0145165
1.32	1.46	0.0172512
1.32	1.47	0.0201864
1.32	1.48	0.023322
1.32	1.49	0.0266582
1.32	1.5	0.0301947
1.32	1.51	0.0339317
1.32	1.52	0.0378692
1.32	1.53	0.0420071
1.32	1.54	0.0463454
1.32	1.55	0.0508841
1.32	1.56	0.0556232
1.32	1.57	0.0605627
1.32	1.58	0.0657025
1.32	1.59	0.0710428
1.32	1.6	0.0765834
1.32	1.61	0.0823244
1.32	1.62	0.0882657
1.32	1.63	0.0944073
1.32	1.64	0.100749
1.32	1.65	0.107292
1.32	1.66	0.114034
1.32	1.67	0.120977
1.32	1.68	0.12812
1.32	1.69	0.135464
1.32	1.7	0.143007
1.32	1.71	0.150751
1.32	1.72	0.158696
1.32	1.73	0.16684
1.32	1.74	0.175185
1.32	1.75	0.18373
1.32	1.76	0.192475
1.32	1.77	0.20142
1.32	1.78	0.210566
1.32	1.79	0.219912
1.32	1.8	0.229458
1.32	1.81	0.239204
1.32	1.82	0.24915
1.32	1.83	0.259296
1.32	1.84	0.269643
1.32	1.85	0.28019
1.32	1.86	0.290936
1.32	1.87	0.301883
1.32	1.88	0.31303
1.32	1.89	0.324378
1.32	1.9	0.335925
1.32	1.91	0.347672
1.32	1.92	0.359619
1.32	1.93	0.371767
1.32	1.94	0.384114
1.32	1.95	0.396662
1.32	1.96	0.40941
1.32	1.97	0.422357
1.32	1.98	0.435505
1.32	1.99	0.448852
1.32	2	0.4624
1.325	0	1.75562
1.325	0.01	1.72917
1.325	0.02	1.70291
1.325	0.03	1.67685
1.325	0.04	1.651
1.325	0.05	1.62534
1.325	0.06	1.59988
1.325	0.07	1.57463
1.325	0.08	1.54957
1.325	0.09	1.52471
1.325	0.1	1.50006
1.325	0.11	1.4756
1.325	0.12	1.45135
1.325	0.13	1.42729
1.325	0.14	1.40343
1.325	0.15	1.37978
1.325	0.16	1.35632
1.325	0.17	1.33307
1.325	0.18	1.31001
1.325	0.19	1.28716
1.325	0.2	1.26451
1.325	0.21	1.24205
1.325	0.22	1.2198
1.325	0.23	1.19775
1.325	0.24	1.1759
1.325	0.25	1.15424
1.325	0.26	1.13279
1.325	0.27	1.11154
1.325	0.28	1.09049
1.325	0.29	1.06964
1.325	0.3	1.04899
1.325	0.31	1.02854
1.325	0.32	1.00829
1.325	0.33	0.988246
1.325	0.34	0.968398
1.325	0.35	0.948752
1.325	0.36	0.929305
1.325	0.37	0.910059
1.325	0.38	0.891014
1.325	0.39	0.872169
1.325	0.4	0.853525
1.325	0.41	0.835082
1.325	0.42	0.816839
1.325	0.43	0.798797
1.325	0.44	0.780955
1.325	0.45	0.763314
1.325	0.46	0.745874
1.325	0.47	0.728635
1.325	0.48	0.711596
1.325	0.49	0.694758
1.325	0.5	0.67812
1.325	0.51	0.661684
1.325	0.52	0.645448
1.325	0.53	0.629412
1.325	0.54	0.613578
1.325	0.55	0.597944
1.325	0.56	0.582511
1.325	0.57	0.567279
1.325	0.58	0.552248
1.325	0.59	0.537417
1.325	0.6	0.522787
1.325	0.61	0.508358
1.325	0.62	0.49413
1.325	0.63	0.480102
1.325	0.64	0.466276
1.325	0.65	0.45265
1.325	0.66	0.439225
1.325	0.67	0.426001
1.325	0.68	0.412977
1.325	0.69	0.400155
1.325	0.7	0.387533
1.325	0.71	0.375112
1.325	0.72	0.362893
1.325	0.73	0.350873
1.325	0.74	0.339055
1.325	0.75	0.327438
1.325	0.76	0.316021
1.325	0.77	0.304805
1.325	0.78	0.293791
1.325	0.79	0.282977
1.325	0.8	0.272364
1.325	0.81	0.261951
1.325	0.82	0.25174
1.325	0.83	0.241729
1.325	0.84	0.23192
1.325	0.85	0.222311
1.325	0.86	0.212903
1.325	0.87	0.203696
1.325	0.88	0.19469
1.325	0.89	0.185884
1.325	0.9	0.17728
1.325	0.91	0.168876
1.325	0.92	0.160673
1.325	0.93	0.152671
1.325	0.94	0.14487
1.325	0.95	0.13727
1.325	0.96	0.129871
1.325	0.97	0.122672
1.325	0.98	0.115674
1.325	0.99	0.108877
1.325	1	0.102281
1.325	1.01	0.095886
1.325	1.02	0.0896916
1.325	1.03	0.0836979
1.325	1.04	0.0779051
1.325	1.05	0.0723131
1.325	1.06	0.0669219
1.325	1.07	0.0617315
1.325	1.08	0.0567419
1.325	1.09	0.051953
1.325	1.1	0.0473649
1.325	1.11	0.0429776
1.325	1.12	0.0387911
1.325	1.13	0.0348054
1.325	1.14	0.0310203
1.325	1.15	0.0274361
1.325	1.16	0.0240525
1.325	1.17	0.0208698
1.325	1.18	0.0178877
1.325	1.19	0.0151063
1.325	1.2	0.0125257
1.325	1.21	0.0101458
1.325	1.22	0.00796656
1.325	1.23	0.00598802
1.325	1.24	0.00421016
1.325	1.25	0.00263298
1.325	1.26	0.00125646
1.325	1.27	8.06071e-05
1.325	1.28	-0.0008946
1.325	1.29	-0.00166916
1.325	1.3	-0.0022431
1.325	1.31	-0.0026164
1.325	1.32	-0.00278909
1.325	1.33	-0.00276117
1.325	1.34	-0.00253265
1.325	1.35	-0.00210353
1.325	1.36	-0.00147384
1.325	1.37	-0.000643568
1.325	1.38	0.000387268
1.325	1.39	0.00161866
1.325	1.4	0.0030506
1.325	1.41	0.00468308
1.325	1.42	0.00651609
1.325	1.43	0.00854963
1.325	1.44	0.0107837
1.325	1.45	0.0132182
1.325	1.46	0.0158533
1.325	1.47	0.0186888
1.325	1.48	0.0217248
1.325	1.49	0.0249612
1.325	1.5	0.0283982
1.325	1.51	0.0320355
1.325	1.52	0.0358733
1.325	1.53	0.0399116
1.325	1.54	0.0441503
1.325	1.55	0.0485893
1.325	1.56	0.0532288
1.325	1.57	0.0580687
1.325	1.58	0.063109
1.325	1.59	0.0683496
1.325	1.6	0.0737906
1.325	1.61	0.079432
1.325	1.62	0.0852737
1.325	1.63	0.0913158
1.325	1.64	0.0975582
1.325	1.65	0.104001
1.325	1.66	0.110644
1.325	1.67	0.117487
1.325	1.68	0.124531
1.325	1.69	0.131775
1.325	1.7	0.139219
1.325	1.71	0.146863
1.325	1.72	0.154708
1.325	1.73	0.162753
1.325	1.74	0.170998
1.325	1.75	0.179443
1.325	1.76	0.188089
1.325	1.77	0.196935
1.325	1.78	0.205981
1.325	1.79	0.215227
1.325	1.8	0.224673
1.325	1.81	0.23432
1.325	1.82	0.244167
1.325	1.83	0.254213
1.325	1.84	0.264461
1.325	1.85	0.274908
1.325	1.86	0.285555
1.325	1.87	0.296402
1.325	1.88	0.30745
1.325	1.89	0.318697
1.325	1.9	0.330145
1.325	1.91	0.341793
1.325	1.92	0.353641
1.325	1.93	0.365689
1.325	1.94	0.377937
1.325	1.95	0.390385
1.325	1.96	0.403033
1.325	1.97	0.415881
1.325	1.98	0.428929
1.325	1.99	0.442177
1.325	2	0.455625
1.33	0	1.7689
1.33	0.01	1.74234
1.33	0.02	1.71598
1.33	0.03	1.68983
1.33	0.04	1.66387
1.33	0.05	1.63811
1.33	0.06	1.61255
1.33	0.07	1.5872
1.33	0.08	1.56204
1.33	0.09	1.53708
1.33	0.1	1.51233
1.33	0.11	1.48777
1.33	0.12	1.46341
1.33	0.13	1.43926
1.33	0.14	1.4153
1.33	0.15	1.39155
1.33	0.16	1.36799
1.33	0.17	1.34464
1.33	0.18	1.32148
1.33	0.19	1.29853
1.33	0.2	1.27577
1.33	0.21	1.25322
1.33	0.22	1.23086
1.33	0.23	1.20871
1.33	0.24	1.18676
1.33	0.25	1.16501
1.33	0.26	1.14345
1.33	0.27	1.1221
1.33	0.28	1.10095
1.33	0.29	1.08
1.33	0.3	1.05925
1.33	0.31	1.0387
1.33	0.32	1.01835
1.33	0.33	0.998204
1.33	0.34	0.978256
1.33	0.35	0.958509
1.33	0.36	0.938962
1.33	0.37	0.919616
1.33	0.38	0.90047
1.33	0.39	0.881525
1.33	0.4	0.86278
1.33	0.41	0.844237
1.33	0.42	0.825893
1.33	0.43	0.807751
1.33	0.44	0.789809
1.33	0.45	0.772068
1.33	0.46	0.754527
1.33	0.47	0.737187
1.33	0.48	0.720048
1.33	0.49	0.703109
1.33	0.5	0.686372
1.33	0.51	0.669835
1.33	0.52	0.653498
1.33	0.53	0.637363
1.33	0.54	0.621428
1.33	0.55	0.605694
1.33	0.56	0.590161
1.33	0.57	0.574828
1.33	0.58	0.559696
1.33	0.59	0.544766
1.33	0.6	0.530035
1.33	0.61	0.515506
1.33	0.62	0.501178
1.33	0.63	0.48705
1.33	0.64	0.473123
1.33	0.65	0.459397
1.33	0.66	0.445872
1.33	0.67	0.432547
1.33	0.68	0.419424
1.33	0.69	0.406501
1.33	0.7	0.393779
1.33	0.71	0.381258
1.33	0.72	0.368938
1.33	0.73	0.356819
1.33	0.74	0.3449
1.33	0.75	0.333183
1.33	0.76	0.321666
1.33	0.77	0.31035
1.33	0.78	0.299235
1.33	0.79	0.288321
1.33	0.8	0.277608
1.33	0.81	0.267095
1.33	0.82	0.256784
1.33	0.83	0.246673
1.33	0.84	0.236764
1.33	0.85	0.227055
1.33	0.86	0.217547
1.33	0.87	0.20824
1.33	0.88	0.199133
1.33	0.89	0.190228
1.33	0.9	0.181523
1.33	0.91	0.17302
1.33	0.92	0.164717
1.33	0.93	0.156615
1.33	0.94	0.148714
1.33	0.95	0.141013
1.33	0.96	0.133514
1.33	0.97	0.126215
1.33	0.98	0.119118
1.33	0.99	0.112221
1.33	1	0.105525
1.33	1.01	0.0990296
1.33	1.02	0.0927352
1.33	1.03	0.0866416
1.33	1.04	0.0807489
1.33	1.05	0.0750569
1.33	1.06	0.0695658
1.33	1.07	0.0642755
1.33	1.08	0.0591859
1.33	1.09	0.0542972
1.33	1.1	0.0496092
1.33	1.11	0.045122
1.33	1.12	0.0408356
1.33	1.13	0.03675
1.33	1.14	0.0328651
1.33	1.15	0.029181
1.33	1.16	0.0256977
1.33	1.17	0.022415
1.33	1.18	0.0193331
1.33	1.19	0.016452
1.33	1.2	0.0137715
1.33	1.21	0.0112918
1.33	1.22	0.00901274
1.33	1.23	0.0069344
1.33	1.24	0.00505675
1.33	1.25	0.00337978
1.33	1.26	0.00190349
1.33	1.27	0.000627856
1.33	1.28	-0.000447118
1.33	1.29	-0.00132144
1.33	1.3	-0.00199513
1.33	1.31	-0.00246818
1.33	1.32	-0.00274061
1.33	1.33	-0.00281243
1.33	1.34	-0.00268364
1.33	1.35	-0.00235426
1.33	1.36	-0.00182428
1.33	1.37	-0.00109373
1.33	1.38	-0.0001626
1.33	1.39	0.000969089
1.33	1.4	0.00230133
1.33	1.41	0.00383412
1.33	1.42	0.00556744
1.33	1.43	0.00750128
1.33	1.44	0.00963565
1.33	1.45	0.0119705
1.33	1.46	0.0145059
1.33	1.47	0.0172418
1.33	1.48	0.0201781
1.33	1.49	0.0233149
1.33	1.5	0.0266522
1.33	1.51	0.0301899
1.33	1.52	0.033928
1.33	1.53	0.0378667
1.33	1.54	0.0420057
1.33	1.55	0.0463451
1.33	1.56	0.050885
1.33	1.57	0.0556253
1.33	1.58	0.0605659
1.33	1.59	0.0657069
1.33	1.6	0.0710483
1.33	1.61	0.0765901
1.33	1.62	0.0823322
1.33	1.63	0.0882746
1.33	1.64	0.0944174
1.33	1.65	0.100761
1.33	1.66	0.107304
1.33	1.67	0.114048
1.33	1.68	0.120992
1.33	1.69	0.128136
1.33	1.7	0.135481
1.33	1.71	0.143025
1.33	1.72	0.15077
1.33	1.73	0.158716
1.33	1.74	0.166861
1.33	1.75	0.175207
1.33	1.76	0.183753
1.33	1.77	0.192499
1.33	1.78	0.201446
1.33	1.79	0.210593
1.33	1.8	0.219939
1.33	1.81	0.229486
1.33	1.82	0.239233
1.33	1.83	0.249181
1.33	1.84	0.259328
1.33	1.85	0.269676
1.33	1.86	0.280224
1.33	1.87	0.290971
1.33	1.88	0.301919
1.33	1.89	0.313067
1.33	1.9	0.324416
1.33	1.91	0.335964
1.33	1.92	0.347712
1.33	1.93	0.35966
1.33	1.94	0.371809
1.33	1.95	0.384157
1.33	1.96	0.396706
1.33	1.97	0.409454
1.33	1.98	0.422403
1.33	1.99	0.435551
1.33	2	0.4489
1.335	0	1.78222
1.335	0.01	1.75557
1.335	0.02	1.72911
1.335	0.03	1.70285
1.335	0.04	1.67679
1.335	0.05	1.65093
1.335	0.06	1.62528
1.335	0.07	1.59982
1.335	0.08	1.57456
1.335	0.09	1.5495
1.335	0.1	1.52465
1.335	0.11	1.49999
1.335	0.12	1.47553
1.335	0.13	1.45128
1.335	0.14	1.42722
1.335	0.15	1.40336
1.335	0.16	1.37971
1.335	0.17	1.35625
1.335	0.18	1.333
1.335	0.19	1.30994
1.335	0.2	1.28709
1.335	0.21	1.26443
1.335	0.22	1.24198
1.335	0.23	1.21972
1.335	0.24	1.19767
1.335	0.25	1.17582
1.335	0.26	1.15417
1.335	0.27	1.13271
1.335	0.28	1.11146
1.335	0.29	1.09041
1.335	0.3	1.06956
1.335	0.31	1.04891
1.335	0.32	1.02846
1.335	0.33	1.00821
1.335	0.34	0.988164
1.335	0.35	0.968316
1.335	0.36	0.948669
1.335	0.37	0.929222
1.335	0.38	0.909976
1.335	0.39	0.890931
1.335	0.4	0.872086
1.335	0.41	0.853441
1.335	0.42	0.834998
1.335	0.43	0.816755
1.335	0.44	0.798712
1.335	0.45	0.780871
1.335	0.46	0.76323
1.335	0.47	0.74579
1.335	0.48	0.72855
1.335	0.49	0.711511
1.335	0.5	0.694673
1.335	0.51	0.678036
1.335	0.52	0.661599
1.335	0.53	0.645363
1.335	0.54	0.629328
1.335	0.55	0.613494
1.335	0.56	0.59786
1.335	0.57	0.582427
1.335	0.58	0.567195
1.335	0.59	0.552164
1.335	0.6	0.537334
1.335	0.61	0.522704
1.335	0.62	0.508275
1.335	0.63	0.494047
1.335	0.64	0.48002
1.335	0.65	0.466194
1.335	0.66	0.452568
1.335	0.67	0.439144
1.335	0.68	0.42592
1.335	0.69	0.412897
1.335	0.7	0.400075
1.335	0.71	0.387454
1.335	0.72	0.375034
1.335	0.73	0.362814
1.335	0.74	0.350795
1.335	0.75	0.338978
1.335	0.76	0.327361
1.335	0.77	0.315945
1.335	0.78	0.30473
1.335	0.79	0.293715
1.335	0.8	0.282902
1.335	0.81	0.27229
1.335	0.82	0.261878
1.335	0.83	0.251667
1.335	0.84	0.241657
1.335	0.85	0.231848
1.335	0.86	0.22224
1.335	0.87	0.212833
1.335	0.88	0.203627
1.335	0.89	0.194621
1.335	0.9	0.185817
1.335	0.91	0.177213
1.335	0.92	0.16881
1.335	0.93	0.160608
1.335	0.94	0.152607
1.335	0.95	0.144807
1.335	0.96	0.137207
1.335	0.97	0.129809
1.335	0.98	0.122611
1.335	0.99	0.115614
1.335	1	0.108818
1.335	1.01	0.102223
1.335	1.02	0.0958288
1.335	1.03	0.0896353
1.335	1.04	0.0836426
1.335	1.05	0.0778507
1.335	1.06	0.0722597
1.335	1.07	0.0668694
1.335	1.08	0.06168
1.335	1.09	0.0566914
1.335	1.1	0.0519035
1.335	1.11	0.0473165
1.335	1.12	0.0429302
1.335	1.13	0.0387447
1.335	1.14	0.03476
1.335	1.15	0.030976
1.335	1.16	0.0273928
1.335	1.17	0.0240103
1.335	1.18	0.0208286
1.335	1.19	0.0178476
1.335	1.2	0.0150673
1.335	1.21	0.0124878
1.335	1.22	0.0101089
1.335	1.23	0.00793079
1.335	1.24	0.00595335
1.335	1.25	0.00417659
1.335	1.26	0.00260052
1.335	1.27	0.00122512
1.335	1.28	5.03763e-05
1.335	1.29	-0.00092371
1.335	1.3	-0.00169715
1.335	1.31	-0.00226995
1.335	1.32	-0.00264213
1.335	1.33	-0.00281368
1.335	1.34	-0.00278462
1.335	1.35	-0.00255496
1.335	1.36	-0.00212471
1.335	1.37	-0.00149387
1.335	1.38	-0.000662451
1.335	1.39	0.000369532
1.335	1.4	0.00160207
1.335	1.41	0.00303517
1.335	1.42	0.0046688
1.335	1.43	0.00650296
1.335	1.44	0.00853764
1.335	1.45	0.0107728
1.335	1.46	0.0132085
1.335	1.47	0.0158447
1.335	1.48	0.0186814
1.335	1.49	0.0217186
1.335	1.5	0.0249562
1.335	1.51	0.0283942
1.335	1.52	0.0320328
1.335	1.53	0.0358717
1.335	1.54	0.0399111
1.335	1.55	0.044151
1.335	1.56	0.0485912
1.335	1.57	0.0532318
1.335	1.58	0.0580728
1.335	1.59	0.0631142
1.335	1.6	0.068356
1.335	1.61	0.0737982
1.335	1.62	0.0794407
1.335	1.63	0.0852835
1.335	1.64	0.0913267
1.335	1.65	0.0975702
1.335	1.66	0.104014
1.335	1.67	0.110658
1.335	1.68	0.117503
1.335	1.69	0.124547
1.335	1.7	0.131792
1.335	1.71	0.139238
1.335	1.72	0.146883
1.335	1.73	0.154729
1.335	1.74	0.162775
1.335	1.75	0.171021
1.335	1.76	0.179468
1.335	1.77	0.188114
1.335	1.78	0.196961
1.335	1.79	0.206008
1.335	1.8	0.215255
1.335	1.81	0.224703
1.335	1.82	0.23435
1.335	1.83	0.244198
1.335	1.84	0.254246
1.335	1.85	0.264494
1.335	1.86	0.274942
1.335	1.87	0.285591
1.335	1.88	0.296439
1.335	1.89	0.307487
1.335	1.9	0.318736
1.335	1.91	0.330185
1.335	1.92	0.341833
1.335	1.93	0.353682
1.335	1.94	0.365731
1.335	1.95	0.37798
1.335	1.96	0.390429
1.335	1.97	0.403078
1.335	1.98	0.415927
1.335	1.99	0.428976
1.335	2	0.442225
1.34	0	1.7956
1.34	0.01	1.76884
1.34	0.02	1.74228
1.34	0.03	1.71592
1.34	0.04	1.68977
1.34	0.05	1.66381
1.34	0.06	1.63805
1.34	0.07	1.61249
1.34	0.08	1.58713
1.34	0.09	1.56197
1.34	0.1	1.53702
1.34	0.11	1.51226
1.34	0.12	1.4877
1.34	0.13	1.46334
1.34	0.14	1.43919
1.34	0.15	1.41523
1.34	0.16	1.39147
1.34	0.17	1.36792
1.34	0.18	1.34456
1.34	0.19	1.32141
1.34	0.2	1.29845
1.34	0.21	1.2757
1.34	0.22	1.25314
1.34	0.23	1.23079
1.34	0.24	1.20863
1.34	0.25	1.18668
1.34	0.26	1.16493
1.34	0.27	1.14338
1.34	0.28	1.12202
1.34	0.29	1.10087
1.34	0.3	1.07992
1.34	0.31	1.05917
1.34	0.32	1.03862
1.34	0.33	1.01827
1.34	0.34	0.998123
1.34	0.35	0.978175
1.34	0.36	0.958427
1.34	0.37	0.93888
1.34	0.38	0.919533
1.34	0.39	0.900387
1.34	0.4	0.881442
1.34	0.41	0.862697
1.34	0.42	0.844153
1.34	0.43	0.82581
1.34	0.44	0.807667
1.34	0.45	0.789725
1.34	0.46	0.771984
1.34	0.47	0.754443
1.34	0.48	0.737103
1.34	0.49	0.719964
1.34	0.5	0.703026
1.34	0.51	0.686288
1.34	0.52	0.669751
1.34	0.53	0.653415
1.34	0.54	0.637279
1.34	0.55	0.621345
1.34	0.56	0.605611
1.34	0.57	0.590078
1.34	0.58	0.574746
1.34	0.59	0.559614
1.34	0.6	0.544683
1.34	0.61	0.529954
1.34	0.62	0.515424
1.34	0.63	0.501096
1.34	0.64	0.486969
1.34	0.65	0.473042
1.34	0.66	0.459317
1.34	0.67	0.445792
1.34	0.68	0.432468
1.34	0.69	0.419345
1.34	0.7	0.406423
1.34	0.71	0.393701
1.34	0.72	0.381181
1.34	0.73	0.368861
1.34	0.74	0.356742
1.34	0.75	0.344824
1.34	0.76	0.333107
1.34	0.77	0.321591
1.34	0.78	0.310276
1.34	0.79	0.299162
1.34	0.8	0.288248
1.34	0.81	0.277535
1.34	0.82	0.267024
1.34	0.83	0.256713
1.34	0.84	0.246603
1.34	0.85	0.236694
1.34	0.86	0.226986
1.34	0.87	0.217478
1.34	0.88	0.208172
1.34	0.89	0.199067
1.34	0.9	0.190162
1.34	0.91	0.181458
1.34	0.92	0.172955
1.34	0.93	0.164653
1.34	0.94	0.156552
1.34	0.95	0.148652
1.34	0.96	0.140952
1.34	0.97	0.133454
1.34	0.98	0.126156
1.34	0.99	0.119059
1.34	1	0.112163
1.34	1.01	0.105468
1.34	1.02	0.098974
1.34	1.03	0.0926806
1.34	1.04	0.086588
1.34	1.05	0.0806962
1.34	1.06	0.0750052
1.34	1.07	0.069515
1.34	1.08	0.0642257
1.34	1.09	0.0591372
1.34	1.1	0.0542494
1.34	1.11	0.0495625
1.34	1.12	0.0450763
1.34	1.13	0.0407909
1.34	1.14	0.0367063
1.34	1.15	0.0328225
1.34	1.16	0.0291394
1.34	1.17	0.0256571
1.34	1.18	0.0223756
1.34	1.19	0.0192947
1.34	1.2	0.0164146
1.34	1.21	0.0137353
1.34	1.22	0.0112566
1.34	1.23	0.00897867
1.34	1.24	0.00690143
1.34	1.25	0.00502488
1.34	1.26	0.00334902
1.34	1.27	0.00187383
1.34	1.28	0.00059931
1.34	1.29	-0.00047455
1.34	1.3	-0.00134776
1.34	1.31	-0.00202032
1.34	1.32	-0.00249225
1.34	1.33	-0.00276356
1.34	1.34	-0.00283425
1.34	1.35	-0.00270433
1.34	1.36	-0.00237381
1.34	1.37	-0.0018427
1.34	1.38	-0.00111101
1.34	1.39	-0.000178744
1.34	1.4	0.000954082
1.34	1.41	0.00228746
1.34	1.42	0.00382139
1.34	1.43	0.00555585
1.34	1.44	0.00749084
1.34	1.45	0.00962634
1.34	1.46	0.0119624
1.34	1.47	0.0144989
1.34	1.48	0.0172359
1.34	1.49	0.0201733
1.34	1.5	0.0233113
1.34	1.51	0.0266497
1.34	1.52	0.0301885
1.34	1.53	0.0339279
1.34	1.54	0.0378676
1.34	1.55	0.0420078
1.34	1.56	0.0463483
1.34	1.57	0.0508893
1.34	1.58	0.0556307
1.34	1.59	0.0605725
1.34	1.6	0.0657146
1.34	1.61	0.0710572
1.34	1.62	0.0766
1.34	1.63	0.0823432
1.34	1.64	0.0882868
1.34	1.65	0.0944307
1.34	1.66	0.100775
1.34	1.67	0.107319
1.34	1.68	0.114064
1.34	1.69	0.121009
1.34	1.7	0.128155
1.34	1.71	0.1355
1.34	1.72	0.143046
1.34	1.73	0.150792
1.34	1.74	0.158739
1.34	1.75	0.166886
1.34	1.76	0.175232
1.34	1.77	0.183779
1.34	1.78	0.192527
1.34	1.79	0.201474
1.34	1.8	0.210622
1.34	1.81	0.21997
1.34	1.82	0.229518
1.34	1.83	0.239266
1.34	1.84	0.249214
1.34	1.85	0.259363
1.34	1.86	0.269711
1.34	1.87	0.28026
1.34	1.88	0.291009
1.34	1.89	0.301958
1.34	1.9	0.313107
1.34	1.91	0.324456
1.34	1.92	0.336005
1.34	1.93	0.347754
1.34	1.94	0.359704
1.34	1.95	0.371853
1.34	1.96	0.384202
1.34	1.97	0.396752
1.34	1.98	0.409501
1.34	1.99	0.422451
1.34	2	0.4356
1.345	0	1.80902
1.345	0.01	1.78217
1.345	0.02	1.75551
1.345	0.03	1.72905
1.345	0.04	1.70279
1.345	0.05	1.67673
1.345	0.06	1.65087
1.345	0.07	1.62521
1.345	0.08	1.59975
1.345	0.09	1.57449
1.345	0.1	1.54944
1.345	0.11	1.52458
1.345	0.12	1.49992
1.345	0.13	1.47546
1.345	0.14	1.45121
1.345	0.15	1.42715
1.345	0.16	1.40329
1.345	0.17	1.37963
1.345	0.18	1.35618
1.345	0.19	1.33292
1.345	0.2	1.30987
1.345	0.21	1.28701
1.345	0.22	1.26436
1.345	0.23	1.2419
1.345	0.24	1.21965
1.345	0.25	1.19759
1.345	0.26	1.17574
1.345	0.27	1.15409
1.345	0.28	1.13264
1.345	0.29	1.11138
1.345	0.3	1.09033
1.345	0.31	1.06948
1.345	0.32	1.04883
1.345	0.33	1.02838
1.345	0.34	1.00813
1.345	0.35	0.988083
1.345	0.36	0.968235
1.345	0.37	0.948588
1.345	0.38	0.929141
1.345	0.39	0.909895
1.345	0.4	0.890849
1.345	0.41	0.872004
1.345	0.42	0.853359
1.345	0.43	0.834916
1.345	0.44	0.816673
1.345	0.45	0.79863
1.345	0.46	0.780789
1.345	0.47	0.763148
1.345	0.48	0.745707
1.345	0.49	0.728468
1.345	0.5	0.711429
1.345	0.51	0.694591
1.345	0.52	0.677954
1.345	0.53	0.661517
1.345	0.54	0.645282
1.345	0.55	0.629247
1.345	0.56	0.613412
1.345	0.57	0.597779
1.345	0.58	0.582346
1.345	0.59	0.567115
1.345	0.6	0.552084
1.345	0.61	0.537254
1.345	0.62	0.522624
1.345	0.63	0.508196
1.345	0.64	0.493968
1.345	0.65	0.479942
1.345	0.66	0.466116
1.345	0.67	0.452491
1.345	0.68	0.439066
1.345	0.69	0.425843
1.345	0.7	0.412821
1.345	0.71	0.399999
1.345	0.72	0.387378
1.345	0.73	0.374959
1.345	0.74	0.36274
1.345	0.75	0.350722
1.345	0.76	0.338905
1.345	0.77	0.327288
1.345	0.78	0.315873
1.345	0.79	0.304658
1.345	0.8	0.293645
1.345	0.81	0.282832
1.345	0.82	0.27222
1.345	0.83	0.261809
1.345	0.84	0.251599
1.345	0.85	0.24159
1.345	0.86	0.231782
1.345	0.87	0.222175
1.345	0.88	0.212768
1.345	0.89	0.203563
1.345	0.9	0.194558
1.345	0.91	0.185754
1.345	0.92	0.177151
1.345	0.93	0.168749
1.345	0.94	0.160548
1.345	0.95	0.152548
1.345	0.96	0.144748
1.345	0.97	0.13715
1.345	0.98	0.129752
1.345	0.99	0.122555
1.345	1	0.115559
1.345	1.01	0.108764
1.345	1.02	0.10217
1.345	1.03	0.0957767
1.345	1.04	0.0895842
1.345	1.05	0.0835924
1.345	1.06	0.0778015
1.345	1.07	0.0722115
1.345	1.08	0.0668222
1.345	1.09	0.0616338
1.345	1.1	0.0566461
1.345	1.11	0.0518593
1.345	1.12	0.0472733
1.345	1.13	0.042888
1.345	1.14	0.0387036
1.345	1.15	0.0347199
1.345	1.16	0.0309369
1.345	1.17	0.0273548
1.345	1.18	0.0239734
1.345	1.19	0.0207927
1.345	1.2	0.0178128
1.345	1.21	0.0150336
1.345	1.22	0.0124551
1.345	1.23	0.0100773
1.345	1.24	0.00790028
1.345	1.25	0.00592393
1.345	1.26	0.00414827
1.345	1.27	0.00257329
1.345	1.28	0.00119898
1.345	1.29	2.53423e-05
1.345	1.3	-0.00094764
1.345	1.31	-0.00171997
1.345	1.32	-0.00229167
1.345	1.33	-0.00266273
1.345	1.34	-0.00283317
1.345	1.35	-0.002803
1.345	1.36	-0.00257223
1.345	1.37	-0.00214085
1.345	1.38	-0.0015089
1.345	1.39	-0.000676362
1.345	1.4	0.000356741
1.345	1.41	0.0015904
1.345	1.42	0.00302461
1.345	1.43	0.00465936
1.345	1.44	0.00649464
1.345	1.45	0.00853045
1.345	1.46	0.0107668
1.345	1.47	0.0132036
1.345	1.48	0.0158409
1.345	1.49	0.0186787
1.345	1.5	0.0217169
1.345	1.51	0.0249557
1.345	1.52	0.0283949
1.345	1.53	0.0320345
1.345	1.54	0.0358746
1.345	1.55	0.0399151
1.345	1.56	0.044156
1.345	1.57	0.0485973
1.345	1.58	0.0532391
1.345	1.59	0.0580812
1.345	1.6	0.0631237
1.345	1.61	0.0683666
1.345	1.62	0.0738098
1.345	1.63	0.0794534
1.345	1.64	0.0852973
1.345	1.65	0.0913416
1.345	1.66	0.0975862
1.345	1.67	0.104031
1.345	1.68	0.110676
1.345	1.69	0.117522
1.345	1.7	0.124568
1.345	1.71	0.131814
1.345	1.72	0.13926
1.345	1.73	0.146906
1.345	1.74	0.154753
1.345	1.75	0.1628
1.345	1.76	0.171048
1.345	1.77	0.179495
1.345	1.78	0.188143
1.345	1.79	0.196991
1.345	1.8	0.206039
1.345	1.81	0.215287
1.345	1.82	0.224735
1.345	1.83	0.234384
1.345	1.84	0.244233
1.345	1.85	0.254281
1.345	1.86	0.26453
1.345	1.87	0.27498
1.345	1.88	0.285629
1.345	1.89	0.296478
1.345	1.9	0.307528
1.345	1.91	0.318777
1.345	1.92	0.330227
1.345	1.93	0.341876
1.345	1.94	0.353726
1.345	1.95	0.365776
1.345	1.96	0.378026
1.345	1.97	0.390475
1.345	1.98	0.403125
1.345	1.99	0.415975
1.345	2	0.429025
1.35	0	1.8225
1.35	0.01	1.79554
1.35	0.02	1.76878
1.35	0.03	1.74222
1.35	0.04	1.71586
1.35	0.05	1.6897
1.35	0.06	1.66374
1.35	0.07	1.63798
1.35	0.08	1.61242
1.35	0.09	1.58707
1.35	0.1	1.56191
1.35	0.11	1.53695
1.35	0.12	1.51219
1.35	0.13	1.48763
1.35	0.14	1.46327
1.35	0.15	1.43912
1.35	0.16	1.41516
1.35	0.17	1.3914
1.35	0.18	1.36784
1.35	0.19	1.34449
1.35	0.2	1.32133
1.35	0.21	1.29838
1.35	0.22	1.27562
1.35	0.23	1.25307
1.35	0.24	1.23071
1.35	0.25	1.20856
1.35	0.26	1.1866
1.35	0.27	1.16485
1.35	0.28	1.1433
1.35	0.29	1.12195
1.35	0.3	1.10079
1.35	0.31	1.07984
1.35	0.32	1.05909
1.35	0.33	1.03854
1.35	0.34	1.01819
1.35	0.35	0.998042
1.35	0.36	0.978094
1.35	0.37	0.958346
1.35	0.38	0.938798
1.35	0.39	0.919452
1.35	0.4	0.900306
1.35	0.41	0.88136
1.35	0.42	0.862615
1.35	0.43	0.844071
1.35	0.44	0.825728
1.35	0.45	0.807585
1.35	0.46	0.789643
1.35	0.47	0.771902
1.35	0.48	0.754361
1.35	0.49	0.737022
1.35	0.5	0.719882
1.35	0.51	0.702944
1.35	0.52	0.686206
1.35	0.53	0.66967
1.35	0.54	0.653334
1.35	0.55	0.637198
1.35	0.56	0.621264
1.35	0.57	0.60553
1.35	0.58	0.589997
1.35	0.59	0.574665
1.35	0.6	0.559534
1.35	0.61	0.544604
1.35	0.62	0.529874
1.35	0.63	0.515346
1.35	0.64	0.501018
1.35	0.65	0.486891
1.35	0.66	0.472965
1.35	0.67	0.459239
1.35	0.68	0.445715
1.35	0.69	0.432392
1.35	0.7	0.419269
1.35	0.71	0.406347
1.35	0.72	0.393626
1.35	0.73	0.381106
1.35	0.74	0.368787
1.35	0.75	0.356669
1.35	0.76	0.344752
1.35	0.77	0.333035
1.35	0.78	0.32152
1.35	0.79	0.310205
1.35	0.8	0.299091
1.35	0.81	0.288179
1.35	0.82	0.277467
1.35	0.83	0.266956
1.35	0.84	0.256646
1.35	0.85	0.246536
1.35	0.86	0.236628
1.35	0.87	0.226921
1.35	0.88	0.217414
1.35	0.89	0.208109
1.35	0.9	0.199004
1.35	0.91	0.1901
1.35	0.92	0.181397
1.35	0.93	0.172895
1.35	0.94	0.164594
1.35	0.95	0.156494
1.35	0.96	0.148594
1.35	0.97	0.140896
1.35	0.98	0.133398
1.35	0.99	0.126101
1.35	1	0.119005
1.35	1.01	0.11211
1.35	1.02	0.105416
1.35	1.03	0.0989229
1.35	1.04	0.0926304
1.35	1.05	0.0865387
1.35	1.06	0.0806479
1.35	1.07	0.0749579
1.35	1.08	0.0694688
1.35	1.09	0.0641804
1.35	1.1	0.0590929
1.35	1.11	0.0542062
1.35	1.12	0.0495202
1.35	1.13	0.0450351
1.35	1.14	0.0407508
1.35	1.15	0.0366672
1.35	1.16	0.0327844
1.35	1.17	0.0291024
1.35	1.18	0.0256212
1.35	1.19	0.0223406
1.35	1.2	0.0192609
1.35	1.21	0.0163819
1.35	1.22	0.0137036
1.35	1.23	0.011226
1.35	1.24	0.00894914
1.35	1.25	0.00687298
1.35	1.26	0.00499753
1.35	1.27	0.00332276
1.35	1.28	0.00184867
1.35	1.29	0.000575248
1.35	1.3	-0.000497508
1.35	1.31	-0.00136961
1.35	1.32	-0.00204107
1.35	1.33	-0.00251189
1.35	1.34	-0.00278208
1.35	1.35	-0.00285166
1.35	1.36	-0.00272063
1.35	1.37	-0.00238899
1.35	1.38	-0.00185677
1.35	1.39	-0.00112396
1.35	1.4	-0.000190583
1.35	1.41	0.000943359
1.35	1.42	0.00227785
1.35	1.43	0.00381289
1.35	1.44	0.00554847
1.35	1.45	0.00748457
1.35	1.46	0.00962119
1.35	1.47	0.0119583
1.35	1.48	0.0144959
1.35	1.49	0.017234
1.35	1.5	0.0201726
1.35	1.51	0.0233117
1.35	1.52	0.0266512
1.35	1.53	0.0301912
1.35	1.54	0.0339316
1.35	1.55	0.0378724
1.35	1.56	0.0420137
1.35	1.57	0.0463554
1.35	1.58	0.0508975
1.35	1.59	0.0556399
1.35	1.6	0.0605828
1.35	1.61	0.065726
1.35	1.62	0.0710696
1.35	1.63	0.0766136
1.35	1.64	0.0823579
1.35	1.65	0.0883025
1.35	1.66	0.0944474
1.35	1.67	0.100793
1.35	1.68	0.107338
1.35	1.69	0.114084
1.35	1.7	0.12103
1.35	1.71	0.128177
1.35	1.72	0.135523
1.35	1.73	0.14307
1.35	1.74	0.150818
1.35	1.75	0.158765
1.35	1.76	0.166913
1.35	1.77	0.175261
1.35	1.78	0.183809
1.35	1.79	0.192557
1.35	1.8	0.201505
1.35	1.81	0.210654
1.35	1.82	0.220003
1.35	1.83	0.229552
1.35	1.84	0.239301
1.35	1.85	0.24925
1.35	1.86	0.2594
1.35	1.87	0.269749
1.35	1.88	0.280299
1.35	1.89	0.291049
1.35	1.9	0.301998
1.35	1.91	0.313148
1.35	1.92	0.324498
1.35	1.93	0.336048
1.35	1.94	0.347799
1.35	1.95	0.359749
1.35	1.96	0.371899
1.35	1.97	0.384249
1.35	1.98	0.396799
1.35	1.99	0.40955
1.35	2	0.4225
1.355	0	1.83603
1.355	0.01	1.80896
1.355	0.02	1.7821
1.355	0.03	1.75544
1.355	0.04	1.72898
1.355	0.05	1.70272
1.355	0.06	1.67666
1.355	0.07	1.65081
1.355	0.08	1.62515
1.355	0.09	1.59969
1.355	0.1	1.57443
1.355	0.11	1.54937
1.355	0.12	1.52451
1.355	0.13	1.49985
1.355	0.14	1.47539
1.355	0.15	1.45113
1.355	0.16	1.42708
1.355	0.17	1.40322
1.355	0.18	1.37956
1.355	0.19	1.3561
1.355	0.2	1.33285
1.355	0.21	1.30979
1.355	0.22	1.28694
1.355	0.23	1.26428
1.355	0.24	1.24183
1.355	0.25	1.21957
1.355	0.26	1.19752
1.355	0.27	1.17566
1.355	0.28	1.15401
1.355	0.29	1.13256
1.355	0.3	1.1113
1.355	0.31	1.09025
1.355	0.32	1.0694
1.355	0.33	1.04875
1.355	0.34	1.0283
1.355	0.35	1.00805
1.355	0.36	0.988003
1.355	0.37	0.968155
1.355	0.38	0.948507
1.355	0.39	0.92906
1.355	0.4	0.909814
1.355	0.41	0.890768
1.355	0.42	0.871923
1.355	0.43	0.853278
1.355	0.44	0.834835
1.355	0.45	0.816591
1.355	0.46	0.798549
1.355	0.47	0.780707
1.355	0.48	0.763067
1.355	0.49	0.745626
1.355	0.5	0.728387
1.355	0.51	0.711348
1.355	0.52	0.69451
1.355	0.53	0.677873
1.355	0.54	0.661437
1.355	0.55	0.645202
1.355	0.56	0.629167
1.355	0.57	0.613333
1.355	0.58	0.5977
1.355	0.59	0.582268
1.355	0.6	0.567036
1.355	0.61	0.552005
1.355	0.62	0.537176
1.355	0.63	0.522547
1.355	0.64	0.508119
1.355	0.65	0.493892
1.355	0.66	0.479865
1.355	0.67	0.46604
1.355	0.68	0.452415
1.355	0.69	0.438992
1.355	0.7	0.425769
1.355	0.71	0.412747
1.355	0.72	0.399926
1.355	0.73	0.387306
1.355	0.74	0.374886
1.355	0.75	0.362668
1.355	0.76	0.350651
1.355	0.77	0.338834
1.355	0.78	0.327218
1.355	0.79	0.315804
1.355	0.8	0.30459
1.355	0.81	0.293577
1.355	0.82	0.282765
1.355	0.83	0.272154
1.355	0.84	0.261744
1.355	0.85	0.251534
1.355	0.86	0.241526
1.355	0.87	0.231719
1.355	0.88	0.222112
1.355	0.89	0.212706
1.355	0.9	0.203502
1.355	0.91	0.194498
1.355	0.92	0.185695
1.355	0.93	0.177093
1.355	0.94	0.168692
1.355	0.95	0.160491
1.355	0.96	0.152492
1.355	0.97	0.144693
1.355	0.98	0.137096
1.355	0.99	0.129699
1.355	1	0.122503
1.355	1.01	0.115508
1.355	1.02	0.108714
1.355	1.03	0.102121
1.355	1.04	0.0957283
1.355	1.05	0.0895367
1.355	1.06	0.083546
1.355	1.07	0.077756
1.355	1.08	0.072167
1.355	1.09	0.0667787
1.355	1.1	0.0615913
1.355	1.11	0.0566047
1.355	1.12	0.0518188
1.355	1.13	0.0472338
1.355	1.14	0.0428496
1.355	1.15	0.0386662
1.355	1.16	0.0346835
1.355	1.17	0.0309017
1.355	1.18	0.0273205
1.355	1.19	0.0239402
1.355	1.2	0.0207606
1.355	1.21	0.0177817
1.355	1.22	0.0150036
1.355	1.23	0.0124262
1.355	1.24	0.0100495
1.355	1.25	0.00787356
1.355	1.26	0.00589829
1.355	1.27	0.00412372
1.355	1.28	0.00254983
1.355	1.29	0.00117662
1.355	1.3	4.07342e-06
1.355	1.31	-0.000967812
1.355	1.32	-0.00173905
1.355	1.33	-0.00230964
1.355	1.34	-0.0026796
1.355	1.35	-0.00284894
1.355	1.36	-0.00281767
1.355	1.37	-0.00258579
1.355	1.38	-0.00215331
1.355	1.39	-0.00152025
1.355	1.4	-0.000686611
1.355	1.41	0.000347595
1.355	1.42	0.00158236
1.355	1.43	0.00301767
1.355	1.44	0.00465352
1.355	1.45	0.00648991
1.355	1.46	0.00852681
1.355	1.47	0.0107642
1.355	1.48	0.0132021
1.355	1.49	0.0158405
1.355	1.5	0.0186794
1.355	1.51	0.0217188
1.355	1.52	0.0249586
1.355	1.53	0.0283989
1.355	1.54	0.0320396
1.355	1.55	0.0358808
1.355	1.56	0.0399224
1.355	1.57	0.0441644
1.355	1.58	0.0486068
1.355	1.59	0.0532496
1.355	1.6	0.0580928
1.355	1.61	0.0631364
1.355	1.62	0.0683803
1.355	1.63	0.0738246
1.355	1.64	0.0794692
1.355	1.65	0.0853142
1.355	1.66	0.0913595
1.355	1.67	0.0976051
1.355	1.68	0.104051
1.355	1.69	0.110697
1.355	1.7	0.117544
1.355	1.71	0.124591
1.355	1.72	0.131838
1.355	1.73	0.139285
1.355	1.74	0.146933
1.355	1.75	0.15478
1.355	1.76	0.162828
1.355	1.77	0.171077
1.355	1.78	0.179525
1.355	1.79	0.188174
1.355	1.8	0.197023
1.355	1.81	0.206072
1.355	1.82	0.215321
1.355	1.83	0.22477
1.355	1.84	0.23442
1.355	1.85	0.244269
1.355	1.86	0.254319
1.355	1.87	0.264569
1.355	1.88	0.275019
1.355	1.89	0.285669
1.355	1.9	0.29652
1.355	1.91	0.30757
1.355	1.92	0.31882
1.355	1.93	0.330271
1.355	1.94	0.341921
1.355	1.95	0.353772
1.355	1.96	0.365822
1.355	1.97	0.378073
1.355	1.98	0.390524
1.355	1.99	0.403174
1.355	2	0.416025
1.36	0	1.8496
1.36	0.01	1.82244
1.36	0.02	1.79548
1.36	0.03	1.76872
1.36	0.04	1.74216
1.36	0.05	1.7158
1.36	0.06	1.68964
1.36	0.07	1.66368
1.36	0.08	1.63792
1.36	0.09	1.61236
1.36	0.1	1.587
1.36	0.11	1.56184
1.36	0.12	1.53688
1.36	0.13	1.51212
1.36	0.14	1.48756
1.36	0.15	1.4632
1.36	0.16	1.43904
1.36	0.17	1.41509
1.36	0.18	1.39133
1.36	0.19	1.36777
1.36	0.2	1.34441
1.36	0.21	1.32126
1.36	0.22	1.2983
1.36	0.23	1.27555
1.36	0.24	1.25299
1.36	0.25	1.23063
1.36	0.26	1.20848
1.36	0.27	1.18653
1.36	0.28	1.16477
1.36	0.29	1.14322
1.36	0.3	1.12187
1.36	0.31	1.10071
1.36	0.32	1.07976
1.36	0.33	1.05901
1.36	0.34	1.03846
1.36	0.35	1.01811
1.36	0.36	0.997963
1.36	0.37	0.978014
1.36	0.38	0.958266
1.36	0.39	0.938719
1.36	0.4	0.919372
1.36	0.41	0.900226
1.36	0.42	0.88128
1.36	0.43	0.862536
1.36	0.44	0.843992
1.36	0.45	0.825648
1.36	0.46	0.807506
1.36	0.47	0.789564
1.36	0.48	0.771822
1.36	0.49	0.754282
1.36	0.5	0.736942
1.36	0.51	0.719803
1.36	0.52	0.702865
1.36	0.53	0.686128
1.36	0.54	0.669591
1.36	0.55	0.653255
1.36	0.56	0.63712
1.36	0.57	0.621186
1.36	0.58	0.605453
1.36	0.59	0.58992
1.36	0.6	0.574589
1.36	0.61	0.559458
1.36	0.62	0.544528
1.36	0.63	0.529799
1.36	0.64	0.515271
1.36	0.65	0.500943
1.36	0.66	0.486817
1.36	0.67	0.472891
1.36	0.68	0.459166
1.36	0.69	0.445642
1.36	0.7	0.432319
1.36	0.71	0.419197
1.36	0.72	0.406276
1.36	0.73	0.393556
1.36	0.74	0.381036
1.36	0.75	0.368718
1.36	0.76	0.3566
1.36	0.77	0.344684
1.36	0.78	0.332968
1.36	0.79	0.321453
1.36	0.8	0.310139
1.36	0.81	0.299026
1.36	0.82	0.288114
1.36	0.83	0.277403
1.36	0.84	0.266893
1.36	0.85	0.256583
1.36	0.86	0.246475
1.36	0.87	0.236567
1.36	0.88	0.226861
1.36	0.89	0.217355
1.36	0.9	0.20805
1.36	0.91	0.198946
1.36	0.92	0.190043
1.36	0.93	0.181341
1.36	0.94	0.17284
1.36	0.95	0.16454
1.36	0.96	0.15644
1.36	0.97	0.148542
1.36	0.98	0.140844
1.36	0.99	0.133348
1.36	1	0.126052
1.36	1.01	0.118957
1.36	1.02	0.112063
1.36	1.03	0.105369
1.36	1.04	0.0988771
1.36	1.05	0.0925855
1.36	1.06	0.0864949
1.36	1.07	0.080605
1.36	1.08	0.074916
1.36	1.09	0.0694279
1.36	1.1	0.0641405
1.36	1.11	0.059054
1.36	1.12	0.0541683
1.36	1.13	0.0494834
1.36	1.14	0.0449993
1.36	1.15	0.040716
1.36	1.16	0.0366335
1.36	1.17	0.0327517
1.36	1.18	0.0290707
1.36	1.19	0.0255905
1.36	1.2	0.0223111
1.36	1.21	0.0192324
1.36	1.22	0.0163544
1.36	1.23	0.0136772
1.36	1.24	0.0112007
1.36	1.25	0.0089249
1.36	1.26	0.00684982
1.36	1.27	0.00497544
1.36	1.28	0.00330175
1.36	1.29	0.00182874
1.36	1.3	0.000556398
1.36	1.31	-0.000515276
1.36	1.32	-0.0013863
1.36	1.33	-0.00205667
1.36	1.34	-0.00252641
1.36	1.35	-0.00279552
1.36	1.36	-0.00286401
1.36	1.37	-0.00273189
1.36	1.38	-0.00239917
1.36	1.39	-0.00186586
1.36	1.4	-0.00113197
1.36	1.41	-0.00019751
1.36	1.42	0.000937513
1.36	1.43	0.00227309
1.36	1.44	0.00380921
1.36	1.45	0.00554586
1.36	1.46	0.00748304
1.36	1.47	0.00962073
1.36	1.48	0.0119589
1.36	1.49	0.0144976
1.36	1.5	0.0172368
1.36	1.51	0.0201765
1.36	1.52	0.0233166
1.36	1.53	0.0266572
1.36	1.54	0.0301982
1.36	1.55	0.0339397
1.36	1.56	0.0378816
1.36	1.57	0.0420239
1.36	1.58	0.0463666
1.36	1.59	0.0509097
1.36	1.6	0.0556533
1.36	1.61	0.0605972
1.36	1.62	0.0657414
1.36	1.63	0.0710861
1.36	1.64	0.076631
1.36	1.65	0.0823763
1.36	1.66	0.088322
1.36	1.67	0.094468
1.36	1.68	0.100814
1.36	1.69	0.107361
1.36	1.7	0.114108
1.36	1.71	0.121055
1.36	1.72	0.128202
1.36	1.73	0.13555
1.36	1.74	0.143098
1.36	1.75	0.150846
1.36	1.76	0.158794
1.36	1.77	0.166943
1.36	1.78	0.175292
1.36	1.79	0.183841
1.36	1.8	0.19259
1.36	1.81	0.201539
1.36	1.82	0.210689
1.36	1.83	0.220039
1.36	1.84	0.229589
1.36	1.85	0.239339
1.36	1.86	0.249289
1.36	1.87	0.259439
1.36	1.88	0.26979
1.36	1.89	0.28034
1.36	1.9	0.291091
1.36	1.91	0.302041
1.36	1.92	0.313192
1.36	1.93	0.324543
1.36	1.94	0.336094
1.36	1.95	0.347845
1.36	1.96	0.359796
1.36	1.97	0.371947
1.36	1.98	0.384298
1.36	1.99	0.396849
1.36	2	0.4096
1.365	0	1.86322
1.365	0.01	1.83596
1.365	0.02	1.8089
1.365	0.03	1.78204
1.365	0.04	1.75538
1.365	0.05	1.72892
1.365	0.06	1.70266
1.365	0.07	1.6766
1.365	0.08	1.65074
1.365	0.09	1.62508
1.365	0.1	1.59962
1.365	0.11	1.57436
1.365	0.12	1.5493
1.365	0.13	1.52444
1.365	0.14	1.49978
1.365	0.15	1.47532
1.365	0.16	1.45106
1.365	0.17	1.427
1.365	0.18	1.40315
1.365	0.19	1.37949
1.365	0.2	1.35603
1.365	0.21	1.33277
1.365	0.22	1.30972
1.365	0.23	1.28686
1.365	0.24	1.2642
1.365	0.25	1.24175
1.365	0.26	1.21949
1.365	0.27	1.19744
1.365	0.28	1.17559
1.365	0.29	1.15393
1.365	0.3	1.13248
1.365	0.31	1.11123
1.365	0.32	1.09017
1.365	0.33	1.06932
1.365	0.34	1.04867
1.365	0.35	1.02822
1.365	0.36	1.00797
1.365	0.37	0.987924
1.365	0.38	0.968075
1.365	0.39	0.948428
1.365	0.4	0.92898
1.365	0.41	0.909734
1.365	0.42	0.890688
1.365	0.43	0.871843
1.365	0.44	0.853199
1.365	0.45	0.834755
1.365	0.46	0.816512
1.365	0.47	0.79847
1.365	0.48	0.780628
1.365	0.49	0.762988
1.365	0.5	0.745548
1.365	0.51	0.728308
1.365	0.52	0.71127
1.365	0.53	0.694432
1.365	0.54	0.677795
1.365	0.55	0.661359
1.365	0.56	0.645124
1.365	0.57	0.62909
1.365	0.58	0.613256
1.365	0.59	0.597623
1.365	0.6	0.582191
1.365	0.61	0.56696
1.365	0.62	0.55193
1.365	0.63	0.537101
1.365	0.64	0.522472
1.365	0.65	0.508045
1.365	0.66	0.493818
1.365	0.67	0.479792
1.365	0.68	0.465967
1.365	0.69	0.452343
1.365	0.7	0.43892
1.365	0.71	0.425698
1.365	0.72	0.412676
1.365	0.73	0.399856
1.365	0.74	0.387236
1.365	0.75	0.374818
1.365	0.76	0.3626
1.365	0.77	0.350583
1.365	0.78	0.338767
1.365	0.79	0.327152
1.365	0.8	0.315738
1.365	0.81	0.304525
1.365	0.82	0.293513
1.365	0.83	0.282702
1.365	0.84	0.272092
1.365	0.85	0.261682
1.365	0.86	0.251474
1.365	0.87	0.241466
1.365	0.88	0.231659
1.365	0.89	0.222054
1.365	0.9	0.212649
1.365	0.91	0.203445
1.365	0.92	0.194442
1.365	0.93	0.18564
1.365	0.94	0.177039
1.365	0.95	0.168638
1.365	0.96	0.160439
1.365	0.97	0.152441
1.365	0.98	0.144643
1.365	0.99	0.137046
1.365	1	0.12965
1.365	1.01	0.122455
1.365	1.02	0.115461
1.365	1.03	0.108668
1.365	1.04	0.102076
1.365	1.05	0.0956844
1.365	1.06	0.0894938
1.365	1.07	0.083504
1.365	1.08	0.0777151
1.365	1.09	0.072127
1.365	1.1	0.0667398
1.365	1.11	0.0615533
1.365	1.12	0.0565677
1.365	1.13	0.051783
1.365	1.14	0.047199
1.365	1.15	0.0428158
1.365	1.16	0.0386334
1.365	1.17	0.0346518
1.365	1.18	0.030871
1.365	1.19	0.0272909
1.365	1.2	0.0239116
1.365	1.21	0.0207331
1.365	1.22	0.0177553
1.365	1.23	0.0149782
1.365	1.24	0.0124019
1.365	1.25	0.0100263
1.365	1.26	0.00785137
1.365	1.27	0.00587718
1.365	1.28	0.00410368
1.365	1.29	0.00253087
1.365	1.3	0.00115874
1.365	1.31	-1.27258e-05
1.365	1.32	-0.00098353
1.365	1.33	-0.00175368
1.365	1.34	-0.0023232
1.365	1.35	-0.00269208
1.365	1.36	-0.00286033
1.365	1.37	-0.00282798
1.365	1.38	-0.00259501
1.365	1.39	-0.00216146
1.365	1.4	-0.00152732
1.365	1.41	-0.000692598
1.365	1.42	0.000342685
1.365	1.43	0.00157852
1.365	1.44	0.00301491
1.365	1.45	0.00465183
1.365	1.46	0.00648929
1.365	1.47	0.00852726
1.365	1.48	0.0107657
1.365	1.49	0.0132047
1.365	1.5	0.0158442
1.365	1.51	0.0186842
1.365	1.52	0.0217246
1.365	1.53	0.0249655
1.365	1.54	0.0284068
1.365	1.55	0.0320486
1.365	1.56	0.0358908
1.365	1.57	0.0399334
1.365	1.58	0.0441765
1.365	1.59	0.0486199
1.365	1.6	0.0532638
1.365	1.61	0.058108
1.365	1.62	0.0631526
1.365	1.63	0.0683975
1.365	1.64	0.0738428
1.365	1.65	0.0794885
1.365	1.66	0.0853345
1.365	1.67	0.0913808
1.365	1.68	0.0976274
1.365	1.69	0.104074
1.365	1.7	0.110722
1.365	1.71	0.117569
1.365	1.72	0.124617
1.365	1.73	0.131865
1.365	1.74	0.139313
1.365	1.75	0.146962
1.365	1.76	0.15481
1.365	1.77	0.162859
1.365	1.78	0.171109
1.365	1.79	0.179558
1.365	1.8	0.188208
1.365	1.81	0.197057
1.365	1.82	0.206107
1.365	1.83	0.215357
1.365	1.84	0.224808
1.365	1.85	0.234458
1.365	1.86	0.244309
1.365	1.87	0.254359
1.365	1.88	0.26461
1.365	1.89	0.275061
1.365	1.9	0.285712
1.365	1.91	0.296563
1.365	1.92	0.307614
1.365	1.93	0.318865
1.365	1.94	0.330317
1.365	1.95	0.341968
1.365	1.96	0.353819
1.365	1.97	0.365871
1.365	1.98	0.378122
1.365	1.99	0.390574
1.365	2	0.403225
1.37	0	1.8769
1.37	0.01	1.84954
1.37	0.02	1.82238
1.37	0.03	1.79542
1.37	0.04	1.76865
1.37	0.05	1.74209
1.37	0.06	1.71573
1.37	0.07	1.68957
1.37	0.08	1.66361
1.37	0.09	1.63785
1.37	0.1	1.61229
1.37	0.11	1.58693
1.37	0.12	1.56177
1.37	0.13	1.53681
1.37	0.14	1.51205
1.37	0.15	1.48749
1.37	0.16	1.46313
1.37	0.17	1.43897
1.37	0.18	1.41501
1.37	0.19	1.39125
1.37	0.2	1.3677
1.37	0.21	1.34434
1.37	0.22	1.32118
1.37	0.23	1.29823
1.37	0.24	1.27547
1.37	0.25	1.25291
1.37	0.26	1.23056
1.37	0.27	1.2084
1.37	0.28	1.18645
1.37	0.29	1.1647
1.37	0.3	1.14314
1.37	0.31	1.12179
1.37	0.32	1.10064
1.37	0.33	1.07969
1.37	0.34	1.05893
1.37	0.35	1.03838
1.37	0.36	1.01803
1.37	0.37	0.997884
1.37	0.38	0.977936
1.37	0.39	0.958187
1.37	0.4	0.93864
1.37	0.41	0.919293
1.37	0.42	0.900147
1.37	0.43	0.881202
1.37	0.44	0.862457
1.37	0.45	0.843913
1.37	0.46	0.82557
1.37	0.47	0.807427
1.37	0.48	0.789485
1.37	0.49	0.771744
1.37	0.5	0.754204
1.37	0.51	0.736865
1.37	0.52	0.719726
1.37	0.53	0.702788
1.37	0.54	0.686051
1.37	0.55	0.669515
1.37	0.56	0.653179
1.37	0.57	0.637044
1.37	0.58	0.621111
1.37	0.59	0.605378
1.37	0.6	0.589845
1.37	0.61	0.574514
1.37	0.62	0.559384
1.37	0.63	0.544454
1.37	0.64	0.529726
1.37	0.65	0.515198
1.37	0.66	0.500871
1.37	0.67	0.486745
1.37	0.68	0.47282
1.37	0.69	0.459095
1.37	0.7	0.445572
1.37	0.71	0.43225
1.37	0.72	0.419128
1.37	0.73	0.406208
1.37	0.74	0.393488
1.37	0.75	0.380969
1.37	0.76	0.368651
1.37	0.77	0.356535
1.37	0.78	0.344619
1.37	0.79	0.332904
1.37	0.8	0.321389
1.37	0.81	0.310076
1.37	0.82	0.298964
1.37	0.83	0.288053
1.37	0.84	0.277342
1.37	0.85	0.266833
1.37	0.86	0.256524
1.37	0.87	0.246417
1.37	0.88	0.23651
1.37	0.89	0.226804
1.37	0.9	0.217299
1.37	0.91	0.207995
1.37	0.92	0.198892
1.37	0.93	0.18999
1.37	0.94	0.181289
1.37	0.95	0.172789
1.37	0.96	0.164489
1.37	0.97	0.156391
1.37	0.98	0.148493
1.37	0.99	0.140797
1.37	1	0.133301
1.37	1.01	0.126006
1.37	1.02	0.118912
1.37	1.03	0.112019
1.37	1.04	0.105326
1.37	1.05	0.098835
1.37	1.06	0.0925444
1.37	1.07	0.0864547
1.37	1.08	0.0805659
1.37	1.09	0.0748779
1.37	1.1	0.0693907
1.37	1.11	0.0641044
1.37	1.12	0.0590189
1.37	1.13	0.0541342
1.37	1.14	0.0494503
1.37	1.15	0.0449672
1.37	1.16	0.040685
1.37	1.17	0.0366035
1.37	1.18	0.0327228
1.37	1.19	0.0290429
1.37	1.2	0.0255637
1.37	1.21	0.0222853
1.37	1.22	0.0192077
1.37	1.23	0.0163308
1.37	1.24	0.0136546
1.37	1.25	0.0111792
1.37	1.26	0.00890445
1.37	1.27	0.00683044
1.37	1.28	0.00495712
1.37	1.29	0.0032845
1.37	1.3	0.00181256
1.37	1.31	0.000541293
1.37	1.32	-0.000529311
1.37	1.33	-0.00139926
1.37	1.34	-0.00206856
1.37	1.35	-0.00253723
1.37	1.36	-0.00280527
1.37	1.37	-0.00287269
1.37	1.38	-0.0027395
1.37	1.39	-0.00240571
1.37	1.4	-0.00187133
1.37	1.41	-0.00113638
1.37	1.42	-0.000200853
1.37	1.43	0.000935231
1.37	1.44	0.00227187
1.37	1.45	0.00380904
1.37	1.46	0.00554675
1.37	1.47	0.00748499
1.37	1.48	0.00962374
1.37	1.49	0.011963
1.37	1.5	0.0145027
1.37	1.51	0.017243
1.37	1.52	0.0201837
1.37	1.53	0.0233248
1.37	1.54	0.0266664
1.37	1.55	0.0302085
1.37	1.56	0.033951
1.37	1.57	0.0378939
1.37	1.58	0.0420373
1.37	1.59	0.046381
1.37	1.6	0.0509252
1.37	1.61	0.0556697
1.37	1.62	0.0606146
1.37	1.63	0.0657599
1.37	1.64	0.0711055
1.37	1.65	0.0766515
1.37	1.66	0.0823978
1.37	1.67	0.0883444
1.37	1.68	0.0944914
1.37	1.69	0.100839
1.37	1.7	0.107386
1.37	1.71	0.114134
1.37	1.72	0.121082
1.37	1.73	0.12823
1.37	1.74	0.135579
1.37	1.75	0.143128
1.37	1.76	0.150877
1.37	1.77	0.158826
1.37	1.78	0.166976
1.37	1.79	0.175326
1.37	1.8	0.183876
1.37	1.81	0.192626
1.37	1.82	0.201576
1.37	1.83	0.210726
1.37	1.84	0.220077
1.37	1.85	0.229628
1.37	1.86	0.239379
1.37	1.87	0.24933
1.37	1.88	0.259481
1.37	1.89	0.269832
1.37	1.9	0.280383
1.37	1.91	0.291135
1.37	1.92	0.302086
1.37	1.93	0.313238
1.37	1.94	0.32459
1.37	1.95	0.336141
1.37	1.96	0.347893
1.37	1.97	0.359845
1.37	1.98	0.371996
1.37	1.99	0.384348
1.37	2	0.3969
1.375	0	1.89062
1.375	0.01	1.86316
1.375	0.02	1.8359
1.375	0.03	1.80884
1.375	0.04	1.78198
1.375	0.05	1.75532
1.375	0.06	1.72885
1.375	0.07	1.70259
1.375	0.08	1.67653
1.375	0.09	1.65067
1.375	0.1	1.62501
1.375	0.11	1.59955
1.375	0.12	1.57429
1.375	0.13	1.54923
1.375	0.14	1.52437
1.375	0.15	1.49971
1.375	0.16	1.47525
1.375	0.17	1.45099
1.375	0.18	1.42693
1.375	0.19	1.40307
1.375	0.2	1.37941
1.375	0.21	1.35596
1.375	0.22	1.3327
1.375	0.23	1.30964
1.375	0.24	1.28679
1.375	0.25	1.26413
1.375	0.26	1.24167
1.375	0.27	1.21942
1.375	0.28	1.19736
1.375	0.29	1.17551
1.375	0.3	1.15386
1.375	0.31	1.1324
1.375	0.32	1.11115
1.375	0.33	1.0901
1.375	0.34	1.06925
1.375	0.35	1.0486
1.375	0.36	1.02815
1.375	0.37	1.0079
1.375	0.38	0.987846
1.375	0.39	0.967998
1.375	0.4	0.94835
1.375	0.41	0.928903
1.375	0.42	0.909657
1.375	0.43	0.890611
1.375	0.44	0.871766
1.375	0.45	0.853122
1.375	0.46	0.834678
1.375	0.47	0.816435
1.375	0.48	0.798393
1.375	0.49	0.780552
1.375	0.5	0.762911
1.375	0.51	0.745472
1.375	0.52	0.728233
1.375	0.53	0.711194
1.375	0.54	0.694357
1.375	0.55	0.677721
1.375	0.56	0.661285
1.375	0.57	0.64505
1.375	0.58	0.629016
1.375	0.59	0.613183
1.375	0.6	0.59755
1.375	0.61	0.582119
1.375	0.62	0.566888
1.375	0.63	0.551858
1.375	0.64	0.53703
1.375	0.65	0.522402
1.375	0.66	0.507975
1.375	0.67	0.493748
1.375	0.68	0.479723
1.375	0.69	0.465899
1.375	0.7	0.452275
1.375	0.71	0.438853
1.375	0.72	0.425631
1.375	0.73	0.41261
1.375	0.74	0.39979
1.375	0.75	0.387172
1.375	0.76	0.374754
1.375	0.77	0.362537
1.375	0.78	0.350521
1.375	0.79	0.338705
1.375	0.8	0.327091
1.375	0.81	0.315678
1.375	0.82	0.304466
1.375	0.83	0.293454
1.375	0.84	0.282644
1.375	0.85	0.272034
1.375	0.86	0.261626
1.375	0.87	0.251418
1.375	0.88	0.241411
1.375	0.89	0.231605
1.375	0.9	0.222
1.375	0.91	0.212596
1.375	0.92	0.203393
1.375	0.93	0.194391
1.375	0.94	0.18559
1.375	0.95	0.17699
1.375	0.96	0.16859
1.375	0.97	0.160392
1.375	0.98	0.152394
1.375	0.99	0.144598
1.375	1	0.137002
1.375	1.01	0.129607
1.375	1.02	0.122413
1.375	1.03	0.11542
1.375	1.04	0.108628
1.375	1.05	0.102036
1.375	1.06	0.0956459
1.375	1.07	0.0894563
1.375	1.08	0.0834675
1.375	1.09	0.0776796
1.375	1.1	0.0720925
1.375	1.11	0.0667063
1.375	1.12	0.0615209
1.375	1.13	0.0565363
1.375	1.14	0.0517525
1.375	1.15	0.0471696
1.375	1.16	0.0427874
1.375	1.17	0.038606
1.375	1.18	0.0346255
1.375	1.19	0.0308457
1.375	1.2	0.0272667
1.375	1.21	0.0238884
1.375	1.22	0.0207109
1.375	1.23	0.0177342
1.375	1.24	0.0149582
1.375	1.25	0.0123829
1.375	1.26	0.0100083
1.375	1.27	0.00783447
1.375	1.28	0.00586134
1.375	1.29	0.00408889
1.375	1.3	0.00251714
1.375	1.31	0.00114606
1.375	1.32	-2.43479e-05
1.375	1.33	-0.000994098
1.375	1.34	-0.0017632
1.375	1.35	-0.00233166
1.375	1.36	-0.00269949
1.375	1.37	-0.00286669
1.375	1.38	-0.00283328
1.375	1.39	-0.00259927
1.375	1.4	-0.00216467
1.375	1.41	-0.00152949
1.375	1.42	-0.000693729
1.375	1.43	0.000342591
1.375	1.44	0.00157947
1.375	1.45	0.00301689
1.375	1.46	0.00465484
1.375	1.47	0.00649333
1.375	1.48	0.00853233
1.375	1.49	0.0107718
1.375	1.5	0.0132118
1.375	1.51	0.0158523
1.375	1.52	0.0186933
1.375	1.53	0.0217347
1.375	1.54	0.0249766
1.375	1.55	0.028419
1.375	1.56	0.0320618
1.375	1.57	0.035905
1.375	1.58	0.0399486
1.375	1.59	0.0441927
1.375	1.6	0.0486371
1.375	1.61	0.0532819
1.375	1.62	0.0581271
1.375	1.63	0.0631727
1.375	1.64	0.0684186
1.375	1.65	0.0738649
1.375	1.66	0.0795115
1.375	1.67	0.0853584
1.375	1.68	0.0914057
1.375	1.69	0.0976532
1.375	1.7	0.104101
1.375	1.71	0.110749
1.375	1.72	0.117598
1.375	1.73	0.124646
1.375	1.74	0.131895
1.375	1.75	0.139344
1.375	1.76	0.146994
1.375	1.77	0.154844
1.375	1.78	0.162893
1.375	1.79	0.171143
1.375	1.8	0.179594
1.375	1.81	0.188244
1.375	1.82	0.197095
1.375	1.83	0.206146
1.375	1.84	0.215397
1.375	1.85	0.224848
1.375	1.86	0.234499
1.375	1.87	0.24435
1.375	1.88	0.254402
1.375	1.89	0.264653
1.375	1.9	0.275105
1.375	1.91	0.285757
1.375	1.92	0.296609
1.375	1.93	0.307661
1.375	1.94	0.318912
1.375	1.95	0.330365
1.375	1.96	0.342017
1.375	1.97	0.353869
1.375	1.98	0.365921
1.375	1.99	0.378173
1.375	2	0.390625
1.38	0	1.9044
1.38	0.01	1.87684
1.38	0.02	1.84948
1.38	0.03	1.82231
1.38	0.04	1.79535
1.38	0.05	1.76859
1.38	0.06	1.74203
1.38	0.07	1.71567
1.38	0.08	1.6895
1.38	0.09	1.66354
1.38	0.1	1.63778
1.38	0.11	1.61222
1.38	0.12	1.58686
1.38	0.13	1.5617
1.38	0.14	1.53674
1.38	0.15	1.51198
1.38	0.16	1.48742
1.38	0.17	1.46306
1.38	0.18	1.4389
1.38	0.19	1.41494
1.38	0.2	1.39118
1.38	0.21	1.36762
1.38	0.22	1.34427
1.38	0.23	1.32111
1.38	0.24	1.29815
1.38	0.25	1.27539
1.38	0.26	1.25284
1.38	0.27	1.23048
1.38	0.28	1.20833
1.38	0.29	1.18637
1.38	0.3	1.16462
1.38	0.31	1.14307
1.38	0.32	1.12171
1.38	0.33	1.10056
1.38	0.34	1.07961
1.38	0.35	1.05886
1.38	0.36	1.03831
1.38	0.37	1.01796
1.38	0.38	0.997807
1.38	0.39	0.977858
1.38	0.4	0.95811
1.38	0.41	0.938563
1.38	0.42	0.919216
1.38	0.43	0.90007
1.38	0.44	0.881125
1.38	0.45	0.86238
1.38	0.46	0.843836
1.38	0.47	0.825493
1.38	0.48	0.807351
1.38	0.49	0.789409
1.38	0.5	0.771669
1.38	0.51	0.754129
1.38	0.52	0.736789
1.38	0.53	0.719651
1.38	0.54	0.702713
1.38	0.55	0.685976
1.38	0.56	0.669441
1.38	0.57	0.653105
1.38	0.58	0.636971
1.38	0.59	0.621038
1.38	0.6	0.605305
1.38	0.61	0.589773
1.38	0.62	0.574443
1.38	0.63	0.559313
1.38	0.64	0.544384
1.38	0.65	0.529655
1.38	0.66	0.515128
1.38	0.67	0.500802
1.38	0.68	0.486676
1.38	0.69	0.472752
1.38	0.7	0.459028
1.38	0.71	0.445506
1.38	0.72	0.432184
1.38	0.73	0.419063
1.38	0.74	0.406143
1.38	0.75	0.393424
1.38	0.76	0.380906
1.38	0.77	0.368589
1.38	0.78	0.356473
1.38	0.79	0.344557
1.38	0.8	0.332843
1.38	0.81	0.32133
1.38	0.82	0.310017
1.38	0.83	0.298906
1.38	0.84	0.287995
1.38	0.85	0.277286
1.38	0.86	0.266777
1.38	0.87	0.256469
1.38	0.88	0.246362
1.38	0.89	0.236457
1.38	0.9	0.226752
1.38	0.91	0.217248
1.38	0.92	0.207945
1.38	0.93	0.198842
1.38	0.94	0.189941
1.38	0.95	0.181241
1.38	0.96	0.172742
1.38	0.97	0.164443
1.38	0.98	0.156346
1.38	0.99	0.148449
1.38	1	0.140753
1.38	1.01	0.133258
1.38	1.02	0.125964
1.38	1.03	0.118871
1.38	1.04	0.111979
1.38	1.05	0.105288
1.38	1.06	0.0987974
1.38	1.07	0.0925079
1.38	1.08	0.0864192
1.38	1.09	0.0805313
1.38	1.1	0.0748443
1.38	1.11	0.0693582
1.38	1.12	0.0640729
1.38	1.13	0.0589884
1.38	1.14	0.0541047
1.38	1.15	0.0494219
1.38	1.16	0.0449398
1.38	1.17	0.0406586
1.38	1.18	0.0365781
1.38	1.19	0.0326985
1.38	1.2	0.0290196
1.38	1.21	0.0255415
1.38	1.22	0.0222642
1.38	1.23	0.0191876
1.38	1.24	0.0163117
1.38	1.25	0.0136366
1.38	1.26	0.0111622
1.38	1.27	0.00888853
1.38	1.28	0.00681556
1.38	1.29	0.0049433
1.38	1.3	0.00327173
1.38	1.31	0.00180085
1.38	1.32	0.00053063
1.38	1.33	-0.000538922
1.38	1.34	-0.00140782
1.38	1.35	-0.00207607
1.38	1.36	-0.00254369
1.38	1.37	-0.00281068
1.38	1.38	-0.00287705
1.38	1.39	-0.00274282
1.38	1.4	-0.00240799
1.38	1.41	-0.00187258
1.38	1.42	-0.00113659
1.38	1.43	-0.000200031
1.38	1.44	0.000937083
1.38	1.45	0.00227475
1.38	1.46	0.00381295
1.38	1.47	0.00555169
1.38	1.48	0.00749095
1.38	1.49	0.00963072
1.38	1.5	0.011971
1.38	1.51	0.0145117
1.38	1.52	0.017253
1.38	1.53	0.0201947
1.38	1.54	0.0233369
1.38	1.55	0.0266795
1.38	1.56	0.0302225
1.38	1.57	0.033966
1.38	1.58	0.03791
1.38	1.59	0.0420543
1.38	1.6	0.046399
1.38	1.61	0.0509441
1.38	1.62	0.0556896
1.38	1.63	0.0606355
1.38	1.64	0.0657817
1.38	1.65	0.0711283
1.38	1.66	0.0766752
1.38	1.67	0.0824225
1.38	1.68	0.08837
1.38	1.69	0.0945179
1.38	1.7	0.100866
1.38	1.71	0.107415
1.38	1.72	0.114163
1.38	1.73	0.121112
1.38	1.74	0.128262
1.38	1.75	0.135611
1.38	1.76	0.143161
1.38	1.77	0.150911
1.38	1.78	0.158861
1.38	1.79	0.167011
1.38	1.8	0.175362
1.38	1.81	0.183913
1.38	1.82	0.192664
1.38	1.83	0.201615
1.38	1.84	0.210766
1.38	1.85	0.220118
1.38	1.86	0.229669
1.38	1.87	0.239421
1.38	1.88	0.249373
1.38	1.89	0.259525
1.38	1.9	0.269877
1.38	1.91	0.280429
1.38	1.92	0.291181
1.38	1.93	0.302133
1.38	1.94	0.313285
1.38	1.95	0.324638
1.38	1.96	0.33619
1.38	1.97	0.347943
1.38	1.98	0.359895
1.38	1.99	0.372048
1.38	2	0.3844
1.385	0	1.91823
1.385	0.01	1.89056
1.385	0.02	1.8631
1.385	0.03	1.83584
1.385	0.04	1.80877
1.385	0.05	1.78191
1.385	0.06	1.75525
1.385	0.07	1.72879
1.385	0.08	1.70253
1.385	0.09	1.67646
1.385	0.1	1.6506
1.385	0.11	1.62494
1.385	0.12	1.59948
1.385	0.13	1.57422
1.385	0.14	1.54916
1.385	0.15	1.5243
1.385	0.16	1.49964
1.385	0.17	1.47518
1.385	0.18	1.45092
1.385	0.19	1.42686
1.385	0.2	1.403
1.385	0.21	1.37934
1.385	0.22	1.35588
1.385	0.23	1.33262
1.385	0.24	1.30957
1.385	0.25	1.28671
1.385	0.26	1.26405
1.385	0.27	1.2416
1.385	0.28	1.21934
1.385	0.29	1.19729
1.385	0.3	1.17543
1.385	0.31	1.15378
1.385	0.32	1.13233
1.385	0.33	1.11107
1.385	0.34	1.09002
1.385	0.35	1.06917
1.385	0.36	1.04852
1.385	0.37	1.02807
1.385	0.38	1.00782
1.385	0.39	0.98777
1.385	0.4	0.967922
1.385	0.41	0.948274
1.385	0.42	0.928827
1.385	0.43	0.909581
1.385	0.44	0.890535
1.385	0.45	0.87169
1.385	0.46	0.853046
1.385	0.47	0.834603
1.385	0.48	0.81636
1.385	0.49	0.798318
1.385	0.5	0.780477
1.385	0.51	0.762837
1.385	0.52	0.745397
1.385	0.53	0.728159
1.385	0.54	0.711121
1.385	0.55	0.694284
1.385	0.56	0.677648
1.385	0.57	0.661212
1.385	0.58	0.644978
1.385	0.59	0.628944
1.385	0.6	0.613112
1.385	0.61	0.59748
1.385	0.62	0.582049
1.385	0.63	0.566819
1.385	0.64	0.551789
1.385	0.65	0.536961
1.385	0.66	0.522334
1.385	0.67	0.507907
1.385	0.68	0.493681
1.385	0.69	0.479657
1.385	0.7	0.465833
1.385	0.71	0.45221
1.385	0.72	0.438788
1.385	0.73	0.425567
1.385	0.74	0.412547
1.385	0.75	0.399728
1.385	0.76	0.38711
1.385	0.77	0.374693
1.385	0.78	0.362476
1.385	0.79	0.350461
1.385	0.8	0.338647
1.385	0.81	0.327033
1.385	0.82	0.315621
1.385	0.83	0.304409
1.385	0.84	0.293398
1.385	0.85	0.282589
1.385	0.86	0.27198
1.385	0.87	0.261572
1.385	0.88	0.251365
1.385	0.89	0.24136
1.385	0.9	0.231555
1.385	0.91	0.221951
1.385	0.92	0.212548
1.385	0.93	0.203345
1.385	0.94	0.194344
1.385	0.95	0.185544
1.385	0.96	0.176945
1.385	0.97	0.168546
1.385	0.98	0.160349
1.385	0.99	0.152352
1.385	1	0.144556
1.385	1.01	0.136961
1.385	1.02	0.129567
1.385	1.03	0.122374
1.385	1.04	0.115382
1.385	1.05	0.108591
1.385	1.06	0.102001
1.385	1.07	0.0956112
1.385	1.08	0.0894226
1.385	1.09	0.0834348
1.385	1.1	0.0776479
1.385	1.11	0.0720618
1.385	1.12	0.0666766
1.385	1.13	0.0614922
1.385	1.14	0.0565086
1.385	1.15	0.0517259
1.385	1.16	0.0471439
1.385	1.17	0.0427628
1.385	1.18	0.0385825
1.385	1.19	0.034603
1.385	1.2	0.0308242
1.385	1.21	0.0272462
1.385	1.22	0.023869
1.385	1.23	0.0206925
1.385	1.24	0.0177168
1.385	1.25	0.0149419
1.385	1.26	0.0123676
1.385	1.27	0.00999413
1.385	1.28	0.00782133
1.385	1.29	0.00584924
1.385	1.3	0.00407784
1.385	1.31	0.00250713
1.385	1.32	0.00113709
1.385	1.33	-3.22791e-05
1.385	1.34	-0.00100099
1.385	1.35	-0.00176905
1.385	1.36	-0.00233647
1.385	1.37	-0.00270327
1.385	1.38	-0.00286944
1.385	1.39	-0.002835
1.385	1.4	-0.00259996
1.385	1.41	-0.00216433
1.385	1.42	-0.00152813
1.385	1.43	-0.000691354
1.385	1.44	0.000345982
1.385	1.45	0.00158387
1.385	1.46	0.00302231
1.385	1.47	0.00466128
1.385	1.48	0.00650077
1.385	1.49	0.00854078
1.385	1.5	0.0107813
1.385	1.51	0.0132223
1.385	1.52	0.0158638
1.385	1.53	0.0187057
1.385	1.54	0.0217481
1.385	1.55	0.024991
1.385	1.56	0.0284344
1.385	1.57	0.0320781
1.385	1.58	0.0359223
1.385	1.59	0.0399669
1.385	1.6	0.0442119
1.385	1.61	0.0486573
1.385	1.62	0.0533031
1.385	1.63	0.0581492
1.385	1.64	0.0631957
1.385	1.65	0.0684426
1.385	1.66	0.0738898
1.385	1.67	0.0795373
1.385	1.68	0.0853852
1.385	1.69	0.0914333
1.385	1.7	0.0976818
1.385	1.71	0.104131
1.385	1.72	0.11078
1.385	1.73	0.117629
1.385	1.74	0.124678
1.385	1.75	0.131928
1.385	1.76	0.139378
1.385	1.77	0.147029
1.385	1.78	0.154879
1.385	1.79	0.16293
1.385	1.8	0.171181
1.385	1.81	0.179632
1.385	1.82	0.188283
1.385	1.83	0.197134
1.385	1.84	0.206186
1.385	1.85	0.215438
1.385	1.86	0.22489
1.385	1.87	0.234542
1.385	1.88	0.244394
1.385	1.89	0.254446
1.385	1.9	0.264698
1.385	1.91	0.275151
1.385	1.92	0.285803
1.385	1.93	0.296656
1.385	1.94	0.307709
1.385	1.95	0.318961
1.385	1.96	0.330414
1.385	1.97	0.342067
1.385	1.98	0.353919
1.385	1.99	0.365972
1.385	2	0.378225
1.39	0	1.9321
1.39	0.01	1.90434
1.39	0.02	1.87677
1.39	0.03	1.84941
1.39	0.04	1.82225
1.39	0.05	1.79529
1.39	0.06	1.76852
1.39	0.07	1.74196
1.39	0.08	1.7156
1.39	0.09	1.68944
1.39	0.1	1.66347
1.39	0.11	1.63771
1.39	0.12	1.61215
1.39	0.13	1.58679
1.39	0.14	1.56163
1.39	0.15	1.53667
1.39	0.16	1.51191
1.39	0.17	1.48735
1.39	0.18	1.46299
1.39	0.19	1.43883
1.39	0.2	1.41487
1.39	0.21	1.39111
1.39	0.22	1.36755
1.39	0.23	1.34419
1.39	0.24	1.32103
1.39	0.25	1.29808
1.39	0.26	1.27532
1.39	0.27	1.25276
1.39	0.28	1.23041
1.39	0.29	1.20825
1.39	0.3	1.1863
1.39	0.31	1.16454
1.39	0.32	1.14299
1.39	0.33	1.12164
1.39	0.34	1.10048
1.39	0.35	1.07953
1.39	0.36	1.05878
1.39	0.37	1.03823
1.39	0.38	1.01788
1.39	0.39	0.997732
1.39	0.4	0.977783
1.39	0.41	0.958035
1.39	0.42	0.938488
1.39	0.43	0.919142
1.39	0.44	0.899996
1.39	0.45	0.881051
1.39	0.46	0.862306
1.39	0.47	0.843763
1.39	0.48	0.82542
1.39	0.49	0.807278
1.39	0.5	0.789336
1.39	0.51	0.771596
1.39	0.52	0.754056
1.39	0.53	0.736717
1.39	0.54	0.719579
1.39	0.55	0.702642
1.39	0.56	0.685906
1.39	0.57	0.66937
1.39	0.58	0.653035
1.39	0.59	0.636902
1.39	0.6	0.620969
1.39	0.61	0.605237
1.39	0.62	0.589705
1.39	0.63	0.574375
1.39	0.64	0.559246
1.39	0.65	0.544317
1.39	0.66	0.52959
1.39	0.67	0.515063
1.39	0.68	0.500737
1.39	0.69	0.486612
1.39	0.7	0.472688
1.39	0.71	0.458966
1.39	0.72	0.445443
1.39	0.73	0.432122
1.39	0.74	0.419002
1.39	0.75	0.406083
1.39	0.76	0.393365
1.39	0.77	0.380847
1.39	0.78	0.368531
1.39	0.79	0.356416
1.39	0.8	0.344501
1.39	0.81	0.332788
1.39	0.82	0.321275
1.39	0.83	0.309963
1.39	0.84	0.298853
1.39	0.85	0.287943
1.39	0.86	0.277234
1.39	0.87	0.266726
1.39	0.88	0.256419
1.39	0.89	0.246314
1.39	0.9	0.236409
1.39	0.91	0.226704
1.39	0.92	0.217201
1.39	0.93	0.207899
1.39	0.94	0.198798
1.39	0.95	0.189898
1.39	0.96	0.181198
1.39	0.97	0.1727
1.39	0.98	0.164402
1.39	0.99	0.156306
1.39	1	0.14841
1.39	1.01	0.140715
1.39	1.02	0.133221
1.39	1.03	0.125928
1.39	1.04	0.118836
1.39	1.05	0.111945
1.39	1.06	0.105255
1.39	1.07	0.0987654
1.39	1.08	0.0924769
1.39	1.09	0.0863892
1.39	1.1	0.0805023
1.39	1.11	0.0748163
1.39	1.12	0.0693312
1.39	1.13	0.0640468
1.39	1.14	0.0589634
1.39	1.15	0.0540807
1.39	1.16	0.0493989
1.39	1.17	0.0449179
1.39	1.18	0.0406377
1.39	1.19	0.0365583
1.39	1.2	0.0326796
1.39	1.21	0.0290018
1.39	1.22	0.0255247
1.39	1.23	0.0222484
1.39	1.24	0.0191728
1.39	1.25	0.016298
1.39	1.26	0.0136239
1.39	1.27	0.0111505
1.39	1.28	0.00887789
1.39	1.29	0.00680596
1.39	1.3	0.00493472
1.39	1.31	0.00326418
1.39	1.32	0.00179431
1.39	1.33	0.00052512
1.39	1.34	-0.000543412
1.39	1.35	-0.00141129
1.39	1.36	-0.00207855
1.39	1.37	-0.00254515
1.39	1.38	-0.00281113
1.39	1.39	-0.0028765
1.39	1.4	-0.00274126
1.39	1.41	-0.00240543
1.39	1.42	-0.00186901
1.39	1.43	-0.00113203
1.39	1.44	-0.000194481
1.39	1.45	0.000943624
1.39	1.46	0.00228228
1.39	1.47	0.00382147
1.39	1.48	0.00556119
1.39	1.49	0.00750143
1.39	1.5	0.00964217
1.39	1.51	0.0119834
1.39	1.52	0.0145251
1.39	1.53	0.0172673
1.39	1.54	0.02021
1.39	1.55	0.0233531
1.39	1.56	0.0266967
1.39	1.57	0.0302407
1.39	1.58	0.0339851
1.39	1.59	0.03793
1.39	1.6	0.0420752
1.39	1.61	0.0464209
1.39	1.62	0.0509669
1.39	1.63	0.0557134
1.39	1.64	0.0606601
1.39	1.65	0.0658073
1.39	1.66	0.0711547
1.39	1.67	0.0767025
1.39	1.68	0.0824507
1.39	1.69	0.0883991
1.39	1.7	0.0945479
1.39	1.71	0.100897
1.39	1.72	0.107446
1.39	1.73	0.114196
1.39	1.74	0.121146
1.39	1.75	0.128296
1.39	1.76	0.135646
1.39	1.77	0.143197
1.39	1.78	0.150947
1.39	1.79	0.158898
1.39	1.8	0.16705
1.39	1.81	0.175401
1.39	1.82	0.183953
1.39	1.83	0.192704
1.39	1.84	0.201656
1.39	1.85	0.210808
1.39	1.86	0.22016
1.39	1.87	0.229713
1.39	1.88	0.239465
1.39	1.89	0.249418
1.39	1.9	0.25957
1.39	1.91	0.269923
1.39	1.92	0.280476
1.39	1.93	0.291229
1.39	1.94	0.302182
1.39	1.95	0.313335
1.39	1.96	0.324688
1.39	1.97	0.336241
1.39	1.98	0.347994
1.39	1.99	0.359947
1.39	2	0.3721
1.395	0	1.94603
1.395	0.01	1.91816
1.395	0.02	1.8905
1.395	0.03	1.86303
1.395	0.04	1.83577
1.395	0.05	1.80871
1.395	0.06	1.78185
1.395	0.07	1.75518
1.395	0.08	1.72872
1.395	0.09	1.70246
1.395	0.1	1.67639
1.395	0.11	1.65053
1.395	0.12	1.62487
1.395	0.13	1.59941
1.395	0.14	1.57415
1.395	0.15	1.54909
1.395	0.16	1.52423
1.395	0.17	1.49956
1.395	0.18	1.4751
1.395	0.19	1.45084
1.395	0.2	1.42678
1.395	0.21	1.40293
1.395	0.22	1.37927
1.395	0.23	1.35581
1.395	0.24	1.33255
1.395	0.25	1.30949
1.395	0.26	1.28664
1.395	0.27	1.26398
1.395	0.28	1.24152
1.395	0.29	1.21927
1.395	0.3	1.19721
1.395	0.31	1.17536
1.395	0.32	1.1537
1.395	0.33	1.13225
1.395	0.34	1.111
1.395	0.35	1.08995
1.395	0.36	1.06909
1.395	0.37	1.04844
1.395	0.38	1.02799
1.395	0.39	1.00774
1.395	0.4	0.987695
1.395	0.41	0.967847
1.395	0.42	0.948199
1.395	0.43	0.928753
1.395	0.44	0.909506
1.395	0.45	0.890461
1.395	0.46	0.871616
1.395	0.47	0.852973
1.395	0.48	0.834529
1.395	0.49	0.816287
1.395	0.5	0.798246
1.395	0.51	0.780405
1.395	0.52	0.762765
1.395	0.53	0.745326
1.395	0.54	0.728088
1.395	0.55	0.71105
1.395	0.56	0.694214
1.395	0.57	0.677578
1.395	0.58	0.661143
1.395	0.59	0.644909
1.395	0.6	0.628876
1.395	0.61	0.613044
1.395	0.62	0.597412
1.395	0.63	0.581982
1.395	0.64	0.566752
1.395	0.65	0.551723
1.395	0.66	0.536896
1.395	0.67	0.522269
1.395	0.68	0.507843
1.395	0.69	0.493618
1.395	0.7	0.479594
1.395	0.71	0.465771
1.395	0.72	0.452149
1.395	0.73	0.438727
1.395	0.74	0.425507
1.395	0.75	0.412488
1.395	0.76	0.39967
1.395	0.77	0.387052
1.395	0.78	0.374636
1.395	0.79	0.36242
1.395	0.8	0.350406
1.395	0.81	0.338592
1.395	0.82	0.326979
1.395	0.83	0.315568
1.395	0.84	0.304357
1.395	0.85	0.293347
1.395	0.86	0.282538
1.395	0.87	0.27193
1.395	0.88	0.261523
1.395	0.89	0.251317
1.395	0.9	0.241312
1.395	0.91	0.231508
1.395	0.92	0.221905
1.395	0.93	0.212503
1.395	0.94	0.203302
1.395	0.95	0.194302
1.395	0.96	0.185502
1.395	0.97	0.176904
1.395	0.98	0.168506
1.395	0.99	0.16031
1.395	1	0.152314
1.395	1.01	0.144519
1.395	1.02	0.136925
1.395	1.03	0.129532
1.395	1.04	0.12234
1.395	1.05	0.115349
1.395	1.06	0.108559
1.395	1.07	0.10197
1.395	1.08	0.0955811
1.395	1.09	0.0893935
1.395	1.1	0.0834067
1.395	1.11	0.0776208
1.395	1.12	0.0720357
1.395	1.13	0.0666515
1.395	1.14	0.0614681
1.395	1.15	0.0564856
1.395	1.16	0.0517039
1.395	1.17	0.047123
1.395	1.18	0.0427429
1.395	1.19	0.0385636
1.395	1.2	0.0345851
1.395	1.21	0.0308073
1.395	1.22	0.0272304
1.395	1.23	0.0238542
1.395	1.24	0.0206788
1.395	1.25	0.0177041
1.395	1.26	0.0149302
1.395	1.27	0.012357
1.395	1.28	0.00998446
1.395	1.29	0.00781269
1.395	1.3	0.00584162
1.395	1.31	0.00407125
1.395	1.32	0.00250155
1.395	1.33	0.00113254
1.395	1.34	-3.58156e-05
1.395	1.35	-0.00100351
1.395	1.36	-0.00177061
1.395	1.37	-0.00233703
1.395	1.38	-0.00270282
1.395	1.39	-0.00286798
1.395	1.4	-0.00283254
1.395	1.41	-0.00259651
1.395	1.42	-0.00215989
1.395	1.43	-0.00152269
1.395	1.44	-0.000684931
1.395	1.45	0.000353391
1.395	1.46	0.00159227
1.395	1.47	0.00303168
1.395	1.48	0.00467163
1.395	1.49	0.0065121
1.395	1.5	0.00855307
1.395	1.51	0.0107945
1.395	1.52	0.0132365
1.395	1.53	0.0158789
1.395	1.54	0.0187218
1.395	1.55	0.0217652
1.395	1.56	0.025009
1.395	1.57	0.0284533
1.395	1.58	0.032098
1.395	1.59	0.0359431
1.395	1.6	0.0399886
1.395	1.61	0.0442345
1.395	1.62	0.0486808
1.395	1.63	0.0533275
1.395	1.64	0.0581746
1.395	1.65	0.063222
1.395	1.66	0.0684697
1.395	1.67	0.0739178
1.395	1.68	0.0795662
1.395	1.69	0.0854149
1.395	1.7	0.0914639
1.395	1.71	0.0977133
1.395	1.72	0.104163
1.395	1.73	0.110813
1.395	1.74	0.117663
1.395	1.75	0.124713
1.395	1.76	0.131964
1.395	1.77	0.139415
1.395	1.78	0.147066
1.395	1.79	0.154917
1.395	1.8	0.162969
1.395	1.81	0.17122
1.395	1.82	0.179672
1.395	1.83	0.188324
1.395	1.84	0.197176
1.395	1.85	0.206229
1.395	1.86	0.215481
1.395	1.87	0.224934
1.395	1.88	0.234586
1.395	1.89	0.244439
1.395	1.9	0.254492
1.395	1.91	0.264745
1.395	1.92	0.275198
1.395	1.93	0.285852
1.395	1.94	0.296705
1.395	1.95	0.307758
1.395	1.96	0.319011
1.395	1.97	0.330465
1.395	1.98	0.342118
1.395	1.99	0.353972
1.395	2	0.366025
1.4	0	1.96
1.4	0.01	1.93204
1.4	0.02	1.90427
1.4	0.03	1.87671
1.4	0.04	1.84935
1.4	0.05	1.82218
1.4	0.06	1.79522
1.4	0.07	1.76846
1.4	0.08	1.74189
1.4	0.09	1.71553
1.4	0.1	1.68937
1.4	0.11	1.6634
1.4	0.12	1.63764
1.4	0.13	1.61208
1.4	0.14	1.58672
1.4	0.15	1.56156
1.4	0.16	1.5366
1.4	0.17	1.51183
1.4	0.18	1.48727
1.4	0.19	1.46291
1.4	0.2	1.43875
1.4	0.21	1.41479
1.4	0.22	1.39103
1.4	0.23	1.36748
1.4	0.24	1.34412
1.4	0.25	1.32096
1.4	0.26	1.298
1.4	0.27	1.27525
1.4	0.28	1.25269
1.4	0.29	1.23033
1.4	0.3	1.20818
1.4	0.31	1.18622
1.4	0.32	1.16447
1.4	0.33	1.14292
1.4	0.34	1.12156
1.4	0.35	1.10041
1.4	0.36	1.07946
1.4	0.37	1.05871
1.4	0.38	1.03816
1.4	0.39	1.01781
1.4	0.4	0.997658
1.4	0.41	0.97771
1.4	0.42	0.957962
1.4	0.43	0.938415
1.4	0.44	0.919068
1.4	0.45	0.899923
1.4	0.46	0.880978
1.4	0.47	0.862234
1.4	0.48	0.843691
1.4	0.49	0.825348
1.4	0.5	0.807206
1.4	0.51	0.789265
1.4	0.52	0.771525
1.4	0.53	0.753986
1.4	0.54	0.736647
1.4	0.55	0.71951
1.4	0.56	0.702573
1.4	0.57	0.685837
1.4	0.58	0.669302
1.4	0.59	0.652968
1.4	0.6	0.636834
1.4	0.61	0.620902
1.4	0.62	0.605171
1.4	0.63	0.58964
1.4	0.64	0.57431
1.4	0.65	0.559181
1.4	0.66	0.544254
1.4	0.67	0.529527
1.4	0.68	0.515
1.4	0.69	0.500675
1.4	0.7	0.486551
1.4	0.71	0.472628
1.4	0.72	0.458906
1.4	0.73	0.445384
1.4	0.74	0.432064
1.4	0.75	0.418945
1.4	0.76	0.406026
1.4	0.77	0.393309
1.4	0.78	0.380792
1.4	0.79	0.368476
1.4	0.8	0.356362
1.4	0.81	0.344448
1.4	0.82	0.332735
1.4	0.83	0.321224
1.4	0.84	0.309913
1.4	0.85	0.298803
1.4	0.86	0.287894
1.4	0.87	0.277186
1.4	0.88	0.266679
1.4	0.89	0.256373
1.4	0.9	0.246268
1.4	0.91	0.236364
1.4	0.92	0.226661
1.4	0.93	0.217159
1.4	0.94	0.207858
1.4	0.95	0.198757
1.4	0.96	0.189858
1.4	0.97	0.181159
1.4	0.98	0.172662
1.4	0.99	0.164365
1.4	1	0.15627
1.4	1.01	0.148375
1.4	1.02	0.140681
1.4	1.03	0.133188
1.4	1.04	0.125896
1.4	1.05	0.118805
1.4	1.06	0.111915
1.4	1.07	0.105226
1.4	1.08	0.0987372
1.4	1.09	0.0924497
1.4	1.1	0.086363
1.4	1.11	0.0804771
1.4	1.12	0.0747921
1.4	1.13	0.069308
1.4	1.14	0.0640247
1.4	1.15	0.0589422
1.4	1.16	0.0540606
1.4	1.17	0.0493798
1.4	1.18	0.0448998
1.4	1.19	0.0406206
1.4	1.2	0.0365422
1.4	1.21	0.0326646
1.4	1.22	0.0289878
1.4	1.23	0.0255117
1.4	1.24	0.0222364
1.4	1.25	0.0191618
1.4	1.26	0.016288
1.4	1.27	0.013615
1.4	1.28	0.0111426
1.4	1.29	0.008871
1.4	1.3	0.00680008
1.4	1.31	0.00492986
1.4	1.32	0.00326033
1.4	1.33	0.00179147
1.4	1.34	0.00052328
1.4	1.35	-0.000544273
1.4	1.36	-0.00141121
1.4	1.37	-0.00207747
1.4	1.38	-0.00254308
1.4	1.39	-0.00280807
1.4	1.4	-0.00287244
1.4	1.41	-0.00273622
1.4	1.42	-0.00239941
1.4	1.43	-0.00186203
1.4	1.44	-0.00112407
1.4	1.45	-0.000185547
1.4	1.46	0.00095353
1.4	1.47	0.00229315
1.4	1.48	0.00383331
1.4	1.49	0.00557398
1.4	1.5	0.00751517
1.4	1.51	0.00965684
1.4	1.52	0.011999
1.4	1.53	0.0145417
1.4	1.54	0.0172848
1.4	1.55	0.0202284
1.4	1.56	0.0233724
1.4	1.57	0.0267169
1.4	1.58	0.0302619
1.4	1.59	0.0340072
1.4	1.6	0.037953
1.4	1.61	0.0420991
1.4	1.62	0.0464457
1.4	1.63	0.0509926
1.4	1.64	0.0557399
1.4	1.65	0.0606876
1.4	1.66	0.0658355
1.4	1.67	0.0711839
1.4	1.68	0.0767325
1.4	1.69	0.0824815
1.4	1.7	0.0884308
1.4	1.71	0.0945804
1.4	1.72	0.10093
1.4	1.73	0.10748
1.4	1.74	0.114231
1.4	1.75	0.121181
1.4	1.76	0.128332
1.4	1.77	0.135683
1.4	1.78	0.143235
1.4	1.79	0.150986
1.4	1.8	0.158938
1.4	1.81	0.16709
1.4	1.82	0.175442
1.4	1.83	0.183994
1.4	1.84	0.192747
1.4	1.85	0.2017
1.4	1.86	0.210852
1.4	1.87	0.220205
1.4	1.88	0.229758
1.4	1.89	0.239511
1.4	1.9	0.249465
1.4	1.91	0.259618
1.4	1.92	0.269971
1.4	1.93	0.280525
1.4	1.94	0.291278
1.4	1.95	0.302232
1.4	1.96	0.313385
1.4	1.97	0.324739
1.4	1.98	0.336293
1.4	1.99	0.348046
1.4	2	0.36
1.405	0	1.97403
1.405	0.01	1.94596
1.405	0.02	1.9181
1.405	0.03	1.89043
1.405	0.04	1.86297
1.405	0.05	1.83571
1.405	0.06	1.80864
1.405	0.07	1.78178
1.405	0.08	1.75511
1.405	0.09	1.72865
1.405	0.1	1.70239
1.405	0.11	1.67633
1.405	0.12	1.65046
1.405	0.13	1.6248
1.405	0.14	1.59934
1.405	0.15	1.57408
1.405	0.16	1.54902
1.405	0.17	1.52415
1.405	0.18	1.49949
1.405	0.19	1.47503
1.405	0.2	1.45077
1.405	0.21	1.42671
1.405	0.22	1.40285
1.405	0.23	1.37919
1.405	0.24	1.35574
1.405	0.25	1.33248
1.405	0.26	1.30942
1.405	0.27	1.28656
1.405	0.28	1.26391
1.405	0.29	1.24145
1.405	0.3	1.21919
1.405	0.31	1.19714
1.405	0.32	1.17529
1.405	0.33	1.15363
1.405	0.34	1.13218
1.405	0.35	1.11093
1.405	0.36	1.08987
1.405	0.37	1.06902
1.405	0.38	1.04837
1.405	0.39	1.02792
1.405	0.4	1.00767
1.405	0.41	0.987623
1.405	0.42	0.967775
1.405	0.43	0.948128
1.405	0.44	0.928681
1.405	0.45	0.909435
1.405	0.46	0.89039
1.405	0.47	0.871546
1.405	0.48	0.852902
1.405	0.49	0.83446
1.405	0.5	0.816218
1.405	0.51	0.798176
1.405	0.52	0.780336
1.405	0.53	0.762697
1.405	0.54	0.745258
1.405	0.55	0.72802
1.405	0.56	0.710983
1.405	0.57	0.694147
1.405	0.58	0.677512
1.405	0.59	0.661077
1.405	0.6	0.644844
1.405	0.61	0.628811
1.405	0.62	0.61298
1.405	0.63	0.597349
1.405	0.64	0.581919
1.405	0.65	0.56669
1.405	0.66	0.551662
1.405	0.67	0.536835
1.405	0.68	0.522209
1.405	0.69	0.507784
1.405	0.7	0.493559
1.405	0.71	0.479536
1.405	0.72	0.465714
1.405	0.73	0.452092
1.405	0.74	0.438672
1.405	0.75	0.425452
1.405	0.76	0.412434
1.405	0.77	0.399616
1.405	0.78	0.386999
1.405	0.79	0.374584
1.405	0.8	0.362369
1.405	0.81	0.350355
1.405	0.82	0.338542
1.405	0.83	0.326931
1.405	0.84	0.31552
1.405	0.85	0.30431
1.405	0.86	0.293301
1.405	0.87	0.282493
1.405	0.88	0.271886
1.405	0.89	0.26148
1.405	0.9	0.251275
1.405	0.91	0.241271
1.405	0.92	0.231468
1.405	0.93	0.221865
1.405	0.94	0.212464
1.405	0.95	0.203264
1.405	0.96	0.194265
1.405	0.97	0.185466
1.405	0.98	0.176869
1.405	0.99	0.168472
1.405	1	0.160276
1.405	1.01	0.152282
1.405	1.02	0.144488
1.405	1.03	0.136895
1.405	1.04	0.129503
1.405	1.05	0.122312
1.405	1.06	0.115322
1.405	1.07	0.108533
1.405	1.08	0.101944
1.405	1.09	0.0955567
1.405	1.1	0.0893701
1.405	1.11	0.0833843
1.405	1.12	0.0775994
1.405	1.13	0.0720153
1.405	1.14	0.0666321
1.405	1.15	0.0614497
1.405	1.16	0.0564682
1.405	1.17	0.0516875
1.405	1.18	0.0471076
1.405	1.19	0.0427285
1.405	1.2	0.0385502
1.405	1.21	0.0345727
1.405	1.22	0.030796
1.405	1.23	0.02722
1.405	1.24	0.0238448
1.405	1.25	0.0206704
1.405	1.26	0.0176968
1.405	1.27	0.0149238
1.405	1.28	0.0123516
1.405	1.29	0.00998012
1.405	1.3	0.00780935
1.405	1.31	0.00583927
1.405	1.32	0.00406988
1.405	1.33	0.00250118
1.405	1.34	0.00113314
1.405	1.35	-3.42544e-05
1.405	1.36	-0.00100103
1.405	1.37	-0.00176712
1.405	1.38	-0.00233256
1.405	1.39	-0.00269738
1.405	1.4	-0.00286158
1.405	1.41	-0.00282518
1.405	1.42	-0.00258819
1.405	1.43	-0.00215062
1.405	1.44	-0.00151247
1.405	1.45	-0.000673761
1.405	1.46	0.000365508
1.405	1.47	0.00160533
1.405	1.48	0.00304568
1.405	1.49	0.00468655
1.405	1.5	0.00652794
1.405	1.51	0.00856982
1.405	1.52	0.0108122
1.405	1.53	0.013255
1.405	1.54	0.0158984
1.405	1.55	0.0187422
1.405	1.56	0.0217865
1.405	1.57	0.0250312
1.405	1.58	0.0284763
1.405	1.59	0.0321219
1.405	1.6	0.0359679
1.405	1.61	0.0400143
1.405	1.62	0.0442611
1.405	1.63	0.0487082
1.405	1.64	0.0533558
1.405	1.65	0.0582036
1.405	1.66	0.0632519
1.405	1.67	0.0685004
1.405	1.68	0.0739493
1.405	1.69	0.0795985
1.405	1.7	0.0854481
1.405	1.71	0.0914979
1.405	1.72	0.097748
1.405	1.73	0.104198
1.405	1.74	0.110849
1.405	1.75	0.1177
1.405	1.76	0.124751
1.405	1.77	0.132002
1.405	1.78	0.139454
1.405	1.79	0.147106
1.405	1.8	0.154958
1.405	1.81	0.16301
1.405	1.82	0.171262
1.405	1.83	0.179715
1.405	1.84	0.188368
1.405	1.85	0.197221
1.405	1.86	0.206274
1.405	1.87	0.215527
1.405	1.88	0.22498
1.405	1.89	0.234633
1.405	1.9	0.244487
1.405	1.91	0.25454
1.405	1.92	0.264794
1.405	1.93	0.275248
1.405	1.94	0.285902
1.405	1.95	0.296755
1.405	1.96	0.307809
1.405	1.97	0.319063
1.405	1.98	0.330517
1.405	1.99	0.342171
1.405	2	0.354025
1.41	0	1.9881
1.41	0.01	1.95994
1.41	0.02	1.93197
1.41	0.03	1.90421
1.41	0.04	1.87664
1.41	0.05	1.84928
1.41	0.06	1.82211
1.41	0.07	1.79515
1.41	0.08	1.76839
1.41	0.09	1.74182
1.41	0.1	1.71546
1.41	0.11	1.6893
1.41	0.12	1.66333
1.41	0.13	1.63757
1.41	0.14	1.61201
1.41	0.15	1.58665
1.41	0.16	1.56149
1.41	0.17	1.53652
1.41	0.18	1.51176
1.41	0.19	1.4872
1.41	0.2	1.46284
1.41	0.21	1.43868
1.41	0.22	1.41472
1.41	0.23	1.39096
1.41	0.24	1.3674
1.41	0.25	1.34405
1.41	0.26	1.32089
1.41	0.27	1.29793
1.41	0.28	1.27517
1.41	0.29	1.25262
1.41	0.3	1.23026
1.41	0.31	1.20811
1.41	0.32	1.18615
1.41	0.33	1.1644
1.41	0.34	1.14284
1.41	0.35	1.12149
1.41	0.36	1.10034
1.41	0.37	1.07939
1.41	0.38	1.05864
1.41	0.39	1.03808
1.41	0.4	1.01774
1.41	0.41	0.997586
1.41	0.42	0.977638
1.41	0.43	0.95789
1.41	0.44	0.938344
1.41	0.45	0.918998
1.41	0.46	0.899852
1.41	0.47	0.880908
1.41	0.48	0.862164
1.41	0.49	0.843621
1.41	0.5	0.825279
1.41	0.51	0.807138
1.41	0.52	0.789197
1.41	0.53	0.771457
1.41	0.54	0.753918
1.41	0.55	0.73658
1.41	0.56	0.719443
1.41	0.57	0.702507
1.41	0.58	0.685772
1.41	0.59	0.669237
1.41	0.6	0.652903
1.41	0.61	0.636771
1.41	0.62	0.620839
1.41	0.63	0.605108
1.41	0.64	0.589578
1.41	0.65	0.574249
1.41	0.66	0.559121
1.41	0.67	0.544193
1.41	0.68	0.529467
1.41	0.69	0.514942
1.41	0.7	0.500617
1.41	0.71	0.486494
1.41	0.72	0.472571
1.41	0.73	0.45885
1.41	0.74	0.445329
1.41	0.75	0.43201
1.41	0.76	0.418891
1.41	0.77	0.405973
1.41	0.78	0.393257
1.41	0.79	0.380741
1.41	0.8	0.368426
1.41	0.81	0.356312
1.41	0.82	0.344399
1.41	0.83	0.332687
1.41	0.84	0.321177
1.41	0.85	0.309867
1.41	0.86	0.298758
1.41	0.87	0.28785
1.41	0.88	0.277143
1.41	0.89	0.266637
1.41	0.9	0.256331
1.41	0.91	0.246227
1.41	0.92	0.236324
1.41	0.93	0.226622
1.41	0.94	0.217121
1.41	0.95	0.20782
1.41	0.96	0.198721
1.41	0.97	0.189823
1.41	0.98	0.181125
1.41	0.99	0.172629
1.41	1	0.164333
1.41	1.01	0.156238
1.41	1.02	0.148345
1.41	1.03	0.140652
1.41	1.04	0.13316
1.41	1.05	0.125869
1.41	1.06	0.118779
1.41	1.07	0.11189
1.41	1.08	0.105201
1.41	1.09	0.0987138
1.41	1.1	0.0924272
1.41	1.11	0.0863415
1.41	1.12	0.0804566
1.41	1.13	0.0747727
1.41	1.14	0.0692895
1.41	1.15	0.0640072
1.41	1.16	0.0589258
1.41	1.17	0.0540452
1.41	1.18	0.0493654
1.41	1.19	0.0448864
1.41	1.2	0.0406082
1.41	1.21	0.0365308
1.41	1.22	0.0326542
1.41	1.23	0.0289784
1.41	1.24	0.0255033
1.41	1.25	0.022229
1.41	1.26	0.0191555
1.41	1.27	0.0162827
1.41	1.28	0.0136106
1.41	1.29	0.0111393
1.41	1.3	0.00886863
1.41	1.31	0.0067987
1.41	1.32	0.00492946
1.41	1.33	0.00326091
1.41	1.34	0.00179303
1.41	1.35	0.000525802
1.41	1.36	-0.000540815
1.41	1.37	-0.00140674
1.41	1.38	-0.00207201
1.41	1.39	-0.00253666
1.41	1.4	-0.00280068
1.41	1.41	-0.0028641
1.41	1.42	-0.00272693
1.41	1.43	-0.00238917
1.41	1.44	-0.00185084
1.41	1.45	-0.00111194
1.41	1.46	-0.000172482
1.41	1.47	0.00096753
1.41	1.48	0.00230808
1.41	1.49	0.00384916
1.41	1.5	0.00559075
1.41	1.51	0.00753283
1.41	1.52	0.0096754
1.41	1.53	0.0120185
1.41	1.54	0.014562
1.41	1.55	0.0173061
1.41	1.56	0.0202506
1.41	1.57	0.0233955
1.41	1.58	0.0267409
1.41	1.59	0.0302867
1.41	1.6	0.0340329
1.41	1.61	0.0379795
1.41	1.62	0.0421265
1.41	1.63	0.0464739
1.41	1.64	0.0510216
1.41	1.65	0.0557697
1.41	1.66	0.0607182
1.41	1.67	0.065867
1.41	1.68	0.0712162
1.41	1.69	0.0767656
1.41	1.7	0.0825154
1.41	1.71	0.0884654
1.41	1.72	0.0946158
1.41	1.73	0.100966
1.41	1.74	0.107517
1.41	1.75	0.114268
1.41	1.76	0.12122
1.41	1.77	0.128371
1.41	1.78	0.135723
1.41	1.79	0.143275
1.41	1.8	0.151028
1.41	1.81	0.15898
1.41	1.82	0.167133
1.41	1.83	0.175486
1.41	1.84	0.184039
1.41	1.85	0.192792
1.41	1.86	0.201745
1.41	1.87	0.210898
1.41	1.88	0.220252
1.41	1.89	0.229806
1.41	1.9	0.239559
1.41	1.91	0.249513
1.41	1.92	0.259667
1.41	1.93	0.270021
1.41	1.94	0.280575
1.41	1.95	0.291329
1.41	1.96	0.302283
1.41	1.97	0.313437
1.41	1.98	0.324792
1.41	1.99	0.336346
1.41	2	0.3481
1.415	0	2.00223
1.415	0.01	1.97396
1.415	0.02	1.9459
1.415	0.03	1.91803
1.415	0.04	1.89037
1.415	0.05	1.8629
1.415	0.06	1.83564
1.415	0.07	1.80857
1.415	0.08	1.78171
1.415	0.09	1.75505
1.415	0.1	1.72858
1.415	0.11	1.70232
1.415	0.12	1.67626
1.415	0.13	1.65039
1.415	0.14	1.62473
1.415	0.15	1.59927
1.415	0.16	1.57401
1.415	0.17	1.54894
1.415	0.18	1.52408
1.415	0.19	1.49942
1.415	0.2	1.47496
1.415	0.21	1.4507
1.415	0.22	1.42664
1.415	0.23	1.40278
1.415	0.24	1.37912
1.415	0.25	1.35566
1.415	0.26	1.33241
1.415	0.27	1.30935
1.415	0.28	1.28649
1.415	0.29	1.26383
1.415	0.3	1.24138
1.415	0.31	1.21912
1.415	0.32	1.19707
1.415	0.33	1.17521
1.415	0.34	1.15356
1.415	0.35	1.13211
1.415	0.36	1.11085
1.415	0.37	1.0898
1.415	0.38	1.06895
1.415	0.39	1.0483
1.415	0.4	1.02785
1.415	0.41	1.0076
1.415	0.42	0.987552
1.415	0.43	0.967704
1.415	0.44	0.948057
1.415	0.45	0.928611
1.415	0.46	0.909366
1.415	0.47	0.890321
1.415	0.48	0.871477
1.415	0.49	0.852834
1.415	0.5	0.834392
1.415	0.51	0.81615
1.415	0.52	0.798109
1.415	0.53	0.780269
1.415	0.54	0.76263
1.415	0.55	0.745192
1.415	0.56	0.727955
1.415	0.57	0.710919
1.415	0.58	0.694083
1.415	0.59	0.677448
1.415	0.6	0.661014
1.415	0.61	0.644782
1.415	0.62	0.62875
1.415	0.63	0.612919
1.415	0.64	0.597288
1.415	0.65	0.581859
1.415	0.66	0.566631
1.415	0.67	0.551604
1.415	0.68	0.536777
1.415	0.69	0.522152
1.415	0.7	0.507727
1.415	0.71	0.493504
1.415	0.72	0.479481
1.415	0.73	0.465659
1.415	0.74	0.452039
1.415	0.75	0.438619
1.415	0.76	0.4254
1.415	0.77	0.412382
1.415	0.78	0.399566
1.415	0.79	0.38695
1.415	0.8	0.374535
1.415	0.81	0.362321
1.415	0.82	0.350308
1.415	0.83	0.338496
1.415	0.84	0.326885
1.415	0.85	0.315475
1.415	0.86	0.304266
1.415	0.87	0.293258
1.415	0.88	0.282451
1.415	0.89	0.271845
1.415	0.9	0.26144
1.415	0.91	0.251236
1.415	0.92	0.241233
1.415	0.93	0.23143
1.415	0.94	0.221829
1.415	0.95	0.212429
1.415	0.96	0.20323
1.415	0.97	0.194231
1.415	0.98	0.185434
1.415	0.99	0.176837
1.415	1	0.168442
1.415	1.01	0.160247
1.415	1.02	0.152253
1.415	1.03	0.14446
1.415	1.04	0.136869
1.415	1.05	0.129478
1.415	1.06	0.122287
1.415	1.07	0.115298
1.415	1.08	0.10851
1.415	1.09	0.101923
1.415	1.1	0.0955361
1.415	1.11	0.0893505
1.415	1.12	0.0833657
1.415	1.13	0.0775818
1.415	1.14	0.0719987
1.415	1.15	0.0666165
1.415	1.16	0.0614352
1.415	1.17	0.0564546
1.415	1.18	0.0516749
1.415	1.19	0.047096
1.415	1.2	0.0427179
1.415	1.21	0.0385406
1.415	1.22	0.0345641
1.415	1.23	0.0307884
1.415	1.24	0.0272135
1.415	1.25	0.0238393
1.415	1.26	0.0206659
1.415	1.27	0.0176932
1.415	1.28	0.0149212
1.415	1.29	0.01235
1.415	1.3	0.0099795
1.415	1.31	0.0078097
1.415	1.32	0.0058406
1.415	1.33	0.00407219
1.415	1.34	0.00250445
1.415	1.35	0.00113737
1.415	1.36	-2.90719e-05
1.415	1.37	-0.000994843
1.415	1.38	-0.00175996
1.415	1.39	-0.00232445
1.415	1.4	-0.00268832
1.415	1.41	-0.00285158
1.415	1.42	-0.00281424
1.415	1.43	-0.00257632
1.415	1.44	-0.00213782
1.415	1.45	-0.00149875
1.415	1.46	-0.000659115
1.415	1.47	0.000381071
1.415	1.48	0.0016218
1.415	1.49	0.00306305
1.415	1.5	0.00470482
1.415	1.51	0.0065471
1.415	1.52	0.00858986
1.415	1.53	0.0108331
1.415	1.54	0.0132769
1.415	1.55	0.0159211
1.415	1.56	0.0187658
1.415	1.57	0.0218109
1.415	1.58	0.0250565
1.415	1.59	0.0285025
1.415	1.6	0.0321489
1.415	1.61	0.0359957
1.415	1.62	0.0400429
1.415	1.63	0.0442905
1.415	1.64	0.0487385
1.415	1.65	0.0533868
1.415	1.66	0.0582355
1.415	1.67	0.0632845
1.415	1.68	0.0685338
1.415	1.69	0.0739835
1.415	1.7	0.0796335
1.415	1.71	0.0854838
1.415	1.72	0.0915343
1.415	1.73	0.0977852
1.415	1.74	0.104236
1.415	1.75	0.110888
1.415	1.76	0.117739
1.415	1.77	0.124791
1.415	1.78	0.132043
1.415	1.79	0.139495
1.415	1.8	0.147148
1.415	1.81	0.155001
1.415	1.82	0.163053
1.415	1.83	0.171307
1.415	1.84	0.17976
1.415	1.85	0.188413
1.415	1.86	0.197267
1.415	1.87	0.20632
1.415	1.88	0.215574
1.415	1.89	0.225028
1.415	1.9	0.234682
1.415	1.91	0.244536
1.415	1.92	0.25459
1.415	1.93	0.264844
1.415	1.94	0.275299
1.415	1.95	0.285953
1.415	1.96	0.296807
1.415	1.97	0.307862
1.415	1.98	0.319116
1.415	1.99	0.330571
1.415	2	0.342225
1.42	0	2.0164
1.42	0.01	1.98804
1.42	0.02	1.95987
1.42	0.03	1.93191
1.42	0.04	1.90414
1.42	0.05	1.87658
1.42	0.06	1.84921
1.42	0.07	1.82205
1.42	0.08	1.79508
1.42	0.09	1.76832
1.42	0.1	1.74175
1.42	0.11	1.71539
1.42	0.12	1.68923
1.42	0.13	1.66326
1.42	0.14	1.6375
1.42	0.15	1.61194
1.42	0.16	1.58658
1.42	0.17	1.56141
1.42	0.18	1.53645
1.42	0.19	1.51169
1.42	0.2	1.48713
1.42	0.21	1.46277
1.42	0.22	1.43861
1.42	0.23	1.41465
1.42	0.24	1.39089
1.42	0.25	1.36733
1.42	0.26	1.34397
1.42	0.27	1.32082
1.42	0.28	1.29786
1.42	0.29	1.2751
1.42	0.3	1.25255
1.42	0.31	1.23019
1.42	0.32	1.20803
1.42	0.33	1.18608
1.42	0.34	1.16433
1.42	0.35	1.14277
1.42	0.36	1.12142
1.42	0.37	1.10027
1.42	0.38	1.07932
1.42	0.39	1.05857
1.42	0.4	1.03802
1.42	0.41	1.01767
1.42	0.42	0.997517
1.42	0.43	0.977569
1.42	0.44	0.957822
1.42	0.45	0.938276
1.42	0.46	0.91893
1.42	0.47	0.899785
1.42	0.48	0.880841
1.42	0.49	0.862097
1.42	0.5	0.843555
1.42	0.51	0.825213
1.42	0.52	0.807072
1.42	0.53	0.789132
1.42	0.54	0.771393
1.42	0.55	0.753855
1.42	0.56	0.736517
1.42	0.57	0.719381
1.42	0.58	0.702445
1.42	0.59	0.68571
1.42	0.6	0.669176
1.42	0.61	0.652843
1.42	0.62	0.636711
1.42	0.63	0.62078
1.42	0.64	0.60505
1.42	0.65	0.58952
1.42	0.66	0.574192
1.42	0.67	0.559064
1.42	0.68	0.544138
1.42	0.69	0.529412
1.42	0.7	0.514888
1.42	0.71	0.500564
1.42	0.72	0.486441
1.42	0.73	0.47252
1.42	0.74	0.458799
1.42	0.75	0.445279
1.42	0.76	0.43196
1.42	0.77	0.418842
1.42	0.78	0.405926
1.42	0.79	0.39321
1.42	0.8	0.380695
1.42	0.81	0.368381
1.42	0.82	0.356268
1.42	0.83	0.344356
1.42	0.84	0.332645
1.42	0.85	0.321135
1.42	0.86	0.309826
1.42	0.87	0.298718
1.42	0.88	0.287811
1.42	0.89	0.277105
1.42	0.9	0.266599
1.42	0.91	0.256295
1.42	0.92	0.246192
1.42	0.93	0.23629
1.42	0.94	0.226589
1.42	0.95	0.217088
1.42	0.96	0.207789
1.42	0.97	0.198691
1.42	0.98	0.189793
1.42	0.99	0.181097
1.42	1	0.172601
1.42	1.01	0.164306
1.42	1.02	0.156213
1.42	1.03	0.14832
1.42	1.04	0.140628
1.42	1.05	0.133137
1.42	1.06	0.125847
1.42	1.07	0.118758
1.42	1.08	0.11187
1.42	1.09	0.105182
1.42	1.1	0.098696
1.42	1.11	0.0924104
1.42	1.12	0.0863257
1.42	1.13	0.0804418
1.42	1.14	0.0747589
1.42	1.15	0.0692767
1.42	1.16	0.0639954
1.42	1.17	0.058915
1.42	1.18	0.0540353
1.42	1.19	0.0493565
1.42	1.2	0.0448785
1.42	1.21	0.0406013
1.42	1.22	0.0365249
1.42	1.23	0.0326493
1.42	1.24	0.0289745
1.42	1.25	0.0255004
1.42	1.26	0.0222271
1.42	1.27	0.0191545
1.42	1.28	0.0162827
1.42	1.29	0.0136116
1.42	1.3	0.0111412
1.42	1.31	0.00887151
1.42	1.32	0.00680253
1.42	1.33	0.00493424
1.42	1.34	0.00326664
1.42	1.35	0.0017997
1.42	1.36	0.000533416
1.42	1.37	-0.000532209
1.42	1.38	-0.00139718
1.42	1.39	-0.00206152
1.42	1.4	-0.00252524
1.42	1.41	-0.00278835
1.42	1.42	-0.00285086
1.42	1.43	-0.00271278
1.42	1.44	-0.00237412
1.42	1.45	-0.00183489
1.42	1.46	-0.00109509
1.42	1.47	-0.00015474
1.42	1.48	0.000986153
1.42	1.49	0.00232758
1.42	1.5	0.00386952
1.42	1.51	0.00561197
1.42	1.52	0.00755492
1.42	1.53	0.00969836
1.42	1.54	0.0120423
1.42	1.55	0.0145867
1.42	1.56	0.0173316
1.42	1.57	0.0202769
1.42	1.58	0.0234226
1.42	1.59	0.0267688
1.42	1.6	0.0303154
1.42	1.61	0.0340624
1.42	1.62	0.0380098
1.42	1.63	0.0421576
1.42	1.64	0.0465058
1.42	1.65	0.0510543
1.42	1.66	0.0558032
1.42	1.67	0.0607524
1.42	1.68	0.0659019
1.42	1.69	0.0712518
1.42	1.7	0.076802
1.42	1.71	0.0825525
1.42	1.72	0.0885032
1.42	1.73	0.0946543
1.42	1.74	0.101006
1.42	1.75	0.107557
1.42	1.76	0.114309
1.42	1.77	0.121261
1.42	1.78	0.128413
1.42	1.79	0.135766
1.42	1.8	0.143319
1.42	1.81	0.151071
1.42	1.82	0.159025
1.42	1.83	0.167178
1.42	1.84	0.175531
1.42	1.85	0.184085
1.42	1.86	0.192839
1.42	1.87	0.201792
1.42	1.88	0.210946
1.42	1.89	0.2203
1.42	1.9	0.229855
1.42	1.91	0.239609
1.42	1.92	0.249563
1.42	1.93	0.259718
1.42	1.94	0.270072
1.42	1.95	0.280627
1.42	1.96	0.291381
1.42	1.97	0.302336
1.42	1.98	0.313491
1.42	1.99	0.324845
1.42	2	0.3364
1.425	0	2.03063
1.425	0.01	2.00216
1.425	0.02	1.97389
1.425	0.03	1.94583
1.425	0.04	1.91796
1.425	0.05	1.8903
1.425	0.06	1.86283
1.425	0.07	1.83557
1.425	0.08	1.80851
1.425	0.09	1.78164
1.425	0.1	1.75498
1.425	0.11	1.72851
1.425	0.12	1.70225
1.425	0.13	1.67619
1.425	0.14	1.65032
1.425	0.15	1.62466
1.425	0.16	1.5992
1.425	0.17	1.57394
1.425	0.18	1.54887
1.425	0.19	1.52401
1.425	0.2	1.49935
1.425	0.21	1.47489
1.425	0.22	1.45063
1.425	0.23	1.42657
1.425	0.24	1.40271
1.425	0.25	1.37905
1.425	0.26	1.35559
1.425	0.27	1.33233
1.425	0.28	1.30928
1.425	0.29	1.28642
1.425	0.3	1.26376
1.425	0.31	1.24131
1.425	0.32	1.21905
1.425	0.33	1.197
1.425	0.34	1.17514
1.425	0.35	1.15349
1.425	0.36	1.13204
1.425	0.37	1.11078
1.425	0.38	1.08973
1.425	0.39	1.06888
1.425	0.4	1.04823
1.425	0.41	1.02778
1.425	0.42	1.00753
1.425	0.43	0.987484
1.425	0.44	0.967636
1.425	0.45	0.94799
1.425	0.46	0.928544
1.425	0.47	0.909299
1.425	0.48	0.890255
1.425	0.49	0.871411
1.425	0.5	0.852768
1.425	0.51	0.834326
1.425	0.52	0.816085
1.425	0.53	0.798045
1.425	0.54	0.780206
1.425	0.55	0.762567
1.425	0.56	0.74513
1.425	0.57	0.727893
1.425	0.58	0.710857
1.425	0.59	0.694022
1.425	0.6	0.677388
1.425	0.61	0.660955
1.425	0.62	0.644723
1.425	0.63	0.628691
1.425	0.64	0.612861
1.425	0.65	0.597232
1.425	0.66	0.581803
1.425	0.67	0.566575
1.425	0.68	0.551549
1.425	0.69	0.536723
1.425	0.7	0.522098
1.425	0.71	0.507675
1.425	0.72	0.493452
1.425	0.73	0.47943
1.425	0.74	0.465609
1.425	0.75	0.451989
1.425	0.76	0.43857
1.425	0.77	0.425352
1.425	0.78	0.412335
1.425	0.79	0.39952
1.425	0.8	0.386905
1.425	0.81	0.374491
1.425	0.82	0.362278
1.425	0.83	0.350266
1.425	0.84	0.338454
1.425	0.85	0.326844
1.425	0.86	0.315435
1.425	0.87	0.304227
1.425	0.88	0.29322
1.425	0.89	0.282414
1.425	0.9	0.271809
1.425	0.91	0.261405
1.425	0.92	0.251201
1.425	0.93	0.241199
1.425	0.94	0.231398
1.425	0.95	0.221798
1.425	0.96	0.212398
1.425	0.97	0.2032
1.425	0.98	0.194203
1.425	0.99	0.185406
1.425	1	0.176811
1.425	1.01	0.168416
1.425	1.02	0.160222
1.425	1.03	0.152229
1.425	1.04	0.144438
1.425	1.05	0.136847
1.425	1.06	0.129457
1.425	1.07	0.122268
1.425	1.08	0.11528
1.425	1.09	0.108492
1.425	1.1	0.101906
1.425	1.11	0.0955203
1.425	1.12	0.0893357
1.425	1.13	0.0833519
1.425	1.14	0.077569
1.425	1.15	0.0719869
1.425	1.16	0.0666057
1.425	1.17	0.0614253
1.425	1.18	0.0564458
1.425	1.19	0.0516671
1.425	1.2	0.0470892
1.425	1.21	0.042712
1.425	1.22	0.0385357
1.425	1.23	0.0345602
1.425	1.24	0.0307855
1.425	1.25	0.0272115
1.425	1.26	0.0238383
1.425	1.27	0.0206658
1.425	1.28	0.0176941
1.425	1.29	0.0149231
1.425	1.3	0.0123529
1.425	1.31	0.00998332
1.425	1.32	0.00781448
1.425	1.33	0.00584632
1.425	1.34	0.00407885
1.425	1.35	0.00251205
1.425	1.36	0.00114592
1.425	1.37	-1.95595e-05
1.425	1.38	-0.000984388
1.425	1.39	-0.00174858
1.425	1.4	-0.00231215
1.425	1.41	-0.00267511
1.425	1.42	-0.00283746
1.425	1.43	-0.00279923
1.425	1.44	-0.00256041
1.425	1.45	-0.00212101
1.425	1.46	-0.00148105
1.425	1.47	-0.000640533
1.425	1.48	0.000400529
1.425	1.49	0.00164212
1.425	1.5	0.00308424
1.425	1.51	0.00472687
1.425	1.52	0.00657
1.425	1.53	0.00861362
1.425	1.54	0.0108577
1.425	1.55	0.0133023
1.425	1.56	0.0159474
1.425	1.57	0.0187929
1.425	1.58	0.0218388
1.425	1.59	0.0250852
1.425	1.6	0.028532
1.425	1.61	0.0321792
1.425	1.62	0.0360268
1.425	1.63	0.0400747
1.425	1.64	0.0443231
1.425	1.65	0.0487718
1.425	1.66	0.0534209
1.425	1.67	0.0582703
1.425	1.68	0.06332
1.425	1.69	0.0685701
1.425	1.7	0.0740205
1.425	1.71	0.0796712
1.425	1.72	0.0855222
1.425	1.73	0.0915734
1.425	1.74	0.0978249
1.425	1.75	0.104277
1.425	1.76	0.110929
1.425	1.77	0.117781
1.425	1.78	0.124834
1.425	1.79	0.132086
1.425	1.8	0.139539
1.425	1.81	0.147192
1.425	1.82	0.155046
1.425	1.83	0.163099
1.425	1.84	0.171353
1.425	1.85	0.179807
1.425	1.86	0.18846
1.425	1.87	0.197315
1.425	1.88	0.206369
1.425	1.89	0.215623
1.425	1.9	0.225077
1.425	1.91	0.234732
1.425	1.92	0.244587
1.425	1.93	0.254641
1.425	1.94	0.264896
1.425	1.95	0.275351
1.425	1.96	0.286006
1.425	1.97	0.29686
1.425	1.98	0.307915
1.425	1.99	0.31917
1.425	2	0.330625
1.43	0	2.0449
1.43	0.01	2.01633
1.43	0.02	1.98797
1.43	0.03	1.9598
1.43	0.04	1.93184
1.43	0.05	1.90407
1.43	0.06	1.87651
1.43	0.07	1.84914
1.43	0.08	1.82198
1.43	0.09	1.79501
1.43	0.1	1.76825
1.43	0.11	1.74169
1.43	0.12	1.71532
1.43	0.13	1.68916
1.43	0.14	1.66319
1.43	0.15	1.63743
1.43	0.16	1.61187
1.43	0.17	1.58651
1.43	0.18	1.56134
1.43	0.19	1.53638
1.43	0.2	1.51162
1.43	0.21	1.48706
1.43	0.22	1.4627
1.43	0.23	1.43854
1.43	0.24	1.41458
1.43	0.25	1.39082
1.43	0.26	1.36726
1.43	0.27	1.3439
1.43	0.28	1.32074
1.43	0.29	1.29779
1.43	0.3	1.27503
1.43	0.31	1.25247
1.43	0.32	1.23012
1.43	0.33	1.20796
1.43	0.34	1.18601
1.43	0.35	1.16426
1.43	0.36	1.1427
1.43	0.37	1.12135
1.43	0.38	1.1002
1.43	0.39	1.07925
1.43	0.4	1.0585
1.43	0.41	1.03795
1.43	0.42	1.0176
1.43	0.43	0.99745
1.43	0.44	0.977502
1.43	0.45	0.957755
1.43	0.46	0.938209
1.43	0.47	0.918864
1.43	0.48	0.89972
1.43	0.49	0.880776
1.43	0.5	0.862033
1.43	0.51	0.843491
1.43	0.52	0.82515
1.43	0.53	0.80701
1.43	0.54	0.78907
1.43	0.55	0.771331
1.43	0.56	0.753794
1.43	0.57	0.736457
1.43	0.58	0.719321
1.43	0.59	0.702386
1.43	0.6	0.685652
1.43	0.61	0.669118
1.43	0.62	0.652786
1.43	0.63	0.636654
1.43	0.64	0.620724
1.43	0.65	0.604994
1.43	0.66	0.589466
1.43	0.67	0.574138
1.43	0.68	0.559011
1.43	0.69	0.544086
1.43	0.7	0.529361
1.43	0.71	0.514837
1.43	0.72	0.500514
1.43	0.73	0.486392
1.43	0.74	0.472471
1.43	0.75	0.458751
1.43	0.76	0.445232
1.43	0.77	0.431914
1.43	0.78	0.418797
1.43	0.79	0.405881
1.43	0.8	0.393166
1.43	0.81	0.380652
1.43	0.82	0.368339
1.43	0.83	0.356227
1.43	0.84	0.344316
1.43	0.85	0.332606
1.43	0.86	0.321097
1.43	0.87	0.309789
1.43	0.88	0.298682
1.43	0.89	0.287775
1.43	0.9	0.27707
1.43	0.91	0.266566
1.43	0.92	0.256263
1.43	0.93	0.246161
1.43	0.94	0.236259
1.43	0.95	0.226559
1.43	0.96	0.21706
1.43	0.97	0.207761
1.43	0.98	0.198664
1.43	0.99	0.189767
1.43	1	0.181072
1.43	1.01	0.172577
1.43	1.02	0.164284
1.43	1.03	0.156191
1.43	1.04	0.148299
1.43	1.05	0.140608
1.43	1.06	0.133118
1.43	1.07	0.125829
1.43	1.08	0.118741
1.43	1.09	0.111854
1.43	1.1	0.105168
1.43	1.11	0.098682
1.43	1.12	0.0923975
1.43	1.13	0.0863137
1.43	1.14	0.0804309
1.43	1.15	0.0747489
1.43	1.16	0.0692677
1.43	1.17	0.0639874
1.43	1.18	0.058908
1.43	1.19	0.0540293
1.43	1.2	0.0493515
1.43	1.21	0.0448745
1.43	1.22	0.0405982
1.43	1.23	0.0365228
1.43	1.24	0.0326482
1.43	1.25	0.0289743
1.43	1.26	0.0255012
1.43	1.27	0.0222288
1.43	1.28	0.0191572
1.43	1.29	0.0162863
1.43	1.3	0.0136162
1.43	1.31	0.0111467
1.43	1.32	0.00887798
1.43	1.33	0.00680994
1.43	1.34	0.00494259
1.43	1.35	0.00327591
1.43	1.36	0.0018099
1.43	1.37	0.000544551
1.43	1.38	-0.000520151
1.43	1.39	-0.00138421
1.43	1.4	-0.00204765
1.43	1.41	-0.00251048
1.43	1.42	-0.00277269
1.43	1.43	-0.00283432
1.43	1.44	-0.00269536
1.43	1.45	-0.00235582
1.43	1.46	-0.00181571
1.43	1.47	-0.00107505
1.43	1.48	-0.000133838
1.43	1.49	0.00100791
1.43	1.5	0.00235017
1.43	1.51	0.00389296
1.43	1.52	0.00563624
1.43	1.53	0.00758003
1.43	1.54	0.0097243
1.43	1.55	0.012069
1.43	1.56	0.0146143
1.43	1.57	0.0173599
1.43	1.58	0.020306
1.43	1.59	0.0234526
1.43	1.6	0.0267995
1.43	1.61	0.0303469
1.43	1.62	0.0340946
1.43	1.63	0.0380428
1.43	1.64	0.0421913
1.43	1.65	0.0465402
1.43	1.66	0.0510894
1.43	1.67	0.055839
1.43	1.68	0.060789
1.43	1.69	0.0659392
1.43	1.7	0.0712898
1.43	1.71	0.0768406
1.43	1.72	0.0825918
1.43	1.73	0.0885432
1.43	1.74	0.0946949
1.43	1.75	0.101047
1.43	1.76	0.107599
1.43	1.77	0.114352
1.43	1.78	0.121304
1.43	1.79	0.128457
1.43	1.8	0.13581
1.43	1.81	0.143364
1.43	1.82	0.151117
1.43	1.83	0.159071
1.43	1.84	0.167225
1.43	1.85	0.175579
1.43	1.86	0.184133
1.43	1.87	0.192887
1.43	1.88	0.201841
1.43	1.89	0.210996
1.43	1.9	0.220351
1.43	1.91	0.229905
1.43	1.92	0.23966
1.43	1.93	0.249615
1.43	1.94	0.25977
1.43	1.95	0.270125
1.43	1.96	0.28068
1.43	1.97	0.291435
1.43	1.98	0.30239
1.43	1.99	0.313545
1.43	2	0.3249
1.435	0	2.05923
1.435	0.01	2.03056
1.435	0.02	2.00209
1.435	0.03	1.97383
1.435	0.04	1.94576
1.435	0.05	1.9179
1.435	0.06	1.89023
1.435	0.07	1.86277
1.435	0.08	1.8355
1.435	0.09	1.80844
1.435	0.1	1.78157
1.435	0.11	1.75491
1.435	0.12	1.72844
1.435	0.13	1.70218
1.435	0.14	1.67612
1.435	0.15	1.65025
1.435	0.16	1.62459
1.435	0.17	1.59913
1.435	0.18	1.57387
1.435	0.19	1.5488
1.435	0.2	1.52394
1.435	0.21	1.49928
1.435	0.22	1.47482
1.435	0.23	1.45056
1.435	0.24	1.4265
1.435	0.25	1.40264
1.435	0.26	1.37898
1.435	0.27	1.35552
1.435	0.28	1.33226
1.435	0.29	1.30921
1.435	0.3	1.28635
1.435	0.31	1.26369
1.435	0.32	1.24124
1.435	0.33	1.21898
1.435	0.34	1.19693
1.435	0.35	1.17507
1.435	0.36	1.15342
1.435	0.37	1.13197
1.435	0.38	1.11072
1.435	0.39	1.08966
1.435	0.4	1.06881
1.435	0.41	1.04816
1.435	0.42	1.02771
1.435	0.43	1.00747
1.435	0.44	0.987419
1.435	0.45	0.967572
1.435	0.46	0.947925
1.435	0.47	0.92848
1.435	0.48	0.909235
1.435	0.49	0.890192
1.435	0.5	0.871349
1.435	0.51	0.852706
1.435	0.52	0.834265
1.435	0.53	0.816025
1.435	0.54	0.797985
1.435	0.55	0.780146
1.435	0.56	0.762508
1.435	0.57	0.745071
1.435	0.58	0.727835
1.435	0.59	0.7108
1.435	0.6	0.693966
1.435	0.61	0.677332
1.435	0.62	0.6609
1.435	0.63	0.644668
1.435	0.64	0.628638
1.435	0.65	0.612808
1.435	0.66	0.597179
1.435	0.67	0.581752
1.435	0.68	0.566525
1.435	0.69	0.551499
1.435	0.7	0.536674
1.435	0.71	0.52205
1.435	0.72	0.507627
1.435	0.73	0.493405
1.435	0.74	0.479384
1.435	0.75	0.465564
1.435	0.76	0.451945
1.435	0.77	0.438527
1.435	0.78	0.42531
1.435	0.79	0.412294
1.435	0.8	0.399479
1.435	0.81	0.386865
1.435	0.82	0.374452
1.435	0.83	0.362239
1.435	0.84	0.350228
1.435	0.85	0.338418
1.435	0.86	0.326809
1.435	0.87	0.315401
1.435	0.88	0.304194
1.435	0.89	0.293188
1.435	0.9	0.282382
1.435	0.91	0.271778
1.435	0.92	0.261375
1.435	0.93	0.251173
1.435	0.94	0.241171
1.435	0.95	0.231371
1.435	0.96	0.221772
1.435	0.97	0.212373
1.435	0.98	0.203176
1.435	0.99	0.19418
1.435	1	0.185384
1.435	1.01	0.17679
1.435	1.02	0.168396
1.435	1.03	0.160203
1.435	1.04	0.152211
1.435	1.05	0.144421
1.435	1.06	0.136831
1.435	1.07	0.129442
1.435	1.08	0.122254
1.435	1.09	0.115266
1.435	1.1	0.10848
1.435	1.11	0.101895
1.435	1.12	0.0955101
1.435	1.13	0.0893265
1.435	1.14	0.0833437
1.435	1.15	0.0775618
1.435	1.16	0.0719807
1.435	1.17	0.0666004
1.435	1.18	0.061421
1.435	1.19	0.0564425
1.435	1.2	0.0516647
1.435	1.21	0.0470878
1.435	1.22	0.0427116
1.435	1.23	0.0385363
1.435	1.24	0.0345617
1.435	1.25	0.0307879
1.435	1.26	0.0272149
1.435	1.27	0.0238426
1.435	1.28	0.0206711
1.435	1.29	0.0177003
1.435	1.3	0.0149303
1.435	1.31	0.0123609
1.435	1.32	0.00999228
1.435	1.33	0.00782435
1.435	1.34	0.0058571
1.435	1.35	0.00409054
1.435	1.36	0.00252464
1.435	1.37	0.00115941
1.435	1.38	-5.17327e-06
1.435	1.39	-0.000969117
1.435	1.4	-0.00173243
1.435	1.41	-0.00229513
1.435	1.42	-0.00265722
1.435	1.43	-0.00281871
1.435	1.44	-0.00277962
1.435	1.45	-0.00253995
1.435	1.46	-0.00209971
1.435	1.47	-0.00145891
1.435	1.48	-0.00061756
1.435	1.49	0.000424324
1.435	1.5	0.00166673
1.435	1.51	0.00310966
1.435	1.52	0.00475309
1.435	1.53	0.00659703
1.435	1.54	0.00864145
1.435	1.55	0.0108863
1.435	1.56	0.0133317
1.435	1.57	0.0159775
1.435	1.58	0.0188238
1.435	1.59	0.0218705
1.435	1.6	0.0251176
1.435	1.61	0.0285651
1.435	1.62	0.032213
1.435	1.63	0.0360613
1.435	1.64	0.04011
1.435	1.65	0.0443591
1.435	1.66	0.0488085
1.435	1.67	0.0534582
1.435	1.68	0.0583083
1.435	1.69	0.0633587
1.435	1.7	0.0686094
1.435	1.71	0.0740605
1.435	1.72	0.0797118
1.435	1.73	0.0855634
1.435	1.74	0.0916153
1.435	1.75	0.0978674
1.435	1.76	0.10432
1.435	1.77	0.110972
1.435	1.78	0.117825
1.435	1.79	0.124878
1.435	1.8	0.132132
1.435	1.81	0.139585
1.435	1.82	0.147239
1.435	1.83	0.155093
1.435	1.84	0.163147
1.435	1.85	0.171401
1.435	1.86	0.179855
1.435	1.87	0.18851
1.435	1.88	0.197364
1.435	1.89	0.206419
1.435	1.9	0.215674
1.435	1.91	0.225129
1.435	1.92	0.234784
1.435	1.93	0.244639
1.435	1.94	0.254694
1.435	1.95	0.264949
1.435	1.96	0.275404
1.435	1.97	0.286059
1.435	1.98	0.296915
1.435	1.99	0.30797
1.435	2	0.319225
1.44	0	2.0736
1.44	0.01	2.04483
1.44	0.02	2.01627
1.44	0.03	1.9879
1.44	0.04	1.95974
1.44	0.05	1.93177
1.44	0.06	1.90401
1.44	0.07	1.87644
1.44	0.08	1.84908
1.44	0.09	1.82191
1.44	0.1	1.79495
1.44	0.11	1.76818
1.44	0.12	1.74162
1.44	0.13	1.71525
1.44	0.14	1.68909
1.44	0.15	1.66313
1.44	0.16	1.63736
1.44	0.17	1.6118
1.44	0.18	1.58644
1.44	0.19	1.56127
1.44	0.2	1.53631
1.44	0.21	1.51155
1.44	0.22	1.48699
1.44	0.23	1.46263
1.44	0.24	1.43847
1.44	0.25	1.41451
1.44	0.26	1.39075
1.44	0.27	1.36719
1.44	0.28	1.34383
1.44	0.29	1.32068
1.44	0.3	1.29772
1.44	0.31	1.27496
1.44	0.32	1.25241
1.44	0.33	1.23005
1.44	0.34	1.2079
1.44	0.35	1.18594
1.44	0.36	1.16419
1.44	0.37	1.14264
1.44	0.38	1.12128
1.44	0.39	1.10013
1.44	0.4	1.07918
1.44	0.41	1.05843
1.44	0.42	1.03788
1.44	0.43	1.01753
1.44	0.44	0.997385
1.44	0.45	0.977438
1.44	0.46	0.957692
1.44	0.47	0.938146
1.44	0.48	0.918801
1.44	0.49	0.899657
1.44	0.5	0.880714
1.44	0.51	0.861972
1.44	0.52	0.84343
1.44	0.53	0.82509
1.44	0.54	0.80695
1.44	0.55	0.789011
1.44	0.56	0.771273
1.44	0.57	0.753736
1.44	0.58	0.7364
1.44	0.59	0.719264
1.44	0.6	0.70233
1.44	0.61	0.685596
1.44	0.62	0.669064
1.44	0.63	0.652732
1.44	0.64	0.636602
1.44	0.65	0.620672
1.44	0.66	0.604943
1.44	0.67	0.589415
1.44	0.68	0.574088
1.44	0.69	0.558962
1.44	0.7	0.544037
1.44	0.71	0.529313
1.44	0.72	0.51479
1.44	0.73	0.500468
1.44	0.74	0.486347
1.44	0.75	0.472427
1.44	0.76	0.458708
1.44	0.77	0.44519
1.44	0.78	0.431873
1.44	0.79	0.418756
1.44	0.8	0.405841
1.44	0.81	0.393127
1.44	0.82	0.380614
1.44	0.83	0.368302
1.44	0.84	0.356191
1.44	0.85	0.344281
1.44	0.86	0.332571
1.44	0.87	0.321063
1.44	0.88	0.309756
1.44	0.89	0.29865
1.44	0.9	0.287745
1.44	0.91	0.27704
1.44	0.92	0.266537
1.44	0.93	0.256235
1.44	0.94	0.246134
1.44	0.95	0.236233
1.44	0.96	0.226534
1.44	0.97	0.217036
1.44	0.98	0.207738
1.44	0.99	0.198642
1.44	1	0.189746
1.44	1.01	0.181052
1.44	1.02	0.172558
1.44	1.03	0.164266
1.44	1.04	0.156174
1.44	1.05	0.148283
1.44	1.06	0.140593
1.44	1.07	0.133104
1.44	1.08	0.125816
1.44	1.09	0.118729
1.44	1.1	0.111843
1.44	1.11	0.105157
1.44	1.12	0.0986728
1.44	1.13	0.0923892
1.44	1.14	0.0863065
1.44	1.15	0.0804246
1.44	1.16	0.0747436
1.44	1.17	0.0692634
1.44	1.18	0.0639841
1.44	1.19	0.0589056
1.44	1.2	0.0540279
1.44	1.21	0.0493511
1.44	1.22	0.044875
1.44	1.23	0.0405997
1.44	1.24	0.0365252
1.44	1.25	0.0326515
1.44	1.26	0.0289786
1.44	1.27	0.0255064
1.44	1.28	0.022235
1.44	1.29	0.0191643
1.44	1.3	0.0162944
1.44	1.31	0.0136251
1.44	1.32	0.0111566
1.44	1.33	0.00888877
1.44	1.34	0.00682164
1.44	1.35	0.00495518
1.44	1.36	0.0032894
1.44	1.37	0.00182429
1.44	1.38	0.000559822
1.44	1.39	-0.000504001
1.44	1.4	-0.00136719
1.44	1.41	-0.00202977
1.44	1.42	-0.00249173
1.44	1.43	-0.00275309
1.44	1.44	-0.00281387
1.44	1.45	-0.00267406
1.44	1.46	-0.00233368
1.44	1.47	-0.00179275
1.44	1.48	-0.00105126
1.44	1.49	-0.000109238
1.44	1.5	0.00103331
1.44	1.51	0.00237638
1.44	1.52	0.00391996
1.44	1.53	0.00566404
1.44	1.54	0.00760861
1.44	1.55	0.00975366
1.44	1.56	0.0120992
1.44	1.57	0.0146451
1.44	1.58	0.0173915
1.44	1.59	0.0203384
1.44	1.6	0.0234857
1.44	1.61	0.0268333
1.44	1.62	0.0303814
1.44	1.63	0.0341299
1.44	1.64	0.0380787
1.44	1.65	0.0422279
1.44	1.66	0.0465775
1.44	1.67	0.0511274
1.44	1.68	0.0558776
1.44	1.69	0.0608282
1.44	1.7	0.0659791
1.44	1.71	0.0713303
1.44	1.72	0.0768818
1.44	1.73	0.0826336
1.44	1.74	0.0885856
1.44	1.75	0.094738
1.44	1.76	0.101091
1.44	1.77	0.107643
1.44	1.78	0.114396
1.44	1.79	0.12135
1.44	1.8	0.128503
1.44	1.81	0.135857
1.44	1.82	0.143411
1.44	1.83	0.151165
1.44	1.84	0.159119
1.44	1.85	0.167273
1.44	1.86	0.175628
1.44	1.87	0.184182
1.44	1.88	0.192937
1.44	1.89	0.201892
1.44	1.9	0.211047
1.44	1.91	0.220402
1.44	1.92	0.229957
1.44	1.93	0.239712
1.44	1.94	0.249668
1.44	1.95	0.259823
1.44	1.96	0.270178
1.44	1.97	0.280734
1.44	1.98	0.291489
1.44	1.99	0.302445
1.44	2	0.3136
1.445	0	2.08803
1.445	0.01	2.05916
1.445	0.02	2.03049
1.445	0.03	2.00203
1.445	0.04	1.97376
1.445	0.05	1.9457
1.445	0.06	1.91783
1.445	0.07	1.89016
1.445	0.08	1.8627
1.445	0.09	1.83543
1.445	0.1	1.80837
1.445	0.11	1.7815
1.445	0.12	1.75484
1.445	0.13	1.72838
1.445	0.14	1.70211
1.445	0.15	1.67605
1.445	0.16	1.65018
1.445	0.17	1.62452
1.445	0.18	1.59906
1.445	0.19	1.5738
1.445	0.2	1.54873
1.445	0.21	1.52387
1.445	0.22	1.49921
1.445	0.23	1.47475
1.445	0.24	1.45049
1.445	0.25	1.42643
1.445	0.26	1.40257
1.445	0.27	1.37891
1.445	0.28	1.35545
1.445	0.29	1.3322
1.445	0.3	1.30914
1.445	0.31	1.28628
1.445	0.32	1.26363
1.445	0.33	1.24117
1.445	0.34	1.21892
1.445	0.35	1.19686
1.445	0.36	1.17501
1.445	0.37	1.15335
1.445	0.38	1.1319
1.445	0.39	1.11065
1.445	0.4	1.0896
1.445	0.41	1.06875
1.445	0.42	1.0481
1.445	0.43	1.02765
1.445	0.44	1.0074
1.445	0.45	0.987355
1.445	0.46	0.967509
1.445	0.47	0.947863
1.445	0.48	0.928418
1.445	0.49	0.909174
1.445	0.5	0.890131
1.445	0.51	0.871289
1.445	0.52	0.852647
1.445	0.53	0.834206
1.445	0.54	0.815966
1.445	0.55	0.797927
1.445	0.56	0.780089
1.445	0.57	0.762452
1.445	0.58	0.745016
1.445	0.59	0.72778
1.445	0.6	0.710746
1.445	0.61	0.693912
1.445	0.62	0.67728
1.445	0.63	0.660848
1.445	0.64	0.644617
1.445	0.65	0.628587
1.445	0.66	0.612758
1.445	0.67	0.59713
1.445	0.68	0.581703
1.445	0.69	0.566477
1.445	0.7	0.551452
1.445	0.71	0.536628
1.445	0.72	0.522005
1.445	0.73	0.507583
1.445	0.74	0.493362
1.445	0.75	0.479342
1.445	0.76	0.465522
1.445	0.77	0.451904
1.445	0.78	0.438487
1.445	0.79	0.425271
1.445	0.8	0.412256
1.445	0.81	0.399442
1.445	0.82	0.386828
1.445	0.83	0.374416
1.445	0.84	0.362205
1.445	0.85	0.350195
1.445	0.86	0.338386
1.445	0.87	0.326777
1.445	0.88	0.31537
1.445	0.89	0.304164
1.445	0.9	0.293159
1.445	0.91	0.282355
1.445	0.92	0.271751
1.445	0.93	0.261349
1.445	0.94	0.251148
1.445	0.95	0.241147
1.445	0.96	0.231348
1.445	0.97	0.22175
1.445	0.98	0.212352
1.445	0.99	0.203156
1.445	1	0.19416
1.445	1.01	0.185366
1.445	1.02	0.176772
1.445	1.03	0.16838
1.445	1.04	0.160188
1.445	1.05	0.152197
1.445	1.06	0.144407
1.445	1.07	0.136818
1.445	1.08	0.12943
1.445	1.09	0.122243
1.445	1.1	0.115257
1.445	1.11	0.108472
1.445	1.12	0.101887
1.445	1.13	0.0955038
1.445	1.14	0.0893211
1.445	1.15	0.0833393
1.445	1.16	0.0775583
1.445	1.17	0.0719782
1.445	1.18	0.0665989
1.445	1.19	0.0614205
1.445	1.2	0.0564429
1.445	1.21	0.0516661
1.445	1.22	0.0470901
1.445	1.23	0.0427149
1.445	1.24	0.0385405
1.445	1.25	0.0345668
1.445	1.26	0.030794
1.445	1.27	0.0272219
1.445	1.28	0.0238506
1.445	1.29	0.02068
1.445	1.3	0.0177101
1.445	1.31	0.0149409
1.445	1.32	0.0123725
1.445	1.33	0.0100048
1.445	1.34	0.00783759
1.445	1.35	0.00587121
1.445	1.36	0.00410552
1.445	1.37	0.00254051
1.445	1.38	0.00117614
1.445	1.39	1.24243e-05
1.445	1.4	-0.000950662
1.445	1.41	-0.00171313
1.445	1.42	-0.00227498
1.445	1.43	-0.00263623
1.445	1.44	-0.00279689
1.445	1.45	-0.00275696
1.445	1.46	-0.00251647
1.445	1.47	-0.00207541
1.445	1.48	-0.00143381
1.445	1.49	-0.000591665
1.445	1.5	0.00045101
1.445	1.51	0.0016942
1.445	1.52	0.00313791
1.445	1.53	0.00478212
1.445	1.54	0.00662681
1.445	1.55	0.00867199
1.445	1.56	0.0109176
1.445	1.57	0.0133637
1.445	1.58	0.0160103
1.445	1.59	0.0188573
1.445	1.6	0.0219047
1.445	1.61	0.0251525
1.445	1.62	0.0286007
1.445	1.63	0.0322493
1.445	1.64	0.0360983
1.445	1.65	0.0401476
1.445	1.66	0.0443973
1.445	1.67	0.0488474
1.445	1.68	0.0534977
1.445	1.69	0.0583485
1.445	1.7	0.0633995
1.445	1.71	0.0686509
1.445	1.72	0.0741025
1.445	1.73	0.0797544
1.445	1.74	0.0856066
1.445	1.75	0.0916591
1.445	1.76	0.0979118
1.445	1.77	0.104365
1.445	1.78	0.111018
1.445	1.79	0.117871
1.445	1.8	0.124925
1.445	1.81	0.132179
1.445	1.82	0.139633
1.445	1.83	0.147287
1.445	1.84	0.155141
1.445	1.85	0.163196
1.445	1.86	0.17145
1.445	1.87	0.179905
1.445	1.88	0.18856
1.445	1.89	0.197415
1.445	1.9	0.20647
1.445	1.91	0.215726
1.445	1.92	0.225181
1.445	1.93	0.234836
1.445	1.94	0.244692
1.445	1.95	0.254747
1.445	1.96	0.265003
1.445	1.97	0.275458
1.445	1.98	0.286114
1.445	1.99	0.296969
1.445	2	0.308025
1.45	0	2.1025
1.45	0.01	2.07353
1.45	0.02	2.04477
1.45	0.03	2.0162
1.45	0.04	1.98784
1.45	0.05	1.95967
1.45	0.06	1.9317
1.45	0.07	1.90394
1.45	0.08	1.87637
1.45	0.09	1.84901
1.45	0.1	1.82184
1.45	0.11	1.79488
1.45	0.12	1.76811
1.45	0.13	1.74155
1.45	0.14	1.71518
1.45	0.15	1.68902
1.45	0.16	1.66306
1.45	0.17	1.63729
1.45	0.18	1.61173
1.45	0.19	1.58637
1.45	0.2	1.56121
1.45	0.21	1.53624
1.45	0.22	1.51148
1.45	0.23	1.48692
1.45	0.24	1.46256
1.45	0.25	1.4384
1.45	0.26	1.41444
1.45	0.27	1.39068
1.45	0.28	1.36712
1.45	0.29	1.34377
1.45	0.3	1.32061
1.45	0.31	1.29765
1.45	0.32	1.2749
1.45	0.33	1.25234
1.45	0.34	1.22998
1.45	0.35	1.20783
1.45	0.36	1.18588
1.45	0.37	1.16412
1.45	0.38	1.14257
1.45	0.39	1.12122
1.45	0.4	1.10007
1.45	0.41	1.07912
1.45	0.42	1.05837
1.45	0.43	1.03782
1.45	0.44	1.01747
1.45	0.45	0.997324
1.45	0.46	0.977377
1.45	0.47	0.957631
1.45	0.48	0.938086
1.45	0.49	0.918742
1.45	0.5	0.899599
1.45	0.51	0.880656
1.45	0.52	0.861914
1.45	0.53	0.843374
1.45	0.54	0.825034
1.45	0.55	0.806895
1.45	0.56	0.788956
1.45	0.57	0.771219
1.45	0.58	0.753683
1.45	0.59	0.736347
1.45	0.6	0.719212
1.45	0.61	0.702279
1.45	0.62	0.685546
1.45	0.63	0.669014
1.45	0.64	0.652683
1.45	0.65	0.636553
1.45	0.66	0.620624
1.45	0.67	0.604896
1.45	0.68	0.589369
1.45	0.69	0.574043
1.45	0.7	0.558918
1.45	0.71	0.543994
1.45	0.72	0.529271
1.45	0.73	0.514749
1.45	0.74	0.500427
1.45	0.75	0.486307
1.45	0.76	0.472388
1.45	0.77	0.45867
1.45	0.78	0.445153
1.45	0.79	0.431836
1.45	0.8	0.418721
1.45	0.81	0.405807
1.45	0.82	0.393094
1.45	0.83	0.380581
1.45	0.84	0.36827
1.45	0.85	0.35616
1.45	0.86	0.344251
1.45	0.87	0.332543
1.45	0.88	0.321035
1.45	0.89	0.309729
1.45	0.9	0.298624
1.45	0.91	0.28772
1.45	0.92	0.277016
1.45	0.93	0.266514
1.45	0.94	0.256213
1.45	0.95	0.246113
1.45	0.96	0.236213
1.45	0.97	0.226515
1.45	0.98	0.217017
1.45	0.99	0.207721
1.45	1	0.198626
1.45	1.01	0.189731
1.45	1.02	0.181037
1.45	1.03	0.172545
1.45	1.04	0.164253
1.45	1.05	0.156162
1.45	1.06	0.148273
1.45	1.07	0.140584
1.45	1.08	0.133096
1.45	1.09	0.125809
1.45	1.1	0.118722
1.45	1.11	0.111837
1.45	1.12	0.105153
1.45	1.13	0.0986693
1.45	1.14	0.0923866
1.45	1.15	0.0863049
1.45	1.16	0.080424
1.45	1.17	0.0747439
1.45	1.18	0.0692647
1.45	1.19	0.0639863
1.45	1.2	0.0589087
1.45	1.21	0.054032
1.45	1.22	0.049356
1.45	1.23	0.0448809
1.45	1.24	0.0406066
1.45	1.25	0.036533
1.45	1.26	0.0326602
1.45	1.27	0.0289882
1.45	1.28	0.0255169
1.45	1.29	0.0222464
1.45	1.3	0.0191766
1.45	1.31	0.0163075
1.45	1.32	0.0136392
1.45	1.33	0.0111715
1.45	1.34	0.00890443
1.45	1.35	0.00683813
1.45	1.36	0.00497253
1.45	1.37	0.00330761
1.45	1.38	0.00184334
1.45	1.39	0.000579714
1.45	1.4	-0.000483276
1.45	1.41	-0.00134564
1.45	1.42	-0.00200739
1.45	1.43	-0.00246854
1.45	1.44	-0.0027291
1.45	1.45	-0.00278907
1.45	1.46	-0.00264847
1.45	1.47	-0.00230731
1.45	1.48	-0.0017656
1.45	1.49	-0.00102334
1.45	1.5	-8.05562e-05
1.45	1.51	0.00106275
1.45	1.52	0.00240657
1.45	1.53	0.00395089
1.45	1.54	0.0056957
1.45	1.55	0.007641
1.45	1.56	0.00978676
1.45	1.57	0.012133
1.45	1.58	0.0146796
1.45	1.59	0.0174267
1.45	1.6	0.0203743
1.45	1.61	0.0235222
1.45	1.62	0.0268705
1.45	1.63	0.0304193
1.45	1.64	0.0341684
1.45	1.65	0.0381178
1.45	1.66	0.0422677
1.45	1.67	0.0466178
1.45	1.68	0.0511684
1.45	1.69	0.0559192
1.45	1.7	0.0608704
1.45	1.71	0.0660219
1.45	1.72	0.0713736
1.45	1.73	0.0769257
1.45	1.74	0.082678
1.45	1.75	0.0886306
1.45	1.76	0.0947835
1.45	1.77	0.101137
1.45	1.78	0.10769
1.45	1.79	0.114443
1.45	1.8	0.121397
1.45	1.81	0.128551
1.45	1.82	0.135905
1.45	1.83	0.14346
1.45	1.84	0.151214
1.45	1.85	0.159169
1.45	1.86	0.167323
1.45	1.87	0.175678
1.45	1.88	0.184233
1.45	1.89	0.192989
1.45	1.9	0.201944
1.45	1.91	0.211099
1.45	1.92	0.220455
1.45	1.93	0.23001
1.45	1.94	0.239766
1.45	1.95	0.249721
1.45	1.96	0.259877
1.45	1.97	0.270233
1.45	1.98	0.280789
1.45	1.99	0.291544
1.45	2	0.3025
1.455	0	2.11703
1.455	0.01	2.08796
1.455	0.02	2.05909
1.455	0.03	2.03043
1.455	0.04	2.00196
1.455	0.05	1.97369
1.455	0.06	1.94563
1.455	0.07	1.91776
1.455	0.08	1.8901
1.455	0.09	1.86263
1.455	0.1	1.83537
1.455	0.11	1.8083
1.455	0.12	1.78144
1.455	0.13	1.75477
1.455	0.14	1.72831
1.455	0.15	1.70204
1.455	0.16	1.67598
1.455	0.17	1.65012
1.455	0.18	1.62445
1.455	0.19	1.59899
1.455	0.2	1.57373
1.455	0.21	1.54867
1.455	0.22	1.5238
1.455	0.23	1.49914
1.455	0.24	1.47468
1.455	0.25	1.45042
1.455	0.26	1.42636
1.455	0.27	1.4025
1.455	0.28	1.37884
1.455	0.29	1.35539
1.455	0.3	1.33213
1.455	0.31	1.30907
1.455	0.32	1.28622
1.455	0.33	1.26356
1.455	0.34	1.2411
1.455	0.35	1.21885
1.455	0.36	1.1968
1.455	0.37	1.17494
1.455	0.38	1.15329
1.455	0.39	1.13184
1.455	0.4	1.11059
1.455	0.41	1.08954
1.455	0.42	1.06869
1.455	0.43	1.04804
1.455	0.44	1.02759
1.455	0.45	1.00734
1.455	0.46	0.987295
1.455	0.47	0.967449
1.455	0.48	0.947804
1.455	0.49	0.92836
1.455	0.5	0.909116
1.455	0.51	0.890074
1.455	0.52	0.871232
1.455	0.53	0.852591
1.455	0.54	0.834151
1.455	0.55	0.815912
1.455	0.56	0.797873
1.455	0.57	0.780036
1.455	0.58	0.762399
1.455	0.59	0.744964
1.455	0.6	0.727729
1.455	0.61	0.710695
1.455	0.62	0.693862
1.455	0.63	0.67723
1.455	0.64	0.6608
1.455	0.65	0.64457
1.455	0.66	0.62854
1.455	0.67	0.612712
1.455	0.68	0.597085
1.455	0.69	0.581659
1.455	0.7	0.566434
1.455	0.71	0.55141
1.455	0.72	0.536586
1.455	0.73	0.521964
1.455	0.74	0.507543
1.455	0.75	0.493323
1.455	0.76	0.479303
1.455	0.77	0.465485
1.455	0.78	0.451868
1.455	0.79	0.438452
1.455	0.8	0.425236
1.455	0.81	0.412222
1.455	0.82	0.399409
1.455	0.83	0.386797
1.455	0.84	0.374385
1.455	0.85	0.362175
1.455	0.86	0.350166
1.455	0.87	0.338358
1.455	0.88	0.32675
1.455	0.89	0.315344
1.455	0.9	0.304139
1.455	0.91	0.293135
1.455	0.92	0.282331
1.455	0.93	0.271729
1.455	0.94	0.261328
1.455	0.95	0.251128
1.455	0.96	0.241128
1.455	0.97	0.23133
1.455	0.98	0.221733
1.455	0.99	0.212336
1.455	1	0.203141
1.455	1.01	0.194146
1.455	1.02	0.185353
1.455	1.03	0.17676
1.455	1.04	0.168368
1.455	1.05	0.160178
1.455	1.06	0.152188
1.455	1.07	0.144399
1.455	1.08	0.136811
1.455	1.09	0.129424
1.455	1.1	0.122238
1.455	1.11	0.115253
1.455	1.12	0.108468
1.455	1.13	0.101885
1.455	1.14	0.0955022
1.455	1.15	0.0893204
1.455	1.16	0.0833396
1.455	1.17	0.0775596
1.455	1.18	0.0719804
1.455	1.19	0.0666021
1.455	1.2	0.0614246
1.455	1.21	0.0564479
1.455	1.22	0.051672
1.455	1.23	0.0470969
1.455	1.24	0.0427227
1.455	1.25	0.0385492
1.455	1.26	0.0345765
1.455	1.27	0.0308045
1.455	1.28	0.0272333
1.455	1.29	0.0238629
1.455	1.3	0.0206931
1.455	1.31	0.0177242
1.455	1.32	0.0149559
1.455	1.33	0.0123883
1.455	1.34	0.0100213
1.455	1.35	0.00785511
1.455	1.36	0.00588961
1.455	1.37	0.00412477
1.455	1.38	0.00256059
1.455	1.39	0.00119706
1.455	1.4	3.41685e-05
1.455	1.41	-0.0009281
1.455	1.42	-0.00168975
1.455	1.43	-0.0022508
1.455	1.44	-0.00261125
1.455	1.45	-0.00277112
1.455	1.46	-0.00273042
1.455	1.47	-0.00248915
1.455	1.48	-0.00204733
1.455	1.49	-0.00140496
1.455	1.5	-0.000562069
1.455	1.51	0.00048135
1.455	1.52	0.00172528
1.455	1.53	0.00316972
1.455	1.54	0.00481464
1.455	1.55	0.00666005
1.455	1.56	0.00870593
1.455	1.57	0.0109523
1.455	1.58	0.013399
1.455	1.59	0.0160463
1.455	1.6	0.0188939
1.455	1.61	0.021942
1.455	1.62	0.0251904
1.455	1.63	0.0286393
1.455	1.64	0.0322885
1.455	1.65	0.0361381
1.455	1.66	0.040188
1.455	1.67	0.0444383
1.455	1.68	0.048889
1.455	1.69	0.05354
1.455	1.7	0.0583913
1.455	1.71	0.0634429
1.455	1.72	0.0686948
1.455	1.73	0.074147
1.455	1.74	0.0797994
1.455	1.75	0.0856522
1.455	1.76	0.0917051
1.455	1.77	0.0979584
1.455	1.78	0.104412
1.455	1.79	0.111066
1.455	1.8	0.117919
1.455	1.81	0.124973
1.455	1.82	0.132228
1.455	1.83	0.139682
1.455	1.84	0.147337
1.455	1.85	0.155192
1.455	1.86	0.163247
1.455	1.87	0.171502
1.455	1.88	0.179957
1.455	1.89	0.188612
1.455	1.9	0.197468
1.455	1.91	0.206523
1.455	1.92	0.215779
1.455	1.93	0.225234
1.455	1.94	0.23489
1.455	1.95	0.244746
1.455	1.96	0.254802
1.455	1.97	0.265057
1.455	1.98	0.275513
1.455	1.99	0.286169
1.455	2	0.297025
1.46	0	2.1316
1.46	0.01	2.10243
1.46	0.02	2.07347
1.46	0.03	2.0447
1.46	0.04	2.01613
1.46	0.05	1.98777
1.46	0.06	1.9596
1.46	0.07	1.93164
1.46	0.08	1.90387
1.46	0.09	1.8763
1.46	0.1	1.84894
1.46	0.11	1.82177
1.46	0.12	1.79481
1.46	0.13	1.76804
1.46	0.14	1.74148
1.46	0.15	1.71512
1.46	0.16	1.68895
1.46	0.17	1.66299
1.46	0.18	1.63723
1.46	0.19	1.61166
1.46	0.2	1.5863
1.46	0.21	1.56114
1.46	0.22	1.53618
1.46	0.23	1.51141
1.46	0.24	1.48685
1.46	0.25	1.46249
1.46	0.26	1.43833
1.46	0.27	1.41437
1.46	0.28	1.39062
1.46	0.29	1.36706
1.46	0.3	1.3437
1.46	0.31	1.32054
1.46	0.32	1.29759
1.46	0.33	1.27483
1.46	0.34	1.25228
1.46	0.35	1.22992
1.46	0.36	1.20777
1.46	0.37	1.18581
1.46	0.38	1.16406
1.46	0.39	1.14251
1.46	0.4	1.12116
1.46	0.41	1.10001
1.46	0.42	1.07906
1.46	0.43	1.05831
1.46	0.44	1.03776
1.46	0.45	1.01741
1.46	0.46	0.997265
1.46	0.47	0.977319
1.46	0.48	0.957573
1.46	0.49	0.938029
1.46	0.5	0.918685
1.46	0.51	0.899543
1.46	0.52	0.880601
1.46	0.53	0.86186
1.46	0.54	0.84332
1.46	0.55	0.82498
1.46	0.56	0.806842
1.46	0.57	0.788904
1.46	0.58	0.771168
1.46	0.59	0.753632
1.46	0.6	0.736297
1.46	0.61	0.719163
1.46	0.62	0.702231
1.46	0.63	0.685499
1.46	0.64	0.668968
1.46	0.65	0.652637
1.46	0.66	0.636508
1.46	0.67	0.62058
1.46	0.68	0.604853
1.46	0.69	0.589327
1.46	0.7	0.574002
1.46	0.71	0.558877
1.46	0.72	0.543954
1.46	0.73	0.529232
1.46	0.74	0.51471
1.46	0.75	0.50039
1.46	0.76	0.486271
1.46	0.77	0.472353
1.46	0.78	0.458635
1.46	0.79	0.445119
1.46	0.8	0.431804
1.46	0.81	0.418689
1.46	0.82	0.405776
1.46	0.83	0.393064
1.46	0.84	0.380553
1.46	0.85	0.368242
1.46	0.86	0.356133
1.46	0.87	0.344225
1.46	0.88	0.332518
1.46	0.89	0.321011
1.46	0.9	0.309706
1.46	0.91	0.298602
1.46	0.92	0.287698
1.46	0.93	0.276996
1.46	0.94	0.266495
1.46	0.95	0.256195
1.46	0.96	0.246095
1.46	0.97	0.236197
1.46	0.98	0.2265
1.46	0.99	0.217003
1.46	1	0.207708
1.46	1.01	0.198613
1.46	1.02	0.18972
1.46	1.03	0.181027
1.46	1.04	0.172535
1.46	1.05	0.164245
1.46	1.06	0.156155
1.46	1.07	0.148266
1.46	1.08	0.140578
1.46	1.09	0.133091
1.46	1.1	0.125805
1.46	1.11	0.11872
1.46	1.12	0.111835
1.46	1.13	0.105152
1.46	1.14	0.0986695
1.46	1.15	0.0923878
1.46	1.16	0.086307
1.46	1.17	0.080427
1.46	1.18	0.0747479
1.46	1.19	0.0692696
1.46	1.2	0.0639922
1.46	1.21	0.0589155
1.46	1.22	0.0540397
1.46	1.23	0.0493647
1.46	1.24	0.0448905
1.46	1.25	0.040617
1.46	1.26	0.0365444
1.46	1.27	0.0326725
1.46	1.28	0.0290014
1.46	1.29	0.025531
1.46	1.3	0.0222613
1.46	1.31	0.0191924
1.46	1.32	0.0163242
1.46	1.33	0.0136567
1.46	1.34	0.0111898
1.46	1.35	0.00892369
1.46	1.36	0.00685826
1.46	1.37	0.0049935
1.46	1.38	0.00332939
1.46	1.39	0.00186594
1.46	1.4	0.000603119
1.46	1.41	-0.000459071
1.46	1.42	-0.00132064
1.46	1.43	-0.00198161
1.46	1.44	-0.00244198
1.46	1.45	-0.00270177
1.46	1.46	-0.00276098
1.46	1.47	-0.00261962
1.46	1.48	-0.00227772
1.46	1.49	-0.00173527
1.46	1.5	-0.000992282
1.46	1.51	-4.87742e-05
1.46	1.52	0.00109525
1.46	1.53	0.00243977
1.46	1.54	0.00398479
1.46	1.55	0.00573029
1.46	1.56	0.00767626
1.46	1.57	0.00982269
1.46	1.58	0.0121696
1.46	1.59	0.0147169
1.46	1.6	0.0174646
1.46	1.61	0.0204128
1.46	1.62	0.0235613
1.46	1.63	0.0269103
1.46	1.64	0.0304596
1.46	1.65	0.0342093
1.46	1.66	0.0381594
1.46	1.67	0.0423098
1.46	1.68	0.0466605
1.46	1.69	0.0512116
1.46	1.7	0.055963
1.46	1.71	0.0609147
1.46	1.72	0.0660667
1.46	1.73	0.071419
1.46	1.74	0.0769716
1.46	1.75	0.0827244
1.46	1.76	0.0886775
1.46	1.77	0.0948308
1.46	1.78	0.101184
1.46	1.79	0.107738
1.46	1.8	0.114492
1.46	1.81	0.121446
1.46	1.82	0.128601
1.46	1.83	0.135955
1.46	1.84	0.14351
1.46	1.85	0.151265
1.46	1.86	0.15922
1.46	1.87	0.167375
1.46	1.88	0.17573
1.46	1.89	0.184286
1.46	1.9	0.193041
1.46	1.91	0.201997
1.46	1.92	0.211153
1.46	1.93	0.220508
1.46	1.94	0.230064
1.46	1.95	0.23982
1.46	1.96	0.249776
1.46	1.97	0.259932
1.46	1.98	0.270288
1.46	1.99	0.280844
1.46	2	0.2916
1.465	0	2.14623
1.465	0.01	2.11696
1.465	0.02	2.08789
1.465	0.03	2.05903
1.465	0.04	2.03036
1.465	0.05	2.00189
1.465	0.06	1.97363
1.465	0.07	1.94556
1.465	0.08	1.91769
1.465	0.09	1.89003
1.465	0.1	1.86256
1.465	0.11	1.8353
1.465	0.12	1.80823
1.465	0.13	1.78137
1.465	0.14	1.7547
1.465	0.15	1.72824
1.465	0.16	1.70197
1.465	0.17	1.67591
1.465	0.18	1.65005
1.465	0.19	1.62439
1.465	0.2	1.59892
1.465	0.21	1.57366
1.465	0.22	1.5486
1.465	0.23	1.52374
1.465	0.24	1.49908
1.465	0.25	1.47462
1.465	0.26	1.45036
1.465	0.27	1.4263
1.465	0.28	1.40244
1.465	0.29	1.37878
1.465	0.3	1.35532
1.465	0.31	1.33206
1.465	0.32	1.30901
1.465	0.33	1.28615
1.465	0.34	1.2635
1.465	0.35	1.24104
1.465	0.36	1.21879
1.465	0.37	1.19673
1.465	0.38	1.17488
1.465	0.39	1.15323
1.465	0.4	1.13178
1.465	0.41	1.11053
1.465	0.42	1.08948
1.465	0.43	1.06863
1.465	0.44	1.04798
1.465	0.45	1.02753
1.465	0.46	1.00728
1.465	0.47	0.987239
1.465	0.48	0.967393
1.465	0.49	0.947749
1.465	0.5	0.928305
1.465	0.51	0.909062
1.465	0.52	0.89002
1.465	0.53	0.871179
1.465	0.54	0.852539
1.465	0.55	0.8341
1.465	0.56	0.815861
1.465	0.57	0.797824
1.465	0.58	0.779987
1.465	0.59	0.762351
1.465	0.6	0.744916
1.465	0.61	0.727682
1.465	0.62	0.710649
1.465	0.63	0.693817
1.465	0.64	0.677186
1.465	0.65	0.660756
1.465	0.66	0.644527
1.465	0.67	0.628499
1.465	0.68	0.612672
1.465	0.69	0.597045
1.465	0.7	0.58162
1.465	0.71	0.566396
1.465	0.72	0.551372
1.465	0.73	0.53655
1.465	0.74	0.521929
1.465	0.75	0.507508
1.465	0.76	0.493289
1.465	0.77	0.479271
1.465	0.78	0.465453
1.465	0.79	0.451837
1.465	0.8	0.438422
1.465	0.81	0.425207
1.465	0.82	0.412194
1.465	0.83	0.399382
1.465	0.84	0.386771
1.465	0.85	0.37436
1.465	0.86	0.362151
1.465	0.87	0.350143
1.465	0.88	0.338335
1.465	0.89	0.326729
1.465	0.9	0.315324
1.465	0.91	0.30412
1.465	0.92	0.293116
1.465	0.93	0.282314
1.465	0.94	0.271713
1.465	0.95	0.261313
1.465	0.96	0.251113
1.465	0.97	0.241115
1.465	0.98	0.231317
1.465	0.99	0.221721
1.465	1	0.212326
1.465	1.01	0.203131
1.465	1.02	0.194138
1.465	1.03	0.185345
1.465	1.04	0.176753
1.465	1.05	0.168363
1.465	1.06	0.160173
1.465	1.07	0.152184
1.465	1.08	0.144396
1.465	1.09	0.136809
1.465	1.1	0.129423
1.465	1.11	0.122238
1.465	1.12	0.115254
1.465	1.13	0.10847
1.465	1.14	0.101888
1.465	1.15	0.0955061
1.465	1.16	0.0893253
1.465	1.17	0.0833454
1.465	1.18	0.0775663
1.465	1.19	0.0719881
1.465	1.2	0.0666106
1.465	1.21	0.0614341
1.465	1.22	0.0564583
1.465	1.23	0.0516833
1.465	1.24	0.0471091
1.465	1.25	0.0427357
1.465	1.26	0.0385631
1.465	1.27	0.0345913
1.465	1.28	0.0308202
1.465	1.29	0.0272499
1.465	1.3	0.0238803
1.465	1.31	0.0207114
1.465	1.32	0.0177433
1.465	1.33	0.0149758
1.465	1.34	0.0124091
1.465	1.35	0.010043
1.465	1.36	0.00787764
1.465	1.37	0.00591294
1.465	1.38	0.0041489
1.465	1.39	0.00258551
1.465	1.4	0.00122276
1.465	1.41	6.06399e-05
1.465	1.42	-0.000900863
1.465	1.43	-0.00166176
1.465	1.44	-0.00222206
1.465	1.45	-0.00258177
1.465	1.46	-0.0027409
1.465	1.47	-0.00269947
1.465	1.48	-0.00245749
1.465	1.49	-0.00201496
1.465	1.5	-0.0013719
1.465	1.51	-0.00052831
1.465	1.52	0.000515792
1.465	1.53	0.0017604
1.465	1.54	0.0032055
1.465	1.55	0.00485108
1.465	1.56	0.00669714
1.465	1.57	0.00874365
1.465	1.58	0.0109906
1.465	1.59	0.013438
1.465	1.6	0.0160858
1.465	1.61	0.0189341
1.465	1.62	0.0219827
1.465	1.63	0.0252318
1.465	1.64	0.0286812
1.465	1.65	0.032331
1.465	1.66	0.0361811
1.465	1.67	0.0402316
1.465	1.68	0.0444825
1.465	1.69	0.0489336
1.465	1.7	0.0535851
1.465	1.71	0.0584369
1.465	1.72	0.063489
1.465	1.73	0.0687414
1.465	1.74	0.0741941
1.465	1.75	0.079847
1.465	1.76	0.0857002
1.465	1.77	0.0917536
1.465	1.78	0.0980073
1.465	1.79	0.104461
1.465	1.8	0.111115
1.465	1.81	0.11797
1.465	1.82	0.125024
1.465	1.83	0.132279
1.465	1.84	0.139734
1.465	1.85	0.147388
1.465	1.86	0.155244
1.465	1.87	0.163299
1.465	1.88	0.171554
1.465	1.89	0.18001
1.465	1.9	0.188665
1.465	1.91	0.197521
1.465	1.92	0.206577
1.465	1.93	0.215833
1.465	1.94	0.225289
1.465	1.95	0.234945
1.465	1.96	0.244801
1.465	1.97	0.254857
1.465	1.98	0.265113
1.465	1.99	0.275569
1.465	2	0.286225
1.47	0	2.1609
1.47	0.01	2.13153
1.47	0.02	2.10237
1.47	0.03	2.0734
1.47	0.04	2.04463
1.47	0.05	2.01607
1.47	0.06	1.9877
1.47	0.07	1.95953
1.47	0.08	1.93157
1.47	0.09	1.9038
1.47	0.1	1.87624
1.47	0.11	1.84887
1.47	0.12	1.82171
1.47	0.13	1.79474
1.47	0.14	1.76798
1.47	0.15	1.74141
1.47	0.16	1.71505
1.47	0.17	1.68888
1.47	0.18	1.66292
1.47	0.19	1.63716
1.47	0.2	1.6116
1.47	0.21	1.58623
1.47	0.22	1.56107
1.47	0.23	1.53611
1.47	0.24	1.51135
1.47	0.25	1.48679
1.47	0.26	1.46243
1.47	0.27	1.43827
1.47	0.28	1.41431
1.47	0.29	1.39055
1.47	0.3	1.36699
1.47	0.31	1.34364
1.47	0.32	1.32048
1.47	0.33	1.29752
1.47	0.34	1.27477
1.47	0.35	1.25221
1.47	0.36	1.22986
1.47	0.37	1.2077
1.47	0.38	1.18575
1.47	0.39	1.164
1.47	0.4	1.14245
1.47	0.41	1.1211
1.47	0.42	1.09995
1.47	0.43	1.079
1.47	0.44	1.05825
1.47	0.45	1.0377
1.47	0.46	1.01735
1.47	0.47	0.997209
1.47	0.48	0.977263
1.47	0.49	0.957519
1.47	0.5	0.937975
1.47	0.51	0.918632
1.47	0.52	0.89949
1.47	0.53	0.880549
1.47	0.54	0.861808
1.47	0.55	0.843269
1.47	0.56	0.82493
1.47	0.57	0.806793
1.47	0.58	0.788856
1.47	0.59	0.77112
1.47	0.6	0.753585
1.47	0.61	0.736251
1.47	0.62	0.719118
1.47	0.63	0.702186
1.47	0.64	0.685455
1.47	0.65	0.668925
1.47	0.66	0.652596
1.47	0.67	0.636467
1.47	0.68	0.62054
1.47	0.69	0.604814
1.47	0.7	0.589289
1.47	0.71	0.573964
1.47	0.72	0.558841
1.47	0.73	0.543918
1.47	0.74	0.529197
1.47	0.75	0.514677
1.47	0.76	0.500357
1.47	0.77	0.486239
1.47	0.78	0.472322
1.47	0.79	0.458605
1.47	0.8	0.44509
1.47	0.81	0.431776
1.47	0.82	0.418662
1.47	0.83	0.40575
1.47	0.84	0.393039
1.47	0.85	0.380528
1.47	0.86	0.368219
1.47	0.87	0.356111
1.47	0.88	0.344203
1.47	0.89	0.332497
1.47	0.9	0.320992
1.47	0.91	0.309688
1.47	0.92	0.298584
1.47	0.93	0.287682
1.47	0.94	0.276981
1.47	0.95	0.26648
1.47	0.96	0.256181
1.47	0.97	0.246083
1.47	0.98	0.236185
1.47	0.99	0.226489
1.47	1	0.216994
1.47	1.01	0.207699
1.47	1.02	0.198606
1.47	1.03	0.189713
1.47	1.04	0.181021
1.47	1.05	0.172531
1.47	1.06	0.164241
1.47	1.07	0.156152
1.47	1.08	0.148264
1.47	1.09	0.140577
1.47	1.1	0.133091
1.47	1.11	0.125806
1.47	1.12	0.118722
1.47	1.13	0.111839
1.47	1.14	0.105156
1.47	1.15	0.0986744
1.47	1.16	0.0923937
1.47	1.17	0.0863138
1.47	1.18	0.0804347
1.47	1.19	0.0747565
1.47	1.2	0.0692791
1.47	1.21	0.0640026
1.47	1.22	0.0589269
1.47	1.23	0.0540519
1.47	1.24	0.0493778
1.47	1.25	0.0449045
1.47	1.26	0.0406319
1.47	1.27	0.0365601
1.47	1.28	0.0326891
1.47	1.29	0.0290188
1.47	1.3	0.0255493
1.47	1.31	0.0222805
1.47	1.32	0.0192124
1.47	1.33	0.016345
1.47	1.34	0.0136783
1.47	1.35	0.0112123
1.47	1.36	0.00894702
1.47	1.37	0.00688239
1.47	1.38	0.00501842
1.47	1.39	0.0033551
1.47	1.4	0.00189242
1.47	1.41	0.000630364
1.47	1.42	-0.000431068
1.47	1.43	-0.00129189
1.47	1.44	-0.00195212
1.47	1.45	-0.00241175
1.47	1.46	-0.00267081
1.47	1.47	-0.00272931
1.47	1.48	-0.00258725
1.47	1.49	-0.00224464
1.47	1.5	-0.0017015
1.47	1.51	-0.000957832
1.47	1.52	-1.36496e-05
1.47	1.53	0.00113104
1.47	1.54	0.00247622
1.47	1.55	0.00402188
1.47	1.56	0.00576802
1.47	1.57	0.00771462
1.47	1.58	0.00986166
1.47	1.59	0.0122091
1.47	1.6	0.0147571
1.47	1.61	0.0175054
1.47	1.62	0.0204541
1.47	1.63	0.0236032
1.47	1.64	0.0269528
1.47	1.65	0.0305026
1.47	1.66	0.0342529
1.47	1.67	0.0382035
1.47	1.68	0.0423544
1.47	1.69	0.0467057
1.47	1.7	0.0512573
1.47	1.71	0.0560092
1.47	1.72	0.0609613
1.47	1.73	0.0661138
1.47	1.74	0.0714666
1.47	1.75	0.0770196
1.47	1.76	0.0827729
1.47	1.77	0.0887264
1.47	1.78	0.0948801
1.47	1.79	0.101234
1.47	1.8	0.107788
1.47	1.81	0.114543
1.47	1.82	0.121497
1.47	1.83	0.128652
1.47	1.84	0.136007
1.47	1.85	0.143562
1.47	1.86	0.151317
1.47	1.87	0.159273
1.47	1.88	0.167428
1.47	1.89	0.175784
1.47	1.9	0.184339
1.47	1.91	0.193095
1.47	1.92	0.202051
1.47	1.93	0.211207
1.47	1.94	0.220563
1.47	1.95	0.230119
1.47	1.96	0.239875
1.47	1.97	0.249831
1.47	1.98	0.259988
1.47	1.99	0.270344
1.47	2	0.2809
1.475	0	2.17563
1.475	0.01	2.14616
1.475	0.02	2.11689
1.475	0.03	2.08782
1.475	0.04	2.05896
1.475	0.05	2.03029
1.475	0.06	2.00183
1.475	0.07	1.97356
1.475	0.08	1.94549
1.475	0.09	1.91763
1.475	0.1	1.88996
1.475	0.11	1.8625
1.475	0.12	1.83523
1.475	0.13	1.80817
1.475	0.14	1.7813
1.475	0.15	1.75464
1.475	0.16	1.72817
1.475	0.17	1.70191
1.475	0.18	1.67584
1.475	0.19	1.64998
1.475	0.2	1.62432
1.475	0.21	1.59886
1.475	0.22	1.57359
1.475	0.23	1.54853
1.475	0.24	1.52367
1.475	0.25	1.49901
1.475	0.26	1.47455
1.475	0.27	1.45029
1.475	0.28	1.42623
1.475	0.29	1.40237
1.475	0.3	1.37872
1.475	0.31	1.35526
1.475	0.32	1.332
1.475	0.33	1.30895
1.475	0.34	1.28609
1.475	0.35	1.26343
1.475	0.36	1.24098
1.475	0.37	1.21873
1.475	0.38	1.19667
1.475	0.39	1.17482
1.475	0.4	1.15317
1.475	0.41	1.13172
1.475	0.42	1.11047
1.475	0.43	1.08942
1.475	0.44	1.06857
1.475	0.45	1.04792
1.475	0.46	1.02748
1.475	0.47	1.00723
1.475	0.48	0.987185
1.475	0.49	0.96734
1.475	0.5	0.947696
1.475	0.51	0.928253
1.475	0.52	0.909011
1.475	0.53	0.88997
1.475	0.54	0.871129
1.475	0.55	0.85249
1.475	0.56	0.834051
1.475	0.57	0.815814
1.475	0.58	0.797777
1.475	0.59	0.779941
1.475	0.6	0.762306
1.475	0.61	0.744872
1.475	0.62	0.727639
1.475	0.63	0.710607
1.475	0.64	0.693776
1.475	0.65	0.677145
1.475	0.66	0.660716
1.475	0.67	0.644488
1.475	0.68	0.62846
1.475	0.69	0.612634
1.475	0.7	0.597009
1.475	0.71	0.581584
1.475	0.72	0.566361
1.475	0.73	0.551339
1.475	0.74	0.536517
1.475	0.75	0.521897
1.475	0.76	0.507477
1.475	0.77	0.493259
1.475	0.78	0.479242
1.475	0.79	0.465425
1.475	0.8	0.45181
1.475	0.81	0.438396
1.475	0.82	0.425182
1.475	0.83	0.41217
1.475	0.84	0.399359
1.475	0.85	0.386748
1.475	0.86	0.374339
1.475	0.87	0.362131
1.475	0.88	0.350123
1.475	0.89	0.338317
1.475	0.9	0.326712
1.475	0.91	0.315307
1.475	0.92	0.304104
1.475	0.93	0.293102
1.475	0.94	0.282301
1.475	0.95	0.2717
1.475	0.96	0.261301
1.475	0.97	0.251103
1.475	0.98	0.241105
1.475	0.99	0.231309
1.475	1	0.221713
1.475	1.01	0.212319
1.475	1.02	0.203125
1.475	1.03	0.194133
1.475	1.04	0.185341
1.475	1.05	0.176751
1.475	1.06	0.168361
1.475	1.07	0.160172
1.475	1.08	0.152184
1.475	1.09	0.144397
1.475	1.1	0.136811
1.475	1.11	0.129426
1.475	1.12	0.122242
1.475	1.13	0.115259
1.475	1.14	0.108476
1.475	1.15	0.101895
1.475	1.16	0.0955138
1.475	1.17	0.0893339
1.475	1.18	0.0833549
1.475	1.19	0.0775767
1.475	1.2	0.0719994
1.475	1.21	0.0666229
1.475	1.22	0.0614472
1.475	1.23	0.0564723
1.475	1.24	0.0516982
1.475	1.25	0.0471249
1.475	1.26	0.0427524
1.475	1.27	0.0385806
1.475	1.28	0.0346096
1.475	1.29	0.0308394
1.475	1.3	0.0272699
1.475	1.31	0.0239011
1.475	1.32	0.0207331
1.475	1.33	0.0177657
1.475	1.34	0.0149991
1.475	1.35	0.0124332
1.475	1.36	0.0100679
1.475	1.37	0.00790332
1.475	1.38	0.0059394
1.475	1.39	0.00417612
1.475	1.4	0.00261349
1.475	1.41	0.00125149
1.475	1.42	9.01131e-05
1.475	1.43	-0.000870657
1.475	1.44	-0.00163083
1.475	1.45	-0.00219041
1.475	1.46	-0.00254942
1.475	1.47	-0.00270785
1.475	1.48	-0.00266574
1.475	1.49	-0.00242307
1.475	1.5	-0.00197987
1.475	1.51	-0.00133615
1.475	1.52	-0.000491906
1.475	1.53	0.000552841
1.475	1.54	0.00179808
1.475	1.55	0.00324381
1.475	1.56	0.00489
1.475	1.57	0.00673666
1.475	1.58	0.00878377
1.475	1.59	0.0110313
1.475	1.6	0.0134793
1.475	1.61	0.0161277
1.475	1.62	0.0189765
1.475	1.63	0.0220257
1.475	1.64	0.0252752
1.475	1.65	0.0287252
1.475	1.66	0.0323755
1.475	1.67	0.0362262
1.475	1.68	0.0402772
1.475	1.69	0.0445285
1.475	1.7	0.0489802
1.475	1.71	0.0536321
1.475	1.72	0.0584844
1.475	1.73	0.0635369
1.475	1.74	0.0687897
1.475	1.75	0.0742428
1.475	1.76	0.0798962
1.475	1.77	0.0857498
1.475	1.78	0.0918036
1.475	1.79	0.0980576
1.475	1.8	0.104512
1.475	1.81	0.111166
1.475	1.82	0.118021
1.475	1.83	0.125076
1.475	1.84	0.132331
1.475	1.85	0.139786
1.475	1.86	0.147441
1.475	1.87	0.155297
1.475	1.88	0.163352
1.475	1.89	0.171608
1.475	1.9	0.180064
1.475	1.91	0.18872
1.475	1.92	0.197576
1.475	1.93	0.206632
1.475	1.94	0.215888
1.475	1.95	0.225344
1.475	1.96	0.235
1.475	1.97	0.244856
1.475	1.98	0.254913
1.475	1.99	0.265169
1.475	2	0.275625
1.48	0	2.1904
1.48	0.01	2.16083
1.48	0.02	2.13147
1.48	0.03	2.1023
1.48	0.04	2.07333
1.48	0.05	2.04457
1.48	0.06	2.016
1.48	0.07	1.98763
1.48	0.08	1.95947
1.48	0.09	1.9315
1.48	0.1	1.90374
1.48	0.11	1.87617
1.48	0.12	1.8488
1.48	0.13	1.82164
1.48	0.14	1.79467
1.48	0.15	1.76791
1.48	0.16	1.74135
1.48	0.17	1.71498
1.48	0.18	1.68882
1.48	0.19	1.66285
1.48	0.2	1.63709
1.48	0.21	1.61153
1.48	0.22	1.58617
1.48	0.23	1.56101
1.48	0.24	1.53604
1.48	0.25	1.51128
1.48	0.26	1.48672
1.48	0.27	1.46236
1.48	0.28	1.43821
1.48	0.29	1.41425
1.48	0.3	1.39049
1.48	0.31	1.36693
1.48	0.32	1.34357
1.48	0.33	1.32042
1.48	0.34	1.29746
1.48	0.35	1.27471
1.48	0.36	1.25215
1.48	0.37	1.2298
1.48	0.38	1.20765
1.48	0.39	1.18569
1.48	0.4	1.16394
1.48	0.41	1.14239
1.48	0.42	1.12104
1.48	0.43	1.09989
1.48	0.44	1.07894
1.48	0.45	1.0582
1.48	0.46	1.03765
1.48	0.47	1.0173
1.48	0.48	0.997157
1.48	0.49	0.977212
1.48	0.5	0.957468
1.48	0.51	0.937925
1.48	0.52	0.918583
1.48	0.53	0.899442
1.48	0.54	0.880501
1.48	0.55	0.861762
1.48	0.56	0.843223
1.48	0.57	0.824885
1.48	0.58	0.806748
1.48	0.59	0.788813
1.48	0.6	0.771078
1.48	0.61	0.753543
1.48	0.62	0.73621
1.48	0.63	0.719078
1.48	0.64	0.702147
1.48	0.65	0.685417
1.48	0.66	0.668887
1.48	0.67	0.652559
1.48	0.68	0.636432
1.48	0.69	0.620505
1.48	0.7	0.60478
1.48	0.71	0.589256
1.48	0.72	0.573932
1.48	0.73	0.55881
1.48	0.74	0.543888
1.48	0.75	0.529168
1.48	0.76	0.514648
1.48	0.77	0.50033
1.48	0.78	0.486213
1.48	0.79	0.472296
1.48	0.8	0.458581
1.48	0.81	0.445066
1.48	0.82	0.431753
1.48	0.83	0.418641
1.48	0.84	0.405729
1.48	0.85	0.393019
1.48	0.86	0.38051
1.48	0.87	0.368201
1.48	0.88	0.356094
1.48	0.89	0.344188
1.48	0.9	0.332483
1.48	0.91	0.320978
1.48	0.92	0.309675
1.48	0.93	0.298573
1.48	0.94	0.287671
1.48	0.95	0.276971
1.48	0.96	0.266472
1.48	0.97	0.256173
1.48	0.98	0.246076
1.48	0.99	0.23618
1.48	1	0.226484
1.48	1.01	0.21699
1.48	1.02	0.207696
1.48	1.03	0.198604
1.48	1.04	0.189712
1.48	1.05	0.181022
1.48	1.06	0.172532
1.48	1.07	0.164243
1.48	1.08	0.156155
1.48	1.09	0.148268
1.48	1.1	0.140582
1.48	1.11	0.133097
1.48	1.12	0.125813
1.48	1.13	0.11873
1.48	1.14	0.111847
1.48	1.15	0.105166
1.48	1.16	0.0986848
1.48	1.17	0.092405
1.48	1.18	0.086326
1.48	1.19	0.0804478
1.48	1.2	0.0747705
1.48	1.21	0.069294
1.48	1.22	0.0640184
1.48	1.23	0.0589435
1.48	1.24	0.0540694
1.48	1.25	0.0493962
1.48	1.26	0.0449237
1.48	1.27	0.040652
1.48	1.28	0.036581
1.48	1.29	0.0327108
1.48	1.3	0.0290413
1.48	1.31	0.0255726
1.48	1.32	0.0223046
1.48	1.33	0.0192373
1.48	1.34	0.0163707
1.48	1.35	0.0137048
1.48	1.36	0.0112396
1.48	1.37	0.00897501
1.48	1.38	0.00691113
1.48	1.39	0.0050479
1.48	1.4	0.00338531
1.48	1.41	0.00192335
1.48	1.42	0.000662011
1.48	1.43	-0.000398716
1.48	1.44	-0.00125884
1.48	1.45	-0.00191838
1.48	1.46	-0.00237734
1.48	1.47	-0.00263573
1.48	1.48	-0.00269357
1.48	1.49	-0.00255086
1.48	1.5	-0.00220761
1.48	1.51	-0.00166384
1.48	1.52	-0.000919549
1.48	1.53	2.52466e-05
1.48	1.54	0.00117054
1.48	1.55	0.00251631
1.48	1.56	0.00406256
1.48	1.57	0.00580926
1.48	1.58	0.00775642
1.48	1.59	0.00990402
1.48	1.6	0.012252
1.48	1.61	0.0148005
1.48	1.62	0.0175493
1.48	1.63	0.0204986
1.48	1.64	0.0236482
1.48	1.65	0.0269982
1.48	1.66	0.0305486
1.48	1.67	0.0342993
1.48	1.68	0.0382503
1.48	1.69	0.0424017
1.48	1.7	0.0467534
1.48	1.71	0.0513055
1.48	1.72	0.0560578
1.48	1.73	0.0610104
1.48	1.74	0.0661633
1.48	1.75	0.0715164
1.48	1.76	0.0770698
1.48	1.77	0.0828234
1.48	1.78	0.0887773
1.48	1.79	0.0949314
1.48	1.8	0.101286
1.48	1.81	0.10784
1.48	1.82	0.114595
1.48	1.83	0.12155
1.48	1.84	0.128705
1.48	1.85	0.13606
1.48	1.86	0.143615
1.48	1.87	0.151371
1.48	1.88	0.159327
1.48	1.89	0.167482
1.48	1.9	0.175838
1.48	1.91	0.184394
1.48	1.92	0.19315
1.48	1.93	0.202106
1.48	1.94	0.211262
1.48	1.95	0.220619
1.48	1.96	0.230175
1.48	1.97	0.239931
1.48	1.98	0.249887
1.48	1.99	0.260044
1.48	2	0.2704
1.485	0	2.20522
1.485	0.01	2.17556
1.485	0.02	2.14609
1.485	0.03	2.11682
1.485	0.04	2.08776
1.485	0.05	2.05889
1.485	0.06	2.03022
1.485	0.07	2.00176
1.485	0.08	1.97349
1.485	0.09	1.94543
1.485	0.1	1.91756
1.485	0.11	1.88989
1.485	0.12	1.86243
1.485	0.13	1.83516
1.485	0.14	1.8081
1.485	0.15	1.78123
1.485	0.16	1.75457
1.485	0.17	1.72811
1.485	0.18	1.70184
1.485	0.19	1.67578
1.485	0.2	1.64992
1.485	0.21	1.62425
1.485	0.22	1.59879
1.485	0.23	1.57353
1.485	0.24	1.54847
1.485	0.25	1.52361
1.485	0.26	1.49895
1.485	0.27	1.47449
1.485	0.28	1.45023
1.485	0.29	1.42617
1.485	0.3	1.40231
1.485	0.31	1.37865
1.485	0.32	1.3552
1.485	0.33	1.33194
1.485	0.34	1.30889
1.485	0.35	1.28603
1.485	0.36	1.26338
1.485	0.37	1.24092
1.485	0.38	1.21867
1.485	0.39	1.19662
1.485	0.4	1.17476
1.485	0.41	1.15311
1.485	0.42	1.13166
1.485	0.43	1.11041
1.485	0.44	1.08937
1.485	0.45	1.06852
1.485	0.46	1.04787
1.485	0.47	1.02742
1.485	0.48	1.00718
1.485	0.49	0.987134
1.485	0.5	0.96729
1.485	0.51	0.947647
1.485	0.52	0.928205
1.485	0.53	0.908963
1.485	0.54	0.889923
1.485	0.55	0.871083
1.485	0.56	0.852445
1.485	0.57	0.834007
1.485	0.58	0.81577
1.485	0.59	0.797734
1.485	0.6	0.779899
1.485	0.61	0.762265
1.485	0.62	0.744832
1.485	0.63	0.7276
1.485	0.64	0.710568
1.485	0.65	0.693738
1.485	0.66	0.677109
1.485	0.67	0.66068
1.485	0.68	0.644453
1.485	0.69	0.628427
1.485	0.7	0.612601
1.485	0.71	0.596977
1.485	0.72	0.581553
1.485	0.73	0.566331
1.485	0.74	0.551309
1.485	0.75	0.536489
1.485	0.76	0.521869
1.485	0.77	0.507451
1.485	0.78	0.493234
1.485	0.79	0.479217
1.485	0.8	0.465402
1.485	0.81	0.451787
1.485	0.82	0.438374
1.485	0.83	0.425162
1.485	0.84	0.41215
1.485	0.85	0.39934
1.485	0.86	0.386731
1.485	0.87	0.374322
1.485	0.88	0.362115
1.485	0.89	0.350109
1.485	0.9	0.338303
1.485	0.91	0.326699
1.485	0.92	0.315296
1.485	0.93	0.304093
1.485	0.94	0.293092
1.485	0.95	0.282292
1.485	0.96	0.271693
1.485	0.97	0.261294
1.485	0.98	0.251097
1.485	0.99	0.2411
1.485	1	0.231305
1.485	1.01	0.221711
1.485	1.02	0.212317
1.485	1.03	0.203125
1.485	1.04	0.194133
1.485	1.05	0.185342
1.485	1.06	0.176753
1.485	1.07	0.168364
1.485	1.08	0.160176
1.485	1.09	0.152189
1.485	1.1	0.144403
1.485	1.11	0.136818
1.485	1.12	0.129434
1.485	1.13	0.122251
1.485	1.14	0.115268
1.485	1.15	0.108487
1.485	1.16	0.101906
1.485	1.17	0.0955261
1.485	1.18	0.0893471
1.485	1.19	0.083369
1.485	1.2	0.0775917
1.485	1.21	0.0720152
1.485	1.22	0.0666396
1.485	1.23	0.0614647
1.485	1.24	0.0564907
1.485	1.25	0.0517175
1.485	1.26	0.047145
1.485	1.27	0.0427733
1.485	1.28	0.0386024
1.485	1.29	0.0346322
1.485	1.3	0.0308628
1.485	1.31	0.0272941
1.485	1.32	0.0239261
1.485	1.33	0.0207588
1.485	1.34	0.0177923
1.485	1.35	0.0150264
1.485	1.36	0.0124612
1.485	1.37	0.0100967
1.485	1.38	0.00793288
1.485	1.39	0.00596969
1.485	1.4	0.00420714
1.485	1.41	0.00264522
1.485	1.42	0.00128393
1.485	1.43	0.000123245
1.485	1.44	-0.000836839
1.485	1.45	-0.00159633
1.485	1.46	-0.00215525
1.485	1.47	-0.00251359
1.485	1.48	-0.00267138
1.485	1.49	-0.00262863
1.485	1.5	-0.00238533
1.485	1.51	-0.00194151
1.485	1.52	-0.00129717
1.485	1.53	-0.000452328
1.485	1.54	0.000593011
1.485	1.55	0.00183883
1.485	1.56	0.00328513
1.485	1.57	0.00493189
1.485	1.58	0.00677909
1.485	1.59	0.00882674
1.485	1.6	0.0110748
1.485	1.61	0.0135233
1.485	1.62	0.0161722
1.485	1.63	0.0190215
1.485	1.64	0.0220712
1.485	1.65	0.0253212
1.485	1.66	0.0287717
1.485	1.67	0.0324224
1.485	1.68	0.0362735
1.485	1.69	0.040325
1.485	1.7	0.0445768
1.485	1.71	0.0490288
1.485	1.72	0.0536812
1.485	1.73	0.0585339
1.485	1.74	0.0635868
1.485	1.75	0.06884
1.485	1.76	0.0742934
1.485	1.77	0.0799471
1.485	1.78	0.0858011
1.485	1.79	0.0918552
1.485	1.8	0.0981096
1.485	1.81	0.104564
1.485	1.82	0.111219
1.485	1.83	0.118074
1.485	1.84	0.125129
1.485	1.85	0.132384
1.485	1.86	0.13984
1.485	1.87	0.147495
1.485	1.88	0.155351
1.485	1.89	0.163407
1.485	1.9	0.171663
1.485	1.91	0.180119
1.485	1.92	0.188775
1.485	1.93	0.197631
1.485	1.94	0.206687
1.485	1.95	0.215943
1.485	1.96	0.2254
1.485	1.97	0.235056
1.485	1.98	0.244912
1.485	1.99	0.254969
1.485	2	0.265225
1.49	0	2.2201
1.49	0.01	2.19033
1.49	0.02	2.16077
1.49	0.03	2.1314
1.49	0.04	2.10223
1.49	0.05	2.07327
1.49	0.06	2.0445
1.49	0.07	2.01593
1.49	0.08	1.98757
1.49	0.09	1.9594
1.49	0.1	1.93143
1.49	0.11	1.90367
1.49	0.12	1.8761
1.49	0.13	1.84874
1.49	0.14	1.82157
1.49	0.15	1.79461
1.49	0.16	1.76784
1.49	0.17	1.74128
1.49	0.18	1.71492
1.49	0.19	1.68875
1.49	0.2	1.66279
1.49	0.21	1.63703
1.49	0.22	1.61147
1.49	0.23	1.5861
1.49	0.24	1.56094
1.49	0.25	1.53598
1.49	0.26	1.51122
1.49	0.27	1.48666
1.49	0.28	1.4623
1.49	0.29	1.43814
1.49	0.3	1.41419
1.49	0.31	1.39043
1.49	0.32	1.36687
1.49	0.33	1.34351
1.49	0.34	1.32036
1.49	0.35	1.2974
1.49	0.36	1.27465
1.49	0.37	1.2521
1.49	0.38	1.22974
1.49	0.39	1.20759
1.49	0.4	1.18564
1.49	0.41	1.16389
1.49	0.42	1.14234
1.49	0.43	1.12099
1.49	0.44	1.09984
1.49	0.45	1.07889
1.49	0.46	1.05814
1.49	0.47	1.0376
1.49	0.48	1.01725
1.49	0.49	0.997107
1.49	0.5	0.977163
1.49	0.51	0.95742
1.49	0.52	0.937878
1.49	0.53	0.918537
1.49	0.54	0.899396
1.49	0.55	0.880457
1.49	0.56	0.861718
1.49	0.57	0.84318
1.49	0.58	0.824843
1.49	0.59	0.806707
1.49	0.6	0.788772
1.49	0.61	0.771038
1.49	0.62	0.753505
1.49	0.63	0.736173
1.49	0.64	0.719041
1.49	0.65	0.702111
1.49	0.66	0.685382
1.49	0.67	0.668853
1.49	0.68	0.652526
1.49	0.69	0.636399
1.49	0.7	0.620474
1.49	0.71	0.60475
1.49	0.72	0.589226
1.49	0.73	0.573904
1.49	0.74	0.558782
1.49	0.75	0.543862
1.49	0.76	0.529142
1.49	0.77	0.514624
1.49	0.78	0.500306
1.49	0.79	0.48619
1.49	0.8	0.472275
1.49	0.81	0.45856
1.49	0.82	0.445047
1.49	0.83	0.431734
1.49	0.84	0.418623
1.49	0.85	0.405713
1.49	0.86	0.393003
1.49	0.87	0.380495
1.49	0.88	0.368188
1.49	0.89	0.356081
1.49	0.9	0.344176
1.49	0.91	0.332472
1.49	0.92	0.320969
1.49	0.93	0.309666
1.49	0.94	0.298565
1.49	0.95	0.287665
1.49	0.96	0.276965
1.49	0.97	0.266467
1.49	0.98	0.25617
1.49	0.99	0.246073
1.49	1	0.236178
1.49	1.01	0.226483
1.49	1.02	0.21699
1.49	1.03	0.207697
1.49	1.04	0.198606
1.49	1.05	0.189715
1.49	1.06	0.181025
1.49	1.07	0.172537
1.49	1.08	0.164249
1.49	1.09	0.156162
1.49	1.1	0.148276
1.49	1.11	0.140591
1.49	1.12	0.133107
1.49	1.13	0.125823
1.49	1.14	0.118741
1.49	1.15	0.111859
1.49	1.16	0.105179
1.49	1.17	0.0986989
1.49	1.18	0.09242
1.49	1.19	0.0863419
1.49	1.2	0.0804646
1.49	1.21	0.0747881
1.49	1.22	0.0693125
1.49	1.23	0.0640377
1.49	1.24	0.0589637
1.49	1.25	0.0540904
1.49	1.26	0.049418
1.49	1.27	0.0449463
1.49	1.28	0.0406754
1.49	1.29	0.0366053
1.49	1.3	0.0327359
1.49	1.31	0.0290672
1.49	1.32	0.0255992
1.49	1.33	0.022332
1.49	1.34	0.0192654
1.49	1.35	0.0163996
1.49	1.36	0.0137344
1.49	1.37	0.0112699
1.49	1.38	0.00900612
1.49	1.39	0.00694295
1.49	1.4	0.00508042
1.49	1.41	0.00341853
1.49	1.42	0.00195726
1.49	1.43	0.0006966
1.49	1.44	-0.000363459
1.49	1.45	-0.00122293
1.49	1.46	-0.00188182
1.49	1.47	-0.00234014
1.49	1.48	-0.0025979
1.49	1.49	-0.00265512
1.49	1.5	-0.0025118
1.49	1.51	-0.00216795
1.49	1.52	-0.00162359
1.49	1.53	-0.000878717
1.49	1.54	6.66488e-05
1.49	1.55	0.0012125
1.49	1.56	0.00255882
1.49	1.57	0.00410561
1.49	1.58	0.00585284
1.49	1.59	0.00780051
1.49	1.6	0.00994862
1.49	1.61	0.0122971
1.49	1.62	0.0148461
1.49	1.63	0.0175954
1.49	1.64	0.0205451
1.49	1.65	0.0236952
1.49	1.66	0.0270456
1.49	1.67	0.0305964
1.49	1.68	0.0343476
1.49	1.69	0.0382991
1.49	1.7	0.0424509
1.49	1.71	0.046803
1.49	1.72	0.0513554
1.49	1.73	0.056108
1.49	1.74	0.061061
1.49	1.75	0.0662142
1.49	1.76	0.0715677
1.49	1.77	0.0771215
1.49	1.78	0.0828754
1.49	1.79	0.0888296
1.49	1.8	0.094984
1.49	1.81	0.101339
1.49	1.82	0.107893
1.49	1.83	0.114648
1.49	1.84	0.121604
1.49	1.85	0.128759
1.49	1.86	0.136114
1.49	1.87	0.14367
1.49	1.88	0.151426
1.49	1.89	0.159381
1.49	1.9	0.167537
1.49	1.91	0.175893
1.49	1.92	0.184449
1.49	1.93	0.193206
1.49	1.94	0.202162
1.49	1.95	0.211318
1.49	1.96	0.220674
1.49	1.97	0.230231
1.49	1.98	0.239987
1.49	1.99	0.249944
1.49	2	0.2601
1.495	0	2.23503
1.495	0.01	2.20516
1.495	0.02	2.17549
1.495	0.03	2.14602
1.495	0.04	2.11676
1.495	0.05	2.08769
1.495	0.06	2.05882
1.495	0.07	2.03016
1.495	0.08	2.00169
1.495	0.09	1.97343
1.495	0.1	1.94536
1.495	0.11	1.91749
1.495	0.12	1.88983
1.495	0.13	1.86236
1.495	0.14	1.8351
1.495	0.15	1.80803
1.495	0.16	1.78117
1.495	0.17	1.7545
1.495	0.18	1.72804
1.495	0.19	1.70178
1.495	0.2	1.67571
1.495	0.21	1.64985
1.495	0.22	1.62419
1.495	0.23	1.59873
1.495	0.24	1.57347
1.495	0.25	1.54841
1.495	0.26	1.52355
1.495	0.27	1.49889
1.495	0.28	1.47443
1.495	0.29	1.45017
1.495	0.3	1.42611
1.495	0.31	1.40225
1.495	0.32	1.3786
1.495	0.33	1.35514
1.495	0.34	1.33188
1.495	0.35	1.30883
1.495	0.36	1.28597
1.495	0.37	1.26332
1.495	0.38	1.24087
1.495	0.39	1.21861
1.495	0.4	1.19656
1.495	0.41	1.17471
1.495	0.42	1.15306
1.495	0.43	1.13161
1.495	0.44	1.11036
1.495	0.45	1.08932
1.495	0.46	1.06847
1.495	0.47	1.04782
1.495	0.48	1.02738
1.495	0.49	1.00713
1.495	0.5	0.987087
1.495	0.51	0.967244
1.495	0.52	0.947602
1.495	0.53	0.928161
1.495	0.54	0.90892
1.495	0.55	0.889881
1.495	0.56	0.871042
1.495	0.57	0.852404
1.495	0.58	0.833967
1.495	0.59	0.815731
1.495	0.6	0.797696
1.495	0.61	0.779862
1.495	0.62	0.762229
1.495	0.63	0.744797
1.495	0.64	0.727565
1.495	0.65	0.710535
1.495	0.66	0.693706
1.495	0.67	0.677077
1.495	0.68	0.66065
1.495	0.69	0.644423
1.495	0.7	0.628398
1.495	0.71	0.612573
1.495	0.72	0.59695
1.495	0.73	0.581527
1.495	0.74	0.566306
1.495	0.75	0.551286
1.495	0.76	0.536466
1.495	0.77	0.521848
1.495	0.78	0.50743
1.495	0.79	0.493214
1.495	0.8	0.479198
1.495	0.81	0.465384
1.495	0.82	0.451771
1.495	0.83	0.438358
1.495	0.84	0.425147
1.495	0.85	0.412136
1.495	0.86	0.399327
1.495	0.87	0.386719
1.495	0.88	0.374311
1.495	0.89	0.362105
1.495	0.9	0.3501
1.495	0.91	0.338295
1.495	0.92	0.326692
1.495	0.93	0.31529
1.495	0.94	0.304089
1.495	0.95	0.293088
1.495	0.96	0.282289
1.495	0.97	0.271691
1.495	0.98	0.261293
1.495	0.99	0.251097
1.495	1	0.241101
1.495	1.01	0.231307
1.495	1.02	0.221714
1.495	1.03	0.212321
1.495	1.04	0.203129
1.495	1.05	0.194139
1.495	1.06	0.185349
1.495	1.07	0.17676
1.495	1.08	0.168373
1.495	1.09	0.160186
1.495	1.1	0.1522
1.495	1.11	0.144415
1.495	1.12	0.13683
1.495	1.13	0.129447
1.495	1.14	0.122265
1.495	1.15	0.115283
1.495	1.16	0.108502
1.495	1.17	0.101923
1.495	1.18	0.0955437
1.495	1.19	0.0893656
1.495	1.2	0.0833884
1.495	1.21	0.0776119
1.495	1.22	0.0720363
1.495	1.23	0.0666615
1.495	1.24	0.0614875
1.495	1.25	0.0565143
1.495	1.26	0.0517419
1.495	1.27	0.0471702
1.495	1.28	0.0427993
1.495	1.29	0.0386291
1.495	1.3	0.0346597
1.495	1.31	0.0308911
1.495	1.32	0.0273231
1.495	1.33	0.0239559
1.495	1.34	0.0207894
1.495	1.35	0.0178235
1.495	1.36	0.0150584
1.495	1.37	0.0124939
1.495	1.38	0.0101301
1.495	1.39	0.00796696
1.495	1.4	0.00600444
1.495	1.41	0.00424256
1.495	1.42	0.00268131
1.495	1.43	0.00132066
1.495	1.44	0.000160617
1.495	1.45	-0.000798837
1.495	1.46	-0.00155771
1.495	1.47	-0.00211602
1.495	1.48	-0.00247377
1.495	1.49	-0.00263097
1.495	1.5	-0.00258763
1.495	1.51	-0.00234377
1.495	1.52	-0.00189939
1.495	1.53	-0.0012545
1.495	1.54	-0.000409122
1.495	1.55	0.000636743
1.495	1.56	0.00188308
1.495	1.57	0.00332988
1.495	1.58	0.00497713
1.495	1.59	0.00682482
1.495	1.6	0.00887294
1.495	1.61	0.0111215
1.495	1.62	0.0135704
1.495	1.63	0.0162198
1.495	1.64	0.0190695
1.495	1.65	0.0221196
1.495	1.66	0.0253701
1.495	1.67	0.0288209
1.495	1.68	0.032472
1.495	1.69	0.0363235
1.495	1.7	0.0403753
1.495	1.71	0.0446275
1.495	1.72	0.0490799
1.495	1.73	0.0537326
1.495	1.74	0.0585856
1.495	1.75	0.0636388
1.495	1.76	0.0688923
1.495	1.77	0.0743461
1.495	1.78	0.08
1.495	1.79	0.0858543
1.495	1.8	0.0919087
1.495	1.81	0.0981633
1.495	1.82	0.104618
1.495	1.83	0.111273
1.495	1.84	0.118128
1.495	1.85	0.125184
1.495	1.86	0.132439
1.495	1.87	0.139895
1.495	1.88	0.14755
1.495	1.89	0.155406
1.495	1.9	0.163462
1.495	1.91	0.171718
1.495	1.92	0.180174
1.495	1.93	0.18883
1.495	1.94	0.197687
1.495	1.95	0.206743
1.495	1.96	0.215999
1.495	1.97	0.225456
1.495	1.98	0.235112
1.495	1.99	0.244969
1.495	2	0.255025
1.5	0	2.25
1.5	0.01	2.22003
1.5	0.02	2.19027
1.5	0.03	2.1607
1.5	0.04	2.13133
1.5	0.05	2.10217
1.5	0.06	2.0732
1.5	0.07	2.04443
1.5	0.08	2.01587
1.5	0.09	1.9875
1.5	0.1	1.95933
1.5	0.11	1.93137
1.5	0.12	1.9036
1.5	0.13	1.87604
1.5	0.14	1.84867
1.5	0.15	1.82151
1.5	0.16	1.79454
1.5	0.17	1.76778
1.5	0.18	1.74122
1.5	0.19	1.71485
1.5	0.2	1.68869
1.5	0.21	1.66273
1.5	0.22	1.63696
1.5	0.23	1.6114
1.5	0.24	1.58604
1.5	0.25	1.56088
1.5	0.26	1.53592
1.5	0.27	1.51116
1.5	0.28	1.4866
1.5	0.29	1.46224
1.5	0.3	1.43808
1.5	0.31	1.41413
1.5	0.32	1.39037
1.5	0.33	1.36681
1.5	0.34	1.34346
1.5	0.35	1.3203
1.5	0.36	1.29735
1.5	0.37	1.27459
1.5	0.38	1.25204
1.5	0.39	1.22969
1.5	0.4	1.20754
1.5	0.41	1.18559
1.5	0.42	1.16384
1.5	0.43	1.14229
1.5	0.44	1.12094
1.5	0.45	1.09979
1.5	0.46	1.07884
1.5	0.47	1.0581
1.5	0.48	1.03755
1.5	0.49	1.01721
1.5	0.5	0.997061
1.5	0.51	0.977118
1.5	0.52	0.957376
1.5	0.53	0.937835
1.5	0.54	0.918494
1.5	0.55	0.899355
1.5	0.56	0.880416
1.5	0.57	0.861678
1.5	0.58	0.843141
1.5	0.59	0.824805
1.5	0.6	0.80667
1.5	0.61	0.788736
1.5	0.62	0.771003
1.5	0.63	0.75347
1.5	0.64	0.736139
1.5	0.65	0.719009
1.5	0.66	0.702079
1.5	0.67	0.685351
1.5	0.68	0.668824
1.5	0.69	0.652497
1.5	0.7	0.636372
1.5	0.71	0.620447
1.5	0.72	0.604724
1.5	0.73	0.589201
1.5	0.74	0.57388
1.5	0.75	0.558759
1.5	0.76	0.54384
1.5	0.77	0.529121
1.5	0.78	0.514604
1.5	0.79	0.500287
1.5	0.8	0.486172
1.5	0.81	0.472258
1.5	0.82	0.458544
1.5	0.83	0.445032
1.5	0.84	0.43172
1.5	0.85	0.41861
1.5	0.86	0.405701
1.5	0.87	0.392992
1.5	0.88	0.380485
1.5	0.89	0.368179
1.5	0.9	0.356073
1.5	0.91	0.344169
1.5	0.92	0.332466
1.5	0.93	0.320964
1.5	0.94	0.309662
1.5	0.95	0.298562
1.5	0.96	0.287663
1.5	0.97	0.276964
1.5	0.98	0.266467
1.5	0.99	0.256171
1.5	1	0.246075
1.5	1.01	0.236181
1.5	1.02	0.226487
1.5	1.03	0.216995
1.5	1.04	0.207703
1.5	1.05	0.198613
1.5	1.06	0.189723
1.5	1.07	0.181034
1.5	1.08	0.172546
1.5	1.09	0.164259
1.5	1.1	0.156173
1.5	1.11	0.148288
1.5	1.12	0.140604
1.5	1.13	0.133121
1.5	1.14	0.125838
1.5	1.15	0.118757
1.5	1.16	0.111876
1.5	1.17	0.105196
1.5	1.18	0.0987175
1.5	1.19	0.0924394
1.5	1.2	0.0863622
1.5	1.21	0.0804857
1.5	1.22	0.0748101
1.5	1.23	0.0693353
1.5	1.24	0.0640613
1.5	1.25	0.0589881
1.5	1.26	0.0541157
1.5	1.27	0.0494441
1.5	1.28	0.0449732
1.5	1.29	0.040703
1.5	1.3	0.0366337
1.5	1.31	0.032765
1.5	1.32	0.0290971
1.5	1.33	0.0256298
1.5	1.34	0.0223633
1.5	1.35	0.0192975
1.5	1.36	0.0164324
1.5	1.37	0.0137679
1.5	1.38	0.0113041
1.5	1.39	0.00904098
1.5	1.4	0.00697848
1.5	1.41	0.00511662
1.5	1.42	0.00345537
1.5	1.43	0.00199474
1.5	1.44	0.000734713
1.5	1.45	-0.000324727
1.5	1.46	-0.00118359
1.5	1.47	-0.00184188
1.5	1.48	-0.00229961
1.5	1.49	-0.0025568
1.5	1.5	-0.00261345
1.5	1.51	-0.00246957
1.5	1.52	-0.00212517
1.5	1.53	-0.00158027
1.5	1.54	-0.000834873
1.5	1.55	0.000111007
1.5	1.56	0.00125736
1.5	1.57	0.00260418
1.5	1.58	0.00415144
1.5	1.59	0.00589915
1.5	1.6	0.00784729
1.5	1.61	0.00999584
1.5	1.62	0.0123448
1.5	1.63	0.0148942
1.5	1.64	0.0176439
1.5	1.65	0.020594
1.5	1.66	0.0237445
1.5	1.67	0.0270953
1.5	1.68	0.0306465
1.5	1.69	0.034398
1.5	1.7	0.0383499
1.5	1.71	0.042502
1.5	1.72	0.0468544
1.5	1.73	0.0514071
1.5	1.74	0.0561601
1.5	1.75	0.0611134
1.5	1.76	0.0662669
1.5	1.77	0.0716207
1.5	1.78	0.0771747
1.5	1.79	0.0829289
1.5	1.8	0.0888833
1.5	1.81	0.095038
1.5	1.82	0.101393
1.5	1.83	0.107948
1.5	1.84	0.114703
1.5	1.85	0.121658
1.5	1.86	0.128814
1.5	1.87	0.136169
1.5	1.88	0.143725
1.5	1.89	0.151481
1.5	1.9	0.159437
1.5	1.91	0.167593
1.5	1.92	0.175949
1.5	1.93	0.184505
1.5	1.94	0.193262
1.5	1.95	0.202218
1.5	1.96	0.211374
1.5	1.97	0.220731
1.5	1.98	0.230287
1.5	1.99	0.240044
1.5	2	0.25
1.505	0	2.26502
1.505	0.01	2.23496
1.505	0.02	2.20509
1.505	0.03	2.17542
1.505	0.04	2.14596
1.505	0.05	2.11669
1.505	0.06	2.08762
1.505	0.07	2.05876
1.505	0.08	2.03009
1.505	0.09	2.00163
1.505	0.1	1.97336
1.505	0.11	1.94529
1.505	0.12	1.91743
1.505	0.13	1.88976
1.505	0.14	1.8623
1.505	0.15	1.83503
1.505	0.16	1.80797
1.505	0.17	1.7811
1.505	0.18	1.75444
1.505	0.19	1.72798
1.505	0.2	1.70171
1.505	0.21	1.67565
1.505	0.22	1.64979
1.505	0.23	1.62413
1.505	0.24	1.59867
1.505	0.25	1.57341
1.505	0.26	1.54835
1.505	0.27	1.52349
1.505	0.28	1.49883
1.505	0.29	1.47437
1.505	0.3	1.45011
1.505	0.31	1.42605
1.505	0.32	1.4022
1.505	0.33	1.37854
1.505	0.34	1.35508
1.505	0.35	1.33183
1.505	0.36	1.30877
1.505	0.37	1.28592
1.505	0.38	1.26327
1.505	0.39	1.24081
1.505	0.4	1.21856
1.505	0.41	1.19651
1.505	0.42	1.17466
1.505	0.43	1.15301
1.505	0.44	1.13156
1.505	0.45	1.11031
1.505	0.46	1.08927
1.505	0.47	1.06842
1.505	0.48	1.04778
1.505	0.49	1.02733
1.505	0.5	1.00709
1.505	0.51	0.987044
1.505	0.52	0.967202
1.505	0.53	0.94756
1.505	0.54	0.92812
1.505	0.55	0.90888
1.505	0.56	0.889841
1.505	0.57	0.871004
1.505	0.58	0.852367
1.505	0.59	0.833931
1.505	0.6	0.815696
1.505	0.61	0.797661
1.505	0.62	0.779828
1.505	0.63	0.762196
1.505	0.64	0.744765
1.505	0.65	0.727534
1.505	0.66	0.710505
1.505	0.67	0.693677
1.505	0.68	0.677049
1.505	0.69	0.660623
1.505	0.7	0.644397
1.505	0.71	0.628373
1.505	0.72	0.612549
1.505	0.73	0.596927
1.505	0.74	0.581505
1.505	0.75	0.566285
1.505	0.76	0.551265
1.505	0.77	0.536447
1.505	0.78	0.52183
1.505	0.79	0.507413
1.505	0.8	0.493198
1.505	0.81	0.479183
1.505	0.82	0.46537
1.505	0.83	0.451757
1.505	0.84	0.438346
1.505	0.85	0.425136
1.505	0.86	0.412126
1.505	0.87	0.399318
1.505	0.88	0.386711
1.505	0.89	0.374304
1.505	0.9	0.362099
1.505	0.91	0.350095
1.505	0.92	0.338291
1.505	0.93	0.326689
1.505	0.94	0.315288
1.505	0.95	0.304088
1.505	0.96	0.293088
1.505	0.97	0.28229
1.505	0.98	0.271693
1.505	0.99	0.261296
1.505	1	0.251101
1.505	1.01	0.241106
1.505	1.02	0.231313
1.505	1.03	0.22172
1.505	1.04	0.212329
1.505	1.05	0.203138
1.505	1.06	0.194148
1.505	1.07	0.18536
1.505	1.08	0.176772
1.505	1.09	0.168385
1.505	1.1	0.160199
1.505	1.11	0.152214
1.505	1.12	0.14443
1.505	1.13	0.136846
1.505	1.14	0.129464
1.505	1.15	0.122282
1.505	1.16	0.115302
1.505	1.17	0.108522
1.505	1.18	0.101943
1.505	1.19	0.095565
1.505	1.2	0.0893877
1.505	1.21	0.0834113
1.505	1.22	0.0776357
1.505	1.23	0.0720609
1.505	1.24	0.0666869
1.505	1.25	0.0615137
1.505	1.26	0.0565413
1.505	1.27	0.0517696
1.505	1.28	0.0471987
1.505	1.29	0.0428286
1.505	1.3	0.0386592
1.505	1.31	0.0346905
1.505	1.32	0.0309226
1.505	1.33	0.0273554
1.505	1.34	0.0239888
1.505	1.35	0.020823
1.505	1.36	0.0178579
1.505	1.37	0.0150934
1.505	1.38	0.0125296
1.505	1.39	0.0101665
1.505	1.4	0.00800397
1.505	1.41	0.0060421
1.505	1.42	0.00428085
1.505	1.43	0.00272022
1.505	1.44	0.00136018
1.505	1.45	0.000200737
1.505	1.46	-0.000758128
1.505	1.47	-0.00151643
1.505	1.48	-0.00207416
1.505	1.49	-0.00243135
1.505	1.5	-0.00258801
1.505	1.51	-0.00254414
1.505	1.52	-0.00229975
1.505	1.53	-0.00185485
1.505	1.54	-0.00120946
1.505	1.55	-0.000363588
1.505	1.56	0.000682759
1.505	1.57	0.00192957
1.505	1.58	0.00337683
1.505	1.59	0.00502453
1.505	1.6	0.00687266
1.505	1.61	0.0089212
1.505	1.62	0.0111702
1.505	1.63	0.0136195
1.505	1.64	0.0162692
1.505	1.65	0.0191194
1.505	1.66	0.0221698
1.505	1.67	0.0254207
1.505	1.68	0.0288718
1.505	1.69	0.0325233
1.505	1.7	0.0363751
1.505	1.71	0.0404273
1.505	1.72	0.0446797
1.505	1.73	0.0491324
1.505	1.74	0.0537854
1.505	1.75	0.0586387
1.505	1.76	0.0636922
1.505	1.77	0.0689459
1.505	1.78	0.0743999
1.505	1.79	0.0800541
1.505	1.8	0.0859085
1.505	1.81	0.0919632
1.505	1.82	0.098218
1.505	1.83	0.104673
1.505	1.84	0.111328
1.505	1.85	0.118183
1.505	1.86	0.125239
1.505	1.87	0.132495
1.505	1.88	0.13995
1.505	1.89	0.147606
1.505	1.9	0.155462
1.505	1.91	0.163518
1.505	1.92	0.171774
1.505	1.93	0.18023
1.505	1.94	0.188887
1.505	1.95	0.197743
1.505	1.96	0.206799
1.505	1.97	0.216056
1.505	1.98	0.225512
1.505	1.99	0.235169
1.505	2	0.245025
1.51	0	2.2801
1.51	0.01	2.24993
1.51	0.02	2.21997
1.51	0.03	2.1902
1.51	0.04	2.16063
1.51	0.05	2.13127
1.51	0.06	2.1021
1.51	0.07	2.07313
1.51	0.08	2.04437
1.51	0.09	2.0158
1.51	0.1	1.98743
1.51	0.11	1.95927
1.51	0.12	1.9313
1.51	0.13	1.90354
1.51	0.14	1.87597
1.51	0.15	1.84861
1.51	0.16	1.82144
1.51	0.17	1.79448
1.51	0.18	1.76772
1.51	0.19	1.74115
1.51	0.2	1.71479
1.51	0.21	1.68863
1.51	0.22	1.66267
1.51	0.23	1.6369
1.51	0.24	1.61134
1.51	0.25	1.58598
1.51	0.26	1.56082
1.51	0.27	1.53586
1.51	0.28	1.5111
1.51	0.29	1.48654
1.51	0.3	1.46219
1.51	0.31	1.43803
1.51	0.32	1.41407
1.51	0.33	1.39031
1.51	0.34	1.36676
1.51	0.35	1.3434
1.51	0.36	1.32025
1.51	0.37	1.2973
1.51	0.38	1.27454
1.51	0.39	1.25199
1.51	0.4	1.22964
1.51	0.41	1.20749
1.51	0.42	1.18554
1.51	0.43	1.16379
1.51	0.44	1.14224
1.51	0.45	1.12089
1.51	0.46	1.09974
1.51	0.47	1.0788
1.51	0.48	1.05805
1.51	0.49	1.03751
1.51	0.5	1.01716
1.51	0.51	0.99702
1.51	0.52	0.977078
1.51	0.53	0.957337
1.51	0.54	0.937796
1.51	0.55	0.918457
1.51	0.56	0.899318
1.51	0.57	0.88038
1.51	0.58	0.861643
1.51	0.59	0.843107
1.51	0.6	0.824772
1.51	0.61	0.806638
1.51	0.62	0.788705
1.51	0.63	0.770972
1.51	0.64	0.753441
1.51	0.65	0.736111
1.51	0.66	0.718981
1.51	0.67	0.702053
1.51	0.68	0.685326
1.51	0.69	0.668799
1.51	0.7	0.652474
1.51	0.71	0.636349
1.51	0.72	0.620426
1.51	0.73	0.604703
1.51	0.74	0.589182
1.51	0.75	0.573861
1.51	0.76	0.558742
1.51	0.77	0.543823
1.51	0.78	0.529106
1.51	0.79	0.51459
1.51	0.8	0.500274
1.51	0.81	0.48616
1.51	0.82	0.472246
1.51	0.83	0.458534
1.51	0.84	0.445023
1.51	0.85	0.431712
1.51	0.86	0.418603
1.51	0.87	0.405695
1.51	0.88	0.392987
1.51	0.89	0.380481
1.51	0.9	0.368176
1.51	0.91	0.356071
1.51	0.92	0.344168
1.51	0.93	0.332466
1.51	0.94	0.320964
1.51	0.95	0.309664
1.51	0.96	0.298565
1.51	0.97	0.287666
1.51	0.98	0.276969
1.51	0.99	0.266473
1.51	1	0.256177
1.51	1.01	0.246083
1.51	1.02	0.236189
1.51	1.03	0.226497
1.51	1.04	0.217005
1.51	1.05	0.207715
1.51	1.06	0.198625
1.51	1.07	0.189736
1.51	1.08	0.181048
1.51	1.09	0.172561
1.51	1.1	0.164276
1.51	1.11	0.15619
1.51	1.12	0.148306
1.51	1.13	0.140623
1.51	1.14	0.133141
1.51	1.15	0.125859
1.51	1.16	0.118778
1.51	1.17	0.111899
1.51	1.18	0.10522
1.51	1.19	0.0987415
1.51	1.2	0.0924642
1.51	1.21	0.0863878
1.51	1.22	0.0805121
1.51	1.23	0.0748373
1.51	1.24	0.0693633
1.51	1.25	0.0640901
1.51	1.26	0.0590177
1.51	1.27	0.054146
1.51	1.28	0.0494751
1.51	1.29	0.0450049
1.51	1.3	0.0407355
1.51	1.31	0.0366669
1.51	1.32	0.0327989
1.51	1.33	0.0291317
1.51	1.34	0.0256652
1.51	1.35	0.0223993
1.51	1.36	0.0193342
1.51	1.37	0.0164697
1.51	1.38	0.0138059
1.51	1.39	0.0113427
1.51	1.4	0.0090802
1.51	1.41	0.00701831
1.51	1.42	0.00515705
1.51	1.43	0.0034964
1.51	1.44	0.00203635
1.51	1.45	0.000776887
1.51	1.46	-0.000281994
1.51	1.47	-0.00114031
1.51	1.48	-0.00179806
1.51	1.49	-0.00225527
1.51	1.5	-0.00251194
1.51	1.51	-0.00256808
1.51	1.52	-0.00242371
1.51	1.53	-0.00207883
1.51	1.54	-0.00153346
1.51	1.55	-0.000787604
1.51	1.56	0.000158725
1.51	1.57	0.00130551
1.51	1.58	0.00265276
1.51	1.59	0.00420044
1.51	1.6	0.00594855
1.51	1.61	0.00789708
1.51	1.62	0.010046
1.51	1.63	0.0123953
1.51	1.64	0.0149451
1.51	1.65	0.0176952
1.51	1.66	0.0206456
1.51	1.67	0.0237964
1.51	1.68	0.0271476
1.51	1.69	0.030699
1.51	1.7	0.0344508
1.51	1.71	0.0384029
1.51	1.72	0.0425554
1.51	1.73	0.046908
1.51	1.74	0.051461
1.51	1.75	0.0562142
1.51	1.76	0.0611677
1.51	1.77	0.0663215
1.51	1.78	0.0716754
1.51	1.79	0.0772296
1.51	1.8	0.082984
1.51	1.81	0.0889386
1.51	1.82	0.0950934
1.51	1.83	0.101448
1.51	1.84	0.108004
1.51	1.85	0.114759
1.51	1.86	0.121714
1.51	1.87	0.12887
1.51	1.88	0.136226
1.51	1.89	0.143781
1.51	1.9	0.151537
1.51	1.91	0.159493
1.51	1.92	0.167649
1.51	1.93	0.176006
1.51	1.94	0.184562
1.51	1.95	0.193318
1.51	1.96	0.202274
1.51	1.97	0.211431
1.51	1.98	0.220787
1.51	1.99	0.230344
1.51	2	0.2401
1.515	0	2.29523
1.515	0.01	2.26496
1.515	0.02	2.23489
1.515	0.03	2.20502
1.515	0.04	2.17536
1.515	0.05	2.14589
1.515	0.06	2.11662
1.515	0.07	2.08756
1.515	0.08	2.05869
1.515	0.09	2.03003
1.515	0.1	2.00156
1.515	0.11	1.97329
1.515	0.12	1.94523
1.515	0.13	1.91736
1.515	0.14	1.8897
1.515	0.15	1.86223
1.515	0.16	1.83497
1.515	0.17	1.80791
1.515	0.18	1.78104
1.515	0.19	1.75438
1.515	0.2	1.72792
1.515	0.21	1.70165
1.515	0.22	1.67559
1.515	0.23	1.64973
1.515	0.24	1.62407
1.515	0.25	1.59861
1.515	0.26	1.57335
1.515	0.27	1.54829
1.515	0.28	1.52343
1.515	0.29	1.49877
1.515	0.3	1.47431
1.515	0.31	1.45005
1.515	0.32	1.426
1.515	0.33	1.40214
1.515	0.34	1.37849
1.515	0.35	1.35503
1.515	0.36	1.33178
1.515	0.37	1.30872
1.515	0.38	1.28587
1.515	0.39	1.26322
1.515	0.4	1.24076
1.515	0.41	1.21851
1.515	0.42	1.19646
1.515	0.43	1.17461
1.515	0.44	1.15297
1.515	0.45	1.13152
1.515	0.46	1.11027
1.515	0.47	1.08922
1.515	0.48	1.06838
1.515	0.49	1.04773
1.515	0.5	1.02729
1.515	0.51	1.00705
1.515	0.52	0.987004
1.515	0.53	0.967163
1.515	0.54	0.947522
1.515	0.55	0.928083
1.515	0.56	0.908844
1.515	0.57	0.889806
1.515	0.58	0.870969
1.515	0.59	0.852333
1.515	0.6	0.833898
1.515	0.61	0.815664
1.515	0.62	0.797631
1.515	0.63	0.779799
1.515	0.64	0.762168
1.515	0.65	0.744737
1.515	0.66	0.727508
1.515	0.67	0.71048
1.515	0.68	0.693652
1.515	0.69	0.677026
1.515	0.7	0.6606
1.515	0.71	0.644376
1.515	0.72	0.628352
1.515	0.73	0.61253
1.515	0.74	0.596908
1.515	0.75	0.581488
1.515	0.76	0.566268
1.515	0.77	0.55125
1.515	0.78	0.536433
1.515	0.79	0.521816
1.515	0.8	0.507401
1.515	0.81	0.493186
1.515	0.82	0.479173
1.515	0.83	0.465361
1.515	0.84	0.451749
1.515	0.85	0.438339
1.515	0.86	0.425129
1.515	0.87	0.412121
1.515	0.88	0.399314
1.515	0.89	0.386708
1.515	0.9	0.374302
1.515	0.91	0.362098
1.515	0.92	0.350095
1.515	0.93	0.338292
1.515	0.94	0.326691
1.515	0.95	0.315291
1.515	0.96	0.304091
1.515	0.97	0.293093
1.515	0.98	0.282296
1.515	0.99	0.271699
1.515	1	0.261304
1.515	1.01	0.251109
1.515	1.02	0.241116
1.515	1.03	0.231323
1.515	1.04	0.221732
1.515	1.05	0.212341
1.515	1.06	0.203152
1.515	1.07	0.194163
1.515	1.08	0.185375
1.515	1.09	0.176788
1.515	1.1	0.168402
1.515	1.11	0.160217
1.515	1.12	0.152233
1.515	1.13	0.144449
1.515	1.14	0.136867
1.515	1.15	0.129485
1.515	1.16	0.122305
1.515	1.17	0.115325
1.515	1.18	0.108546
1.515	1.19	0.101968
1.515	1.2	0.0955907
1.515	1.21	0.0894142
1.515	1.22	0.0834386
1.515	1.23	0.0776638
1.515	1.24	0.0720897
1.515	1.25	0.0667165
1.515	1.26	0.0615441
1.515	1.27	0.0565724
1.515	1.28	0.0518015
1.515	1.29	0.0472313
1.515	1.3	0.0428619
1.515	1.31	0.0386932
1.515	1.32	0.0347253
1.515	1.33	0.030958
1.515	1.34	0.0273915
1.515	1.35	0.0240256
1.515	1.36	0.0208605
1.515	1.37	0.017896
1.515	1.38	0.0151321
1.515	1.39	0.012569
1.515	1.4	0.0102064
1.515	1.41	0.00804454
1.515	1.42	0.00608326
1.515	1.43	0.0043226
1.515	1.44	0.00276253
1.515	1.45	0.00140306
1.515	1.46	0.00024416
1.515	1.47	-0.000714168
1.515	1.48	-0.00147194
1.515	1.49	-0.00202916
1.515	1.5	-0.00238585
1.515	1.51	-0.00254201
1.515	1.52	-0.00249765
1.515	1.53	-0.00225279
1.515	1.54	-0.00180744
1.515	1.55	-0.0011616
1.515	1.56	-0.00031529
1.515	1.57	0.000731481
1.515	1.58	0.0019787
1.515	1.59	0.00342637
1.515	1.6	0.00507446
1.515	1.61	0.00692297
1.515	1.62	0.00897188
1.515	1.63	0.0112212
1.515	1.64	0.0136709
1.515	1.65	0.016321
1.515	1.66	0.0191714
1.515	1.67	0.0222222
1.515	1.68	0.0254733
1.515	1.69	0.0289248
1.515	1.7	0.0325765
1.515	1.71	0.0364286
1.515	1.72	0.040481
1.515	1.73	0.0447337
1.515	1.74	0.0491866
1.515	1.75	0.0538398
1.515	1.76	0.0586933
1.515	1.77	0.063747
1.515	1.78	0.069001
1.515	1.79	0.0744551
1.515	1.8	0.0801095
1.515	1.81	0.0859641
1.515	1.82	0.0920189
1.515	1.83	0.0982738
1.515	1.84	0.104729
1.515	1.85	0.111384
1.515	1.86	0.11824
1.515	1.87	0.125295
1.515	1.88	0.132551
1.515	1.89	0.140007
1.515	1.9	0.147663
1.515	1.91	0.155519
1.515	1.92	0.163575
1.515	1.93	0.171831
1.515	1.94	0.180287
1.515	1.95	0.188943
1.515	1.96	0.1978
1.515	1.97	0.206856
1.515	1.98	0.216112
1.515	1.99	0.225569
1.515	2	0.235225
1.52	0	2.3104
1.52	0.01	2.28003
1.52	0.02	2.24987
1.52	0.03	2.2199
1.52	0.04	2.19013
1.52	0.05	2.16057
1.52	0.06	2.1312
1.52	0.07	2.10203
1.52	0.08	2.07307
1.52	0.09	2.0443
1.52	0.1	2.01574
1.52	0.11	1.98737
1.52	0.12	1.9592
1.52	0.13	1.93124
1.52	0.14	1.90347
1.52	0.15	1.87591
1.52	0.16	1.84855
1.52	0.17	1.82138
1.52	0.18	1.79442
1.52	0.19	1.76765
1.52	0.2	1.74109
1.52	0.21	1.71473
1.52	0.22	1.68857
1.52	0.23	1.66261
1.52	0.24	1.63684
1.52	0.25	1.61128
1.52	0.26	1.58592
1.52	0.27	1.56076
1.52	0.28	1.53581
1.52	0.29	1.51105
1.52	0.3	1.48649
1.52	0.31	1.46213
1.52	0.32	1.43797
1.52	0.33	1.41402
1.52	0.34	1.39026
1.52	0.35	1.36671
1.52	0.36	1.34335
1.52	0.37	1.3202
1.52	0.38	1.29725
1.52	0.39	1.27449
1.52	0.4	1.25194
1.52	0.41	1.22959
1.52	0.42	1.20744
1.52	0.43	1.18549
1.52	0.44	1.16374
1.52	0.45	1.14219
1.52	0.46	1.12085
1.52	0.47	1.0997
1.52	0.48	1.07876
1.52	0.49	1.05801
1.52	0.5	1.03747
1.52	0.51	1.01712
1.52	0.52	0.996982
1.52	0.53	0.977041
1.52	0.54	0.9573
1.52	0.55	0.937761
1.52	0.56	0.918422
1.52	0.57	0.899284
1.52	0.58	0.880347
1.52	0.59	0.861611
1.52	0.6	0.843076
1.52	0.61	0.824742
1.52	0.62	0.806609
1.52	0.63	0.788677
1.52	0.64	0.770946
1.52	0.65	0.753415
1.52	0.66	0.736086
1.52	0.67	0.718958
1.52	0.68	0.70203
1.52	0.69	0.685304
1.52	0.7	0.668778
1.52	0.71	0.652454
1.52	0.72	0.636331
1.52	0.73	0.620408
1.52	0.74	0.604687
1.52	0.75	0.589166
1.52	0.76	0.573847
1.52	0.77	0.558728
1.52	0.78	0.543811
1.52	0.79	0.529095
1.52	0.8	0.514579
1.52	0.81	0.500265
1.52	0.82	0.486151
1.52	0.83	0.472239
1.52	0.84	0.458528
1.52	0.85	0.445017
1.52	0.86	0.431708
1.52	0.87	0.4186
1.52	0.88	0.405692
1.52	0.89	0.392986
1.52	0.9	0.380481
1.52	0.91	0.368176
1.52	0.92	0.356073
1.52	0.93	0.344171
1.52	0.94	0.33247
1.52	0.95	0.320969
1.52	0.96	0.30967
1.52	0.97	0.298572
1.52	0.98	0.287674
1.52	0.99	0.276978
1.52	1	0.266482
1.52	1.01	0.256188
1.52	1.02	0.246094
1.52	1.03	0.236202
1.52	1.04	0.22651
1.52	1.05	0.21702
1.52	1.06	0.20773
1.52	1.07	0.198641
1.52	1.08	0.189753
1.52	1.09	0.181066
1.52	1.1	0.17258
1.52	1.11	0.164295
1.52	1.12	0.156211
1.52	1.13	0.148328
1.52	1.14	0.140645
1.52	1.15	0.133164
1.52	1.16	0.125883
1.52	1.17	0.118803
1.52	1.18	0.111924
1.52	1.19	0.105246
1.52	1.2	0.0987689
1.52	1.21	0.0924924
1.52	1.22	0.0864168
1.52	1.23	0.0805419
1.52	1.24	0.0748679
1.52	1.25	0.0693946
1.52	1.26	0.0641222
1.52	1.27	0.0590505
1.52	1.28	0.0541795
1.52	1.29	0.0495093
1.52	1.3	0.0450399
1.52	1.31	0.0407712
1.52	1.32	0.0367032
1.52	1.33	0.0328359
1.52	1.34	0.0291693
1.52	1.35	0.0257035
1.52	1.36	0.0224383
1.52	1.37	0.0193738
1.52	1.38	0.0165099
1.52	1.39	0.0138467
1.52	1.4	0.0113841
1.52	1.41	0.0091222
1.52	1.42	0.00706089
1.52	1.43	0.00520019
1.52	1.44	0.00354009
1.52	1.45	0.00208058
1.52	1.46	0.000821646
1.52	1.47	-0.000236718
1.52	1.48	-0.00109453
1.52	1.49	-0.00175179
1.52	1.5	-0.00220851
1.52	1.51	-0.00246471
1.52	1.52	-0.00252039
1.52	1.53	-0.00237557
1.52	1.54	-0.00203026
1.52	1.55	-0.00148446
1.52	1.56	-0.000738189
1.52	1.57	0.000208542
1.52	1.58	0.00135572
1.52	1.59	0.00270334
1.52	1.6	0.00425139
1.52	1.61	0.00599986
1.52	1.62	0.00794873
1.52	1.63	0.010098
1.52	1.64	0.0124477
1.52	1.65	0.0149977
1.52	1.66	0.0177481
1.52	1.67	0.0206988
1.52	1.68	0.0238499
1.52	1.69	0.0272013
1.52	1.7	0.030753
1.52	1.71	0.0345051
1.52	1.72	0.0384574
1.52	1.73	0.04261
1.52	1.74	0.0469629
1.52	1.75	0.0515161
1.52	1.76	0.0562695
1.52	1.77	0.0612232
1.52	1.78	0.0663771
1.52	1.79	0.0717312
1.52	1.8	0.0772855
1.52	1.81	0.08304
1.52	1.82	0.0889948
1.52	1.83	0.0951497
1.52	1.84	0.101505
1.52	1.85	0.10806
1.52	1.86	0.114815
1.52	1.87	0.121771
1.52	1.88	0.128926
1.52	1.89	0.136282
1.52	1.9	0.143838
1.52	1.91	0.151594
1.52	1.92	0.15955
1.52	1.93	0.167706
1.52	1.94	0.176062
1.52	1.95	0.184619
1.52	1.96	0.193375
1.52	1.97	0.202331
1.52	1.98	0.211487
1.52	1.99	0.220844
1.52	2	0.2304
1.525	0	2.32562
1.525	0.01	2.29516
1.525	0.02	2.26489
1.525	0.03	2.23482
1.525	0.04	2.20496
1.525	0.05	2.17529
1.525	0.06	2.14583
1.525	0.07	2.11656
1.525	0.08	2.08749
1.525	0.09	2.05863
1.525	0.1	2.02996
1.525	0.11	2.0015
1.525	0.12	1.97323
1.525	0.13	1.94517
1.525	0.14	1.9173
1.525	0.15	1.88964
1.525	0.16	1.86217
1.525	0.17	1.83491
1.525	0.18	1.80784
1.525	0.19	1.78098
1.525	0.2	1.75432
1.525	0.21	1.72786
1.525	0.22	1.70159
1.525	0.23	1.67553
1.525	0.24	1.64967
1.525	0.25	1.62401
1.525	0.26	1.59855
1.525	0.27	1.57329
1.525	0.28	1.54823
1.525	0.29	1.52337
1.525	0.3	1.49872
1.525	0.31	1.47426
1.525	0.32	1.45
1.525	0.33	1.42595
1.525	0.34	1.40209
1.525	0.35	1.37843
1.525	0.36	1.35498
1.525	0.37	1.33173
1.525	0.38	1.30867
1.525	0.39	1.28582
1.525	0.4	1.26317
1.525	0.41	1.24072
1.525	0.42	1.21847
1.525	0.43	1.19642
1.525	0.44	1.17457
1.525	0.45	1.15292
1.525	0.46	1.13148
1.525	0.47	1.11023
1.525	0.48	1.08918
1.525	0.49	1.06834
1.525	0.5	1.0477
1.525	0.51	1.02725
1.525	0.52	1.00701
1.525	0.53	0.986969
1.525	0.54	0.967129
1.525	0.55	0.947489
1.525	0.56	0.928051
1.525	0.57	0.908813
1.525	0.58	0.889776
1.525	0.59	0.87094
1.525	0.6	0.852305
1.525	0.61	0.833871
1.525	0.62	0.815638
1.525	0.63	0.797606
1.525	0.64	0.779775
1.525	0.65	0.762144
1.525	0.66	0.744715
1.525	0.67	0.727487
1.525	0.68	0.710459
1.525	0.69	0.693633
1.525	0.7	0.677008
1.525	0.71	0.660583
1.525	0.72	0.64436
1.525	0.73	0.628337
1.525	0.74	0.612516
1.525	0.75	0.596896
1.525	0.76	0.581476
1.525	0.77	0.566258
1.525	0.78	0.55124
1.525	0.79	0.536424
1.525	0.8	0.521808
1.525	0.81	0.507394
1.525	0.82	0.493181
1.525	0.83	0.479168
1.525	0.84	0.465357
1.525	0.85	0.451747
1.525	0.86	0.438337
1.525	0.87	0.425129
1.525	0.88	0.412122
1.525	0.89	0.399315
1.525	0.9	0.38671
1.525	0.91	0.374306
1.525	0.92	0.362103
1.525	0.93	0.3501
1.525	0.94	0.338299
1.525	0.95	0.326699
1.525	0.96	0.315299
1.525	0.97	0.304101
1.525	0.98	0.293104
1.525	0.99	0.282307
1.525	1	0.271712
1.525	1.01	0.261317
1.525	1.02	0.251124
1.525	1.03	0.241131
1.525	1.04	0.23134
1.525	1.05	0.221749
1.525	1.06	0.212359
1.525	1.07	0.203171
1.525	1.08	0.194183
1.525	1.09	0.185396
1.525	1.1	0.17681
1.525	1.11	0.168425
1.525	1.12	0.16024
1.525	1.13	0.152257
1.525	1.14	0.144475
1.525	1.15	0.136893
1.525	1.16	0.129512
1.525	1.17	0.122332
1.525	1.18	0.115353
1.525	1.19	0.108575
1.525	1.2	0.101998
1.525	1.21	0.0956215
1.525	1.22	0.0894458
1.525	1.23	0.0834709
1.525	1.24	0.0776969
1.525	1.25	0.0721236
1.525	1.26	0.0667511
1.525	1.27	0.0615794
1.525	1.28	0.0566084
1.525	1.29	0.0518382
1.525	1.3	0.0472687
1.525	1.31	0.0429
1.525	1.32	0.0387319
1.525	1.33	0.0347646
1.525	1.34	0.030998
1.525	1.35	0.0274321
1.525	1.36	0.0240669
1.525	1.37	0.0209023
1.525	1.38	0.0179384
1.525	1.39	0.0151752
1.525	1.4	0.0126126
1.525	1.41	0.0102506
1.525	1.42	0.00808923
1.525	1.43	0.00612848
1.525	1.44	0.00436834
1.525	1.45	0.00280878
1.525	1.46	0.00144981
1.525	1.47	0.000291396
1.525	1.48	-0.000666458
1.525	1.49	-0.00142377
1.525	1.5	-0.00198054
1.525	1.51	-0.00233679
1.525	1.52	-0.00249252
1.525	1.53	-0.00244775
1.525	1.54	-0.00220248
1.525	1.55	-0.00175674
1.525	1.56	-0.00111052
1.525	1.57	-0.000263842
1.525	1.58	0.000783285
1.525	1.59	0.00203085
1.525	1.6	0.00347885
1.525	1.61	0.00512726
1.525	1.62	0.00697608
1.525	1.63	0.00902529
1.525	1.64	0.0112749
1.525	1.65	0.0137249
1.525	1.66	0.0163752
1.525	1.67	0.0192259
1.525	1.68	0.0222769
1.525	1.69	0.0255283
1.525	1.7	0.0289799
1.525	1.71	0.0326319
1.525	1.72	0.0364842
1.525	1.73	0.0405368
1.525	1.74	0.0447896
1.525	1.75	0.0492427
1.525	1.76	0.0538961
1.525	1.77	0.0587496
1.525	1.78	0.0638035
1.525	1.79	0.0690575
1.525	1.8	0.0745118
1.525	1.81	0.0801663
1.525	1.82	0.0860209
1.525	1.83	0.0920758
1.525	1.84	0.0983308
1.525	1.85	0.104786
1.525	1.86	0.111441
1.525	1.87	0.118297
1.525	1.88	0.125352
1.525	1.89	0.132608
1.525	1.9	0.140064
1.525	1.91	0.14772
1.525	1.92	0.155576
1.525	1.93	0.163632
1.525	1.94	0.171888
1.525	1.95	0.180344
1.525	1.96	0.189
1.525	1.97	0.197856
1.525	1.98	0.206913
1.525	1.99	0.216169
1.525	2	0.225625
1.53	0	2.3409
1.53	0.01	2.31033
1.53	0.02	2.27997
1.53	0.03	2.2498
1.53	0.04	2.21983
1.53	0.05	2.19007
1.53	0.06	2.1605
1.53	0.07	2.13113
1.53	0.08	2.10197
1.53	0.09	2.073
1.53	0.1	2.04424
1.53	0.11	2.01567
1.53	0.12	1.98731
1.53	0.13	1.95914
1.53	0.14	1.93118
1.53	0.15	1.90341
1.53	0.16	1.87585
1.53	0.17	1.84848
1.53	0.18	1.82132
1.53	0.19	1.79436
1.53	0.2	1.7676
1.53	0.21	1.74103
1.53	0.22	1.71467
1.53	0.23	1.68851
1.53	0.24	1.66255
1.53	0.25	1.63679
1.53	0.26	1.61123
1.53	0.27	1.58587
1.53	0.28	1.56071
1.53	0.29	1.53575
1.53	0.3	1.51099
1.53	0.31	1.48644
1.53	0.32	1.46208
1.53	0.33	1.43792
1.53	0.34	1.41397
1.53	0.35	1.39021
1.53	0.36	1.36666
1.53	0.37	1.3433
1.53	0.38	1.32015
1.53	0.39	1.2972
1.53	0.4	1.27445
1.53	0.41	1.2519
1.53	0.42	1.22955
1.53	0.43	1.2074
1.53	0.44	1.18545
1.53	0.45	1.1637
1.53	0.46	1.14215
1.53	0.47	1.12081
1.53	0.48	1.09966
1.53	0.49	1.07872
1.53	0.5	1.05797
1.53	0.51	1.03743
1.53	0.52	1.01709
1.53	0.53	0.996948
1.53	0.54	0.977007
1.53	0.55	0.957268
1.53	0.56	0.937729
1.53	0.57	0.918392
1.53	0.58	0.899255
1.53	0.59	0.880319
1.53	0.6	0.861584
1.53	0.61	0.84305
1.53	0.62	0.824717
1.53	0.63	0.806585
1.53	0.64	0.788654
1.53	0.65	0.770923
1.53	0.66	0.753394
1.53	0.67	0.736066
1.53	0.68	0.718939
1.53	0.69	0.702012
1.53	0.7	0.685287
1.53	0.71	0.668762
1.53	0.72	0.652439
1.53	0.73	0.636317
1.53	0.74	0.620395
1.53	0.75	0.604675
1.53	0.76	0.589155
1.53	0.77	0.573837
1.53	0.78	0.55872
1.53	0.79	0.543803
1.53	0.8	0.529088
1.53	0.81	0.514573
1.53	0.82	0.50026
1.53	0.83	0.486148
1.53	0.84	0.472236
1.53	0.85	0.458526
1.53	0.86	0.445017
1.53	0.87	0.431708
1.53	0.88	0.418601
1.53	0.89	0.405695
1.53	0.9	0.39299
1.53	0.91	0.380485
1.53	0.92	0.368182
1.53	0.93	0.35608
1.53	0.94	0.344178
1.53	0.95	0.332478
1.53	0.96	0.320979
1.53	0.97	0.30968
1.53	0.98	0.298583
1.53	0.99	0.287687
1.53	1	0.276991
1.53	1.01	0.266497
1.53	1.02	0.256203
1.53	1.03	0.246111
1.53	1.04	0.236219
1.53	1.05	0.226528
1.53	1.06	0.217039
1.53	1.07	0.20775
1.53	1.08	0.198662
1.53	1.09	0.189775
1.53	1.1	0.181089
1.53	1.11	0.172604
1.53	1.12	0.16432
1.53	1.13	0.156236
1.53	1.14	0.148354
1.53	1.15	0.140672
1.53	1.16	0.133192
1.53	1.17	0.125912
1.53	1.18	0.118833
1.53	1.19	0.111954
1.53	1.2	0.105277
1.53	1.21	0.0988006
1.53	1.22	0.0925249
1.53	1.23	0.08645
1.53	1.24	0.0805759
1.53	1.25	0.0749026
1.53	1.26	0.06943
1.53	1.27	0.0641583
1.53	1.28	0.0590873
1.53	1.29	0.054217
1.53	1.3	0.0495475
1.53	1.31	0.0450787
1.53	1.32	0.0408107
1.53	1.33	0.0367433
1.53	1.34	0.0328767
1.53	1.35	0.0292107
1.53	1.36	0.0257455
1.53	1.37	0.0224809
1.53	1.38	0.0194169
1.53	1.39	0.0165536
1.53	1.4	0.013891
1.53	1.41	0.011429
1.53	1.42	0.00916758
1.53	1.43	0.0071068
1.53	1.44	0.00524661
1.53	1.45	0.00358701
1.53	1.46	0.00212799
1.53	1.47	0.000869529
1.53	1.48	-0.000188372
1.53	1.49	-0.00104573
1.53	1.5	-0.00170255
1.53	1.51	-0.00215884
1.53	1.52	-0.00241463
1.53	1.53	-0.00246991
1.53	1.54	-0.00232469
1.53	1.55	-0.001979
1.53	1.56	-0.00143283
1.53	1.57	-0.000686208
1.53	1.58	0.000260867
1.53	1.59	0.00140838
1.53	1.6	0.00275632
1.53	1.61	0.00430468
1.53	1.62	0.00605344
1.53	1.63	0.0080026
1.53	1.64	0.0101521
1.53	1.65	0.0125021
1.53	1.66	0.0150523
1.53	1.67	0.017803
1.53	1.68	0.0207539
1.53	1.69	0.0239052
1.53	1.7	0.0272568
1.53	1.71	0.0308088
1.53	1.72	0.034561
1.53	1.73	0.0385135
1.53	1.74	0.0426663
1.53	1.75	0.0470193
1.53	1.76	0.0515726
1.53	1.77	0.0563261
1.53	1.78	0.0612799
1.53	1.79	0.0664339
1.53	1.8	0.0717881
1.53	1.81	0.0773425
1.53	1.82	0.0830971
1.53	1.83	0.0890519
1.53	1.84	0.0952068
1.53	1.85	0.101562
1.53	1.86	0.108117
1.53	1.87	0.114873
1.53	1.88	0.121828
1.53	1.89	0.128984
1.53	1.9	0.136339
1.53	1.91	0.143895
1.53	1.92	0.151651
1.53	1.93	0.159607
1.53	1.94	0.167763
1.53	1.95	0.176119
1.53	1.96	0.184675
1.53	1.97	0.193431
1.53	1.98	0.202388
1.53	1.99	0.211544
1.53	2	0.2209
1.535	0	2.35623
1.535	0.01	2.32556
1.535	0.02	2.29509
1.535	0.03	2.26483
1.535	0.04	2.23476
1.535	0.05	2.20489
1.535	0.06	2.17523
1.535	0.07	2.14576
1.535	0.08	2.11649
1.535	0.09	2.08743
1.535	0.1	2.05856
1.535	0.11	2.0299
1.535	0.12	2.00143
1.535	0.13	1.97317
1.535	0.14	1.9451
1.535	0.15	1.91724
1.535	0.16	1.88957
1.535	0.17	1.86211
1.535	0.18	1.83485
1.535	0.19	1.80778
1.535	0.2	1.78092
1.535	0.21	1.75426
1.535	0.22	1.7278
1.535	0.23	1.70154
1.535	0.24	1.67548
1.535	0.25	1.64962
1.535	0.26	1.62396
1.535	0.27	1.5985
1.535	0.28	1.57324
1.535	0.29	1.54818
1.535	0.3	1.52332
1.535	0.31	1.49866
1.535	0.32	1.47421
1.535	0.33	1.44995
1.535	0.34	1.4259
1.535	0.35	1.40204
1.535	0.36	1.37839
1.535	0.37	1.35493
1.535	0.38	1.33168
1.535	0.39	1.30863
1.535	0.4	1.28578
1.535	0.41	1.26313
1.535	0.42	1.24068
1.535	0.43	1.21843
1.535	0.44	1.19638
1.535	0.45	1.17453
1.535	0.46	1.15288
1.535	0.47	1.13144
1.535	0.48	1.11019
1.535	0.49	1.08915
1.535	0.5	1.0683
1.535	0.51	1.04766
1.535	0.52	1.02722
1.535	0.53	1.00698
1.535	0.54	0.986938
1.535	0.55	0.967098
1.535	0.56	0.94746
1.535	0.57	0.928022
1.535	0.58	0.908785
1.535	0.59	0.889749
1.535	0.6	0.870915
1.535	0.61	0.852281
1.535	0.62	0.833848
1.535	0.63	0.815615
1.535	0.64	0.797584
1.535	0.65	0.779754
1.535	0.66	0.762125
1.535	0.67	0.744697
1.535	0.68	0.727469
1.535	0.69	0.710443
1.535	0.7	0.693618
1.535	0.71	0.676993
1.535	0.72	0.66057
1.535	0.73	0.644348
1.535	0.74	0.628326
1.535	0.75	0.612506
1.535	0.76	0.596886
1.535	0.77	0.581468
1.535	0.78	0.566251
1.535	0.79	0.551234
1.535	0.8	0.536419
1.535	0.81	0.521805
1.535	0.82	0.507391
1.535	0.83	0.493179
1.535	0.84	0.479168
1.535	0.85	0.465357
1.535	0.86	0.451748
1.535	0.87	0.43834
1.535	0.88	0.425133
1.535	0.89	0.412126
1.535	0.9	0.399321
1.535	0.91	0.386717
1.535	0.92	0.374313
1.535	0.93	0.362111
1.535	0.94	0.35011
1.535	0.95	0.338309
1.535	0.96	0.32671
1.535	0.97	0.315312
1.535	0.98	0.304114
1.535	0.99	0.293118
1.535	1	0.282323
1.535	1.01	0.271728
1.535	1.02	0.261335
1.535	1.03	0.251142
1.535	1.04	0.24115
1.535	1.05	0.23136
1.535	1.06	0.22177
1.535	1.07	0.212381
1.535	1.08	0.203193
1.535	1.09	0.194206
1.535	1.1	0.18542
1.535	1.11	0.176835
1.535	1.12	0.168451
1.535	1.13	0.160267
1.535	1.14	0.152285
1.535	1.15	0.144503
1.535	1.16	0.136923
1.535	1.17	0.129543
1.535	1.18	0.122364
1.535	1.19	0.115385
1.535	1.2	0.108608
1.535	1.21	0.102031
1.535	1.22	0.0956557
1.535	1.23	0.0894807
1.535	1.24	0.0835066
1.535	1.25	0.0777332
1.535	1.26	0.0721607
1.535	1.27	0.0667889
1.535	1.28	0.0616178
1.535	1.29	0.0566475
1.535	1.3	0.051878
1.535	1.31	0.0473091
1.535	1.32	0.042941
1.535	1.33	0.0387736
1.535	1.34	0.0348069
1.535	1.35	0.0310409
1.535	1.36	0.0274756
1.535	1.37	0.0241109
1.535	1.38	0.0209469
1.535	1.39	0.0179836
1.535	1.4	0.0152209
1.535	1.41	0.0126588
1.535	1.42	0.0102973
1.535	1.43	0.0081365
1.535	1.44	0.00617625
1.535	1.45	0.00441658
1.535	1.46	0.00285749
1.535	1.47	0.00149897
1.535	1.48	0.000341001
1.535	1.49	-0.000616423
1.535	1.5	-0.00137331
1.535	1.51	-0.00192968
1.535	1.52	-0.00228553
1.535	1.53	-0.00244088
1.535	1.54	-0.00239574
1.535	1.55	-0.00215012
1.535	1.56	-0.00170403
1.535	1.57	-0.00105748
1.535	1.58	-0.000210483
1.535	1.59	0.000836953
1.535	1.6	0.00208482
1.535	1.61	0.00353309
1.535	1.62	0.00518178
1.535	1.63	0.00703086
1.535	1.64	0.00908032
1.535	1.65	0.0113302
1.535	1.66	0.0137803
1.535	1.67	0.0164309
1.535	1.68	0.0192818
1.535	1.69	0.022333
1.535	1.7	0.0255845
1.535	1.71	0.0290364
1.535	1.72	0.0326885
1.535	1.73	0.0365409
1.535	1.74	0.0405936
1.535	1.75	0.0448466
1.535	1.76	0.0492998
1.535	1.77	0.0539532
1.535	1.78	0.0588069
1.535	1.79	0.0638608
1.535	1.8	0.0691149
1.535	1.81	0.0745692
1.535	1.82	0.0802237
1.535	1.83	0.0860784
1.535	1.84	0.0921333
1.535	1.85	0.0983883
1.535	1.86	0.104843
1.535	1.87	0.111499
1.535	1.88	0.118354
1.535	1.89	0.12541
1.535	1.9	0.132665
1.535	1.91	0.140121
1.535	1.92	0.147777
1.535	1.93	0.155633
1.535	1.94	0.163689
1.535	1.95	0.171945
1.535	1.96	0.180401
1.535	1.97	0.189057
1.535	1.98	0.197913
1.535	1.99	0.206969
1.535	2	0.216225
1.54	0	2.3716
1.54	0.01	2.34083
1.54	0.02	2.31027
1.54	0.03	2.2799
1.54	0.04	2.24973
1.54	0.05	2.21977
1.54	0.06	2.19
1.54	0.07	2.16044
1.54	0.08	2.13107
1.54	0.09	2.1019
1.54	0.1	2.07294
1.54	0.11	2.04417
1.54	0.12	2.01561
1.54	0.13	1.98724
1.54	0.14	1.95908
1.54	0.15	1.93112
1.54	0.16	1.90335
1.54	0.17	1.87579
1.54	0.18	1.84843
1.54	0.19	1.82126
1.54	0.2	1.7943
1.54	0.21	1.76754
1.54	0.22	1.74098
1.54	0.23	1.71461
1.54	0.24	1.68845
1.54	0.25	1.66249
1.54	0.26	1.63673
1.54	0.27	1.61117
1.54	0.28	1.58582
1.54	0.29	1.56066
1.54	0.3	1.5357
1.54	0.31	1.51094
1.54	0.32	1.48639
1.54	0.33	1.46203
1.54	0.34	1.43787
1.54	0.35	1.41392
1.54	0.36	1.39017
1.54	0.37	1.36661
1.54	0.38	1.34326
1.54	0.39	1.32011
1.54	0.4	1.29716
1.54	0.41	1.27441
1.54	0.42	1.25186
1.54	0.43	1.22951
1.54	0.44	1.20736
1.54	0.45	1.18541
1.54	0.46	1.16366
1.54	0.47	1.14212
1.54	0.48	1.12077
1.54	0.49	1.09963
1.54	0.5	1.07868
1.54	0.51	1.05794
1.54	0.52	1.0374
1.54	0.53	1.01706
1.54	0.54	0.996918
1.54	0.55	0.976979
1.54	0.56	0.957241
1.54	0.57	0.937703
1.54	0.58	0.918366
1.54	0.59	0.899231
1.54	0.6	0.880296
1.54	0.61	0.861562
1.54	0.62	0.843029
1.54	0.63	0.824697
1.54	0.64	0.806566
1.54	0.65	0.788636
1.54	0.66	0.770907
1.54	0.67	0.753378
1.54	0.68	0.736051
1.54	0.69	0.718925
1.54	0.7	0.702
1.54	0.71	0.685275
1.54	0.72	0.668752
1.54	0.73	0.65243
1.54	0.74	0.636308
1.54	0.75	0.620388
1.54	0.76	0.604669
1.54	0.77	0.58915
1.54	0.78	0.573833
1.54	0.79	0.558717
1.54	0.8	0.543801
1.54	0.81	0.529087
1.54	0.82	0.514574
1.54	0.83	0.500261
1.54	0.84	0.48615
1.54	0.85	0.47224
1.54	0.86	0.45853
1.54	0.87	0.445022
1.54	0.88	0.431715
1.54	0.89	0.418609
1.54	0.9	0.405703
1.54	0.91	0.392999
1.54	0.92	0.380496
1.54	0.93	0.368193
1.54	0.94	0.356092
1.54	0.95	0.344192
1.54	0.96	0.332492
1.54	0.97	0.320994
1.54	0.98	0.309697
1.54	0.99	0.2986
1.54	1	0.287705
1.54	1.01	0.27701
1.54	1.02	0.266517
1.54	1.03	0.256224
1.54	1.04	0.246133
1.54	1.05	0.236242
1.54	1.06	0.226552
1.54	1.07	0.217063
1.54	1.08	0.207775
1.54	1.09	0.198688
1.54	1.1	0.189802
1.54	1.11	0.181117
1.54	1.12	0.172633
1.54	1.13	0.164349
1.54	1.14	0.156267
1.54	1.15	0.148385
1.54	1.16	0.140704
1.54	1.17	0.133225
1.54	1.18	0.125945
1.54	1.19	0.118867
1.54	1.2	0.11199
1.54	1.21	0.105313
1.54	1.22	0.0988373
1.54	1.23	0.0925623
1.54	1.24	0.0864882
1.54	1.25	0.0806148
1.54	1.26	0.0749421
1.54	1.27	0.0694703
1.54	1.28	0.0641992
1.54	1.29	0.0591288
1.54	1.3	0.0542592
1.54	1.31	0.0495903
1.54	1.32	0.0451221
1.54	1.33	0.0408547
1.54	1.34	0.0367879
1.54	1.35	0.0329219
1.54	1.36	0.0292565
1.54	1.37	0.0257918
1.54	1.38	0.0225277
1.54	1.39	0.0194643
1.54	1.4	0.0166015
1.54	1.41	0.0139394
1.54	1.42	0.0114778
1.54	1.43	0.0092169
1.54	1.44	0.00715658
1.54	1.45	0.00529684
1.54	1.46	0.00363767
1.54	1.47	0.00217907
1.54	1.48	0.000921025
1.54	1.49	-0.000136477
1.54	1.5	-0.000993447
1.54	1.51	-0.00164989
1.54	1.52	-0.00210583
1.54	1.53	-0.00236126
1.54	1.54	-0.00241621
1.54	1.55	-0.00227067
1.54	1.56	-0.00192467
1.54	1.57	-0.0013782
1.54	1.58	-0.000631292
1.54	1.59	0.000316056
1.54	1.6	0.00146383
1.54	1.61	0.00281202
1.54	1.62	0.00436061
1.54	1.63	0.0061096
1.54	1.64	0.00805897
1.54	1.65	0.0102087
1.54	1.66	0.0125588
1.54	1.67	0.0151093
1.54	1.68	0.01786
1.54	1.69	0.0208112
1.54	1.7	0.0239626
1.54	1.71	0.0273143
1.54	1.72	0.0308664
1.54	1.73	0.0346187
1.54	1.74	0.0385713
1.54	1.75	0.0427242
1.54	1.76	0.0470773
1.54	1.77	0.0516306
1.54	1.78	0.0563842
1.54	1.79	0.061338
1.54	1.8	0.066492
1.54	1.81	0.0718462
1.54	1.82	0.0774006
1.54	1.83	0.0831552
1.54	1.84	0.08911
1.54	1.85	0.0952649
1.54	1.86	0.10162
1.54	1.87	0.108175
1.54	1.88	0.11493
1.54	1.89	0.121886
1.54	1.9	0.129041
1.54	1.91	0.136397
1.54	1.92	0.143953
1.54	1.93	0.151708
1.54	1.94	0.159664
1.54	1.95	0.16782
1.54	1.96	0.176176
1.54	1.97	0.184732
1.54	1.98	0.193488
1.54	1.99	0.202444
1.54	2	0.2116
1.545	0	2.38702
1.545	0.01	2.35616
1.545	0.02	2.32549
1.545	0.03	2.29503
1.545	0.04	2.26476
1.545	0.05	2.23469
1.545	0.06	2.20483
1.545	0.07	2.17516
1.545	0.08	2.1457
1.545	0.09	2.11643
1.545	0.1	2.08737
1.545	0.11	2.0585
1.545	0.12	2.02984
1.545	0.13	2.00137
1.545	0.14	1.97311
1.545	0.15	1.94504
1.545	0.16	1.91718
1.545	0.17	1.88952
1.545	0.18	1.86205
1.545	0.19	1.83479
1.545	0.2	1.80773
1.545	0.21	1.78087
1.545	0.22	1.7542
1.545	0.23	1.72774
1.545	0.24	1.70148
1.545	0.25	1.67542
1.545	0.26	1.64956
1.545	0.27	1.6239
1.545	0.28	1.59844
1.545	0.29	1.57319
1.545	0.3	1.54813
1.545	0.31	1.52327
1.545	0.32	1.49862
1.545	0.33	1.47416
1.545	0.34	1.4499
1.545	0.35	1.42585
1.545	0.36	1.402
1.545	0.37	1.37834
1.545	0.38	1.35489
1.545	0.39	1.33164
1.545	0.4	1.30859
1.545	0.41	1.28574
1.545	0.42	1.26309
1.545	0.43	1.24064
1.545	0.44	1.21839
1.545	0.45	1.19634
1.545	0.46	1.17449
1.545	0.47	1.15285
1.545	0.48	1.1314
1.545	0.49	1.11016
1.545	0.5	1.08912
1.545	0.51	1.06827
1.545	0.52	1.04763
1.545	0.53	1.02719
1.545	0.54	1.00695
1.545	0.55	0.98691
1.545	0.56	0.967072
1.545	0.57	0.947434
1.545	0.58	0.927998
1.545	0.59	0.908762
1.545	0.6	0.889727
1.545	0.61	0.870893
1.545	0.62	0.85226
1.545	0.63	0.833828
1.545	0.64	0.815597
1.545	0.65	0.797567
1.545	0.66	0.779738
1.545	0.67	0.76211
1.545	0.68	0.744683
1.545	0.69	0.727457
1.545	0.7	0.710431
1.545	0.71	0.693607
1.545	0.72	0.676984
1.545	0.73	0.660561
1.545	0.74	0.64434
1.545	0.75	0.62832
1.545	0.76	0.612501
1.545	0.77	0.596882
1.545	0.78	0.581465
1.545	0.79	0.566249
1.545	0.8	0.551233
1.545	0.81	0.536419
1.545	0.82	0.521806
1.545	0.83	0.507393
1.545	0.84	0.493182
1.545	0.85	0.479172
1.545	0.86	0.465363
1.545	0.87	0.451754
1.545	0.88	0.438347
1.545	0.89	0.425141
1.545	0.9	0.412136
1.545	0.91	0.399331
1.545	0.92	0.386728
1.545	0.93	0.374326
1.545	0.94	0.362124
1.545	0.95	0.350124
1.545	0.96	0.338325
1.545	0.97	0.326726
1.545	0.98	0.315329
1.545	0.99	0.304133
1.545	1	0.293137
1.545	1.01	0.282343
1.545	1.02	0.271749
1.545	1.03	0.261357
1.545	1.04	0.251165
1.545	1.05	0.241174
1.545	1.06	0.231384
1.545	1.07	0.221796
1.545	1.08	0.212408
1.545	1.09	0.203221
1.545	1.1	0.194234
1.545	1.11	0.185449
1.545	1.12	0.176865
1.545	1.13	0.168481
1.545	1.14	0.160299
1.545	1.15	0.152317
1.545	1.16	0.144536
1.545	1.17	0.136956
1.545	1.18	0.129577
1.545	1.19	0.122399
1.545	1.2	0.115421
1.545	1.21	0.108645
1.545	1.22	0.102069
1.545	1.23	0.095694
1.545	1.24	0.0895197
1.545	1.25	0.0835463
1.545	1.26	0.0777736
1.545	1.27	0.0722017
1.545	1.28	0.0668305
1.545	1.29	0.0616601
1.545	1.3	0.0566905
1.545	1.31	0.0519215
1.545	1.32	0.0473533
1.545	1.33	0.0429858
1.545	1.34	0.038819
1.545	1.35	0.0348528
1.545	1.36	0.0310874
1.545	1.37	0.0275226
1.545	1.38	0.0241585
1.545	1.39	0.020995
1.545	1.4	0.0180321
1.545	1.41	0.0152699
1.545	1.42	0.0127083
1.545	1.43	0.0103473
1.545	1.44	0.00818692
1.545	1.45	0.00622711
1.545	1.46	0.00446787
1.545	1.47	0.00290919
1.545	1.48	0.00155107
1.545	1.49	0.000393488
1.545	1.5	-0.000563562
1.545	1.51	-0.00132009
1.545	1.52	-0.00187611
1.545	1.53	-0.00223162
1.545	1.54	-0.00238665
1.545	1.55	-0.0023412
1.545	1.56	-0.00209528
1.545	1.57	-0.00164891
1.545	1.58	-0.00100208
1.545	1.59	-0.000154822
1.545	1.6	0.000892862
1.545	1.61	0.00214096
1.545	1.62	0.00358946
1.545	1.63	0.00523836
1.545	1.64	0.00708763
1.545	1.65	0.00913728
1.545	1.66	0.0113873
1.545	1.67	0.0138376
1.545	1.68	0.0164883
1.545	1.69	0.0193394
1.545	1.7	0.0223907
1.545	1.71	0.0256423
1.545	1.72	0.0290943
1.545	1.73	0.0327465
1.545	1.74	0.036599
1.545	1.75	0.0406518
1.545	1.76	0.0449048
1.545	1.77	0.049358
1.545	1.78	0.0540115
1.545	1.79	0.0588652
1.545	1.8	0.0639191
1.545	1.81	0.0691732
1.545	1.82	0.0746275
1.545	1.83	0.080282
1.545	1.84	0.0861366
1.545	1.85	0.0921914
1.545	1.86	0.0984464
1.545	1.87	0.104901
1.545	1.88	0.111557
1.545	1.89	0.118412
1.545	1.9	0.125467
1.545	1.91	0.132723
1.545	1.92	0.140179
1.545	1.93	0.147834
1.545	1.94	0.15569
1.545	1.95	0.163746
1.545	1.96	0.172002
1.545	1.97	0.180457
1.545	1.98	0.189113
1.545	1.99	0.197969
1.545	2	0.207025
1.55	0	2.4025
1.55	0.01	2.37153
1.55	0.02	2.34077
1.55	0.03	2.3102
1.55	0.04	2.27984
1.55	0.05	2.24967
1.55	0.06	2.2197
1.55	0.07	2.18994
1.55	0.08	2.16037
1.55	0.09	2.13101
1.55	0.1	2.10184
1.55	0.11	2.07288
1.55	0.12	2.04411
1.55	0.13	2.01555
1.55	0.14	1.98718
1.55	0.15	1.95902
1.55	0.16	1.93106
1.55	0.17	1.90329
1.55	0.18	1.87573
1.55	0.19	1.84837
1.55	0.2	1.82121
1.55	0.21	1.79424
1.55	0.22	1.76748
1.55	0.23	1.74092
1.55	0.24	1.71456
1.55	0.25	1.6884
1.55	0.26	1.66244
1.55	0.27	1.63668
1.55	0.28	1.61112
1.55	0.29	1.58577
1.55	0.3	1.56061
1.55	0.31	1.53565
1.55	0.32	1.51089
1.55	0.33	1.48634
1.55	0.34	1.46198
1.55	0.35	1.43783
1.55	0.36	1.41388
1.55	0.37	1.39012
1.55	0.38	1.36657
1.55	0.39	1.34322
1.55	0.4	1.32007
1.55	0.41	1.29712
1.55	0.42	1.27437
1.55	0.43	1.25182
1.55	0.44	1.22947
1.55	0.45	1.20732
1.55	0.46	1.18538
1.55	0.47	1.16363
1.55	0.48	1.14208
1.55	0.49	1.12074
1.55	0.5	1.0996
1.55	0.51	1.07865
1.55	0.52	1.05791
1.55	0.53	1.03737
1.55	0.54	1.01703
1.55	0.55	0.996892
1.55	0.56	0.976954
1.55	0.57	0.957217
1.55	0.58	0.93768
1.55	0.59	0.918345
1.55	0.6	0.89921
1.55	0.61	0.880276
1.55	0.62	0.861543
1.55	0.63	0.843011
1.55	0.64	0.82468
1.55	0.65	0.80655
1.55	0.66	0.788621
1.55	0.67	0.770893
1.55	0.68	0.753366
1.55	0.69	0.73604
1.55	0.7	0.718915
1.55	0.71	0.701991
1.55	0.72	0.685267
1.55	0.73	0.668745
1.55	0.74	0.652424
1.55	0.75	0.636304
1.55	0.76	0.620384
1.55	0.77	0.604666
1.55	0.78	0.589149
1.55	0.79	0.573833
1.55	0.8	0.558717
1.55	0.81	0.543803
1.55	0.82	0.52909
1.55	0.83	0.514578
1.55	0.84	0.500266
1.55	0.85	0.486156
1.55	0.86	0.472247
1.55	0.87	0.458539
1.55	0.88	0.445031
1.55	0.89	0.431725
1.55	0.9	0.41862
1.55	0.91	0.405715
1.55	0.92	0.393012
1.55	0.93	0.38051
1.55	0.94	0.368209
1.55	0.95	0.356108
1.55	0.96	0.344209
1.55	0.97	0.332511
1.55	0.98	0.321013
1.55	0.99	0.309717
1.55	1	0.298621
1.55	1.01	0.287727
1.55	1.02	0.277033
1.55	1.03	0.266541
1.55	1.04	0.256249
1.55	1.05	0.246158
1.55	1.06	0.236268
1.55	1.07	0.22658
1.55	1.08	0.217092
1.55	1.09	0.207805
1.55	1.1	0.198718
1.55	1.11	0.189833
1.55	1.12	0.181149
1.55	1.13	0.172665
1.55	1.14	0.164383
1.55	1.15	0.156301
1.55	1.16	0.14842
1.55	1.17	0.14074
1.55	1.18	0.133261
1.55	1.19	0.125983
1.55	1.2	0.118905
1.55	1.21	0.112028
1.55	1.22	0.105352
1.55	1.23	0.0988773
1.55	1.24	0.092603
1.55	1.25	0.0865295
1.55	1.26	0.0806568
1.55	1.27	0.0749848
1.55	1.28	0.0695136
1.55	1.29	0.0642431
1.55	1.3	0.0591733
1.55	1.31	0.0543043
1.55	1.32	0.049636
1.55	1.33	0.0451684
1.55	1.34	0.0409015
1.55	1.35	0.0368353
1.55	1.36	0.0329698
1.55	1.37	0.0293049
1.55	1.38	0.0258407
1.55	1.39	0.0225771
1.55	1.4	0.0195142
1.55	1.41	0.0166519
1.55	1.42	0.0139902
1.55	1.43	0.0115291
1.55	1.44	0.00926863
1.55	1.45	0.00720873
1.55	1.46	0.00534939
1.55	1.47	0.00369062
1.55	1.48	0.00223239
1.55	1.49	0.000974713
1.55	1.5	-8.24379e-05
1.55	1.51	-0.000939068
1.55	1.52	-0.00159519
1.55	1.53	-0.00205081
1.55	1.54	-0.00230594
1.55	1.55	-0.0023606
1.55	1.56	-0.00221479
1.55	1.57	-0.00186852
1.55	1.58	-0.00132181
1.55	1.59	-0.00057466
1.55	1.6	0.000372911
1.55	1.61	0.0015209
1.55	1.62	0.00286928
1.55	1.63	0.00441806
1.55	1.64	0.00616722
1.55	1.65	0.00811675
1.55	1.66	0.0102666
1.55	1.67	0.0126169
1.55	1.68	0.0151675
1.55	1.69	0.0179184
1.55	1.7	0.0208696
1.55	1.71	0.0240211
1.55	1.72	0.0273729
1.55	1.73	0.030925
1.55	1.74	0.0346774
1.55	1.75	0.03863
1.55	1.76	0.0427829
1.55	1.77	0.047136
1.55	1.78	0.0516894
1.55	1.79	0.0564429
1.55	1.8	0.0613967
1.55	1.81	0.0665507
1.55	1.82	0.0719049
1.55	1.83	0.0774592
1.55	1.84	0.0832138
1.55	1.85	0.0891684
1.55	1.86	0.0953232
1.55	1.87	0.101678
1.55	1.88	0.108233
1.55	1.89	0.114988
1.55	1.9	0.121944
1.55	1.91	0.129099
1.55	1.92	0.136455
1.55	1.93	0.14401
1.55	1.94	0.151766
1.55	1.95	0.159721
1.55	1.96	0.167877
1.55	1.97	0.176233
1.55	1.98	0.184789
1.55	1.99	0.193544
1.55	2	0.2025
1.555	0	2.41803
1.555	0.01	2.38696
1.555	0.02	2.35609
1.555	0.03	2.32543
1.555	0.04	2.29496
1.555	0.05	2.2647
1.555	0.06	2.23463
1.555	0.07	2.20476
1.555	0.08	2.1751
1.555	0.09	2.14563
1.555	0.1	2.11637
1.555	0.11	2.0873
1.555	0.12	2.05844
1.555	0.13	2.02978
1.555	0.14	2.00131
1.555	0.15	1.97305
1.555	0.16	1.94498
1.555	0.17	1.91712
1.555	0.18	1.88946
1.555	0.19	1.862
1.555	0.2	1.83473
1.555	0.21	1.80767
1.555	0.22	1.78081
1.555	0.23	1.75415
1.555	0.24	1.72769
1.555	0.25	1.70143
1.555	0.26	1.67537
1.555	0.27	1.64951
1.555	0.28	1.62385
1.555	0.29	1.5984
1.555	0.3	1.57314
1.555	0.31	1.54808
1.555	0.32	1.52323
1.555	0.33	1.49857
1.555	0.34	1.47411
1.555	0.35	1.44986
1.555	0.36	1.42581
1.555	0.37	1.40195
1.555	0.38	1.3783
1.555	0.39	1.35485
1.555	0.4	1.3316
1.555	0.41	1.30855
1.555	0.42	1.2857
1.555	0.43	1.26305
1.555	0.44	1.2406
1.555	0.45	1.21835
1.555	0.46	1.19631
1.555	0.47	1.17446
1.555	0.48	1.15282
1.555	0.49	1.13137
1.555	0.5	1.11013
1.555	0.51	1.08909
1.555	0.52	1.06825
1.555	0.53	1.0476
1.555	0.54	1.02716
1.555	0.55	1.00693
1.555	0.56	0.986888
1.555	0.57	0.96705
1.555	0.58	0.947414
1.555	0.59	0.927978
1.555	0.6	0.908744
1.555	0.61	0.88971
1.555	0.62	0.870877
1.555	0.63	0.852245
1.555	0.64	0.833815
1.555	0.65	0.815585
1.555	0.66	0.797556
1.555	0.67	0.779728
1.555	0.68	0.762101
1.555	0.69	0.744674
1.555	0.7	0.727449
1.555	0.71	0.710425
1.555	0.72	0.693602
1.555	0.73	0.67698
1.555	0.74	0.660559
1.555	0.75	0.644338
1.555	0.76	0.628319
1.555	0.77	0.612501
1.555	0.78	0.596884
1.555	0.79	0.581467
1.555	0.8	0.566252
1.555	0.81	0.551238
1.555	0.82	0.536425
1.555	0.83	0.521813
1.555	0.84	0.507401
1.555	0.85	0.493191
1.555	0.86	0.479182
1.555	0.87	0.465374
1.555	0.88	0.451766
1.555	0.89	0.43836
1.555	0.9	0.425155
1.555	0.91	0.412151
1.555	0.92	0.399347
1.555	0.93	0.386745
1.555	0.94	0.374344
1.555	0.95	0.362143
1.555	0.96	0.350144
1.555	0.97	0.338346
1.555	0.98	0.326748
1.555	0.99	0.315352
1.555	1	0.304156
1.555	1.01	0.293162
1.555	1.02	0.282368
1.555	1.03	0.271776
1.555	1.04	0.261384
1.555	1.05	0.251193
1.555	1.06	0.241203
1.555	1.07	0.231415
1.555	1.08	0.221827
1.555	1.09	0.212439
1.555	1.1	0.203253
1.555	1.11	0.194268
1.555	1.12	0.185484
1.555	1.13	0.1769
1.555	1.14	0.168517
1.555	1.15	0.160336
1.555	1.16	0.152355
1.555	1.17	0.144575
1.555	1.18	0.136995
1.555	1.19	0.129617
1.555	1.2	0.122439
1.555	1.21	0.115463
1.555	1.22	0.108687
1.555	1.23	0.102112
1.555	1.24	0.0957371
1.555	1.25	0.0895636
1.555	1.26	0.0835907
1.555	1.27	0.0778187
1.555	1.28	0.0722474
1.555	1.29	0.0668768
1.555	1.3	0.061707
1.555	1.31	0.0567379
1.555	1.32	0.0519695
1.555	1.33	0.0474019
1.555	1.34	0.0430349
1.555	1.35	0.0388686
1.555	1.36	0.034903
1.555	1.37	0.031138
1.555	1.38	0.0275737
1.555	1.39	0.02421
1.555	1.4	0.021047
1.555	1.41	0.0180846
1.555	1.42	0.0153228
1.555	1.43	0.0127616
1.555	1.44	0.010401
1.555	1.45	0.00824102
1.555	1.46	0.00628158
1.555	1.47	0.0045227
1.555	1.48	0.00296437
1.555	1.49	0.00160657
1.555	1.5	0.000449313
1.555	1.51	-0.00050743
1.555	1.52	-0.00126367
1.555	1.53	-0.0018194
1.555	1.54	-0.00217465
1.555	1.55	-0.00232943
1.555	1.56	-0.00228373
1.555	1.57	-0.00203759
1.555	1.58	-0.001591
1.555	1.59	-0.000943971
1.555	1.6	-9.65234e-05
1.555	1.61	0.000951337
1.555	1.62	0.0021996
1.555	1.63	0.00364825
1.555	1.64	0.00529728
1.555	1.65	0.00714668
1.555	1.66	0.00919644
1.555	1.67	0.0114465
1.555	1.68	0.013897
1.555	1.69	0.0165478
1.555	1.7	0.0193988
1.555	1.71	0.0224502
1.555	1.72	0.0257019
1.555	1.73	0.0291539
1.555	1.74	0.0328061
1.555	1.75	0.0366586
1.555	1.76	0.0407114
1.555	1.77	0.0449643
1.555	1.78	0.0494175
1.555	1.79	0.054071
1.555	1.8	0.0589246
1.555	1.81	0.0639785
1.555	1.82	0.0692325
1.555	1.83	0.0746867
1.555	1.84	0.0803411
1.555	1.85	0.0861956
1.555	1.86	0.0922503
1.555	1.87	0.0985051
1.555	1.88	0.10496
1.555	1.89	0.111615
1.555	1.9	0.11847
1.555	1.91	0.125525
1.555	1.92	0.132781
1.555	1.93	0.140236
1.555	1.94	0.147892
1.555	1.95	0.155747
1.555	1.96	0.163803
1.555	1.97	0.172058
1.555	1.98	0.180514
1.555	1.99	0.189169
1.555	2	0.198025
1.56	0	2.4336
1.56	0.01	2.40243
1.56	0.02	2.37147
1.56	0.03	2.3407
1.56	0.04	2.31014
1.56	0.05	2.27977
1.56	0.06	2.24961
1.56	0.07	2.21964
1.56	0.08	2.18988
1.56	0.09	2.16031
1.56	0.1	2.13095
1.56	0.11	2.10178
1.56	0.12	2.07282
1.56	0.13	2.04405
1.56	0.14	2.01549
1.56	0.15	1.98713
1.56	0.16	1.95896
1.56	0.17	1.931
1.56	0.18	1.90324
1.56	0.19	1.87567
1.56	0.2	1.84831
1.56	0.21	1.82115
1.56	0.22	1.79419
1.56	0.23	1.76743
1.56	0.24	1.74087
1.56	0.25	1.71451
1.56	0.26	1.68835
1.56	0.27	1.66239
1.56	0.28	1.63663
1.56	0.29	1.61108
1.56	0.3	1.58572
1.56	0.31	1.56056
1.56	0.32	1.53561
1.56	0.33	1.51085
1.56	0.34	1.4863
1.56	0.35	1.46194
1.56	0.36	1.43779
1.56	0.37	1.41383
1.56	0.38	1.39008
1.56	0.39	1.36653
1.56	0.4	1.34318
1.56	0.41	1.32003
1.56	0.42	1.29708
1.56	0.43	1.27433
1.56	0.44	1.25178
1.56	0.45	1.22944
1.56	0.46	1.20729
1.56	0.47	1.18534
1.56	0.48	1.1636
1.56	0.49	1.14206
1.56	0.5	1.12071
1.56	0.51	1.09957
1.56	0.52	1.07863
1.56	0.53	1.05789
1.56	0.54	1.03735
1.56	0.55	1.01701
1.56	0.56	0.996871
1.56	0.57	0.976934
1.56	0.58	0.957197
1.56	0.59	0.937662
1.56	0.6	0.918327
1.56	0.61	0.899194
1.56	0.62	0.880261
1.56	0.63	0.861529
1.56	0.64	0.842999
1.56	0.65	0.824669
1.56	0.66	0.80654
1.56	0.67	0.788612
1.56	0.68	0.770885
1.56	0.69	0.753359
1.56	0.7	0.736034
1.56	0.71	0.71891
1.56	0.72	0.701987
1.56	0.73	0.685264
1.56	0.74	0.668743
1.56	0.75	0.652423
1.56	0.76	0.636304
1.56	0.77	0.620386
1.56	0.78	0.604669
1.56	0.79	0.589152
1.56	0.8	0.573837
1.56	0.81	0.558723
1.56	0.82	0.54381
1.56	0.83	0.529098
1.56	0.84	0.514586
1.56	0.85	0.500276
1.56	0.86	0.486167
1.56	0.87	0.472259
1.56	0.88	0.458552
1.56	0.89	0.445045
1.56	0.9	0.43174
1.56	0.91	0.418636
1.56	0.92	0.405733
1.56	0.93	0.39303
1.56	0.94	0.380529
1.56	0.95	0.368229
1.56	0.96	0.356129
1.56	0.97	0.344231
1.56	0.98	0.332534
1.56	0.99	0.321037
1.56	1	0.309742
1.56	1.01	0.298647
1.56	1.02	0.287753
1.56	1.03	0.277061
1.56	1.04	0.266569
1.56	1.05	0.256278
1.56	1.06	0.246188
1.56	1.07	0.2363
1.56	1.08	0.226612
1.56	1.09	0.217124
1.56	1.1	0.207838
1.56	1.11	0.198753
1.56	1.12	0.189868
1.56	1.13	0.181185
1.56	1.14	0.172702
1.56	1.15	0.16442
1.56	1.16	0.156339
1.56	1.17	0.148459
1.56	1.18	0.14078
1.56	1.19	0.133301
1.56	1.2	0.126024
1.56	1.21	0.118947
1.56	1.22	0.112071
1.56	1.23	0.105396
1.56	1.24	0.0989213
1.56	1.25	0.0926476
1.56	1.26	0.0865747
1.56	1.27	0.0807026
1.56	1.28	0.0750312
1.56	1.29	0.0695606
1.56	1.3	0.0642907
1.56	1.31	0.0592215
1.56	1.32	0.0543531
1.56	1.33	0.0496853
1.56	1.34	0.0452182
1.56	1.35	0.0409519
1.56	1.36	0.0368861
1.56	1.37	0.0330211
1.56	1.38	0.0293567
1.56	1.39	0.0258929
1.56	1.4	0.0226298
1.56	1.41	0.0195673
1.56	1.42	0.0167054
1.56	1.43	0.0140441
1.56	1.44	0.0115834
1.56	1.45	0.00932333
1.56	1.46	0.00726378
1.56	1.47	0.0054048
1.56	1.48	0.00374636
1.56	1.49	0.00228846
1.56	1.5	0.00103108
1.56	1.51	-2.57727e-05
1.56	1.52	-0.000882122
1.56	1.53	-0.00153797
1.56	1.54	-0.00199334
1.56	1.55	-0.00224823
1.56	1.56	-0.00230266
1.56	1.57	-0.00215664
1.56	1.58	-0.00181017
1.56	1.59	-0.00126326
1.56	1.6	-0.00051594
1.56	1.61	0.000431795
1.56	1.62	0.00157993
1.56	1.63	0.00292845
1.56	1.64	0.00447736
1.56	1.65	0.00622663
1.56	1.66	0.00817626
1.56	1.67	0.0103262
1.56	1.68	0.0126765
1.56	1.69	0.0152272
1.56	1.7	0.0179781
1.56	1.71	0.0209294
1.56	1.72	0.0240809
1.56	1.73	0.0274328
1.56	1.74	0.0309848
1.56	1.75	0.0347372
1.56	1.76	0.0386898
1.56	1.77	0.0428427
1.56	1.78	0.0471957
1.56	1.79	0.051749
1.56	1.8	0.0565025
1.56	1.81	0.0614562
1.56	1.82	0.0666101
1.56	1.83	0.0719642
1.56	1.84	0.0775184
1.56	1.85	0.0832728
1.56	1.86	0.0892273
1.56	1.87	0.095382
1.56	1.88	0.101737
1.56	1.89	0.108292
1.56	1.9	0.115047
1.56	1.91	0.122002
1.56	1.92	0.129157
1.56	1.93	0.136512
1.56	1.94	0.144067
1.56	1.95	0.151823
1.56	1.96	0.159778
1.56	1.97	0.167934
1.56	1.98	0.176289
1.56	1.99	0.184845
1.56	2	0.1936
1.565	0	2.44922
1.565	0.01	2.41796
1.565	0.02	2.38689
1.565	0.03	2.35603
1.565	0.04	2.32536
1.565	0.05	2.2949
1.565	0.06	2.26463
1.565	0.07	2.23457
1.565	0.08	2.2047
1.565	0.09	2.17504
1.565	0.1	2.14557
1.565	0.11	2.11631
1.565	0.12	2.08724
1.565	0.13	2.05838
1.565	0.14	2.02972
1.565	0.15	2.00125
1.565	0.16	1.97299
1.565	0.17	1.94493
1.565	0.18	1.91707
1.565	0.19	1.8894
1.565	0.2	1.86194
1.565	0.21	1.83468
1.565	0.22	1.80762
1.565	0.23	1.78076
1.565	0.24	1.7541
1.565	0.25	1.72764
1.565	0.26	1.70138
1.565	0.27	1.67532
1.565	0.28	1.64946
1.565	0.29	1.62381
1.565	0.3	1.59835
1.565	0.31	1.57309
1.565	0.32	1.54804
1.565	0.33	1.52318
1.565	0.34	1.49853
1.565	0.35	1.47407
1.565	0.36	1.44982
1.565	0.37	1.42577
1.565	0.38	1.40191
1.565	0.39	1.37826
1.565	0.4	1.35481
1.565	0.41	1.33156
1.565	0.42	1.30851
1.565	0.43	1.28566
1.565	0.44	1.26302
1.565	0.45	1.24057
1.565	0.46	1.21832
1.565	0.47	1.19628
1.565	0.48	1.17443
1.565	0.49	1.15279
1.565	0.5	1.13135
1.565	0.51	1.1101
1.565	0.52	1.08906
1.565	0.53	1.06822
1.565	0.54	1.04758
1.565	0.55	1.02714
1.565	0.56	1.00691
1.565	0.57	0.986869
1.565	0.58	0.967032
1.565	0.59	0.947397
1.565	0.6	0.927963
1.565	0.61	0.908729
1.565	0.62	0.889697
1.565	0.63	0.870865
1.565	0.64	0.852234
1.565	0.65	0.833804
1.565	0.66	0.815576
1.565	0.67	0.797548
1.565	0.68	0.779721
1.565	0.69	0.762095
1.565	0.7	0.74467
1.565	0.71	0.727446
1.565	0.72	0.710423
1.565	0.73	0.693601
1.565	0.74	0.67698
1.565	0.75	0.66056
1.565	0.76	0.64434
1.565	0.77	0.628322
1.565	0.78	0.612505
1.565	0.79	0.596889
1.565	0.8	0.581474
1.565	0.81	0.56626
1.565	0.82	0.551247
1.565	0.83	0.536434
1.565	0.84	0.521823
1.565	0.85	0.507413
1.565	0.86	0.493204
1.565	0.87	0.479196
1.565	0.88	0.465389
1.565	0.89	0.451782
1.565	0.9	0.438377
1.565	0.91	0.425173
1.565	0.92	0.41217
1.565	0.93	0.399367
1.565	0.94	0.386766
1.565	0.95	0.374366
1.565	0.96	0.362166
1.565	0.97	0.350168
1.565	0.98	0.338371
1.565	0.99	0.326774
1.565	1	0.315379
1.565	1.01	0.304184
1.565	1.02	0.29319
1.565	1.03	0.282398
1.565	1.04	0.271806
1.565	1.05	0.261415
1.565	1.06	0.251225
1.565	1.07	0.241236
1.565	1.08	0.231448
1.565	1.09	0.221861
1.565	1.1	0.212475
1.565	1.11	0.203289
1.565	1.12	0.194305
1.565	1.13	0.185521
1.565	1.14	0.176939
1.565	1.15	0.168557
1.565	1.16	0.160376
1.565	1.17	0.152395
1.565	1.18	0.144616
1.565	1.19	0.137038
1.565	1.2	0.12966
1.565	1.21	0.122483
1.565	1.22	0.115507
1.565	1.23	0.108732
1.565	1.24	0.102157
1.565	1.25	0.0957834
1.565	1.26	0.0896104
1.565	1.27	0.0836382
1.565	1.28	0.0778667
1.565	1.29	0.072296
1.565	1.3	0.066926
1.565	1.31	0.0617567
1.565	1.32	0.0567882
1.565	1.33	0.0520203
1.565	1.34	0.0474532
1.565	1.35	0.0430867
1.565	1.36	0.0389208
1.565	1.37	0.0349557
1.565	1.38	0.0311912
1.565	1.39	0.0276273
1.565	1.4	0.0242641
1.565	1.41	0.0211015
1.565	1.42	0.0181394
1.565	1.43	0.015378
1.565	1.44	0.0128172
1.565	1.45	0.010457
1.565	1.46	0.0082973
1.565	1.47	0.00633819
1.565	1.48	0.00457962
1.565	1.49	0.00302159
1.565	1.5	0.00166408
1.565	1.51	0.000507094
1.565	1.52	-0.00044939
1.565	1.53	-0.00120538
1.565	1.54	-0.00176089
1.565	1.55	-0.00211592
1.565	1.56	-0.00227049
1.565	1.57	-0.0022246
1.565	1.58	-0.00197828
1.565	1.59	-0.00153152
1.565	1.6	-0.000884346
1.565	1.61	-3.67599e-05
1.565	1.62	0.00101123
1.565	1.63	0.0022596
1.565	1.64	0.00370835
1.565	1.65	0.00535747
1.565	1.66	0.00720694
1.565	1.67	0.00925676
1.565	1.68	0.0115069
1.565	1.69	0.0139574
1.565	1.7	0.0166082
1.565	1.71	0.0194593
1.565	1.72	0.0225107
1.565	1.73	0.0257623
1.565	1.74	0.0292143
1.565	1.75	0.0328665
1.565	1.76	0.0367189
1.565	1.77	0.0407716
1.565	1.78	0.0450245
1.565	1.79	0.0494776
1.565	1.8	0.054131
1.565	1.81	0.0589845
1.565	1.82	0.0640382
1.565	1.83	0.0692921
1.565	1.84	0.0747462
1.565	1.85	0.0804004
1.565	1.86	0.0862547
1.565	1.87	0.0923092
1.565	1.88	0.0985639
1.565	1.89	0.105019
1.565	1.9	0.111673
1.565	1.91	0.118528
1.565	1.92	0.125583
1.565	1.93	0.132838
1.565	1.94	0.140294
1.565	1.95	0.147949
1.565	1.96	0.155804
1.565	1.97	0.163859
1.565	1.98	0.172114
1.565	1.99	0.18057
1.565	2	0.189225
1.57	0	2.4649
1.57	0.01	2.43353
1.57	0.02	2.40237
1.57	0.03	2.3714
1.57	0.04	2.34064
1.57	0.05	2.31007
1.57	0.06	2.27971
1.57	0.07	2.24954
1.57	0.08	2.21958
1.57	0.09	2.18981
1.57	0.1	2.16025
1.57	0.11	2.13089
1.57	0.12	2.10172
1.57	0.13	2.07276
1.57	0.14	2.044
1.57	0.15	2.01543
1.57	0.16	1.98707
1.57	0.17	1.95891
1.57	0.18	1.93094
1.57	0.19	1.90318
1.57	0.2	1.87562
1.57	0.21	1.84826
1.57	0.22	1.8211
1.57	0.23	1.79414
1.57	0.24	1.76738
1.57	0.25	1.74082
1.57	0.26	1.71446
1.57	0.27	1.6883
1.57	0.28	1.66234
1.57	0.29	1.63659
1.57	0.3	1.61103
1.57	0.31	1.58567
1.57	0.32	1.56052
1.57	0.33	1.53556
1.57	0.34	1.51081
1.57	0.35	1.48626
1.57	0.36	1.4619
1.57	0.37	1.43775
1.57	0.38	1.4138
1.57	0.39	1.39005
1.57	0.4	1.3665
1.57	0.41	1.34315
1.57	0.42	1.32
1.57	0.43	1.29705
1.57	0.44	1.2743
1.57	0.45	1.25175
1.57	0.46	1.22941
1.57	0.47	1.20726
1.57	0.48	1.18532
1.57	0.49	1.16357
1.57	0.5	1.14203
1.57	0.51	1.12069
1.57	0.52	1.09955
1.57	0.53	1.07861
1.57	0.54	1.05787
1.57	0.55	1.03733
1.57	0.56	1.01699
1.57	0.57	0.996854
1.57	0.58	0.976918
1.57	0.59	0.957183
1.57	0.6	0.937649
1.57	0.61	0.918315
1.57	0.62	0.899183
1.57	0.63	0.880251
1.57	0.64	0.861521
1.57	0.65	0.842991
1.57	0.66	0.824662
1.57	0.67	0.806535
1.57	0.68	0.788608
1.57	0.69	0.770882
1.57	0.7	0.753357
1.57	0.71	0.736033
1.57	0.72	0.71891
1.57	0.73	0.701988
1.57	0.74	0.685267
1.57	0.75	0.668747
1.57	0.76	0.652428
1.57	0.77	0.63631
1.57	0.78	0.620393
1.57	0.79	0.604677
1.57	0.8	0.589162
1.57	0.81	0.573847
1.57	0.82	0.558734
1.57	0.83	0.543822
1.57	0.84	0.529111
1.57	0.85	0.514601
1.57	0.86	0.500292
1.57	0.87	0.486184
1.57	0.88	0.472276
1.57	0.89	0.45857
1.57	0.9	0.445065
1.57	0.91	0.431761
1.57	0.92	0.418658
1.57	0.93	0.405755
1.57	0.94	0.393054
1.57	0.95	0.380554
1.57	0.96	0.368254
1.57	0.97	0.356156
1.57	0.98	0.344259
1.57	0.99	0.332562
1.57	1	0.321067
1.57	1.01	0.309772
1.57	1.02	0.298678
1.57	1.03	0.287786
1.57	1.04	0.277094
1.57	1.05	0.266603
1.57	1.06	0.256313
1.57	1.07	0.246224
1.57	1.08	0.236336
1.57	1.09	0.226649
1.57	1.1	0.217162
1.57	1.11	0.207877
1.57	1.12	0.198793
1.57	1.13	0.189909
1.57	1.14	0.181226
1.57	1.15	0.172744
1.57	1.16	0.164463
1.57	1.17	0.156383
1.57	1.18	0.148503
1.57	1.19	0.140825
1.57	1.2	0.133347
1.57	1.21	0.12607
1.57	1.22	0.118994
1.57	1.23	0.112118
1.57	1.24	0.105444
1.57	1.25	0.0989699
1.57	1.26	0.0926969
1.57	1.27	0.0866246
1.57	1.28	0.080753
1.57	1.29	0.0750822
1.57	1.3	0.0696121
1.57	1.31	0.0643427
1.57	1.32	0.0592741
1.57	1.33	0.0544061
1.57	1.34	0.0497388
1.57	1.35	0.0452722
1.57	1.36	0.0410063
1.57	1.37	0.036941
1.57	1.38	0.0330764
1.57	1.39	0.0294124
1.57	1.4	0.025949
1.57	1.41	0.0226863
1.57	1.42	0.0196242
1.57	1.43	0.0167626
1.57	1.44	0.0141017
1.57	1.45	0.0116413
1.57	1.46	0.00938149
1.57	1.47	0.00732223
1.57	1.48	0.00546353
1.57	1.49	0.00380535
1.57	1.5	0.00234771
1.57	1.51	0.00109057
1.57	1.52	3.39416e-05
1.57	1.53	-0.000822196
1.57	1.54	-0.00147785
1.57	1.55	-0.00193303
1.57	1.56	-0.00218776
1.57	1.57	-0.00224203
1.57	1.58	-0.00209586
1.57	1.59	-0.00174926
1.57	1.6	-0.00120224
1.57	1.61	-0.000454815
1.57	1.62	0.000493009
1.57	1.63	0.00164122
1.57	1.64	0.00298981
1.57	1.65	0.00453876
1.57	1.66	0.00628807
1.57	1.67	0.00823772
1.57	1.68	0.0103877
1.57	1.69	0.012738
1.57	1.7	0.0152886
1.57	1.71	0.0180396
1.57	1.72	0.0209908
1.57	1.73	0.0241423
1.57	1.74	0.027494
1.57	1.75	0.031046
1.57	1.76	0.0347983
1.57	1.77	0.0387508
1.57	1.78	0.0429035
1.57	1.79	0.0472565
1.57	1.8	0.0518097
1.57	1.81	0.056563
1.57	1.82	0.0615165
1.57	1.83	0.0666703
1.57	1.84	0.0720241
1.57	1.85	0.0775782
1.57	1.86	0.0833323
1.57	1.87	0.0892867
1.57	1.88	0.0954411
1.57	1.89	0.101796
1.57	1.9	0.10835
1.57	1.91	0.115105
1.57	1.92	0.12206
1.57	1.93	0.129215
1.57	1.94	0.13657
1.57	1.95	0.144125
1.57	1.96	0.15188
1.57	1.97	0.159835
1.57	1.98	0.16799
1.57	1.99	0.176345
1.57	2	0.1849
1.575	0	2.48063
1.575	0.01	2.44916
1.575	0.02	2.41789
1.575	0.03	2.38683
1.575	0.04	2.35596
1.575	0.05	2.3253
1.575	0.06	2.29484
1.575	0.07	2.26457
1.575	0.08	2.23451
1.575	0.09	2.20464
1.575	0.1	2.17498
1.575	0.11	2.14551
1.575	0.12	2.11625
1.575	0.13	2.08719
1.575	0.14	2.05832
1.575	0.15	2.02966
1.575	0.16	2.0012
1.575	0.17	1.97294
1.575	0.18	1.94487
1.575	0.19	1.91701
1.575	0.2	1.88935
1.575	0.21	1.86189
1.575	0.22	1.83463
1.575	0.23	1.80757
1.575	0.24	1.78071
1.575	0.25	1.75405
1.575	0.26	1.72759
1.575	0.27	1.70133
1.575	0.28	1.67528
1.575	0.29	1.64942
1.575	0.3	1.62376
1.575	0.31	1.59831
1.575	0.32	1.57305
1.575	0.33	1.548
1.575	0.34	1.52314
1.575	0.35	1.49849
1.575	0.36	1.47403
1.575	0.37	1.44978
1.575	0.38	1.42573
1.575	0.39	1.40188
1.575	0.4	1.37823
1.575	0.41	1.35478
1.575	0.42	1.33153
1.575	0.43	1.30848
1.575	0.44	1.28563
1.575	0.45	1.26299
1.575	0.46	1.24054
1.575	0.47	1.2183
1.575	0.48	1.19625
1.575	0.49	1.17441
1.575	0.5	1.15277
1.575	0.51	1.13132
1.575	0.52	1.11008
1.575	0.53	1.08904
1.575	0.54	1.0682
1.575	0.55	1.04756
1.575	0.56	1.02713
1.575	0.57	1.00689
1.575	0.58	0.986854
1.575	0.59	0.967019
1.575	0.6	0.947385
1.575	0.61	0.927952
1.575	0.62	0.908719
1.575	0.63	0.889688
1.575	0.64	0.870857
1.575	0.65	0.852228
1.575	0.66	0.833799
1.575	0.67	0.815571
1.575	0.68	0.797545
1.575	0.69	0.779719
1.575	0.7	0.762094
1.575	0.71	0.74467
1.575	0.72	0.727447
1.575	0.73	0.710425
1.575	0.74	0.693604
1.575	0.75	0.676984
1.575	0.76	0.660565
1.575	0.77	0.644347
1.575	0.78	0.62833
1.575	0.79	0.612514
1.575	0.8	0.596899
1.575	0.81	0.581485
1.575	0.82	0.566272
1.575	0.83	0.55126
1.575	0.84	0.536449
1.575	0.85	0.521839
1.575	0.86	0.50743
1.575	0.87	0.493222
1.575	0.88	0.479214
1.575	0.89	0.465408
1.575	0.9	0.451803
1.575	0.91	0.438399
1.575	0.92	0.425196
1.575	0.93	0.412193
1.575	0.94	0.399392
1.575	0.95	0.386792
1.575	0.96	0.374392
1.575	0.97	0.362194
1.575	0.98	0.350197
1.575	0.99	0.3384
1.575	1	0.326805
1.575	1.01	0.31541
1.575	1.02	0.304216
1.575	1.03	0.293224
1.575	1.04	0.282432
1.575	1.05	0.271841
1.575	1.06	0.261451
1.575	1.07	0.251262
1.575	1.08	0.241274
1.575	1.09	0.231486
1.575	1.1	0.2219
1.575	1.11	0.212515
1.575	1.12	0.20333
1.575	1.13	0.194346
1.575	1.14	0.185563
1.575	1.15	0.176981
1.575	1.16	0.1686
1.575	1.17	0.16042
1.575	1.18	0.15244
1.575	1.19	0.144662
1.575	1.2	0.137084
1.575	1.21	0.129707
1.575	1.22	0.122531
1.575	1.23	0.115555
1.575	1.24	0.10878
1.575	1.25	0.102207
1.575	1.26	0.0958334
1.575	1.27	0.089661
1.575	1.28	0.0836893
1.575	1.29	0.0779184
1.575	1.3	0.0723482
1.575	1.31	0.0669788
1.575	1.32	0.06181
1.575	1.33	0.0568419
1.575	1.34	0.0520745
1.575	1.35	0.0475078
1.575	1.36	0.0431417
1.575	1.37	0.0389764
1.575	1.38	0.0350116
1.575	1.39	0.0312475
1.575	1.4	0.027684
1.575	1.41	0.0243211
1.575	1.42	0.0211589
1.575	1.43	0.0181972
1.575	1.44	0.0154361
1.575	1.45	0.0128756
1.575	1.46	0.0105157
1.575	1.47	0.0083563
1.575	1.48	0.00639745
1.575	1.49	0.00463914
1.575	1.5	0.00308135
1.575	1.51	0.00172407
1.575	1.52	0.000567293
1.575	1.53	-0.000388993
1.575	1.54	-0.0011448
1.575	1.55	-0.00170013
1.575	1.56	-0.00205501
1.575	1.57	-0.00220943
1.575	1.58	-0.00216342
1.575	1.59	-0.00191698
1.575	1.6	-0.00147012
1.575	1.61	-0.000822852
1.575	1.62	2.48102e-05
1.575	1.63	0.00107286
1.575	1.64	0.00232128
1.575	1.65	0.00377007
1.575	1.66	0.00541921
1.575	1.67	0.00726869
1.575	1.68	0.00931851
1.575	1.69	0.0115686
1.575	1.7	0.0140191
1.575	1.71	0.0166698
1.575	1.72	0.0195209
1.575	1.73	0.0225722
1.575	1.74	0.0258238
1.575	1.75	0.0292756
1.575	1.76	0.0329277
1.575	1.77	0.0367801
1.575	1.78	0.0408326
1.575	1.79	0.0450854
1.575	1.8	0.0495384
1.575	1.81	0.0541915
1.575	1.82	0.0590449
1.575	1.83	0.0640984
1.575	1.84	0.0693521
1.575	1.85	0.074806
1.575	1.86	0.08046
1.575	1.87	0.0863141
1.575	1.88	0.0923683
1.575	1.89	0.0986227
1.575	1.9	0.105077
1.575	1.91	0.111732
1.575	1.92	0.118586
1.575	1.93	0.125641
1.575	1.94	0.132896
1.575	1.95	0.140351
1.575	1.96	0.148005
1.575	1.97	0.15586
1.575	1.98	0.163915
1.575	1.99	0.17217
1.575	2	0.180625
1.58	0	2.4964
1.58	0.01	2.46484
1.58	0.02	2.43347
1.58	0.03	2.40231
1.58	0.04	2.37134
1.58	0.05	2.34058
1.58	0.06	2.31001
1.58	0.07	2.27965
1.58	0.08	2.24948
1.58	0.09	2.21952
1.58	0.1	2.18976
1.58	0.11	2.16019
1.58	0.12	2.13083
1.58	0.13	2.10166
1.58	0.14	2.0727
1.58	0.15	2.04394
1.58	0.16	2.01538
1.58	0.17	1.98701
1.58	0.18	1.95885
1.58	0.19	1.93089
1.58	0.2	1.90313
1.58	0.21	1.87557
1.58	0.22	1.84821
1.58	0.23	1.82105
1.58	0.24	1.79409
1.58	0.25	1.76733
1.58	0.26	1.74077
1.58	0.27	1.71442
1.58	0.28	1.68826
1.58	0.29	1.6623
1.58	0.3	1.63654
1.58	0.31	1.61099
1.58	0.32	1.58563
1.58	0.33	1.56048
1.58	0.34	1.53552
1.58	0.35	1.51077
1.58	0.36	1.48622
1.58	0.37	1.46187
1.58	0.38	1.43771
1.58	0.39	1.41376
1.58	0.4	1.39001
1.58	0.41	1.36646
1.58	0.42	1.34312
1.58	0.43	1.31997
1.58	0.44	1.29702
1.58	0.45	1.27427
1.58	0.46	1.25173
1.58	0.47	1.22938
1.58	0.48	1.20724
1.58	0.49	1.1853
1.58	0.5	1.16355
1.58	0.51	1.14201
1.58	0.52	1.12067
1.58	0.53	1.09953
1.58	0.54	1.07859
1.58	0.55	1.05785
1.58	0.56	1.03731
1.58	0.57	1.01698
1.58	0.58	0.996842
1.58	0.59	0.976907
1.58	0.6	0.957173
1.58	0.61	0.937639
1.58	0.62	0.918307
1.58	0.63	0.899176
1.58	0.64	0.880245
1.58	0.65	0.861516
1.58	0.66	0.842987
1.58	0.67	0.82466
1.58	0.68	0.806533
1.58	0.69	0.788607
1.58	0.7	0.770883
1.58	0.71	0.753359
1.58	0.72	0.736036
1.58	0.73	0.718914
1.58	0.74	0.701993
1.58	0.75	0.685274
1.58	0.76	0.668755
1.58	0.77	0.652437
1.58	0.78	0.63632
1.58	0.79	0.620404
1.58	0.8	0.604689
1.58	0.81	0.589175
1.58	0.82	0.573862
1.58	0.83	0.55875
1.58	0.84	0.543839
1.58	0.85	0.529129
1.58	0.86	0.514619
1.58	0.87	0.500311
1.58	0.88	0.486204
1.58	0.89	0.472298
1.58	0.9	0.458593
1.58	0.91	0.445089
1.58	0.92	0.431785
1.58	0.93	0.418683
1.58	0.94	0.405782
1.58	0.95	0.393082
1.58	0.96	0.380582
1.58	0.97	0.368284
1.58	0.98	0.356186
1.58	0.99	0.34429
1.58	1	0.332594
1.58	1.01	0.3211
1.58	1.02	0.309806
1.58	1.03	0.298713
1.58	1.04	0.287821
1.58	1.05	0.277131
1.58	1.06	0.266641
1.58	1.07	0.256351
1.58	1.08	0.246263
1.58	1.09	0.236376
1.58	1.1	0.22669
1.58	1.11	0.217204
1.58	1.12	0.207919
1.58	1.13	0.198836
1.58	1.14	0.189953
1.58	1.15	0.181271
1.58	1.16	0.172789
1.58	1.17	0.164509
1.58	1.18	0.156429
1.58	1.19	0.148551
1.58	1.2	0.140873
1.58	1.21	0.133395
1.58	1.22	0.126119
1.58	1.23	0.119044
1.58	1.24	0.112169
1.58	1.25	0.105495
1.58	1.26	0.0990215
1.58	1.27	0.092749
1.58	1.28	0.0866773
1.58	1.29	0.0808062
1.58	1.3	0.0751359
1.58	1.31	0.0696663
1.58	1.32	0.0643974
1.58	1.33	0.0593292
1.58	1.34	0.0544617
1.58	1.35	0.0497949
1.58	1.36	0.0453287
1.58	1.37	0.0410632
1.58	1.38	0.0369983
1.58	1.39	0.033134
1.58	1.4	0.0294704
1.58	1.41	0.0260074
1.58	1.42	0.022745
1.58	1.43	0.0196832
1.58	1.44	0.0168219
1.58	1.45	0.0141613
1.58	1.46	0.0117012
1.58	1.47	0.00944164
1.58	1.48	0.00738264
1.58	1.49	0.00552416
1.58	1.5	0.00386621
1.58	1.51	0.00240876
1.58	1.52	0.00115182
1.58	1.53	9.53648e-05
1.58	1.54	-0.000760611
1.58	1.55	-0.00141612
1.58	1.56	-0.00187117
1.58	1.57	-0.00212577
1.58	1.58	-0.00217993
1.58	1.59	-0.00203367
1.58	1.6	-0.001687
1.58	1.61	-0.00113991
1.58	1.62	-0.000392435
1.58	1.63	0.000555427
1.58	1.64	0.00170366
1.58	1.65	0.00305226
1.58	1.66	0.00460121
1.58	1.67	0.0063505
1.58	1.68	0.00830013
1.58	1.69	0.0104501
1.58	1.7	0.0128003
1.58	1.71	0.0153509
1.58	1.72	0.0181017
1.58	1.73	0.0210528
1.58	1.74	0.0242042
1.58	1.75	0.0275559
1.58	1.76	0.0311078
1.58	1.77	0.0348599
1.58	1.78	0.0388122
1.58	1.79	0.0429648
1.58	1.8	0.0473176
1.58	1.81	0.0518705
1.58	1.82	0.0566237
1.58	1.83	0.061577
1.58	1.84	0.0667305
1.58	1.85	0.0720841
1.58	1.86	0.0776379
1.58	1.87	0.0833918
1.58	1.88	0.0893459
1.58	1.89	0.0955
1.58	1.9	0.101854
1.58	1.91	0.108409
1.58	1.92	0.115163
1.58	1.93	0.122118
1.58	1.94	0.129272
1.58	1.95	0.136627
1.58	1.96	0.144181
1.58	1.97	0.151936
1.58	1.98	0.159891
1.58	1.99	0.168045
1.58	2	0.1764
1.585	0	2.51222
1.585	0.01	2.48056
1.585	0.02	2.4491
1.585	0.03	2.41783
1.585	0.04	2.38677
1.585	0.05	2.3559
1.585	0.06	2.32524
1.585	0.07	2.29477
1.585	0.08	2.26451
1.585	0.09	2.23445
1.585	0.1	2.20458
1.585	0.11	2.17492
1.585	0.12	2.14546
1.585	0.13	2.11619
1.585	0.14	2.08713
1.585	0.15	2.05827
1.585	0.16	2.02961
1.585	0.17	2.00114
1.585	0.18	1.97288
1.585	0.19	1.94482
1.585	0.2	1.91696
1.585	0.21	1.8893
1.585	0.22	1.86184
1.585	0.23	1.83458
1.585	0.24	1.80752
1.585	0.25	1.78066
1.585	0.26	1.75401
1.585	0.27	1.72755
1.585	0.28	1.70129
1.585	0.29	1.67523
1.585	0.3	1.64938
1.585	0.31	1.62372
1.585	0.32	1.59827
1.585	0.33	1.57301
1.585	0.34	1.54796
1.585	0.35	1.52311
1.585	0.36	1.49845
1.585	0.37	1.474
1.585	0.38	1.44975
1.585	0.39	1.4257
1.585	0.4	1.40185
1.585	0.41	1.3782
1.585	0.42	1.35475
1.585	0.43	1.3315
1.585	0.44	1.30846
1.585	0.45	1.28561
1.585	0.46	1.26296
1.585	0.47	1.24052
1.585	0.48	1.21828
1.585	0.49	1.19623
1.585	0.5	1.17439
1.585	0.51	1.15275
1.585	0.52	1.13131
1.585	0.53	1.11007
1.585	0.54	1.08903
1.585	0.55	1.06819
1.585	0.56	1.04755
1.585	0.57	1.02712
1.585	0.58	1.00688
1.585	0.59	0.986845
1.585	0.6	0.967011
1.585	0.61	0.947378
1.585	0.62	0.927946
1.585	0.63	0.908715
1.585	0.64	0.889684
1.585	0.65	0.870855
1.585	0.66	0.852227
1.585	0.67	0.833799
1.585	0.68	0.815573
1.585	0.69	0.797547
1.585	0.7	0.779722
1.585	0.71	0.762099
1.585	0.72	0.744676
1.585	0.73	0.727454
1.585	0.74	0.710433
1.585	0.75	0.693614
1.585	0.76	0.676995
1.585	0.77	0.660577
1.585	0.78	0.64436
1.585	0.79	0.628344
1.585	0.8	0.612529
1.585	0.81	0.596915
1.585	0.82	0.581502
1.585	0.83	0.56629
1.585	0.84	0.551279
1.585	0.85	0.536469
1.585	0.86	0.52186
1.585	0.87	0.507452
1.585	0.88	0.493245
1.585	0.89	0.479239
1.585	0.9	0.465434
1.585	0.91	0.451829
1.585	0.92	0.438426
1.585	0.93	0.425224
1.585	0.94	0.412223
1.585	0.95	0.399422
1.585	0.96	0.386823
1.585	0.97	0.374425
1.585	0.98	0.362227
1.585	0.99	0.350231
1.585	1	0.338435
1.585	1.01	0.32684
1.585	1.02	0.315447
1.585	1.03	0.304254
1.585	1.04	0.293262
1.585	1.05	0.282471
1.585	1.06	0.271881
1.585	1.07	0.261492
1.585	1.08	0.251304
1.585	1.09	0.241316
1.585	1.1	0.23153
1.585	1.11	0.221944
1.585	1.12	0.21256
1.585	1.13	0.203376
1.585	1.14	0.194393
1.585	1.15	0.185611
1.585	1.16	0.177029
1.585	1.17	0.168649
1.585	1.18	0.160469
1.585	1.19	0.15249
1.585	1.2	0.144712
1.585	1.21	0.137135
1.585	1.22	0.129759
1.585	1.23	0.122583
1.585	1.24	0.115608
1.585	1.25	0.108834
1.585	1.26	0.10226
1.585	1.27	0.0958879
1.585	1.28	0.089716
1.585	1.29	0.0837448
1.585	1.3	0.0779744
1.585	1.31	0.0724047
1.585	1.32	0.0670357
1.585	1.33	0.0618673
1.585	1.34	0.0568997
1.585	1.35	0.0521327
1.585	1.36	0.0475664
1.585	1.37	0.0432007
1.585	1.38	0.0390357
1.585	1.39	0.0350713
1.585	1.4	0.0313075
1.585	1.41	0.0277444
1.585	1.42	0.0243818
1.585	1.43	0.0212198
1.585	1.44	0.0182584
1.585	1.45	0.0154976
1.585	1.46	0.0129373
1.585	1.47	0.0105776
1.585	1.48	0.00841845
1.585	1.49	0.00645981
1.585	1.5	0.00470168
1.585	1.51	0.00314406
1.585	1.52	0.00178694
1.585	1.53	0.000630304
1.585	1.54	-0.000325853
1.585	1.55	-0.00108154
1.585	1.56	-0.00163678
1.585	1.57	-0.00199157
1.585	1.58	-0.00214592
1.585	1.59	-0.00209985
1.585	1.6	-0.00185337
1.585	1.61	-0.00140648
1.585	1.62	-0.000759198
1.585	1.63	8.84665e-05
1.585	1.64	0.0011365
1.585	1.65	0.0023849
1.585	1.66	0.00383365
1.585	1.67	0.00548274
1.585	1.68	0.00733215
1.585	1.69	0.00938189
1.585	1.7	0.0116319
1.585	1.71	0.0140823
1.585	1.72	0.0167329
1.585	1.73	0.0195838
1.585	1.74	0.022635
1.585	1.75	0.0258864
1.585	1.76	0.0293381
1.585	1.77	0.03299
1.585	1.78	0.0368421
1.585	1.79	0.0408945
1.585	1.8	0.0451471
1.585	1.81	0.0495998
1.585	1.82	0.0542527
1.585	1.83	0.0591058
1.585	1.84	0.0641591
1.585	1.85	0.0694125
1.585	1.86	0.0748661
1.585	1.87	0.0805198
1.585	1.88	0.0863736
1.585	1.89	0.0924275
1.585	1.9	0.0986815
1.585	1.91	0.105136
1.585	1.92	0.11179
1.585	1.93	0.118644
1.585	1.94	0.125698
1.585	1.95	0.132953
1.585	1.96	0.140407
1.585	1.97	0.148062
1.585	1.98	0.155916
1.585	1.99	0.163971
1.585	2	0.172225
1.59	0	2.5281
1.59	0.01	2.49634
1.59	0.02	2.46477
1.59	0.03	2.43341
1.59	0.04	2.40224
1.59	0.05	2.37128
1.59	0.06	2.34051
1.59	0.07	2.30995
1.59	0.08	2.27959
1.59	0.09	2.24942
1.59	0.1	2.21946
1.59	0.11	2.1897
1.59	0.12	2.16013
1.59	0.13	2.13077
1.59	0.14	2.10161
1.59	0.15	2.07265
1.59	0.16	2.04389
1.59	0.17	2.01532
1.59	0.18	1.98696
1.59	0.19	1.9588
1.59	0.2	1.93084
1.59	0.21	1.90308
1.59	0.22	1.87552
1.59	0.23	1.84816
1.59	0.24	1.821
1.59	0.25	1.79404
1.59	0.26	1.76729
1.59	0.27	1.74073
1.59	0.28	1.71437
1.59	0.29	1.68822
1.59	0.3	1.66226
1.59	0.31	1.6365
1.59	0.32	1.61095
1.59	0.33	1.5856
1.59	0.34	1.56044
1.59	0.35	1.53549
1.59	0.36	1.51074
1.59	0.37	1.48619
1.59	0.38	1.46183
1.59	0.39	1.43768
1.59	0.4	1.41373
1.59	0.41	1.38998
1.59	0.42	1.36644
1.59	0.43	1.34309
1.59	0.44	1.31994
1.59	0.45	1.297
1.59	0.46	1.27425
1.59	0.47	1.25171
1.59	0.48	1.22936
1.59	0.49	1.20722
1.59	0.5	1.18528
1.59	0.51	1.16353
1.59	0.52	1.14199
1.59	0.53	1.12065
1.59	0.54	1.09952
1.59	0.55	1.07858
1.59	0.56	1.05784
1.59	0.57	1.0373
1.59	0.58	1.01697
1.59	0.59	0.996833
1.59	0.6	0.976899
1.59	0.61	0.957167
1.59	0.62	0.937635
1.59	0.63	0.918304
1.59	0.64	0.899173
1.59	0.65	0.880244
1.59	0.66	0.861516
1.59	0.67	0.842988
1.59	0.68	0.824662
1.59	0.69	0.806537
1.59	0.7	0.788612
1.59	0.71	0.770888
1.59	0.72	0.753366
1.59	0.73	0.736044
1.59	0.74	0.718923
1.59	0.75	0.702004
1.59	0.76	0.685285
1.59	0.77	0.668767
1.59	0.78	0.65245
1.59	0.79	0.636334
1.59	0.8	0.62042
1.59	0.81	0.604706
1.59	0.82	0.589193
1.59	0.83	0.573881
1.59	0.84	0.55877
1.59	0.85	0.54386
1.59	0.86	0.529151
1.59	0.87	0.514643
1.59	0.88	0.500336
1.59	0.89	0.48623
1.59	0.9	0.472324
1.59	0.91	0.45862
1.59	0.92	0.445117
1.59	0.93	0.431815
1.59	0.94	0.418714
1.59	0.95	0.405813
1.59	0.96	0.393114
1.59	0.97	0.380615
1.59	0.98	0.368318
1.59	0.99	0.356221
1.59	1	0.344326
1.59	1.01	0.332631
1.59	1.02	0.321137
1.59	1.03	0.309845
1.59	1.04	0.298753
1.59	1.05	0.287862
1.59	1.06	0.277172
1.59	1.07	0.266682
1.59	1.08	0.256394
1.59	1.09	0.246307
1.59	1.1	0.23642
1.59	1.11	0.226735
1.59	1.12	0.21725
1.59	1.13	0.207966
1.59	1.14	0.198883
1.59	1.15	0.190001
1.59	1.16	0.181319
1.59	1.17	0.172839
1.59	1.18	0.164559
1.59	1.19	0.15648
1.59	1.2	0.148602
1.59	1.21	0.140924
1.59	1.22	0.133448
1.59	1.23	0.126172
1.59	1.24	0.119097
1.59	1.25	0.112223
1.59	1.26	0.105549
1.59	1.27	0.0990767
1.59	1.28	0.0928047
1.59	1.29	0.0867335
1.59	1.3	0.0808629
1.59	1.31	0.0751931
1.59	1.32	0.0697239
1.59	1.33	0.0644555
1.59	1.34	0.0593877
1.59	1.35	0.0545206
1.59	1.36	0.0498541
1.59	1.37	0.0453883
1.59	1.38	0.0411231
1.59	1.39	0.0370586
1.59	1.4	0.0331946
1.59	1.41	0.0295313
1.59	1.42	0.0260686
1.59	1.43	0.0228065
1.59	1.44	0.0197449
1.59	1.45	0.0168839
1.59	1.46	0.0142235
1.59	1.47	0.0117636
1.59	1.48	0.00950429
1.59	1.49	0.00744547
1.59	1.5	0.00558717
1.59	1.51	0.00392938
1.59	1.52	0.00247208
1.59	1.53	0.00121526
1.59	1.54	0.000158923
1.59	1.55	-0.000696952
1.59	1.56	-0.00135237
1.59	1.57	-0.00180735
1.59	1.58	-0.00206189
1.59	1.59	-0.00211601
1.59	1.6	-0.00196972
1.59	1.61	-0.00162303
1.59	1.62	-0.00107594
1.59	1.63	-0.000328477
1.59	1.64	0.00061936
1.59	1.65	0.00176756
1.59	1.66	0.0031161
1.59	1.67	0.00466499
1.59	1.68	0.0064142
1.59	1.69	0.00836373
1.59	1.7	0.0105136
1.59	1.71	0.0128637
1.59	1.72	0.0154141
1.59	1.73	0.0181648
1.59	1.74	0.0211158
1.59	1.75	0.024267
1.59	1.76	0.0276185
1.59	1.77	0.0311702
1.59	1.78	0.0349221
1.59	1.79	0.0388742
1.59	1.8	0.0430265
1.59	1.81	0.0473791
1.59	1.82	0.0519318
1.59	1.83	0.0566847
1.59	1.84	0.0616377
1.59	1.85	0.0667909
1.59	1.86	0.0721442
1.59	1.87	0.0776977
1.59	1.88	0.0834513
1.59	1.89	0.089405
1.59	1.9	0.0955588
1.59	1.91	0.101913
1.59	1.92	0.108467
1.59	1.93	0.115221
1.59	1.94	0.122175
1.59	1.95	0.129329
1.59	1.96	0.136683
1.59	1.97	0.144237
1.59	1.98	0.151992
1.59	1.99	0.159946
1.59	2	0.1681
1.595	0	2.54402
1.595	0.01	2.51216
1.595	0.02	2.4805
1.595	0.03	2.44903
1.595	0.04	2.41777
1.595	0.05	2.38671
1.595	0.06	2.35584
1.595	0.07	2.32518
1.595	0.08	2.29471
1.595	0.09	2.26445
1.595	0.1	2.23439
1.595	0.11	2.20453
1.595	0.12	2.17486
1.595	0.13	2.1454
1.595	0.14	2.11614
1.595	0.15	2.08708
1.595	0.16	2.05822
1.595	0.17	2.02955
1.595	0.18	2.00109
1.595	0.19	1.97283
1.595	0.2	1.94477
1.595	0.21	1.91691
1.595	0.22	1.88925
1.595	0.23	1.86179
1.595	0.24	1.83454
1.595	0.25	1.80748
1.595	0.26	1.78062
1.595	0.27	1.75396
1.595	0.28	1.72751
1.595	0.29	1.70125
1.595	0.3	1.67519
1.595	0.31	1.64934
1.595	0.32	1.62368
1.595	0.33	1.59823
1.595	0.34	1.57298
1.595	0.35	1.54792
1.595	0.36	1.52307
1.595	0.37	1.49842
1.595	0.38	1.47397
1.595	0.39	1.44972
1.595	0.4	1.42567
1.595	0.41	1.40182
1.595	0.42	1.37817
1.595	0.43	1.35473
1.595	0.44	1.33148
1.595	0.45	1.30843
1.595	0.46	1.28559
1.595	0.47	1.26294
1.595	0.48	1.2405
1.595	0.49	1.21826
1.595	0.5	1.19621
1.595	0.51	1.17437
1.595	0.52	1.15273
1.595	0.53	1.13129
1.595	0.54	1.11005
1.595	0.55	1.08902
1.595	0.56	1.06818
1.595	0.57	1.04754
1.595	0.58	1.02711
1.595	0.59	1.00687
1.595	0.6	0.98684
1.595	0.61	0.967007
1.595	0.62	0.947375
1.595	0.63	0.927944
1.595	0.64	0.908714
1.595	0.65	0.889685
1.595	0.66	0.870857
1.595	0.67	0.85223
1.595	0.68	0.833803
1.595	0.69	0.815578
1.595	0.7	0.797553
1.595	0.71	0.77973
1.595	0.72	0.762107
1.595	0.73	0.744686
1.595	0.74	0.727465
1.595	0.75	0.710446
1.595	0.76	0.693627
1.595	0.77	0.677009
1.595	0.78	0.660592
1.595	0.79	0.644377
1.595	0.8	0.628362
1.595	0.81	0.612548
1.595	0.82	0.596935
1.595	0.83	0.581523
1.595	0.84	0.566312
1.595	0.85	0.551302
1.595	0.86	0.536493
1.595	0.87	0.521885
1.595	0.88	0.507478
1.595	0.89	0.493272
1.595	0.9	0.479267
1.595	0.91	0.465463
1.595	0.92	0.45186
1.595	0.93	0.438458
1.595	0.94	0.425256
1.595	0.95	0.412256
1.595	0.96	0.399457
1.595	0.97	0.386858
1.595	0.98	0.374461
1.595	0.99	0.362264
1.595	1	0.350268
1.595	1.01	0.338474
1.595	1.02	0.32688
1.595	1.03	0.315487
1.595	1.04	0.304295
1.595	1.05	0.293304
1.595	1.06	0.282514
1.595	1.07	0.271925
1.595	1.08	0.261536
1.595	1.09	0.251349
1.595	1.1	0.241362
1.595	1.11	0.231577
1.595	1.12	0.221992
1.595	1.13	0.212608
1.595	1.14	0.203425
1.595	1.15	0.194442
1.595	1.16	0.185661
1.595	1.17	0.17708
1.595	1.18	0.1687
1.595	1.19	0.160521
1.595	1.2	0.152543
1.595	1.21	0.144766
1.595	1.22	0.137189
1.595	1.23	0.129813
1.595	1.24	0.122638
1.595	1.25	0.115664
1.595	1.26	0.10889
1.595	1.27	0.102317
1.595	1.28	0.0959451
1.595	1.29	0.0897737
1.595	1.3	0.083803
1.595	1.31	0.078033
1.595	1.32	0.0724637
1.595	1.33	0.0670951
1.595	1.34	0.0619272
1.595	1.35	0.0569599
1.595	1.36	0.0521933
1.595	1.37	0.0476273
1.595	1.38	0.043262
1.595	1.39	0.0390973
1.595	1.4	0.0351332
1.595	1.41	0.0313697
1.595	1.42	0.0278068
1.595	1.43	0.0244445
1.595	1.44	0.0212827
1.595	1.45	0.0183216
1.595	1.46	0.015561
1.595	1.47	0.0130009
1.595	1.48	0.0106414
1.595	1.49	0.00848236
1.595	1.5	0.00652387
1.595	1.51	0.00476587
1.595	1.52	0.00320838
1.595	1.53	0.00185136
1.595	1.54	0.000694818
1.595	1.55	-0.000261263
1.595	1.56	-0.00101689
1.595	1.57	-0.00157208
1.595	1.58	-0.00192683
1.595	1.59	-0.00208117
1.595	1.6	-0.00203509
1.595	1.61	-0.00178861
1.595	1.62	-0.00134175
1.595	1.63	-0.000694502
1.595	1.64	0.000153112
1.595	1.65	0.00120108
1.595	1.66	0.0024494
1.595	1.67	0.00389806
1.595	1.68	0.00554704
1.595	1.69	0.00739634
1.595	1.7	0.00944595
1.595	1.71	0.0116959
1.595	1.72	0.014146
1.595	1.73	0.0167965
1.595	1.74	0.0196472
1.595	1.75	0.0226982
1.595	1.76	0.0259494
1.595	1.77	0.0294009
1.595	1.78	0.0330526
1.595	1.79	0.0369044
1.595	1.8	0.0409565
1.595	1.81	0.0452088
1.595	1.82	0.0496613
1.595	1.83	0.0543139
1.595	1.84	0.0591667
1.595	1.85	0.0642197
1.595	1.86	0.0694728
1.595	1.87	0.074926
1.595	1.88	0.0805793
1.595	1.89	0.0864328
1.595	1.9	0.0924863
1.595	1.91	0.0987399
1.595	1.92	0.105194
1.595	1.93	0.111847
1.595	1.94	0.118701
1.595	1.95	0.125755
1.595	1.96	0.133009
1.595	1.97	0.140463
1.595	1.98	0.148117
1.595	1.99	0.155971
1.595	2	0.164025
1.6	0	2.56
1.6	0.01	2.52804
1.6	0.02	2.49627
1.6	0.03	2.46471
1.6	0.04	2.43335
1.6	0.05	2.40218
1.6	0.06	2.37122
1.6	0.07	2.34046
1.6	0.08	2.30989
1.6	0.09	2.27953
1.6	0.1	2.24937
1.6	0.11	2.2194
1.6	0.12	2.18964
1.6	0.13	2.16008
1.6	0.14	2.13072
1.6	0.15	2.10156
1.6	0.16	2.0726
1.6	0.17	2.04383
1.6	0.18	2.01527
1.6	0.19	1.98691
1.6	0.2	1.95875
1.6	0.21	1.93079
1.6	0.22	1.90303
1.6	0.23	1.87548
1.6	0.24	1.84812
1.6	0.25	1.82096
1.6	0.26	1.794
1.6	0.27	1.76725
1.6	0.28	1.74069
1.6	0.29	1.71433
1.6	0.3	1.68818
1.6	0.31	1.66222
1.6	0.32	1.63647
1.6	0.33	1.61091
1.6	0.34	1.58556
1.6	0.35	1.56041
1.6	0.36	1.53546
1.6	0.37	1.51071
1.6	0.38	1.48616
1.6	0.39	1.46181
1.6	0.4	1.43766
1.6	0.41	1.41371
1.6	0.42	1.38996
1.6	0.43	1.36641
1.6	0.44	1.34307
1.6	0.45	1.31992
1.6	0.46	1.29698
1.6	0.47	1.27423
1.6	0.48	1.25169
1.6	0.49	1.22934
1.6	0.5	1.2072
1.6	0.51	1.18526
1.6	0.52	1.16352
1.6	0.53	1.14198
1.6	0.54	1.12064
1.6	0.55	1.09951
1.6	0.56	1.07857
1.6	0.57	1.05783
1.6	0.58	1.0373
1.6	0.59	1.01696
1.6	0.6	0.99683
1.6	0.61	0.976897
1.6	0.62	0.957165
1.6	0.63	0.937635
1.6	0.64	0.918305
1.6	0.65	0.899176
1.6	0.66	0.880248
1.6	0.67	0.861521
1.6	0.68	0.842994
1.6	0.69	0.824669
1.6	0.7	0.806545
1.6	0.71	0.788621
1.6	0.72	0.770899
1.6	0.73	0.753377
1.6	0.74	0.736057
1.6	0.75	0.718937
1.6	0.76	0.702019
1.6	0.77	0.685301
1.6	0.78	0.668784
1.6	0.79	0.652469
1.6	0.8	0.636354
1.6	0.81	0.62044
1.6	0.82	0.604727
1.6	0.83	0.589216
1.6	0.84	0.573905
1.6	0.85	0.558795
1.6	0.86	0.543886
1.6	0.87	0.529178
1.6	0.88	0.514671
1.6	0.89	0.500365
1.6	0.9	0.48626
1.6	0.91	0.472356
1.6	0.92	0.458652
1.6	0.93	0.44515
1.6	0.94	0.431849
1.6	0.95	0.418749
1.6	0.96	0.405849
1.6	0.97	0.393151
1.6	0.98	0.380653
1.6	0.99	0.368357
1.6	1	0.356261
1.6	1.01	0.344366
1.6	1.02	0.332673
1.6	1.03	0.32118
1.6	1.04	0.309888
1.6	1.05	0.298797
1.6	1.06	0.287906
1.6	1.07	0.277217
1.6	1.08	0.266729
1.6	1.09	0.256441
1.6	1.1	0.246355
1.6	1.11	0.236469
1.6	1.12	0.226784
1.6	1.13	0.2173
1.6	1.14	0.208016
1.6	1.15	0.198934
1.6	1.16	0.190053
1.6	1.17	0.181372
1.6	1.18	0.172892
1.6	1.19	0.164613
1.6	1.2	0.156534
1.6	1.21	0.148657
1.6	1.22	0.14098
1.6	1.23	0.133504
1.6	1.24	0.126229
1.6	1.25	0.119154
1.6	1.26	0.112281
1.6	1.27	0.105608
1.6	1.28	0.0991354
1.6	1.29	0.0928639
1.6	1.3	0.0867931
1.6	1.31	0.0809229
1.6	1.32	0.0752535
1.6	1.33	0.0697847
1.6	1.34	0.0645167
1.6	1.35	0.0594492
1.6	1.36	0.0545825
1.6	1.37	0.0499163
1.6	1.38	0.0454508
1.6	1.39	0.041186
1.6	1.4	0.0371217
1.6	1.41	0.033258
1.6	1.42	0.029595
1.6	1.43	0.0261325
1.6	1.44	0.0228706
1.6	1.45	0.0198092
1.6	1.46	0.0169484
1.6	1.47	0.0142882
1.6	1.48	0.0118285
1.6	1.49	0.00956927
1.6	1.5	0.00751058
1.6	1.51	0.00565239
1.6	1.52	0.00399469
1.6	1.53	0.00253748
1.6	1.54	0.00128073
1.6	1.55	0.000224445
1.6	1.56	-0.000631391
1.6	1.57	-0.00128679
1.6	1.58	-0.00174175
1.6	1.59	-0.0019963
1.6	1.6	-0.00205044
1.6	1.61	-0.00190418
1.6	1.62	-0.00155753
1.6	1.63	-0.00101051
1.6	1.64	-0.000263118
1.6	1.65	0.00068463
1.6	1.66	0.00183272
1.6	1.67	0.00318115
1.6	1.68	0.00472991
1.6	1.69	0.00647898
1.6	1.7	0.00842835
1.6	1.71	0.010578
1.6	1.72	0.012928
1.6	1.73	0.0154782
1.6	1.74	0.0182287
1.6	1.75	0.0211794
1.6	1.76	0.0243304
1.6	1.77	0.0276816
1.6	1.78	0.0312331
1.6	1.79	0.0349847
1.6	1.8	0.0389365
1.6	1.81	0.0430886
1.6	1.82	0.0474408
1.6	1.83	0.0519932
1.6	1.84	0.0567457
1.6	1.85	0.0616984
1.6	1.86	0.0668513
1.6	1.87	0.0722043
1.6	1.88	0.0777573
1.6	1.89	0.0835105
1.6	1.9	0.0894638
1.6	1.91	0.0956172
1.6	1.92	0.101971
1.6	1.93	0.108524
1.6	1.94	0.115278
1.6	1.95	0.122231
1.6	1.96	0.129385
1.6	1.97	0.136739
1.6	1.98	0.144293
1.6	1.99	0.152046
1.6	2	0.16
1.605	0	2.57603
1.605	0.01	2.54396
1.605	0.02	2.5121
1.605	0.03	2.48043
1.605	0.04	2.44897
1.605	0.05	2.41771
1.605	0.06	2.38665
1.605	0.07	2.35578
1.605	0.08	2.32512
1.605	0.09	2.29466
1.605	0.1	2.2644
1.605	0.11	2.23433
1.605	0.12	2.20447
1.605	0.13	2.17481
1.605	0.14	2.14535
1.605	0.15	2.11609
1.605	0.16	2.08703
1.605	0.17	2.05816
1.605	0.18	2.0295
1.605	0.19	2.00104
1.605	0.2	1.97278
1.605	0.21	1.94473
1.605	0.22	1.91687
1.605	0.23	1.88921
1.605	0.24	1.86175
1.605	0.25	1.83449
1.605	0.26	1.80744
1.605	0.27	1.78058
1.605	0.28	1.75392
1.605	0.29	1.72747
1.605	0.3	1.70121
1.605	0.31	1.67516
1.605	0.32	1.6493
1.605	0.33	1.62365
1.605	0.34	1.5982
1.605	0.35	1.57295
1.605	0.36	1.54789
1.605	0.37	1.52304
1.605	0.38	1.49839
1.605	0.39	1.47394
1.605	0.4	1.44969
1.605	0.41	1.42565
1.605	0.42	1.4018
1.605	0.43	1.37815
1.605	0.44	1.3547
1.605	0.45	1.33146
1.605	0.46	1.30841
1.605	0.47	1.28557
1.605	0.48	1.26293
1.605	0.49	1.24048
1.605	0.5	1.21824
1.605	0.51	1.1962
1.605	0.52	1.17436
1.605	0.53	1.15272
1.605	0.54	1.13128
1.605	0.55	1.11005
1.605	0.56	1.08901
1.605	0.57	1.06817
1.605	0.58	1.04754
1.605	0.59	1.0271
1.605	0.6	1.00687
1.605	0.61	0.986839
1.605	0.62	0.967007
1.605	0.63	0.947377
1.605	0.64	0.927947
1.605	0.65	0.908718
1.605	0.66	0.88969
1.605	0.67	0.870863
1.605	0.68	0.852237
1.605	0.69	0.833812
1.605	0.7	0.815588
1.605	0.71	0.797565
1.605	0.72	0.779742
1.605	0.73	0.762121
1.605	0.74	0.7447
1.605	0.75	0.727481
1.605	0.76	0.710462
1.605	0.77	0.693645
1.605	0.78	0.677028
1.605	0.79	0.660613
1.605	0.8	0.644398
1.605	0.81	0.628384
1.605	0.82	0.612572
1.605	0.83	0.59696
1.605	0.84	0.581549
1.605	0.85	0.566339
1.605	0.86	0.55133
1.605	0.87	0.536522
1.605	0.88	0.521915
1.605	0.89	0.507509
1.605	0.9	0.493304
1.605	0.91	0.4793
1.605	0.92	0.465497
1.605	0.93	0.451895
1.605	0.94	0.438493
1.605	0.95	0.425293
1.605	0.96	0.412294
1.605	0.97	0.399495
1.605	0.98	0.386898
1.605	0.99	0.374501
1.605	1	0.362306
1.605	1.01	0.350311
1.605	1.02	0.338517
1.605	1.03	0.326924
1.605	1.04	0.315532
1.605	1.05	0.304341
1.605	1.06	0.293351
1.605	1.07	0.282561
1.605	1.08	0.271973
1.605	1.09	0.261585
1.605	1.1	0.251398
1.605	1.11	0.241413
1.605	1.12	0.231628
1.605	1.13	0.222043
1.605	1.14	0.21266
1.605	1.15	0.203478
1.605	1.16	0.194496
1.605	1.17	0.185715
1.605	1.18	0.177135
1.605	1.19	0.168756
1.605	1.2	0.160577
1.605	1.21	0.1526
1.605	1.22	0.144823
1.605	1.23	0.137247
1.605	1.24	0.129871
1.605	1.25	0.122697
1.605	1.26	0.115723
1.605	1.27	0.10895
1.605	1.28	0.102377
1.605	1.29	0.0960057
1.605	1.3	0.0898347
1.605	1.31	0.0838644
1.605	1.32	0.0780948
1.605	1.33	0.0725259
1.605	1.34	0.0671576
1.605	1.35	0.0619901
1.605	1.36	0.0570231
1.605	1.37	0.0522568
1.605	1.38	0.0476911
1.605	1.39	0.0433261
1.605	1.4	0.0391616
1.605	1.41	0.0351978
1.605	1.42	0.0314345
1.605	1.43	0.0278719
1.605	1.44	0.0245097
1.605	1.45	0.0213482
1.605	1.46	0.0183872
1.605	1.47	0.0156267
1.605	1.48	0.0130668
1.605	1.49	0.0107074
1.605	1.5	0.00854849
1.605	1.51	0.00659008
1.605	1.52	0.00483217
1.605	1.53	0.00327473
1.605	1.54	0.00191776
1.605	1.55	0.000761245
1.605	1.56	-0.00019482
1.605	1.57	-0.000950448
1.605	1.58	-0.00150565
1.605	1.59	-0.00186043
1.605	1.6	-0.00201481
1.605	1.61	-0.00196879
1.605	1.62	-0.00172238
1.605	1.63	-0.0012756
1.605	1.64	-0.000628457
1.605	1.65	0.000219043
1.605	1.66	0.00126689
1.605	1.67	0.00251507
1.605	1.68	0.00396357
1.605	1.69	0.00561238
1.605	1.7	0.0074615
1.605	1.71	0.00951091
1.605	1.72	0.0117606
1.605	1.73	0.0142106
1.605	1.74	0.0168608
1.605	1.75	0.0197113
1.605	1.76	0.022762
1.605	1.77	0.0260129
1.605	1.78	0.0294641
1.605	1.79	0.0331155
1.605	1.8	0.0369671
1.605	1.81	0.0410188
1.605	1.82	0.0452708
1.605	1.83	0.0497229
1.605	1.84	0.0543752
1.605	1.85	0.0592276
1.605	1.86	0.0642802
1.605	1.87	0.0695329
1.605	1.88	0.0749857
1.605	1.89	0.0806386
1.605	1.9	0.0864916
1.605	1.91	0.0925447
1.605	1.92	0.0987979
1.605	1.93	0.105251
1.605	1.94	0.111904
1.605	1.95	0.118758
1.605	1.96	0.125811
1.605	1.97	0.133065
1.605	1.98	0.140518
1.605	1.99	0.148172
1.605	2	0.156025
1.61	0	2.5921
1.61	0.01	2.55994
1.61	0.02	2.52797
1.61	0.03	2.49621
1.61	0.04	2.46465
1.61	0.05	2.43329
1.61	0.06	2.40212
1.61	0.07	2.37116
1.61	0.08	2.3404
1.61	0.09	2.30984
1.61	0.1	2.27947
1.61	0.11	2.24931
1.61	0.12	2.21935
1.61	0.13	2.18959
1.61	0.14	2.16003
1.61	0.15	2.13067
1.61	0.16	2.10151
1.61	0.17	2.07255
1.61	0.18	2.04379
1.61	0.19	2.01523
1.61	0.2	1.98687
1.61	0.21	1.95871
1.61	0.22	1.93075
1.61	0.23	1.90299
1.61	0.24	1.87543
1.61	0.25	1.84808
1.61	0.26	1.82092
1.61	0.27	1.79396
1.61	0.28	1.76721
1.61	0.29	1.74065
1.61	0.3	1.7143
1.61	0.31	1.68814
1.61	0.32	1.66219
1.61	0.33	1.63644
1.61	0.34	1.61088
1.61	0.35	1.58553
1.61	0.36	1.56038
1.61	0.37	1.53543
1.61	0.38	1.51068
1.61	0.39	1.48613
1.61	0.4	1.46178
1.61	0.41	1.43763
1.61	0.42	1.41369
1.61	0.43	1.38994
1.61	0.44	1.36639
1.61	0.45	1.34305
1.61	0.46	1.3199
1.61	0.47	1.29696
1.61	0.48	1.27422
1.61	0.49	1.25167
1.61	0.5	1.22933
1.61	0.51	1.20719
1.61	0.52	1.18525
1.61	0.53	1.16351
1.61	0.54	1.14197
1.61	0.55	1.12064
1.61	0.56	1.0995
1.61	0.57	1.07856
1.61	0.58	1.05783
1.61	0.59	1.0373
1.61	0.6	1.01696
1.61	0.61	0.996831
1.61	0.62	0.976899
1.61	0.63	0.957169
1.61	0.64	0.937639
1.61	0.65	0.91831
1.61	0.66	0.899183
1.61	0.67	0.880256
1.61	0.68	0.86153
1.61	0.69	0.843005
1.61	0.7	0.824681
1.61	0.71	0.806558
1.61	0.72	0.788635
1.61	0.73	0.770914
1.61	0.74	0.753394
1.61	0.75	0.736074
1.61	0.76	0.718956
1.61	0.77	0.702039
1.61	0.78	0.685322
1.61	0.79	0.668807
1.61	0.8	0.652492
1.61	0.81	0.636378
1.61	0.82	0.620466
1.61	0.83	0.604754
1.61	0.84	0.589243
1.61	0.85	0.573933
1.61	0.86	0.558824
1.61	0.87	0.543917
1.61	0.88	0.52921
1.61	0.89	0.514704
1.61	0.9	0.500399
1.61	0.91	0.486294
1.61	0.92	0.472391
1.61	0.93	0.458689
1.61	0.94	0.445188
1.61	0.95	0.431888
1.61	0.96	0.418788
1.61	0.97	0.40589
1.61	0.98	0.393192
1.61	0.99	0.380696
1.61	1	0.3684
1.61	1.01	0.356305
1.61	1.02	0.344411
1.61	1.03	0.332718
1.61	1.04	0.321226
1.61	1.05	0.309935
1.61	1.06	0.298845
1.61	1.07	0.287955
1.61	1.08	0.277267
1.61	1.09	0.266779
1.61	1.1	0.256492
1.61	1.11	0.246406
1.61	1.12	0.236521
1.61	1.13	0.226837
1.61	1.14	0.217354
1.61	1.15	0.208071
1.61	1.16	0.198989
1.61	1.17	0.190108
1.61	1.18	0.181428
1.61	1.19	0.172949
1.61	1.2	0.16467
1.61	1.21	0.156593
1.61	1.22	0.148716
1.61	1.23	0.141039
1.61	1.24	0.133564
1.61	1.25	0.126289
1.61	1.26	0.119215
1.61	1.27	0.112342
1.61	1.28	0.105669
1.61	1.29	0.0991975
1.61	1.3	0.0929264
1.61	1.31	0.0868559
1.61	1.32	0.0809862
1.61	1.33	0.0753171
1.61	1.34	0.0698487
1.61	1.35	0.0645809
1.61	1.36	0.0595138
1.61	1.37	0.0546473
1.61	1.38	0.0499815
1.61	1.39	0.0455162
1.61	1.4	0.0412516
1.61	1.41	0.0371876
1.61	1.42	0.0333241
1.61	1.43	0.0296612
1.61	1.44	0.0261989
1.61	1.45	0.0229372
1.61	1.46	0.019876
1.61	1.47	0.0170153
1.61	1.48	0.0143552
1.61	1.49	0.0118955
1.61	1.5	0.00963642
1.61	1.51	0.0075778
1.61	1.52	0.00571966
1.61	1.53	0.004062
1.61	1.54	0.0026048
1.61	1.55	0.00134806
1.61	1.56	0.000291771
1.61	1.57	-0.000564089
1.61	1.58	-0.00121952
1.61	1.59	-0.00167454
1.61	1.6	-0.00192916
1.61	1.61	-0.00198338
1.61	1.62	-0.00183721
1.61	1.63	-0.00149068
1.61	1.64	-0.000943778
1.61	1.65	-0.000196525
1.61	1.66	0.00075107
1.61	1.67	0.001899
1.61	1.68	0.00324724
1.61	1.69	0.0047958
1.61	1.7	0.00654466
1.61	1.71	0.00849382
1.61	1.72	0.0106432
1.61	1.73	0.012993
1.61	1.74	0.0155429
1.61	1.75	0.0182931
1.61	1.76	0.0212436
1.61	1.77	0.0243943
1.61	1.78	0.0277452
1.61	1.79	0.0312963
1.61	1.8	0.0350476
1.61	1.81	0.0389991
1.61	1.82	0.0431508
1.61	1.83	0.0475026
1.61	1.84	0.0520546
1.61	1.85	0.0568068
1.61	1.86	0.0617591
1.61	1.87	0.0669115
1.61	1.88	0.072264
1.61	1.89	0.0778167
1.61	1.9	0.0835694
1.61	1.91	0.0895222
1.61	1.92	0.0956751
1.61	1.93	0.102028
1.61	1.94	0.108581
1.61	1.95	0.115334
1.61	1.96	0.122287
1.61	1.97	0.12944
1.61	1.98	0.136794
1.61	1.99	0.144347
1.61	2	0.1521
1.615	0	2.60823
1.615	0.01	2.57596
1.615	0.02	2.5439
1.615	0.03	2.51204
1.615	0.04	2.48037
1.615	0.05	2.44891
1.615	0.06	2.41765
1.615	0.07	2.38659
1.615	0.08	2.35573
1.615	0.09	2.32506
1.615	0.1	2.2946
1.615	0.11	2.26434
1.615	0.12	2.23428
1.615	0.13	2.20442
1.615	0.14	2.17476
1.615	0.15	2.1453
1.615	0.16	2.11604
1.615	0.17	2.08698
1.615	0.18	2.05812
1.615	0.19	2.02946
1.615	0.2	2.001
1.615	0.21	1.97274
1.615	0.22	1.94468
1.615	0.23	1.91682
1.615	0.24	1.88917
1.615	0.25	1.86171
1.615	0.26	1.83445
1.615	0.27	1.8074
1.615	0.28	1.78054
1.615	0.29	1.75389
1.615	0.3	1.72743
1.615	0.31	1.70118
1.615	0.32	1.67513
1.615	0.33	1.64927
1.615	0.34	1.62362
1.615	0.35	1.59817
1.615	0.36	1.57292
1.615	0.37	1.54787
1.615	0.38	1.52302
1.615	0.39	1.49837
1.615	0.4	1.47392
1.615	0.41	1.44967
1.615	0.42	1.42562
1.615	0.43	1.40178
1.615	0.44	1.37813
1.615	0.45	1.35469
1.615	0.46	1.33144
1.615	0.47	1.3084
1.615	0.48	1.28556
1.615	0.49	1.26291
1.615	0.5	1.24047
1.615	0.51	1.21823
1.615	0.52	1.19619
1.615	0.53	1.17435
1.615	0.54	1.15272
1.615	0.55	1.13128
1.615	0.56	1.11004
1.615	0.57	1.08901
1.615	0.58	1.06817
1.615	0.59	1.04754
1.615	0.6	1.02711
1.615	0.61	1.00687
1.615	0.62	0.986843
1.615	0.63	0.967012
1.615	0.64	0.947383
1.615	0.65	0.927954
1.615	0.66	0.908727
1.615	0.67	0.8897
1.615	0.68	0.870874
1.615	0.69	0.852249
1.615	0.7	0.833826
1.615	0.71	0.815602
1.615	0.72	0.79758
1.615	0.73	0.779759
1.615	0.74	0.762139
1.615	0.75	0.74472
1.615	0.76	0.727501
1.615	0.77	0.710484
1.615	0.78	0.693668
1.615	0.79	0.677052
1.615	0.8	0.660638
1.615	0.81	0.644424
1.615	0.82	0.628412
1.615	0.83	0.6126
1.615	0.84	0.596989
1.615	0.85	0.581579
1.615	0.86	0.566371
1.615	0.87	0.551363
1.615	0.88	0.536556
1.615	0.89	0.52195
1.615	0.9	0.507545
1.615	0.91	0.493341
1.615	0.92	0.479338
1.615	0.93	0.465535
1.615	0.94	0.451934
1.615	0.95	0.438534
1.615	0.96	0.425335
1.615	0.97	0.412336
1.615	0.98	0.399539
1.615	0.99	0.386942
1.615	1	0.374546
1.615	1.01	0.362351
1.615	1.02	0.350357
1.615	1.03	0.338564
1.615	1.04	0.326972
1.615	1.05	0.315581
1.615	1.06	0.304391
1.615	1.07	0.293401
1.615	1.08	0.282613
1.615	1.09	0.272025
1.615	1.1	0.261638
1.615	1.11	0.251452
1.615	1.12	0.241467
1.615	1.13	0.231683
1.615	1.14	0.222099
1.615	1.15	0.212716
1.615	1.16	0.203534
1.615	1.17	0.194553
1.615	1.18	0.185773
1.615	1.19	0.177194
1.615	1.2	0.168815
1.615	1.21	0.160637
1.615	1.22	0.15266
1.615	1.23	0.144884
1.615	1.24	0.137308
1.615	1.25	0.129933
1.615	1.26	0.122759
1.615	1.27	0.115786
1.615	1.28	0.109013
1.615	1.29	0.102441
1.615	1.3	0.0960695
1.615	1.31	0.0898989
1.615	1.32	0.083929
1.615	1.33	0.0781597
1.615	1.34	0.0725911
1.615	1.35	0.0672232
1.615	1.36	0.0620559
1.615	1.37	0.0570892
1.615	1.38	0.0523232
1.615	1.39	0.0477577
1.615	1.4	0.0433929
1.615	1.41	0.0392286
1.615	1.42	0.035265
1.615	1.43	0.0315019
1.615	1.44	0.0279394
1.615	1.45	0.0245774
1.615	1.46	0.021416
1.615	1.47	0.0184551
1.615	1.48	0.0156947
1.615	1.49	0.0131349
1.615	1.5	0.0107755
1.615	1.51	0.00861665
1.615	1.52	0.00665828
1.615	1.53	0.00490038
1.615	1.54	0.00334294
1.615	1.55	0.00198595
1.615	1.56	0.000829404
1.615	1.57	-0.000126708
1.615	1.58	-0.000882397
1.615	1.59	-0.00143767
1.615	1.6	-0.00179255
1.615	1.61	-0.00194703
1.615	1.62	-0.00190113
1.615	1.63	-0.00165486
1.615	1.64	-0.00120823
1.615	1.65	-0.000561247
1.615	1.66	0.000286075
1.615	1.67	0.00133373
1.615	1.68	0.0025817
1.615	1.69	0.00402998
1.615	1.7	0.00567856
1.615	1.71	0.00752743
1.615	1.72	0.00957658
1.615	1.73	0.011826
1.615	1.74	0.0142757
1.615	1.75	0.0169256
1.615	1.76	0.0197758
1.615	1.77	0.0228262
1.615	1.78	0.0260768
1.615	1.79	0.0295276
1.615	1.8	0.0331786
1.615	1.81	0.0370298
1.615	1.82	0.0410812
1.615	1.83	0.0453327
1.615	1.84	0.0497845
1.615	1.85	0.0544363
1.615	1.86	0.0592883
1.615	1.87	0.0643404
1.615	1.88	0.0695927
1.615	1.89	0.075045
1.615	1.9	0.0806974
1.615	1.91	0.08655
1.615	1.92	0.0926026
1.615	1.93	0.0988552
1.615	1.94	0.105308
1.615	1.95	0.111961
1.615	1.96	0.118814
1.615	1.97	0.125866
1.615	1.98	0.133119
1.615	1.99	0.140572
1.615	2	0.148225
1.62	0	2.6244
1.62	0.01	2.59204
1.62	0.02	2.55988
1.62	0.03	2.52791
1.62	0.04	2.49615
1.62	0.05	2.46459
1.62	0.06	2.43323
1.62	0.07	2.40207
1.62	0.08	2.3711
1.62	0.09	2.34034
1.62	0.1	2.30978
1.62	0.11	2.27942
1.62	0.12	2.24926
1.62	0.13	2.2193
1.62	0.14	2.18954
1.62	0.15	2.15998
1.62	0.16	2.13062
1.62	0.17	2.10146
1.62	0.18	2.0725
1.62	0.19	2.04374
1.62	0.2	2.01518
1.62	0.21	1.98682
1.62	0.22	1.95866
1.62	0.23	1.93071
1.62	0.24	1.90295
1.62	0.25	1.87539
1.62	0.26	1.84804
1.62	0.27	1.82088
1.62	0.28	1.79393
1.62	0.29	1.76717
1.62	0.3	1.74062
1.62	0.31	1.71426
1.62	0.32	1.68811
1.62	0.33	1.66216
1.62	0.34	1.63641
1.62	0.35	1.61086
1.62	0.36	1.5855
1.62	0.37	1.56035
1.62	0.38	1.5354
1.62	0.39	1.51066
1.62	0.4	1.48611
1.62	0.41	1.46176
1.62	0.42	1.43761
1.62	0.43	1.41367
1.62	0.44	1.38992
1.62	0.45	1.36638
1.62	0.46	1.34303
1.62	0.47	1.31989
1.62	0.48	1.29695
1.62	0.49	1.27421
1.62	0.5	1.25166
1.62	0.51	1.22932
1.62	0.52	1.20718
1.62	0.53	1.18525
1.62	0.54	1.16351
1.62	0.55	1.14197
1.62	0.56	1.12064
1.62	0.57	1.0995
1.62	0.58	1.07857
1.62	0.59	1.05783
1.62	0.6	1.0373
1.62	0.61	1.01697
1.62	0.62	0.996836
1.62	0.63	0.976906
1.62	0.64	0.957177
1.62	0.65	0.937648
1.62	0.66	0.918321
1.62	0.67	0.899194
1.62	0.68	0.880269
1.62	0.69	0.861544
1.62	0.7	0.84302
1.62	0.71	0.824697
1.62	0.72	0.806575
1.62	0.73	0.788654
1.62	0.74	0.770934
1.62	0.75	0.753415
1.62	0.76	0.736097
1.62	0.77	0.71898
1.62	0.78	0.702063
1.62	0.79	0.685348
1.62	0.8	0.668833
1.62	0.81	0.65252
1.62	0.82	0.636407
1.62	0.83	0.620496
1.62	0.84	0.604785
1.62	0.85	0.589275
1.62	0.86	0.573967
1.62	0.87	0.558859
1.62	0.88	0.543952
1.62	0.89	0.529246
1.62	0.9	0.514741
1.62	0.91	0.500437
1.62	0.92	0.486334
1.62	0.93	0.472432
1.62	0.94	0.458731
1.62	0.95	0.44523
1.62	0.96	0.431931
1.62	0.97	0.418832
1.62	0.98	0.405935
1.62	0.99	0.393238
1.62	1	0.380742
1.62	1.01	0.368448
1.62	1.02	0.356354
1.62	1.03	0.344461
1.62	1.04	0.332768
1.62	1.05	0.321277
1.62	1.06	0.309987
1.62	1.07	0.298897
1.62	1.08	0.288008
1.62	1.09	0.277321
1.62	1.1	0.266834
1.62	1.11	0.256548
1.62	1.12	0.246462
1.62	1.13	0.236578
1.62	1.14	0.226894
1.62	1.15	0.217412
1.62	1.16	0.20813
1.62	1.17	0.199048
1.62	1.18	0.190168
1.62	1.19	0.181488
1.62	1.2	0.17301
1.62	1.21	0.164732
1.62	1.22	0.156654
1.62	1.23	0.148778
1.62	1.24	0.141102
1.62	1.25	0.133627
1.62	1.26	0.126353
1.62	1.27	0.119279
1.62	1.28	0.112406
1.62	1.29	0.105734
1.62	1.3	0.0992627
1.62	1.31	0.0929919
1.62	1.32	0.0869218
1.62	1.33	0.0810524
1.62	1.34	0.0753836
1.62	1.35	0.0699155
1.62	1.36	0.064648
1.62	1.37	0.0595811
1.62	1.38	0.0547149
1.62	1.39	0.0500492
1.62	1.4	0.0455842
1.62	1.41	0.0413198
1.62	1.42	0.0372559
1.62	1.43	0.0333926
1.62	1.44	0.0297298
1.62	1.45	0.0262676
1.62	1.46	0.023006
1.62	1.47	0.0199449
1.62	1.48	0.0170843
1.62	1.49	0.0144242
1.62	1.5	0.0119646
1.62	1.51	0.00970553
1.62	1.52	0.00764691
1.62	1.53	0.00578877
1.62	1.54	0.00413108
1.62	1.55	0.00267385
1.62	1.56	0.00141705
1.62	1.57	0.000360686
1.62	1.58	-0.000495259
1.62	1.59	-0.00115079
1.62	1.6	-0.00160593
1.62	1.61	-0.00186067
1.62	1.62	-0.00191504
1.62	1.63	-0.00176903
1.62	1.64	-0.00142267
1.62	1.65	-0.000875957
1.62	1.66	-0.000128907
1.62	1.67	0.000818471
1.62	1.68	0.00196617
1.62	1.69	0.00331417
1.62	1.7	0.00486247
1.62	1.71	0.00661106
1.62	1.72	0.00855993
1.62	1.73	0.0107091
1.62	1.74	0.0130585
1.62	1.75	0.0156081
1.62	1.76	0.018358
1.62	1.77	0.0213081
1.62	1.78	0.0244584
1.62	1.79	0.0278089
1.62	1.8	0.0313596
1.62	1.81	0.0351106
1.62	1.82	0.0390616
1.62	1.83	0.0432129
1.62	1.84	0.0475643
1.62	1.85	0.0521159
1.62	1.86	0.0568675
1.62	1.87	0.0618194
1.62	1.88	0.0669713
1.62	1.89	0.0723233
1.62	1.9	0.0778755
1.62	1.91	0.0836277
1.62	1.92	0.08958
1.62	1.93	0.0957324
1.62	1.94	0.102085
1.62	1.95	0.108637
1.62	1.96	0.11539
1.62	1.97	0.122342
1.62	1.98	0.129495
1.62	1.99	0.136847
1.62	2	0.1444
1.625	0	2.64062
1.625	0.01	2.60816
1.625	0.02	2.5759
1.625	0.03	2.54384
1.625	0.04	2.51198
1.625	0.05	2.48032
1.625	0.06	2.44885
1.625	0.07	2.41759
1.625	0.08	2.38653
1.625	0.09	2.35567
1.625	0.1	2.32501
1.625	0.11	2.29455
1.625	0.12	2.26429
1.625	0.13	2.23423
1.625	0.14	2.20437
1.625	0.15	2.17471
1.625	0.16	2.14525
1.625	0.17	2.11599
1.625	0.18	2.08693
1.625	0.19	2.05807
1.625	0.2	2.02941
1.625	0.21	2.00096
1.625	0.22	1.9727
1.625	0.23	1.94464
1.625	0.24	1.91678
1.625	0.25	1.88913
1.625	0.26	1.86167
1.625	0.27	1.83442
1.625	0.28	1.80736
1.625	0.29	1.78051
1.625	0.3	1.75385
1.625	0.31	1.7274
1.625	0.32	1.70115
1.625	0.33	1.6751
1.625	0.34	1.64924
1.625	0.35	1.62359
1.625	0.36	1.59814
1.625	0.37	1.57289
1.625	0.38	1.54784
1.625	0.39	1.523
1.625	0.4	1.49835
1.625	0.41	1.4739
1.625	0.42	1.44965
1.625	0.43	1.42561
1.625	0.44	1.40176
1.625	0.45	1.37812
1.625	0.46	1.35467
1.625	0.47	1.33143
1.625	0.48	1.30839
1.625	0.49	1.28555
1.625	0.5	1.26291
1.625	0.51	1.24047
1.625	0.52	1.21823
1.625	0.53	1.19619
1.625	0.54	1.17435
1.625	0.55	1.15272
1.625	0.56	1.13128
1.625	0.57	1.11004
1.625	0.58	1.08901
1.625	0.59	1.06818
1.625	0.6	1.04754
1.625	0.61	1.02711
1.625	0.62	1.00688
1.625	0.63	0.986851
1.625	0.64	0.967022
1.625	0.65	0.947394
1.625	0.66	0.927967
1.625	0.67	0.90874
1.625	0.68	0.889715
1.625	0.69	0.87089
1.625	0.7	0.852266
1.625	0.71	0.833844
1.625	0.72	0.815622
1.625	0.73	0.797601
1.625	0.74	0.779781
1.625	0.75	0.762162
1.625	0.76	0.744744
1.625	0.77	0.727527
1.625	0.78	0.71051
1.625	0.79	0.693695
1.625	0.8	0.677081
1.625	0.81	0.660667
1.625	0.82	0.644455
1.625	0.83	0.628443
1.625	0.84	0.612633
1.625	0.85	0.597023
1.625	0.86	0.581614
1.625	0.87	0.566407
1.625	0.88	0.5514
1.625	0.89	0.536594
1.625	0.9	0.521989
1.625	0.91	0.507585
1.625	0.92	0.493382
1.625	0.93	0.47938
1.625	0.94	0.465579
1.625	0.95	0.451978
1.625	0.96	0.438579
1.625	0.97	0.42538
1.625	0.98	0.412383
1.625	0.99	0.399586
1.625	1	0.38699
1.625	1.01	0.374596
1.625	1.02	0.362402
1.625	1.03	0.350408
1.625	1.04	0.338616
1.625	1.05	0.327025
1.625	1.06	0.315634
1.625	1.07	0.304445
1.625	1.08	0.293456
1.625	1.09	0.282668
1.625	1.1	0.272081
1.625	1.11	0.261695
1.625	1.12	0.25151
1.625	1.13	0.241525
1.625	1.14	0.231741
1.625	1.15	0.222158
1.625	1.16	0.212776
1.625	1.17	0.203595
1.625	1.18	0.194615
1.625	1.19	0.185835
1.625	1.2	0.177256
1.625	1.21	0.168878
1.625	1.22	0.1607
1.625	1.23	0.152724
1.625	1.24	0.144948
1.625	1.25	0.137373
1.625	1.26	0.129998
1.625	1.27	0.122824
1.625	1.28	0.115851
1.625	1.29	0.109079
1.625	1.3	0.102507
1.625	1.31	0.0961364
1.625	1.32	0.0899661
1.625	1.33	0.0839965
1.625	1.34	0.0782275
1.625	1.35	0.0726592
1.625	1.36	0.0672915
1.625	1.37	0.0621244
1.625	1.38	0.057158
1.625	1.39	0.0523921
1.625	1.4	0.0478269
1.625	1.41	0.0434622
1.625	1.42	0.0392981
1.625	1.43	0.0353346
1.625	1.44	0.0315716
1.625	1.45	0.0280091
1.625	1.46	0.0246473
1.625	1.47	0.0214859
1.625	1.48	0.0185251
1.625	1.49	0.0157647
1.625	1.5	0.0132049
1.625	1.51	0.0108455
1.625	1.52	0.00868666
1.625	1.53	0.00672826
1.625	1.54	0.00497031
1.625	1.55	0.0034128
1.625	1.56	0.00205574
1.625	1.57	0.000899097
1.625	1.58	-5.71238e-05
1.625	1.59	-0.000812937
1.625	1.6	-0.00136835
1.625	1.61	-0.00172338
1.625	1.62	-0.00187803
1.625	1.63	-0.00183232
1.625	1.64	-0.00158624
1.625	1.65	-0.00113982
1.625	1.66	-0.000493069
1.625	1.67	0.000354013
1.625	1.68	0.00140141
1.625	1.69	0.00264911
1.625	1.7	0.00409711
1.625	1.71	0.00574539
1.625	1.72	0.00759395
1.625	1.73	0.00964278
1.625	1.74	0.0118919
1.625	1.75	0.0143412
1.625	1.76	0.0169908
1.625	1.77	0.0198405
1.625	1.78	0.0228906
1.625	1.79	0.0261408
1.625	1.8	0.0295912
1.625	1.81	0.0332418
1.625	1.82	0.0370925
1.625	1.83	0.0411435
1.625	1.84	0.0453945
1.625	1.85	0.0498458
1.625	1.86	0.0544971
1.625	1.87	0.0593486
1.625	1.88	0.0644002
1.625	1.89	0.069652
1.625	1.9	0.0751038
1.625	1.91	0.0807557
1.625	1.92	0.0866076
1.625	1.93	0.0926597
1.625	1.94	0.0989118
1.625	1.95	0.105364
1.625	1.96	0.112016
1.625	1.97	0.118868
1.625	1.98	0.125921
1.625	1.99	0.133173
1.625	2	0.140625
1.63	0	2.6569
1.63	0.01	2.62434
1.63	0.02	2.59198
1.63	0.03	2.55982
1.63	0.04	2.52785
1.63	0.05	2.49609
1.63	0.06	2.46453
1.63	0.07	2.43317
1.63	0.08	2.40201
1.63	0.09	2.37105
1.63	0.1	2.34029
1.63	0.11	2.30973
1.63	0.12	2.27937
1.63	0.13	2.24921
1.63	0.14	2.21925
1.63	0.15	2.18949
1.63	0.16	2.15993
1.63	0.17	2.13057
1.63	0.18	2.10141
1.63	0.19	2.07245
1.63	0.2	2.0437
1.63	0.21	2.01514
1.63	0.22	1.98678
1.63	0.23	1.95863
1.63	0.24	1.93067
1.63	0.25	1.90291
1.63	0.26	1.87536
1.63	0.27	1.848
1.63	0.28	1.82085
1.63	0.29	1.79389
1.63	0.3	1.76714
1.63	0.31	1.74059
1.63	0.32	1.71424
1.63	0.33	1.68808
1.63	0.34	1.66213
1.63	0.35	1.63638
1.63	0.36	1.61083
1.63	0.37	1.58548
1.63	0.38	1.56033
1.63	0.39	1.53538
1.63	0.4	1.51064
1.63	0.41	1.48609
1.63	0.42	1.46174
1.63	0.43	1.4376
1.63	0.44	1.41365
1.63	0.45	1.38991
1.63	0.46	1.36637
1.63	0.47	1.34302
1.63	0.48	1.31988
1.63	0.49	1.29694
1.63	0.5	1.2742
1.63	0.51	1.25166
1.63	0.52	1.22932
1.63	0.53	1.20718
1.63	0.54	1.18525
1.63	0.55	1.16351
1.63	0.56	1.14197
1.63	0.57	1.12064
1.63	0.58	1.0995
1.63	0.59	1.07857
1.63	0.6	1.05784
1.63	0.61	1.03731
1.63	0.62	1.01698
1.63	0.63	0.996847
1.63	0.64	0.976918
1.63	0.65	0.95719
1.63	0.66	0.937663
1.63	0.67	0.918337
1.63	0.68	0.899211
1.63	0.69	0.880287
1.63	0.7	0.861563
1.63	0.71	0.843041
1.63	0.72	0.824719
1.63	0.73	0.806598
1.63	0.74	0.788678
1.63	0.75	0.770959
1.63	0.76	0.753441
1.63	0.77	0.736124
1.63	0.78	0.719008
1.63	0.79	0.702093
1.63	0.8	0.685379
1.63	0.81	0.668866
1.63	0.82	0.652553
1.63	0.83	0.636442
1.63	0.84	0.620531
1.63	0.85	0.604822
1.63	0.86	0.589313
1.63	0.87	0.574005
1.63	0.88	0.558898
1.63	0.89	0.543993
1.63	0.9	0.529288
1.63	0.91	0.514784
1.63	0.92	0.500481
1.63	0.93	0.486378
1.63	0.94	0.472477
1.63	0.95	0.458777
1.63	0.96	0.445278
1.63	0.97	0.431979
1.63	0.98	0.418881
1.63	0.99	0.405985
1.63	1	0.393289
1.63	1.01	0.380794
1.63	1.02	0.3685
1.63	1.03	0.356407
1.63	1.04	0.344515
1.63	1.05	0.332823
1.63	1.06	0.321333
1.63	1.07	0.310043
1.63	1.08	0.298954
1.63	1.09	0.288066
1.63	1.1	0.277379
1.63	1.11	0.266893
1.63	1.12	0.256607
1.63	1.13	0.246523
1.63	1.14	0.236639
1.63	1.15	0.226956
1.63	1.16	0.217474
1.63	1.17	0.208192
1.63	1.18	0.199112
1.63	1.19	0.190232
1.63	1.2	0.181553
1.63	1.21	0.173074
1.63	1.22	0.164797
1.63	1.23	0.15672
1.63	1.24	0.148844
1.63	1.25	0.141169
1.63	1.26	0.133694
1.63	1.27	0.12642
1.63	1.28	0.119347
1.63	1.29	0.112475
1.63	1.3	0.105803
1.63	1.31	0.0993317
1.63	1.32	0.0930612
1.63	1.33	0.0869914
1.63	1.34	0.0811222
1.63	1.35	0.0754537
1.63	1.36	0.0699858
1.63	1.37	0.0647185
1.63	1.38	0.0596518
1.63	1.39	0.0547857
1.63	1.4	0.0501203
1.63	1.41	0.0456554
1.63	1.42	0.041391
1.63	1.43	0.0373273
1.63	1.44	0.033464
1.63	1.45	0.0298014
1.63	1.46	0.0263392
1.63	1.47	0.0230776
1.63	1.48	0.0200165
1.63	1.49	0.0171559
1.63	1.5	0.0144958
1.63	1.51	0.0120362
1.63	1.52	0.00977705
1.63	1.53	0.00771837
1.63	1.54	0.00586014
1.63	1.55	0.00420236
1.63	1.56	0.00274501
1.63	1.57	0.00148808
1.63	1.58	0.000431576
1.63	1.59	-0.000424528
1.63	1.6	-0.00108024
1.63	1.61	-0.00153556
1.63	1.62	-0.00179051
1.63	1.63	-0.0018451
1.63	1.64	-0.00169933
1.63	1.65	-0.00135321
1.63	1.66	-0.000806764
1.63	1.67	-5.99931e-05
1.63	1.68	0.000887092
1.63	1.69	0.00203448
1.63	1.7	0.00338216
1.63	1.71	0.00493013
1.63	1.72	0.00667837
1.63	1.73	0.00862687
1.63	1.74	0.0107756
1.63	1.75	0.0131246
1.63	1.76	0.0156739
1.63	1.77	0.0184233
1.63	1.78	0.021373
1.63	1.79	0.0245229
1.63	1.8	0.027873
1.63	1.81	0.0314232
1.63	1.82	0.0351737
1.63	1.83	0.0391242
1.63	1.84	0.043275
1.63	1.85	0.0476259
1.63	1.86	0.0521769
1.63	1.87	0.0569281
1.63	1.88	0.0618793
1.63	1.89	0.0670307
1.63	1.9	0.0723822
1.63	1.91	0.0779337
1.63	1.92	0.0836854
1.63	1.93	0.0896371
1.63	1.94	0.0957888
1.63	1.95	0.102141
1.63	1.96	0.108692
1.63	1.97	0.115444
1.63	1.98	0.122396
1.63	1.99	0.129548
1.63	2	0.1369
1.635	0	2.67322
1.635	0.01	2.64056
1.635	0.02	2.6081
1.635	0.03	2.57584
1.635	0.04	2.54378
1.635	0.05	2.51192
1.635	0.06	2.48026
1.635	0.07	2.4488
1.635	0.08	2.41754
1.635	0.09	2.38648
1.635	0.1	2.35562
1.635	0.11	2.32496
1.635	0.12	2.2945
1.635	0.13	2.26424
1.635	0.14	2.23418
1.635	0.15	2.20432
1.635	0.16	2.17466
1.635	0.17	2.1452
1.635	0.18	2.11595
1.635	0.19	2.08689
1.635	0.2	2.05803
1.635	0.21	2.02937
1.635	0.22	2.00092
1.635	0.23	1.97266
1.635	0.24	1.9446
1.635	0.25	1.91675
1.635	0.26	1.88909
1.635	0.27	1.86164
1.635	0.28	1.83438
1.635	0.29	1.80733
1.635	0.3	1.78048
1.635	0.31	1.75383
1.635	0.32	1.72737
1.635	0.33	1.70112
1.635	0.34	1.67507
1.635	0.35	1.64922
1.635	0.36	1.62357
1.635	0.37	1.59812
1.635	0.38	1.57287
1.635	0.39	1.54783
1.635	0.4	1.52298
1.635	0.41	1.49833
1.635	0.42	1.47389
1.635	0.43	1.44964
1.635	0.44	1.4256
1.635	0.45	1.40175
1.635	0.46	1.37811
1.635	0.47	1.35467
1.635	0.48	1.33142
1.635	0.49	1.30838
1.635	0.5	1.28554
1.635	0.51	1.2629
1.635	0.52	1.24047
1.635	0.53	1.21823
1.635	0.54	1.19619
1.635	0.55	1.17435
1.635	0.56	1.15272
1.635	0.57	1.13128
1.635	0.58	1.11005
1.635	0.59	1.08902
1.635	0.6	1.06819
1.635	0.61	1.04755
1.635	0.62	1.02712
1.635	0.63	1.00689
1.635	0.64	0.986865
1.635	0.65	0.967037
1.635	0.66	0.947411
1.635	0.67	0.927984
1.635	0.68	0.908759
1.635	0.69	0.889735
1.635	0.7	0.870912
1.635	0.71	0.852289
1.635	0.72	0.833868
1.635	0.73	0.815647
1.635	0.74	0.797627
1.635	0.75	0.779809
1.635	0.76	0.762191
1.635	0.77	0.744774
1.635	0.78	0.727558
1.635	0.79	0.710543
1.635	0.8	0.693728
1.635	0.81	0.677115
1.635	0.82	0.660703
1.635	0.83	0.644492
1.635	0.84	0.628481
1.635	0.85	0.612672
1.635	0.86	0.597063
1.635	0.87	0.581655
1.635	0.88	0.566449
1.635	0.89	0.551443
1.635	0.9	0.536638
1.635	0.91	0.522034
1.635	0.92	0.507631
1.635	0.93	0.493429
1.635	0.94	0.479428
1.635	0.95	0.465627
1.635	0.96	0.452028
1.635	0.97	0.438629
1.635	0.98	0.425432
1.635	0.99	0.412435
1.635	1	0.399639
1.635	1.01	0.387044
1.635	1.02	0.37465
1.635	1.03	0.362457
1.635	1.04	0.350465
1.635	1.05	0.338673
1.635	1.06	0.327083
1.635	1.07	0.315693
1.635	1.08	0.304504
1.635	1.09	0.293516
1.635	1.1	0.282729
1.635	1.11	0.272142
1.635	1.12	0.261757
1.635	1.13	0.251572
1.635	1.14	0.241588
1.635	1.15	0.231805
1.635	1.16	0.222223
1.635	1.17	0.212841
1.635	1.18	0.20366
1.635	1.19	0.19468
1.635	1.2	0.185901
1.635	1.21	0.177323
1.635	1.22	0.168945
1.635	1.23	0.160768
1.635	1.24	0.152792
1.635	1.25	0.145016
1.635	1.26	0.137441
1.635	1.27	0.130067
1.635	1.28	0.122894
1.635	1.29	0.115921
1.635	1.3	0.109149
1.635	1.31	0.102578
1.635	1.32	0.0962072
1.635	1.33	0.0900372
1.635	1.34	0.0840678
1.635	1.35	0.078299
1.635	1.36	0.0727309
1.635	1.37	0.0673634
1.635	1.38	0.0621965
1.635	1.39	0.0572301
1.635	1.4	0.0524644
1.635	1.41	0.0478993
1.635	1.42	0.0435347
1.635	1.43	0.0393707
1.635	1.44	0.0354072
1.635	1.45	0.0316443
1.635	1.46	0.0280819
1.635	1.47	0.02472
1.635	1.48	0.0215586
1.635	1.49	0.0185978
1.635	1.5	0.0158374
1.635	1.51	0.0132775
1.635	1.52	0.0109181
1.635	1.53	0.00875909
1.635	1.54	0.00680058
1.635	1.55	0.0050425
1.635	1.56	0.00348486
1.635	1.57	0.00212763
1.635	1.58	0.000970825
1.635	1.59	1.44184e-05
1.635	1.6	-0.000741596
1.635	1.61	-0.00129723
1.635	1.62	-0.00165249
1.635	1.63	-0.00180738
1.635	1.64	-0.00176193
1.635	1.65	-0.00151613
1.635	1.66	-0.00107001
1.635	1.67	-0.000423558
1.635	1.68	0.000423203
1.635	1.69	0.00147026
1.635	1.7	0.00271762
1.635	1.71	0.00416525
1.635	1.72	0.00581316
1.635	1.73	0.00766133
1.635	1.74	0.00970975
1.635	1.75	0.0119584
1.635	1.76	0.0144073
1.635	1.77	0.0170564
1.635	1.78	0.0199058
1.635	1.79	0.0229553
1.635	1.8	0.026205
1.635	1.81	0.0296549
1.635	1.82	0.033305
1.635	1.83	0.0371553
1.635	1.84	0.0412057
1.635	1.85	0.0454562
1.635	1.86	0.0499069
1.635	1.87	0.0545577
1.635	1.88	0.0594086
1.635	1.89	0.0644596
1.635	1.9	0.0697108
1.635	1.91	0.075162
1.635	1.92	0.0808132
1.635	1.93	0.0866646
1.635	1.94	0.092716
1.635	1.95	0.0989674
1.635	1.96	0.105419
1.635	1.97	0.11207
1.635	1.98	0.118922
1.635	1.99	0.125973
1.635	2	0.133225
1.64	0	2.6896
1.64	0.01	2.65684
1.64	0.02	2.62428
1.64	0.03	2.59192
1.64	0.04	2.55976
1.64	0.05	2.5278
1.64	0.06	2.49604
1.64	0.07	2.46448
1.64	0.08	2.43312
1.64	0.09	2.40196
1.64	0.1	2.371
1.64	0.11	2.34024
1.64	0.12	2.30968
1.64	0.13	2.27932
1.64	0.14	2.24916
1.64	0.15	2.2192
1.64	0.16	2.18944
1.64	0.17	2.15989
1.64	0.18	2.13053
1.64	0.19	2.10137
1.64	0.2	2.07241
1.64	0.21	2.04366
1.64	0.22	2.0151
1.64	0.23	1.98674
1.64	0.24	1.95859
1.64	0.25	1.93063
1.64	0.26	1.90288
1.64	0.27	1.87533
1.64	0.28	1.84797
1.64	0.29	1.82082
1.64	0.3	1.79387
1.64	0.31	1.76711
1.64	0.32	1.74056
1.64	0.33	1.71421
1.64	0.34	1.68806
1.64	0.35	1.66211
1.64	0.36	1.63636
1.64	0.37	1.61081
1.64	0.38	1.58546
1.64	0.39	1.56032
1.64	0.4	1.53537
1.64	0.41	1.51062
1.64	0.42	1.48608
1.64	0.43	1.46173
1.64	0.44	1.43759
1.64	0.45	1.41364
1.64	0.46	1.3899
1.64	0.47	1.36636
1.64	0.48	1.34302
1.64	0.49	1.31988
1.64	0.5	1.29694
1.64	0.51	1.2742
1.64	0.52	1.25166
1.64	0.53	1.22932
1.64	0.54	1.20719
1.64	0.55	1.18525
1.64	0.56	1.16351
1.64	0.57	1.14198
1.64	0.58	1.12065
1.64	0.59	1.09951
1.64	0.6	1.07858
1.64	0.61	1.05785
1.64	0.62	1.03732
1.64	0.63	1.01699
1.64	0.64	0.996863
1.64	0.65	0.976935
1.64	0.66	0.957208
1.64	0.67	0.937682
1.64	0.68	0.918357
1.64	0.69	0.899233
1.64	0.7	0.88031
1.64	0.71	0.861588
1.64	0.72	0.843066
1.64	0.73	0.824746
1.64	0.74	0.806626
1.64	0.75	0.788708
1.64	0.76	0.77099
1.64	0.77	0.753473
1.64	0.78	0.736157
1.64	0.79	0.719042
1.64	0.8	0.702128
1.64	0.81	0.685415
1.64	0.82	0.668903
1.64	0.83	0.652591
1.64	0.84	0.636481
1.64	0.85	0.620572
1.64	0.86	0.604863
1.64	0.87	0.589356
1.64	0.88	0.574049
1.64	0.89	0.558943
1.64	0.9	0.544038
1.64	0.91	0.529334
1.64	0.92	0.514831
1.64	0.93	0.500529
1.64	0.94	0.486428
1.64	0.95	0.472528
1.64	0.96	0.458828
1.64	0.97	0.44533
1.64	0.98	0.432032
1.64	0.99	0.418935
1.64	1	0.406039
1.64	1.01	0.393344
1.64	1.02	0.38085
1.64	1.03	0.368557
1.64	1.04	0.356465
1.64	1.05	0.344573
1.64	1.06	0.332882
1.64	1.07	0.321393
1.64	1.08	0.310104
1.64	1.09	0.299015
1.64	1.1	0.288128
1.64	1.11	0.277442
1.64	1.12	0.266956
1.64	1.13	0.256671
1.64	1.14	0.246587
1.64	1.15	0.236704
1.64	1.16	0.227021
1.64	1.17	0.21754
1.64	1.18	0.208259
1.64	1.19	0.199179
1.64	1.2	0.190299
1.64	1.21	0.181621
1.64	1.22	0.173143
1.64	1.23	0.164866
1.64	1.24	0.156789
1.64	1.25	0.148914
1.64	1.26	0.141239
1.64	1.27	0.133764
1.64	1.28	0.126491
1.64	1.29	0.119418
1.64	1.3	0.112546
1.64	1.31	0.105874
1.64	1.32	0.0994032
1.64	1.33	0.0931329
1.64	1.34	0.0870633
1.64	1.35	0.0811943
1.64	1.36	0.075526
1.64	1.37	0.0700582
1.64	1.38	0.0647911
1.64	1.39	0.0597246
1.64	1.4	0.0548586
1.64	1.41	0.0501932
1.64	1.42	0.0457284
1.64	1.43	0.0414641
1.64	1.44	0.0374004
1.64	1.45	0.0335372
1.64	1.46	0.0298745
1.64	1.47	0.0264124
1.64	1.48	0.0231508
1.64	1.49	0.0200896
1.64	1.5	0.017229
1.64	1.51	0.0145688
1.64	1.52	0.0121091
1.64	1.53	0.00984984
1.64	1.54	0.00779104
1.64	1.55	0.00593267
1.64	1.56	0.00427473
1.64	1.57	0.00281721
1.64	1.58	0.0015601
1.64	1.59	0.000503391
1.64	1.6	-0.000352929
1.64	1.61	-0.00100887
1.64	1.62	-0.00146444
1.64	1.63	-0.00171965
1.64	1.64	-0.00177451
1.64	1.65	-0.00162903
1.64	1.66	-0.00128323
1.64	1.67	-0.000737099
1.64	1.68	9.33588e-06
1.64	1.69	0.00095607
1.64	1.7	0.00210309
1.64	1.71	0.0034504
1.64	1.72	0.00499797
1.64	1.73	0.00674581
1.64	1.74	0.00869389
1.64	1.75	0.0108422
1.64	1.76	0.0131908
1.64	1.77	0.0157396
1.64	1.78	0.0184886
1.64	1.79	0.0214377
1.64	1.8	0.0245871
1.64	1.81	0.0279367
1.64	1.82	0.0314864
1.64	1.83	0.0352363
1.64	1.84	0.0391864
1.64	1.85	0.0433366
1.64	1.86	0.0476869
1.64	1.87	0.0522373
1.64	1.88	0.0569879
1.64	1.89	0.0619386
1.64	1.9	0.0670893
1.64	1.91	0.0724402
1.64	1.92	0.0779911
1.64	1.93	0.0837421
1.64	1.94	0.0896931
1.64	1.95	0.0958442
1.64	1.96	0.102195
1.64	1.97	0.108746
1.64	1.98	0.115498
1.64	1.99	0.122449
1.64	2	0.1296
1.645	0	2.70602
1.645	0.01	2.67316
1.645	0.02	2.6405
1.645	0.03	2.60804
1.645	0.04	2.57578
1.645	0.05	2.54372
1.645	0.06	2.51186
1.645	0.07	2.48021
1.645	0.08	2.44875
1.645	0.09	2.41749
1.645	0.1	2.38643
1.645	0.11	2.35557
1.645	0.12	2.32491
1.645	0.13	2.29445
1.645	0.14	2.26419
1.645	0.15	2.23413
1.645	0.16	2.20428
1.645	0.17	2.17462
1.645	0.18	2.14516
1.645	0.19	2.1159
1.645	0.2	2.08685
1.645	0.21	2.05799
1.645	0.22	2.02934
1.645	0.23	2.00088
1.645	0.24	1.97262
1.645	0.25	1.94457
1.645	0.26	1.91672
1.645	0.27	1.88906
1.645	0.28	1.86161
1.645	0.29	1.83436
1.645	0.3	1.8073
1.645	0.31	1.78045
1.645	0.32	1.7538
1.645	0.33	1.72735
1.645	0.34	1.7011
1.645	0.35	1.67505
1.645	0.36	1.6492
1.645	0.37	1.62355
1.645	0.38	1.5981
1.645	0.39	1.57286
1.645	0.4	1.54781
1.645	0.41	1.52296
1.645	0.42	1.49832
1.645	0.43	1.47388
1.645	0.44	1.44963
1.645	0.45	1.42559
1.645	0.46	1.40175
1.645	0.47	1.3781
1.645	0.48	1.35466
1.645	0.49	1.33142
1.645	0.5	1.30838
1.645	0.51	1.28554
1.645	0.52	1.26291
1.645	0.53	1.24047
1.645	0.54	1.21823
1.645	0.55	1.1962
1.645	0.56	1.17436
1.645	0.57	1.15273
1.645	0.58	1.13129
1.645	0.59	1.11006
1.645	0.6	1.08903
1.645	0.61	1.0682
1.645	0.62	1.04757
1.645	0.63	1.02714
1.645	0.64	1.00691
1.645	0.65	0.986884
1.645	0.66	0.967057
1.645	0.67	0.947432
1.645	0.68	0.928007
1.645	0.69	0.908783
1.645	0.7	0.88976
1.645	0.71	0.870938
1.645	0.72	0.852317
1.645	0.73	0.833896
1.645	0.74	0.815677
1.645	0.75	0.797658
1.645	0.76	0.779841
1.645	0.77	0.762224
1.645	0.78	0.744808
1.645	0.79	0.727593
1.645	0.8	0.710579
1.645	0.81	0.693766
1.645	0.82	0.677154
1.645	0.83	0.660743
1.645	0.84	0.644533
1.645	0.85	0.628523
1.645	0.86	0.612715
1.645	0.87	0.597107
1.645	0.88	0.581701
1.645	0.89	0.566495
1.645	0.9	0.55149
1.645	0.91	0.536686
1.645	0.92	0.522083
1.645	0.93	0.507681
1.645	0.94	0.49348
1.645	0.95	0.479479
1.645	0.96	0.46568
1.645	0.97	0.452081
1.645	0.98	0.438684
1.645	0.99	0.425487
1.645	1	0.412491
1.645	1.01	0.399696
1.645	1.02	0.387102
1.645	1.03	0.374709
1.645	1.04	0.362516
1.645	1.05	0.350525
1.645	1.06	0.338734
1.645	1.07	0.327144
1.645	1.08	0.315755
1.645	1.09	0.304567
1.645	1.1	0.293579
1.645	1.11	0.282793
1.645	1.12	0.272207
1.645	1.13	0.261822
1.645	1.14	0.251638
1.645	1.15	0.241654
1.645	1.16	0.231872
1.645	1.17	0.22229
1.645	1.18	0.212909
1.645	1.19	0.203729
1.645	1.2	0.194749
1.645	1.21	0.18597
1.645	1.22	0.177392
1.645	1.23	0.169015
1.645	1.24	0.160838
1.645	1.25	0.152863
1.645	1.26	0.145087
1.645	1.27	0.137513
1.645	1.28	0.130139
1.645	1.29	0.122966
1.645	1.3	0.115994
1.645	1.31	0.109222
1.645	1.32	0.102651
1.645	1.33	0.0962802
1.645	1.34	0.0901104
1.645	1.35	0.0841412
1.645	1.36	0.0783726
1.645	1.37	0.0728046
1.645	1.38	0.0674372
1.645	1.39	0.0622704
1.645	1.4	0.0573042
1.645	1.41	0.0525385
1.645	1.42	0.0479734
1.645	1.43	0.0436089
1.645	1.44	0.0394449
1.645	1.45	0.0354814
1.645	1.46	0.0317185
1.645	1.47	0.0281561
1.645	1.48	0.0247941
1.645	1.49	0.0216327
1.645	1.5	0.0186718
1.645	1.51	0.0159113
1.645	1.52	0.0133513
1.645	1.53	0.0109917
1.645	1.54	0.0088326
1.645	1.55	0.00687392
1.645	1.56	0.00511567
1.645	1.57	0.00355783
1.645	1.58	0.00220039
1.645	1.59	0.00104336
1.645	1.6	8.67122e-05
1.645	1.61	-0.000669558
1.645	1.62	-0.00122546
1.645	1.63	-0.00158101
1.645	1.64	-0.00173621
1.645	1.65	-0.00169107
1.645	1.66	-0.00144561
1.645	1.67	-0.000999826
1.645	1.68	-0.000353739
1.645	1.69	0.000492645
1.645	1.7	0.00153932
1.645	1.71	0.00278626
1.645	1.72	0.00423348
1.645	1.73	0.00588096
1.645	1.74	0.00772868
1.645	1.75	0.00977665
1.645	1.76	0.0120248
1.645	1.77	0.0144733
1.645	1.78	0.0171219
1.645	1.79	0.0199707
1.645	1.8	0.0230197
1.645	1.81	0.0262689
1.645	1.82	0.0297183
1.645	1.83	0.0333678
1.645	1.84	0.0372175
1.645	1.85	0.0412673
1.645	1.86	0.0455172
1.645	1.87	0.0499673
1.645	1.88	0.0546175
1.645	1.89	0.0594678
1.645	1.9	0.0645182
1.645	1.91	0.0697686
1.645	1.92	0.0752192
1.645	1.93	0.0808698
1.645	1.94	0.0867204
1.645	1.95	0.0927711
1.645	1.96	0.0990219
1.645	1.97	0.105473
1.645	1.98	0.112123
1.645	1.99	0.118974
1.645	2	0.126025
1.65	0	2.7225
1.65	0.01	2.68954
1.65	0.02	2.65678
1.65	0.03	2.62422
1.65	0.04	2.59186
1.65	0.05	2.5597
1.65	0.06	2.52774
1.65	0.07	2.49598
1.65	0.08	2.46442
1.65	0.09	2.43307
1.65	0.1	2.40191
1.65	0.11	2.37095
1.65	0.12	2.34019
1.65	0.13	2.30963
1.65	0.14	2.27927
1.65	0.15	2.24912
1.65	0.16	2.21916
1.65	0.17	2.1894
1.65	0.18	2.15984
1.65	0.19	2.13049
1.65	0.2	2.10133
1.65	0.21	2.07238
1.65	0.22	2.04362
1.65	0.23	2.01507
1.65	0.24	1.98671
1.65	0.25	1.95856
1.65	0.26	1.9306
1.65	0.27	1.90285
1.65	0.28	1.8753
1.65	0.29	1.84794
1.65	0.3	1.82079
1.65	0.31	1.79384
1.65	0.32	1.76709
1.65	0.33	1.74054
1.65	0.34	1.71419
1.65	0.35	1.68804
1.65	0.36	1.66209
1.65	0.37	1.63634
1.65	0.38	1.6108
1.65	0.39	1.58545
1.65	0.4	1.5603
1.65	0.41	1.53536
1.65	0.42	1.51061
1.65	0.43	1.48607
1.65	0.44	1.46172
1.65	0.45	1.43758
1.65	0.46	1.41364
1.65	0.47	1.3899
1.65	0.48	1.36636
1.65	0.49	1.34302
1.65	0.5	1.31988
1.65	0.51	1.29694
1.65	0.52	1.2742
1.65	0.53	1.25166
1.65	0.54	1.22933
1.65	0.55	1.20719
1.65	0.56	1.18526
1.65	0.57	1.16352
1.65	0.58	1.14199
1.65	0.59	1.12066
1.65	0.6	1.09953
1.65	0.61	1.0786
1.65	0.62	1.05787
1.65	0.63	1.03734
1.65	0.64	1.01701
1.65	0.65	0.996883
1.65	0.66	0.976957
1.65	0.67	0.957231
1.65	0.68	0.937707
1.65	0.69	0.918383
1.65	0.7	0.89926
1.65	0.71	0.880338
1.65	0.72	0.861617
1.65	0.73	0.843097
1.65	0.74	0.824777
1.65	0.75	0.806659
1.65	0.76	0.788742
1.65	0.77	0.771025
1.65	0.78	0.753509
1.65	0.79	0.736195
1.65	0.8	0.719081
1.65	0.81	0.702168
1.65	0.82	0.685456
1.65	0.83	0.668945
1.65	0.84	0.652634
1.65	0.85	0.636525
1.65	0.86	0.620617
1.65	0.87	0.604909
1.65	0.88	0.589402
1.65	0.89	0.574097
1.65	0.9	0.558992
1.65	0.91	0.544088
1.65	0.92	0.529385
1.65	0.93	0.514883
1.65	0.94	0.500582
1.65	0.95	0.486481
1.65	0.96	0.472582
1.65	0.97	0.458883
1.65	0.98	0.445386
1.65	0.99	0.432089
1.65	1	0.418993
1.65	1.01	0.406098
1.65	1.02	0.393404
1.65	1.03	0.38091
1.65	1.04	0.368618
1.65	1.05	0.356526
1.65	1.06	0.344635
1.65	1.07	0.332945
1.65	1.08	0.321456
1.65	1.09	0.310168
1.65	1.1	0.29908
1.65	1.11	0.288194
1.65	1.12	0.277508
1.65	1.13	0.267023
1.65	1.14	0.256738
1.65	1.15	0.246655
1.65	1.16	0.236772
1.65	1.17	0.22709
1.65	1.18	0.217609
1.65	1.19	0.208329
1.65	1.2	0.199249
1.65	1.21	0.19037
1.65	1.22	0.181692
1.65	1.23	0.173214
1.65	1.24	0.164938
1.65	1.25	0.156861
1.65	1.26	0.148986
1.65	1.27	0.141311
1.65	1.28	0.133837
1.65	1.29	0.126564
1.65	1.3	0.119492
1.65	1.31	0.11262
1.65	1.32	0.105948
1.65	1.33	0.0994775
1.65	1.34	0.0932074
1.65	1.35	0.087138
1.65	1.36	0.0812691
1.65	1.37	0.0756009
1.65	1.38	0.0701333
1.65	1.39	0.0648662
1.65	1.4	0.0597998
1.65	1.41	0.0549338
1.65	1.42	0.0502685
1.65	1.43	0.0458037
1.65	1.44	0.0415394
1.65	1.45	0.0374757
1.65	1.46	0.0336125
1.65	1.47	0.0299497
1.65	1.48	0.0264875
1.65	1.49	0.0232258
1.65	1.5	0.0201646
1.65	1.51	0.0173038
1.65	1.52	0.0146435
1.65	1.53	0.0121836
1.65	1.54	0.00992419
1.65	1.55	0.0078652
1.65	1.56	0.00600662
1.65	1.57	0.00434846
1.65	1.58	0.0028907
1.65	1.59	0.00163335
1.65	1.6	0.00057637
1.65	1.61	-0.00028023
1.65	1.62	-0.000936467
1.65	1.63	-0.00139235
1.65	1.64	-0.00164789
1.65	1.65	-0.00170309
1.65	1.66	-0.00155797
1.65	1.67	-0.00121254
1.65	1.68	-0.000666799
1.65	1.69	7.92343e-05
1.65	1.7	0.00102555
1.65	1.71	0.00217214
1.65	1.72	0.003519
1.65	1.73	0.00506612
1.65	1.74	0.00681348
1.65	1.75	0.00876109
1.65	1.76	0.0109089
1.65	1.77	0.013257
1.65	1.78	0.0158052
1.65	1.79	0.0185537
1.65	1.8	0.0215023
1.65	1.81	0.0246511
1.65	1.82	0.0280001
1.65	1.83	0.0315493
1.65	1.84	0.0352986
1.65	1.85	0.039248
1.65	1.86	0.0433976
1.65	1.87	0.0477473
1.65	1.88	0.0522971
1.65	1.89	0.057047
1.65	1.9	0.061997
1.65	1.91	0.0671471
1.65	1.92	0.0724972
1.65	1.93	0.0780475
1.65	1.94	0.0837977
1.65	1.95	0.089748
1.65	1.96	0.0958984
1.65	1.97	0.102249
1.65	1.98	0.108799
1.65	1.99	0.11555
1.65	2	0.1225
1.655	0	2.73903
1.655	0.01	2.70597
1.655	0.02	2.67311
1.655	0.03	2.64045
1.655	0.04	2.60799
1.655	0.05	2.57573
1.655	0.06	2.54367
1.655	0.07	2.51181
1.655	0.08	2.48015
1.655	0.09	2.44869
1.655	0.1	2.41744
1.655	0.11	2.38638
1.655	0.12	2.35552
1.655	0.13	2.32486
1.655	0.14	2.29441
1.655	0.15	2.26415
1.655	0.16	2.23409
1.655	0.17	2.20423
1.655	0.18	2.17458
1.655	0.19	2.14512
1.655	0.2	2.11587
1.655	0.21	2.08681
1.655	0.22	2.05796
1.655	0.23	2.0293
1.655	0.24	2.00085
1.655	0.25	1.97259
1.655	0.26	1.94454
1.655	0.27	1.91669
1.655	0.28	1.88903
1.655	0.29	1.86158
1.655	0.3	1.83433
1.655	0.31	1.80728
1.655	0.32	1.78043
1.655	0.33	1.75378
1.655	0.34	1.72733
1.655	0.35	1.70108
1.655	0.36	1.67503
1.655	0.37	1.64919
1.655	0.38	1.62354
1.655	0.39	1.59809
1.655	0.4	1.57285
1.655	0.41	1.5478
1.655	0.42	1.52296
1.655	0.43	1.49831
1.655	0.44	1.47387
1.655	0.45	1.44963
1.655	0.46	1.42558
1.655	0.47	1.40174
1.655	0.48	1.3781
1.655	0.49	1.35466
1.655	0.5	1.33142
1.655	0.51	1.30839
1.655	0.52	1.28555
1.655	0.53	1.26291
1.655	0.54	1.24048
1.655	0.55	1.21824
1.655	0.56	1.19621
1.655	0.57	1.17437
1.655	0.58	1.15274
1.655	0.59	1.13131
1.655	0.6	1.11008
1.655	0.61	1.08905
1.655	0.62	1.06822
1.655	0.63	1.04759
1.655	0.64	1.02716
1.655	0.65	1.00693
1.655	0.66	0.986907
1.655	0.67	0.967082
1.655	0.68	0.947458
1.655	0.69	0.928034
1.655	0.7	0.908812
1.655	0.71	0.88979
1.655	0.72	0.870969
1.655	0.73	0.852349
1.655	0.74	0.83393
1.655	0.75	0.815711
1.655	0.76	0.797694
1.655	0.77	0.779878
1.655	0.78	0.762262
1.655	0.79	0.744847
1.655	0.8	0.727634
1.655	0.81	0.710621
1.655	0.82	0.693809
1.655	0.83	0.677198
1.655	0.84	0.660788
1.655	0.85	0.644578
1.655	0.86	0.62857
1.655	0.87	0.612763
1.655	0.88	0.597156
1.655	0.89	0.58175
1.655	0.9	0.566546
1.655	0.91	0.551542
1.655	0.92	0.536739
1.655	0.93	0.522137
1.655	0.94	0.507735
1.655	0.95	0.493535
1.655	0.96	0.479536
1.655	0.97	0.465737
1.655	0.98	0.452139
1.655	0.99	0.438742
1.655	1	0.425546
1.655	1.01	0.412551
1.655	1.02	0.399757
1.655	1.03	0.387164
1.655	1.04	0.374771
1.655	1.05	0.362579
1.655	1.06	0.350589
1.655	1.07	0.338798
1.655	1.08	0.327209
1.655	1.09	0.315821
1.655	1.1	0.304633
1.655	1.11	0.293646
1.655	1.12	0.28286
1.655	1.13	0.272275
1.655	1.14	0.261891
1.655	1.15	0.251707
1.655	1.16	0.241724
1.655	1.17	0.231942
1.655	1.18	0.222361
1.655	1.19	0.21298
1.655	1.2	0.2038
1.655	1.21	0.194821
1.655	1.22	0.186043
1.655	1.23	0.177465
1.655	1.24	0.169088
1.655	1.25	0.160912
1.655	1.26	0.152936
1.655	1.27	0.145162
1.655	1.28	0.137587
1.655	1.29	0.130214
1.655	1.3	0.123041
1.655	1.31	0.116069
1.655	1.32	0.109297
1.655	1.33	0.102726
1.655	1.34	0.0963559
1.655	1.35	0.0901862
1.655	1.36	0.0842171
1.655	1.37	0.0784486
1.655	1.38	0.0728807
1.655	1.39	0.0675134
1.655	1.4	0.0623466
1.655	1.41	0.0573804
1.655	1.42	0.0526148
1.655	1.43	0.0480497
1.655	1.44	0.0436852
1.655	1.45	0.0395211
1.655	1.46	0.0355576
1.655	1.47	0.0317946
1.655	1.48	0.0282321
1.655	1.49	0.02487
1.655	1.5	0.0217085
1.655	1.51	0.0187474
1.655	1.52	0.0159867
1.655	1.53	0.0134266
1.655	1.54	0.0110668
1.655	1.55	0.00890748
1.655	1.56	0.00694857
1.655	1.57	0.00519007
1.655	1.58	0.00363197
1.655	1.59	0.00227426
1.655	1.6	0.00111694
1.655	1.61	0.000159989
1.655	1.62	-0.000596601
1.655	1.63	-0.00115284
1.655	1.64	-0.00150874
1.655	1.65	-0.0016643
1.655	1.66	-0.00161955
1.655	1.67	-0.00137448
1.655	1.68	-0.000929115
1.655	1.69	-0.000283455
1.655	1.7	0.000562487
1.655	1.71	0.0016087
1.655	1.72	0.00285518
1.655	1.73	0.00430191
1.655	1.74	0.0059489
1.655	1.75	0.00779611
1.655	1.76	0.00984355
1.655	1.77	0.0120912
1.655	1.78	0.0145391
1.655	1.79	0.0171871
1.655	1.8	0.0200354
1.655	1.81	0.0230838
1.655	1.82	0.0263324
1.655	1.83	0.0297812
1.655	1.84	0.0334301
1.655	1.85	0.0372791
1.655	1.86	0.0413283
1.655	1.87	0.0455776
1.655	1.88	0.050027
1.655	1.89	0.0546765
1.655	1.9	0.0595261
1.655	1.91	0.0645757
1.655	1.92	0.0698255
1.655	1.93	0.0752753
1.655	1.94	0.0809252
1.655	1.95	0.0867751
1.655	1.96	0.092825
1.655	1.97	0.099075
1.655	1.98	0.105525
1.655	1.99	0.112175
1.655	2	0.119025
1.66	0	2.7556
1.66	0.01	2.72244
1.66	0.02	2.68948
1.66	0.03	2.65672
1.66	0.04	2.62417
1.66	0.05	2.59181
1.66	0.06	2.55965
1.66	0.07	2.52769
1.66	0.08	2.49593
1.66	0.09	2.46437
1.66	0.1	2.43302
1.66	0.11	2.40186
1.66	0.12	2.3709
1.66	0.13	2.34014
1.66	0.14	2.30959
1.66	0.15	2.27923
1.66	0.16	2.24907
1.66	0.17	2.21912
1.66	0.18	2.18936
1.66	0.19	2.15981
1.66	0.2	2.13045
1.66	0.21	2.1013
1.66	0.22	2.07234
1.66	0.23	2.04359
1.66	0.24	2.01503
1.66	0.25	1.98668
1.66	0.26	1.95853
1.66	0.27	1.93057
1.66	0.28	1.90282
1.66	0.29	1.87527
1.66	0.3	1.84792
1.66	0.31	1.82077
1.66	0.32	1.79382
1.66	0.33	1.76707
1.66	0.34	1.74052
1.66	0.35	1.71417
1.66	0.36	1.68802
1.66	0.37	1.66208
1.66	0.38	1.63633
1.66	0.39	1.61078
1.66	0.4	1.58544
1.66	0.41	1.56029
1.66	0.42	1.53535
1.66	0.43	1.51061
1.66	0.44	1.48606
1.66	0.45	1.46172
1.66	0.46	1.43758
1.66	0.47	1.41364
1.66	0.48	1.3899
1.66	0.49	1.36636
1.66	0.5	1.34302
1.66	0.51	1.31988
1.66	0.52	1.29695
1.66	0.53	1.27421
1.66	0.54	1.25167
1.66	0.55	1.22934
1.66	0.56	1.2072
1.66	0.57	1.18527
1.66	0.58	1.16354
1.66	0.59	1.14201
1.66	0.6	1.12068
1.66	0.61	1.09955
1.66	0.62	1.07862
1.66	0.63	1.05789
1.66	0.64	1.03736
1.66	0.65	1.01703
1.66	0.66	0.996908
1.66	0.67	0.976983
1.66	0.68	0.957259
1.66	0.69	0.937736
1.66	0.7	0.918413
1.66	0.71	0.899291
1.66	0.72	0.880371
1.66	0.73	0.861651
1.66	0.74	0.843132
1.66	0.75	0.824814
1.66	0.76	0.806697
1.66	0.77	0.78878
1.66	0.78	0.771065
1.66	0.79	0.75355
1.66	0.8	0.736237
1.66	0.81	0.719124
1.66	0.82	0.702212
1.66	0.83	0.685501
1.66	0.84	0.668991
1.66	0.85	0.652682
1.66	0.86	0.636573
1.66	0.87	0.620666
1.66	0.88	0.60496
1.66	0.89	0.589454
1.66	0.9	0.574149
1.66	0.91	0.559045
1.66	0.92	0.544142
1.66	0.93	0.52944
1.66	0.94	0.514939
1.66	0.95	0.500639
1.66	0.96	0.486539
1.66	0.97	0.472641
1.66	0.98	0.458943
1.66	0.99	0.445446
1.66	1	0.43215
1.66	1.01	0.419055
1.66	1.02	0.406161
1.66	1.03	0.393467
1.66	1.04	0.380974
1.66	1.05	0.368683
1.66	1.06	0.356592
1.66	1.07	0.344702
1.66	1.08	0.333012
1.66	1.09	0.321524
1.66	1.1	0.310236
1.66	1.11	0.299149
1.66	1.12	0.288263
1.66	1.13	0.277578
1.66	1.14	0.267093
1.66	1.15	0.256809
1.66	1.16	0.246726
1.66	1.17	0.236844
1.66	1.18	0.227162
1.66	1.19	0.217682
1.66	1.2	0.208402
1.66	1.21	0.199322
1.66	1.22	0.190444
1.66	1.23	0.181766
1.66	1.24	0.173289
1.66	1.25	0.165012
1.66	1.26	0.156937
1.66	1.27	0.149062
1.66	1.28	0.141387
1.66	1.29	0.133913
1.66	1.3	0.12664
1.66	1.31	0.119568
1.66	1.32	0.112696
1.66	1.33	0.106025
1.66	1.34	0.0995544
1.66	1.35	0.0932844
1.66	1.36	0.0872151
1.66	1.37	0.0813463
1.66	1.38	0.0756781
1.66	1.39	0.0702106
1.66	1.4	0.0649435
1.66	1.41	0.0598771
1.66	1.42	0.0550112
1.66	1.43	0.0503458
1.66	1.44	0.0458809
1.66	1.45	0.0416166
1.66	1.46	0.0375528
1.66	1.47	0.0336895
1.66	1.48	0.0300266
1.66	1.49	0.0265643
1.66	1.5	0.0233024
1.66	1.51	0.020241
1.66	1.52	0.01738
1.66	1.53	0.0147195
1.66	1.54	0.0122595
1.66	1.55	0.00999979
1.66	1.56	0.00794054
1.66	1.57	0.00608169
1.66	1.58	0.00442325
1.66	1.59	0.0029652
1.66	1.6	0.00170753
1.66	1.61	0.000650223
1.66	1.62	-0.000206721
1.66	1.63	-0.000863316
1.66	1.64	-0.00131957
1.66	1.65	-0.0015755
1.66	1.66	-0.00163111
1.66	1.67	-0.00148641
1.66	1.68	-0.00114142
1.66	1.69	-0.000596131
1.66	1.7	0.000149435
1.66	1.71	0.00109527
1.66	1.72	0.00224137
1.66	1.73	0.00358772
1.66	1.74	0.00513432
1.66	1.75	0.00688115
1.66	1.76	0.0088282
1.66	1.77	0.0109755
1.66	1.78	0.0133229
1.66	1.79	0.0158706
1.66	1.8	0.0186185
1.66	1.81	0.0215665
1.66	1.82	0.0247147
1.66	1.83	0.0280631
1.66	1.84	0.0316116
1.66	1.85	0.0353602
1.66	1.86	0.039309
1.66	1.87	0.0434579
1.66	1.88	0.0478069
1.66	1.89	0.0523559
1.66	1.9	0.0571051
1.66	1.91	0.0620544
1.66	1.92	0.0672038
1.66	1.93	0.0725532
1.66	1.94	0.0781026
1.66	1.95	0.0838521
1.66	1.96	0.0898017
1.66	1.97	0.0959512
1.66	1.98	0.102301
1.66	1.99	0.10885
1.66	2	0.1156
1.665	0	2.77223
1.665	0.01	2.73897
1.665	0.02	2.70591
1.665	0.03	2.67305
1.665	0.04	2.64039
1.665	0.05	2.60793
1.665	0.06	2.57568
1.665	0.07	2.54362
1.665	0.08	2.51176
1.665	0.09	2.4801
1.665	0.1	2.44865
1.665	0.11	2.41739
1.665	0.12	2.38633
1.665	0.13	2.35548
1.665	0.14	2.32482
1.665	0.15	2.29436
1.665	0.16	2.26411
1.665	0.17	2.23405
1.665	0.18	2.2042
1.665	0.19	2.17454
1.665	0.2	2.14509
1.665	0.21	2.11583
1.665	0.22	2.08678
1.665	0.23	2.05792
1.665	0.24	2.02927
1.665	0.25	2.00082
1.665	0.26	1.97257
1.665	0.27	1.94451
1.665	0.28	1.91666
1.665	0.29	1.88901
1.665	0.3	1.86156
1.665	0.31	1.83431
1.665	0.32	1.80726
1.665	0.33	1.78041
1.665	0.34	1.75376
1.665	0.35	1.72731
1.665	0.36	1.70107
1.665	0.37	1.67502
1.665	0.38	1.64917
1.665	0.39	1.62353
1.665	0.4	1.59808
1.665	0.41	1.57284
1.665	0.42	1.54779
1.665	0.43	1.52295
1.665	0.44	1.49831
1.665	0.45	1.47387
1.665	0.46	1.44963
1.665	0.47	1.42559
1.665	0.48	1.40175
1.665	0.49	1.37811
1.665	0.5	1.35467
1.665	0.51	1.33143
1.665	0.52	1.30839
1.665	0.53	1.28556
1.665	0.54	1.26292
1.665	0.55	1.24049
1.665	0.56	1.21825
1.665	0.57	1.19622
1.665	0.58	1.17439
1.665	0.59	1.15276
1.665	0.6	1.13133
1.665	0.61	1.1101
1.665	0.62	1.08907
1.665	0.63	1.06824
1.665	0.64	1.04761
1.665	0.65	1.02719
1.665	0.66	1.00696
1.665	0.67	0.986936
1.665	0.68	0.967112
1.665	0.69	0.947488
1.665	0.7	0.928066
1.665	0.71	0.908845
1.665	0.72	0.889824
1.665	0.73	0.871005
1.665	0.74	0.852386
1.665	0.75	0.833968
1.665	0.76	0.815751
1.665	0.77	0.797734
1.665	0.78	0.779919
1.665	0.79	0.762305
1.665	0.8	0.744891
1.665	0.81	0.727679
1.665	0.82	0.710667
1.665	0.83	0.693856
1.665	0.84	0.677246
1.665	0.85	0.660837
1.665	0.86	0.644629
1.665	0.87	0.628621
1.665	0.88	0.612815
1.665	0.89	0.597209
1.665	0.9	0.581805
1.665	0.91	0.566601
1.665	0.92	0.551598
1.665	0.93	0.536796
1.665	0.94	0.522194
1.665	0.95	0.507794
1.665	0.96	0.493595
1.665	0.97	0.479596
1.665	0.98	0.465798
1.665	0.99	0.452201
1.665	1	0.438805
1.665	1.01	0.42561
1.665	1.02	0.412616
1.665	1.03	0.399822
1.665	1.04	0.38723
1.665	1.05	0.374838
1.665	1.06	0.362647
1.665	1.07	0.350656
1.665	1.08	0.338867
1.665	1.09	0.327278
1.665	1.1	0.31589
1.665	1.11	0.304703
1.665	1.12	0.293717
1.665	1.13	0.282932
1.665	1.14	0.272347
1.665	1.15	0.261963
1.665	1.16	0.25178
1.665	1.17	0.241797
1.665	1.18	0.232016
1.665	1.19	0.222435
1.665	1.2	0.213055
1.665	1.21	0.203875
1.665	1.22	0.194896
1.665	1.23	0.186118
1.665	1.24	0.177541
1.665	1.25	0.169164
1.665	1.26	0.160988
1.665	1.27	0.153013
1.665	1.28	0.145239
1.665	1.29	0.137665
1.665	1.3	0.130291
1.665	1.31	0.123119
1.665	1.32	0.116146
1.665	1.33	0.109375
1.665	1.34	0.102804
1.665	1.35	0.096434
1.665	1.36	0.0902644
1.665	1.37	0.0842954
1.665	1.38	0.0785269
1.665	1.39	0.072959
1.665	1.4	0.0675917
1.665	1.41	0.062425
1.665	1.42	0.0574587
1.665	1.43	0.0526931
1.665	1.44	0.0481279
1.665	1.45	0.0437633
1.665	1.46	0.0395991
1.665	1.47	0.0356355
1.665	1.48	0.0318723
1.665	1.49	0.0283097
1.665	1.5	0.0249474
1.665	1.51	0.0217857
1.665	1.52	0.0188244
1.665	1.53	0.0160636
1.665	1.54	0.0135031
1.665	1.55	0.0111431
1.665	1.56	0.0089835
1.665	1.57	0.00702429
1.665	1.58	0.00526548
1.665	1.59	0.00370707
1.665	1.6	0.00234903
1.665	1.61	0.00119135
1.665	1.62	0.000234033
1.665	1.63	-0.000522938
1.665	1.64	-0.00107958
1.665	1.65	-0.00143589
1.665	1.66	-0.00159189
1.665	1.67	-0.00154758
1.665	1.68	-0.00130297
1.665	1.69	-0.000858082
1.665	1.7	-0.000212914
1.665	1.71	0.000632522
1.665	1.72	0.00167822
1.665	1.73	0.00292416
1.665	1.74	0.00437035
1.665	1.75	0.00601678
1.665	1.76	0.00786342
1.665	1.77	0.00991028
1.665	1.78	0.0121573
1.665	1.79	0.0146046
1.665	1.8	0.017252
1.665	1.81	0.0200997
1.665	1.82	0.0231474
1.665	1.83	0.0263954
1.665	1.84	0.0298434
1.665	1.85	0.0334917
1.665	1.86	0.03734
1.665	1.87	0.0413885
1.665	1.88	0.045637
1.665	1.89	0.0500857
1.665	1.9	0.0547345
1.665	1.91	0.0595833
1.665	1.92	0.0646322
1.665	1.93	0.0698812
1.665	1.94	0.0753302
1.665	1.95	0.0809793
1.665	1.96	0.0868284
1.665	1.97	0.0928775
1.665	1.98	0.0991267
1.665	1.99	0.105576
1.665	2	0.112225
1.67	0	2.7889
1.67	0.01	2.75554
1.67	0.02	2.72238
1.67	0.03	2.68943
1.67	0.04	2.65667
1.67	0.05	2.62411
1.67	0.06	2.59175
1.67	0.07	2.5596
1.67	0.08	2.52764
1.67	0.09	2.49588
1.67	0.1	2.46433
1.67	0.11	2.43297
1.67	0.12	2.40181
1.67	0.13	2.37086
1.67	0.14	2.3401
1.67	0.15	2.30955
1.67	0.16	2.27919
1.67	0.17	2.24903
1.67	0.18	2.21908
1.67	0.19	2.18933
1.67	0.2	2.15977
1.67	0.21	2.13042
1.67	0.22	2.10126
1.67	0.23	2.07231
1.67	0.24	2.04356
1.67	0.25	2.01501
1.67	0.26	1.98665
1.67	0.27	1.9585
1.67	0.28	1.93055
1.67	0.29	1.9028
1.67	0.3	1.87525
1.67	0.31	1.8479
1.67	0.32	1.82075
1.67	0.33	1.7938
1.67	0.34	1.76705
1.67	0.35	1.74051
1.67	0.36	1.71416
1.67	0.37	1.68801
1.67	0.38	1.66207
1.67	0.39	1.63632
1.67	0.4	1.61078
1.67	0.41	1.58543
1.67	0.42	1.56029
1.67	0.43	1.53535
1.67	0.44	1.5106
1.67	0.45	1.48606
1.67	0.46	1.46172
1.67	0.47	1.43758
1.67	0.48	1.41364
1.67	0.49	1.3899
1.67	0.5	1.36637
1.67	0.51	1.34303
1.67	0.52	1.31989
1.67	0.53	1.29696
1.67	0.54	1.27422
1.67	0.55	1.25169
1.67	0.56	1.22935
1.67	0.57	1.20722
1.67	0.58	1.18529
1.67	0.59	1.16356
1.67	0.6	1.14203
1.67	0.61	1.1207
1.67	0.62	1.09957
1.67	0.63	1.07864
1.67	0.64	1.05791
1.67	0.65	1.03739
1.67	0.66	1.01706
1.67	0.67	0.996938
1.67	0.68	0.977014
1.67	0.69	0.957291
1.67	0.7	0.937769
1.67	0.71	0.918448
1.67	0.72	0.899328
1.67	0.73	0.880408
1.67	0.74	0.86169
1.67	0.75	0.843172
1.67	0.76	0.824855
1.67	0.77	0.806739
1.67	0.78	0.788824
1.67	0.79	0.771109
1.67	0.8	0.753596
1.67	0.81	0.736283
1.67	0.82	0.719172
1.67	0.83	0.702261
1.67	0.84	0.685551
1.67	0.85	0.669042
1.67	0.86	0.652734
1.67	0.87	0.636626
1.67	0.88	0.62072
1.67	0.89	0.605014
1.67	0.9	0.58951
1.67	0.91	0.574206
1.67	0.92	0.559103
1.67	0.93	0.544201
1.67	0.94	0.5295
1.67	0.95	0.514999
1.67	0.96	0.5007
1.67	0.97	0.486601
1.67	0.98	0.472704
1.67	0.99	0.459007
1.67	1	0.44551
1.67	1.01	0.432215
1.67	1.02	0.419121
1.67	1.03	0.406227
1.67	1.04	0.393535
1.67	1.05	0.381043
1.67	1.06	0.368751
1.67	1.07	0.356661
1.67	1.08	0.344772
1.67	1.09	0.333083
1.67	1.1	0.321595
1.67	1.11	0.310308
1.67	1.12	0.299221
1.67	1.13	0.288336
1.67	1.14	0.277651
1.67	1.15	0.267167
1.67	1.16	0.256884
1.67	1.17	0.246801
1.67	1.18	0.236919
1.67	1.19	0.227238
1.67	1.2	0.217758
1.67	1.21	0.208478
1.67	1.22	0.199399
1.67	1.23	0.190521
1.67	1.24	0.181843
1.67	1.25	0.173366
1.67	1.26	0.16509
1.67	1.27	0.157015
1.67	1.28	0.14914
1.67	1.29	0.141466
1.67	1.3	0.133992
1.67	1.31	0.126719
1.67	1.32	0.119647
1.67	1.33	0.112775
1.67	1.34	0.106104
1.67	1.35	0.0996336
1.67	1.36	0.0933637
1.67	1.37	0.0872944
1.67	1.38	0.0814257
1.67	1.39	0.0757575
1.67	1.4	0.0702899
1.67	1.41	0.0650229
1.67	1.42	0.0599564
1.67	1.43	0.0550904
1.67	1.44	0.0504249
1.67	1.45	0.04596
1.67	1.46	0.0416955
1.67	1.47	0.0376316
1.67	1.48	0.0337681
1.67	1.49	0.0301051
1.67	1.5	0.0266425
1.67	1.51	0.0233804
1.67	1.52	0.0203188
1.67	1.53	0.0174576
1.67	1.54	0.0147968
1.67	1.55	0.0123365
1.67	1.56	0.0100765
1.67	1.57	0.00801691
1.67	1.58	0.00615774
1.67	1.59	0.00449896
1.67	1.6	0.00304055
1.67	1.61	0.0017825
1.67	1.62	0.000724807
1.67	1.63	-0.00013254
1.67	1.64	-0.000789558
1.67	1.65	-0.00124625
1.67	1.66	-0.00150264
1.67	1.67	-0.00155872
1.67	1.68	-0.00141451
1.67	1.69	-0.00107001
1.67	1.7	-0.000525245
1.67	1.71	0.00021979
1.67	1.72	0.00116508
1.67	1.73	0.00231062
1.67	1.74	0.00365641
1.67	1.75	0.00520242
1.67	1.76	0.00694865
1.67	1.77	0.0088951
1.67	1.78	0.0110417
1.67	1.79	0.0133886
1.67	1.8	0.0159356
1.67	1.81	0.0186828
1.67	1.82	0.0216302
1.67	1.83	0.0247777
1.67	1.84	0.0281253
1.67	1.85	0.0316731
1.67	1.86	0.035421
1.67	1.87	0.0393691
1.67	1.88	0.0435172
1.67	1.89	0.0478655
1.67	1.9	0.0524138
1.67	1.91	0.0571622
1.67	1.92	0.0621107
1.67	1.93	0.0672592
1.67	1.94	0.0726078
1.67	1.95	0.0781565
1.67	1.96	0.0839051
1.67	1.97	0.0898538
1.67	1.98	0.0960026
1.67	1.99	0.102351
1.67	2	0.1089
1.675	0	2.80563
1.675	0.01	2.77217
1.675	0.02	2.73891
1.675	0.03	2.70585
1.675	0.04	2.673
1.675	0.05	2.64034
1.675	0.06	2.60788
1.675	0.07	2.57563
1.675	0.08	2.54357
1.675	0.09	2.51171
1.675	0.1	2.48006
1.675	0.11	2.4486
1.675	0.12	2.41735
1.675	0.13	2.38629
1.675	0.14	2.35543
1.675	0.15	2.32478
1.675	0.16	2.29432
1.675	0.17	2.26407
1.675	0.18	2.23401
1.675	0.19	2.20416
1.675	0.2	2.17451
1.675	0.21	2.14505
1.675	0.22	2.1158
1.675	0.23	2.08675
1.675	0.24	2.0579
1.675	0.25	2.02924
1.675	0.26	2.00079
1.675	0.27	1.97254
1.675	0.28	1.94449
1.675	0.29	1.91664
1.675	0.3	1.88899
1.675	0.31	1.86154
1.675	0.32	1.83429
1.675	0.33	1.80724
1.675	0.34	1.7804
1.675	0.35	1.75375
1.675	0.36	1.7273
1.675	0.37	1.70106
1.675	0.38	1.67501
1.675	0.39	1.64917
1.675	0.4	1.62352
1.675	0.41	1.59808
1.675	0.42	1.57284
1.675	0.43	1.54779
1.675	0.44	1.52295
1.675	0.45	1.49831
1.675	0.46	1.47387
1.675	0.47	1.44963
1.675	0.48	1.42559
1.675	0.49	1.40175
1.675	0.5	1.37812
1.675	0.51	1.35468
1.675	0.52	1.33144
1.675	0.53	1.30841
1.675	0.54	1.28557
1.675	0.55	1.26294
1.675	0.56	1.24051
1.675	0.57	1.21827
1.675	0.58	1.19624
1.675	0.59	1.17441
1.675	0.6	1.15278
1.675	0.61	1.13135
1.675	0.62	1.11012
1.675	0.63	1.08909
1.675	0.64	1.06827
1.675	0.65	1.04764
1.675	0.66	1.02722
1.675	0.67	1.00699
1.675	0.68	0.986969
1.675	0.69	0.967146
1.675	0.7	0.947524
1.675	0.71	0.928103
1.675	0.72	0.908883
1.675	0.73	0.889863
1.675	0.74	0.871045
1.675	0.75	0.852427
1.675	0.76	0.834011
1.675	0.77	0.815795
1.675	0.78	0.79778
1.675	0.79	0.779965
1.675	0.8	0.762352
1.675	0.81	0.74494
1.675	0.82	0.727728
1.675	0.83	0.710717
1.675	0.84	0.693908
1.675	0.85	0.677299
1.675	0.86	0.660891
1.675	0.87	0.644683
1.675	0.88	0.628677
1.675	0.89	0.612872
1.675	0.9	0.597267
1.675	0.91	0.581863
1.675	0.92	0.56666
1.675	0.93	0.551658
1.675	0.94	0.536857
1.675	0.95	0.522257
1.675	0.96	0.507857
1.675	0.97	0.493658
1.675	0.98	0.479661
1.675	0.99	0.465864
1.675	1	0.452268
1.675	1.01	0.438872
1.675	1.02	0.425678
1.675	1.03	0.412684
1.675	1.04	0.399891
1.675	1.05	0.387299
1.675	1.06	0.374908
1.675	1.07	0.362718
1.675	1.08	0.350728
1.675	1.09	0.338939
1.675	1.1	0.327351
1.675	1.11	0.315964
1.675	1.12	0.304777
1.675	1.13	0.293792
1.675	1.14	0.283007
1.675	1.15	0.272422
1.675	1.16	0.262039
1.675	1.17	0.251856
1.675	1.18	0.241874
1.675	1.19	0.232092
1.675	1.2	0.222512
1.675	1.21	0.213132
1.675	1.22	0.203953
1.675	1.23	0.194975
1.675	1.24	0.186197
1.675	1.25	0.17762
1.675	1.26	0.169243
1.675	1.27	0.161068
1.675	1.28	0.153092
1.675	1.29	0.145318
1.675	1.3	0.137744
1.675	1.31	0.130371
1.675	1.32	0.123198
1.675	1.33	0.116226
1.675	1.34	0.109455
1.675	1.35	0.102884
1.675	1.36	0.0965142
1.675	1.37	0.0903446
1.675	1.38	0.0843756
1.675	1.39	0.0786071
1.675	1.4	0.0730392
1.675	1.41	0.0676718
1.675	1.42	0.062505
1.675	1.43	0.0575387
1.675	1.44	0.0527729
1.675	1.45	0.0482077
1.675	1.46	0.0438429
1.675	1.47	0.0396786
1.675	1.48	0.0357147
1.675	1.49	0.0319514
1.675	1.5	0.0283885
1.675	1.51	0.0250261
1.675	1.52	0.0218641
1.675	1.53	0.0189025
1.675	1.54	0.0161414
1.675	1.55	0.0135807
1.675	1.56	0.0112203
1.675	1.57	0.00906036
1.675	1.58	0.0071008
1.675	1.59	0.00534164
1.675	1.6	0.00378284
1.675	1.61	0.00242441
1.675	1.62	0.00126632
1.675	1.63	0.000308581
1.675	1.64	-0.000448835
1.675	1.65	-0.00100593
1.675	1.66	-0.00136272
1.675	1.67	-0.00151922
1.675	1.68	-0.00147542
1.675	1.69	-0.00123133
1.675	1.7	-0.000786981
1.675	1.71	-0.000142366
1.675	1.72	0.000702505
1.675	1.73	0.00174762
1.675	1.74	0.00299298
1.675	1.75	0.00443856
1.675	1.76	0.00608437
1.675	1.77	0.00793038
1.675	1.78	0.00997659
1.675	1.79	0.012223
1.675	1.8	0.0146696
1.675	1.81	0.0173163
1.675	1.82	0.0201633
1.675	1.83	0.0232103
1.675	1.84	0.0264575
1.675	1.85	0.0299049
1.675	1.86	0.0335524
1.675	1.87	0.0373999
1.675	1.88	0.0414476
1.675	1.89	0.0456954
1.675	1.9	0.0501433
1.675	1.91	0.0547913
1.675	1.92	0.0596393
1.675	1.93	0.0646874
1.675	1.94	0.0699355
1.675	1.95	0.0753837
1.675	1.96	0.0810319
1.675	1.97	0.0868802
1.675	1.98	0.0929285
1.675	1.99	0.0991767
1.675	2	0.105625
1.68	0	2.8224
1.68	0.01	2.78884
1.68	0.02	2.75549
1.68	0.03	2.72233
1.68	0.04	2.68937
1.68	0.05	2.65662
1.68	0.06	2.62406
1.68	0.07	2.59171
1.68	0.08	2.55955
1.68	0.09	2.52759
1.68	0.1	2.49584
1.68	0.11	2.46428
1.68	0.12	2.43293
1.68	0.13	2.40177
1.68	0.14	2.37082
1.68	0.15	2.34006
1.68	0.16	2.30951
1.68	0.17	2.27915
1.68	0.18	2.249
1.68	0.19	2.21905
1.68	0.2	2.18929
1.68	0.21	2.15974
1.68	0.22	2.13039
1.68	0.23	2.10124
1.68	0.24	2.07228
1.68	0.25	2.04353
1.68	0.26	2.01498
1.68	0.27	1.98663
1.68	0.28	1.95848
1.68	0.29	1.93053
1.68	0.3	1.90278
1.68	0.31	1.87523
1.68	0.32	1.84788
1.68	0.33	1.82074
1.68	0.34	1.79379
1.68	0.35	1.76704
1.68	0.36	1.7405
1.68	0.37	1.71415
1.68	0.38	1.68801
1.68	0.39	1.66206
1.68	0.4	1.63632
1.68	0.41	1.61077
1.68	0.42	1.58543
1.68	0.43	1.56029
1.68	0.44	1.53535
1.68	0.45	1.51061
1.68	0.46	1.48607
1.68	0.47	1.46173
1.68	0.48	1.43759
1.68	0.49	1.41365
1.68	0.5	1.38991
1.68	0.51	1.36638
1.68	0.52	1.34304
1.68	0.53	1.31991
1.68	0.54	1.29697
1.68	0.55	1.27424
1.68	0.56	1.25171
1.68	0.57	1.22937
1.68	0.58	1.20724
1.68	0.59	1.18531
1.68	0.6	1.16358
1.68	0.61	1.14205
1.68	0.62	1.12073
1.68	0.63	1.0996
1.68	0.64	1.07867
1.68	0.65	1.05795
1.68	0.66	1.03742
1.68	0.67	1.0171
1.68	0.68	0.996973
1.68	0.69	0.97705
1.68	0.7	0.957329
1.68	0.71	0.937808
1.68	0.72	0.918488
1.68	0.73	0.899369
1.68	0.74	0.88045
1.68	0.75	0.861733
1.68	0.76	0.843216
1.68	0.77	0.824901
1.68	0.78	0.806786
1.68	0.79	0.788872
1.68	0.8	0.771158
1.68	0.81	0.753646
1.68	0.82	0.736335
1.68	0.83	0.719224
1.68	0.84	0.702314
1.68	0.85	0.685605
1.68	0.86	0.669097
1.68	0.87	0.65279
1.68	0.88	0.636684
1.68	0.89	0.620779
1.68	0.9	0.605074
1.68	0.91	0.58957
1.68	0.92	0.574267
1.68	0.93	0.559165
1.68	0.94	0.544264
1.68	0.95	0.529564
1.68	0.96	0.515064
1.68	0.97	0.500766
1.68	0.98	0.486668
1.68	0.99	0.472771
1.68	1	0.459075
1.68	1.01	0.445579
1.68	1.02	0.432285
1.68	1.03	0.419191
1.68	1.04	0.406298
1.68	1.05	0.393606
1.68	1.06	0.381115
1.68	1.07	0.368824
1.68	1.08	0.356734
1.68	1.09	0.344845
1.68	1.1	0.333157
1.68	1.11	0.32167
1.68	1.12	0.310383
1.68	1.13	0.299297
1.68	1.14	0.288412
1.68	1.15	0.277728
1.68	1.16	0.267244
1.68	1.17	0.256961
1.68	1.18	0.246879
1.68	1.19	0.236998
1.68	1.2	0.227317
1.68	1.21	0.217837
1.68	1.22	0.208558
1.68	1.23	0.199479
1.68	1.24	0.190601
1.68	1.25	0.181924
1.68	1.26	0.173447
1.68	1.27	0.165171
1.68	1.28	0.157096
1.68	1.29	0.149221
1.68	1.3	0.141547
1.68	1.31	0.134073
1.68	1.32	0.126801
1.68	1.33	0.119728
1.68	1.34	0.112857
1.68	1.35	0.106186
1.68	1.36	0.0997153
1.68	1.37	0.0934454
1.68	1.38	0.0873761
1.68	1.39	0.0815073
1.68	1.4	0.0758391
1.68	1.41	0.0703714
1.68	1.42	0.0651043
1.68	1.43	0.0600377
1.68	1.44	0.0551716
1.68	1.45	0.050506
1.68	1.46	0.0460408
1.68	1.47	0.0417762
1.68	1.48	0.037712
1.68	1.49	0.0338483
1.68	1.5	0.0301851
1.68	1.51	0.0267223
1.68	1.52	0.0234599
1.68	1.53	0.020398
1.68	1.54	0.0175365
1.68	1.55	0.0148754
1.68	1.56	0.0124146
1.68	1.57	0.0101543
1.68	1.58	0.00809434
1.68	1.59	0.00623478
1.68	1.6	0.00457559
1.68	1.61	0.00311675
1.68	1.62	0.00185827
1.68	1.63	0.000800121
1.68	1.64	-5.77054e-05
1.68	1.65	-0.000715218
1.68	1.66	-0.00117233
1.68	1.67	-0.00142923
1.68	1.68	-0.00148585
1.68	1.69	-0.0013422
1.68	1.7	-0.000998278
1.68	1.71	-0.000454095
1.68	1.72	0.000290341
1.68	1.73	0.00123502
1.68	1.74	0.00237994
1.68	1.75	0.00372508
1.68	1.76	0.00527044
1.68	1.77	0.007016
1.68	1.78	0.00896177
1.68	1.79	0.0111077
1.68	1.8	0.0134539
1.68	1.81	0.0160002
1.68	1.82	0.0187466
1.68	1.83	0.0216932
1.68	1.84	0.02484
1.68	1.85	0.0281869
1.68	1.86	0.0317339
1.68	1.87	0.035481
1.68	1.88	0.0394282
1.68	1.89	0.0435756
1.68	1.9	0.047923
1.68	1.91	0.0524705
1.68	1.92	0.0572181
1.68	1.93	0.0621657
1.68	1.94	0.0673134
1.68	1.95	0.0726611
1.68	1.96	0.0782088
1.68	1.97	0.0839566
1.68	1.98	0.0899044
1.68	1.99	0.0960522
1.68	2	0.1024
1.685	0	2.83923
1.685	0.01	2.80557
1.685	0.02	2.77211
1.685	0.03	2.73886
1.685	0.04	2.7058
1.685	0.05	2.67295
1.685	0.06	2.64029
1.685	0.07	2.60783
1.685	0.08	2.57558
1.685	0.09	2.54352
1.685	0.1	2.51167
1.685	0.11	2.48001
1.685	0.12	2.44856
1.685	0.13	2.4173
1.685	0.14	2.38625
1.685	0.15	2.3554
1.685	0.16	2.32474
1.685	0.17	2.29429
1.685	0.18	2.26403
1.685	0.19	2.23398
1.685	0.2	2.20413
1.685	0.21	2.17448
1.685	0.22	2.14502
1.685	0.23	2.11577
1.685	0.24	2.08672
1.685	0.25	2.05787
1.685	0.26	2.02922
1.685	0.27	2.00077
1.685	0.28	1.97252
1.685	0.29	1.94447
1.685	0.3	1.91662
1.685	0.31	1.88897
1.685	0.32	1.86153
1.685	0.33	1.83428
1.685	0.34	1.80723
1.685	0.35	1.78039
1.685	0.36	1.75374
1.685	0.37	1.7273
1.685	0.38	1.70105
1.685	0.39	1.67501
1.685	0.4	1.64916
1.685	0.41	1.62352
1.685	0.42	1.59808
1.685	0.43	1.57284
1.685	0.44	1.5478
1.685	0.45	1.52296
1.685	0.46	1.49832
1.685	0.47	1.47388
1.685	0.48	1.44964
1.685	0.49	1.4256
1.685	0.5	1.40177
1.685	0.51	1.37813
1.685	0.52	1.35469
1.685	0.53	1.33146
1.685	0.54	1.30842
1.685	0.55	1.28559
1.685	0.56	1.26296
1.685	0.57	1.24053
1.685	0.58	1.2183
1.685	0.59	1.19627
1.685	0.6	1.17444
1.685	0.61	1.15281
1.685	0.62	1.13138
1.685	0.63	1.11015
1.685	0.64	1.08913
1.685	0.65	1.0683
1.685	0.66	1.04768
1.685	0.67	1.02725
1.685	0.68	1.00703
1.685	0.69	0.987006
1.685	0.7	0.967185
1.685	0.71	0.947564
1.685	0.72	0.928145
1.685	0.73	0.908926
1.685	0.74	0.889908
1.685	0.75	0.87109
1.685	0.76	0.852474
1.685	0.77	0.834058
1.685	0.78	0.815843
1.685	0.79	0.797829
1.685	0.8	0.780016
1.685	0.81	0.762404
1.685	0.82	0.744993
1.685	0.83	0.727782
1.685	0.84	0.710773
1.685	0.85	0.693964
1.685	0.86	0.677356
1.685	0.87	0.660949
1.685	0.88	0.644743
1.685	0.89	0.628737
1.685	0.9	0.612933
1.685	0.91	0.597329
1.685	0.92	0.581926
1.685	0.93	0.566724
1.685	0.94	0.551723
1.685	0.95	0.536923
1.685	0.96	0.522323
1.685	0.97	0.507924
1.685	0.98	0.493727
1.685	0.99	0.47973
1.685	1	0.465933
1.685	1.01	0.452338
1.685	1.02	0.438943
1.685	1.03	0.42575
1.685	1.04	0.412757
1.685	1.05	0.399964
1.685	1.06	0.387373
1.685	1.07	0.374982
1.685	1.08	0.362793
1.685	1.09	0.350804
1.685	1.1	0.339015
1.685	1.11	0.327428
1.685	1.12	0.316041
1.685	1.13	0.304855
1.685	1.14	0.29387
1.685	1.15	0.283085
1.685	1.16	0.272501
1.685	1.17	0.262118
1.685	1.18	0.251936
1.685	1.19	0.241954
1.685	1.2	0.232173
1.685	1.21	0.222593
1.685	1.22	0.213213
1.685	1.23	0.204035
1.685	1.24	0.195056
1.685	1.25	0.186279
1.685	1.26	0.177702
1.685	1.27	0.169326
1.685	1.28	0.16115
1.685	1.29	0.153175
1.685	1.3	0.145401
1.685	1.31	0.137827
1.685	1.32	0.130454
1.685	1.33	0.123282
1.685	1.34	0.11631
1.685	1.35	0.109538
1.685	1.36	0.102968
1.685	1.37	0.0965973
1.685	1.38	0.0904277
1.685	1.39	0.0844586
1.685	1.4	0.07869
1.685	1.41	0.073122
1.685	1.42	0.0677545
1.685	1.43	0.0625876
1.685	1.44	0.0576211
1.685	1.45	0.0528552
1.685	1.46	0.0482897
1.685	1.47	0.0439247
1.685	1.48	0.0397601
1.685	1.49	0.0357961
1.685	1.5	0.0320325
1.685	1.51	0.0284693
1.685	1.52	0.0251066
1.685	1.53	0.0219443
1.685	1.54	0.0189824
1.685	1.55	0.0162208
1.685	1.56	0.0136597
1.685	1.57	0.011299
1.685	1.58	0.00913863
1.685	1.59	0.00717866
1.685	1.6	0.00541905
1.685	1.61	0.0038598
1.685	1.62	0.00250089
1.685	1.63	0.00134232
1.685	1.64	0.000384067
1.685	1.65	-0.000373877
1.685	1.66	-0.000931478
1.685	1.67	-0.00128882
1.685	1.68	-0.00144588
1.685	1.69	-0.00140266
1.685	1.7	-0.00115918
1.685	1.71	-0.000715444
1.685	1.72	-7.14554e-05
1.685	1.73	0.000772775
1.685	1.74	0.00181724
1.685	1.75	0.00306193
1.685	1.76	0.00450683
1.685	1.77	0.00615193
1.685	1.78	0.00799724
1.685	1.79	0.0100427
1.685	1.8	0.0122884
1.685	1.81	0.0147342
1.685	1.82	0.0173802
1.685	1.83	0.0202264
1.685	1.84	0.0232727
1.685	1.85	0.0265191
1.685	1.86	0.0299656
1.685	1.87	0.0336123
1.685	1.88	0.037459
1.685	1.89	0.0415059
1.685	1.9	0.0457528
1.685	1.91	0.0501998
1.685	1.92	0.0548469
1.685	1.93	0.059694
1.685	1.94	0.0647412
1.685	1.95	0.0699885
1.685	1.96	0.0754357
1.685	1.97	0.081083
1.685	1.98	0.0869304
1.685	1.99	0.0929777
1.685	2	0.099225
1.69	0	2.8561
1.69	0.01	2.82234
1.69	0.02	2.78879
1.69	0.03	2.75543
1.69	0.04	2.72228
1.69	0.05	2.68932
1.69	0.06	2.65657
1.69	0.07	2.62401
1.69	0.08	2.59166
1.69	0.09	2.5595
1.69	0.1	2.52755
1.69	0.11	2.49579
1.69	0.12	2.46424
1.69	0.13	2.43289
1.69	0.14	2.40173
1.69	0.15	2.37078
1.69	0.16	2.34003
1.69	0.17	2.30947
1.69	0.18	2.27912
1.69	0.19	2.24897
1.69	0.2	2.21902
1.69	0.21	2.18926
1.69	0.22	2.15971
1.69	0.23	2.13036
1.69	0.24	2.10121
1.69	0.25	2.07226
1.69	0.26	2.04351
1.69	0.27	2.01496
1.69	0.28	1.98661
1.69	0.29	1.95846
1.69	0.3	1.93051
1.69	0.31	1.90277
1.69	0.32	1.87522
1.69	0.33	1.84787
1.69	0.34	1.82073
1.69	0.35	1.79378
1.69	0.36	1.76704
1.69	0.37	1.74049
1.69	0.38	1.71415
1.69	0.39	1.688
1.69	0.4	1.66206
1.69	0.41	1.63632
1.69	0.42	1.61078
1.69	0.43	1.58544
1.69	0.44	1.56029
1.69	0.45	1.53535
1.69	0.46	1.51062
1.69	0.47	1.48608
1.69	0.48	1.46174
1.69	0.49	1.4376
1.69	0.5	1.41367
1.69	0.51	1.38993
1.69	0.52	1.36639
1.69	0.53	1.34306
1.69	0.54	1.31993
1.69	0.55	1.29699
1.69	0.56	1.27426
1.69	0.57	1.25173
1.69	0.58	1.2294
1.69	0.59	1.20727
1.69	0.6	1.18534
1.69	0.61	1.16361
1.69	0.62	1.14208
1.69	0.63	1.12076
1.69	0.64	1.09963
1.69	0.65	1.07871
1.69	0.66	1.05798
1.69	0.67	1.03746
1.69	0.68	1.01713
1.69	0.69	0.997012
1.69	0.7	0.977091
1.69	0.71	0.957371
1.69	0.72	0.937851
1.69	0.73	0.918533
1.69	0.74	0.899415
1.69	0.75	0.880497
1.69	0.76	0.861781
1.69	0.77	0.843266
1.69	0.78	0.824951
1.69	0.79	0.806837
1.69	0.8	0.788924
1.69	0.81	0.771212
1.69	0.82	0.753701
1.69	0.83	0.736391
1.69	0.84	0.719281
1.69	0.85	0.702372
1.69	0.86	0.685665
1.69	0.87	0.669158
1.69	0.88	0.652851
1.69	0.89	0.636746
1.69	0.9	0.620842
1.69	0.91	0.605138
1.69	0.92	0.589635
1.69	0.93	0.574333
1.69	0.94	0.559232
1.69	0.95	0.544332
1.69	0.96	0.529632
1.69	0.97	0.515133
1.69	0.98	0.500836
1.69	0.99	0.486738
1.69	1	0.472842
1.69	1.01	0.459147
1.69	1.02	0.445652
1.69	1.03	0.432358
1.69	1.04	0.419265
1.69	1.05	0.406373
1.69	1.06	0.393681
1.69	1.07	0.381191
1.69	1.08	0.368901
1.69	1.09	0.356812
1.69	1.1	0.344923
1.69	1.11	0.333236
1.69	1.12	0.321749
1.69	1.13	0.310462
1.69	1.14	0.299377
1.69	1.15	0.288492
1.69	1.16	0.277808
1.69	1.17	0.267325
1.69	1.18	0.257043
1.69	1.19	0.246961
1.69	1.2	0.23708
1.69	1.21	0.227399
1.69	1.22	0.217919
1.69	1.23	0.20864
1.69	1.24	0.199562
1.69	1.25	0.190684
1.69	1.26	0.182007
1.69	1.27	0.173531
1.69	1.28	0.165255
1.69	1.29	0.157179
1.69	1.3	0.149305
1.69	1.31	0.141631
1.69	1.32	0.134157
1.69	1.33	0.126885
1.69	1.34	0.119812
1.69	1.35	0.112941
1.69	1.36	0.10627
1.69	1.37	0.0997993
1.69	1.38	0.0935293
1.69	1.39	0.0874599
1.69	1.4	0.081591
1.69	1.41	0.0759226
1.69	1.42	0.0704548
1.69	1.43	0.0651875
1.69	1.44	0.0601207
1.69	1.45	0.0552544
1.69	1.46	0.0505886
1.69	1.47	0.0461232
1.69	1.48	0.0418583
1.69	1.49	0.0377939
1.69	1.5	0.0339299
1.69	1.51	0.0302663
1.69	1.52	0.0268032
1.69	1.53	0.0235405
1.69	1.54	0.0204783
1.69	1.55	0.0176163
1.69	1.56	0.0149548
1.69	1.57	0.0124937
1.69	1.58	0.0102329
1.69	1.59	0.00817255
1.69	1.6	0.00631253
1.69	1.61	0.00465286
1.69	1.62	0.00319353
1.69	1.63	0.00193453
1.69	1.64	0.000875849
1.69	1.65	1.74742e-05
1.69	1.66	-0.0006406
1.69	1.67	-0.00109838
1.69	1.68	-0.00135588
1.69	1.69	-0.00141311
1.69	1.7	-0.00127007
1.69	1.71	-0.000926775
1.69	1.72	-0.000383234
1.69	1.73	0.000360546
1.69	1.74	0.00130456
1.69	1.75	0.00244879
1.69	1.76	0.00379323
1.69	1.77	0.00533787
1.69	1.78	0.00708272
1.69	1.79	0.00902775
1.69	1.8	0.011173
1.69	1.81	0.0135183
1.69	1.82	0.0160639
1.69	1.83	0.0188095
1.69	1.84	0.0217553
1.69	1.85	0.0249013
1.69	1.86	0.0282473
1.69	1.87	0.0317935
1.69	1.88	0.0355398
1.69	1.89	0.0394862
1.69	1.9	0.0436326
1.69	1.91	0.0479792
1.69	1.92	0.0525258
1.69	1.93	0.0572724
1.69	1.94	0.0622191
1.69	1.95	0.0673659
1.69	1.96	0.0727127
1.69	1.97	0.0782595
1.69	1.98	0.0840063
1.69	1.99	0.0899532
1.69	2	0.0961
1.695	0	2.87303
1.695	0.01	2.83917
1.695	0.02	2.80552
1.695	0.03	2.77206
1.695	0.04	2.73881
1.695	0.05	2.70575
1.695	0.06	2.6729
1.695	0.07	2.64024
1.695	0.08	2.60779
1.695	0.09	2.57553
1.695	0.1	2.54348
1.695	0.11	2.51163
1.695	0.12	2.47997
1.695	0.13	2.44852
1.695	0.14	2.41727
1.695	0.15	2.38621
1.695	0.16	2.35536
1.695	0.17	2.32471
1.695	0.18	2.29426
1.695	0.19	2.264
1.695	0.2	2.23395
1.695	0.21	2.2041
1.695	0.22	2.17445
1.695	0.23	2.145
1.695	0.24	2.11575
1.695	0.25	2.0867
1.695	0.26	2.05785
1.695	0.27	2.0292
1.695	0.28	2.00075
1.695	0.29	1.9725
1.695	0.3	1.94446
1.695	0.31	1.91661
1.695	0.32	1.88896
1.695	0.33	1.86152
1.695	0.34	1.83427
1.695	0.35	1.80723
1.695	0.36	1.78038
1.695	0.37	1.75374
1.695	0.38	1.72729
1.695	0.39	1.70105
1.695	0.4	1.67501
1.695	0.41	1.64917
1.695	0.42	1.62352
1.695	0.43	1.59808
1.695	0.44	1.57284
1.695	0.45	1.5478
1.695	0.46	1.52297
1.695	0.47	1.49833
1.695	0.48	1.47389
1.695	0.49	1.44965
1.695	0.5	1.42562
1.695	0.51	1.40178
1.695	0.52	1.37815
1.695	0.53	1.35471
1.695	0.54	1.33148
1.695	0.55	1.30845
1.695	0.56	1.28561
1.695	0.57	1.26298
1.695	0.58	1.24055
1.695	0.59	1.21832
1.695	0.6	1.19629
1.695	0.61	1.17447
1.695	0.62	1.15284
1.695	0.63	1.13141
1.695	0.64	1.11019
1.695	0.65	1.08916
1.695	0.66	1.06834
1.695	0.67	1.04771
1.695	0.68	1.02729
1.695	0.69	1.00707
1.695	0.7	0.987049
1.695	0.71	0.967229
1.695	0.72	0.947609
1.695	0.73	0.928191
1.695	0.74	0.908973
1.695	0.75	0.889956
1.695	0.76	0.87114
1.695	0.77	0.852525
1.695	0.78	0.83411
1.695	0.79	0.815897
1.695	0.8	0.797884
1.695	0.81	0.780072
1.695	0.82	0.762461
1.695	0.83	0.745051
1.695	0.84	0.727841
1.695	0.85	0.710833
1.695	0.86	0.694025
1.695	0.87	0.677418
1.695	0.88	0.661012
1.695	0.89	0.644806
1.695	0.9	0.628802
1.695	0.91	0.612998
1.695	0.92	0.597396
1.695	0.93	0.581994
1.695	0.94	0.566792
1.695	0.95	0.551792
1.695	0.96	0.536993
1.695	0.97	0.522394
1.695	0.98	0.507996
1.695	0.99	0.493799
1.695	1	0.479803
1.695	1.01	0.466007
1.695	1.02	0.452412
1.695	1.03	0.439018
1.695	1.04	0.425825
1.695	1.05	0.412833
1.695	1.06	0.400041
1.695	1.07	0.387451
1.695	1.08	0.375061
1.695	1.09	0.362871
1.695	1.1	0.350883
1.695	1.11	0.339095
1.695	1.12	0.327508
1.695	1.13	0.316122
1.695	1.14	0.304936
1.695	1.15	0.293951
1.695	1.16	0.283167
1.695	1.17	0.272583
1.695	1.18	0.262201
1.695	1.19	0.252019
1.695	1.2	0.242037
1.695	1.21	0.232257
1.695	1.22	0.222677
1.695	1.23	0.213297
1.695	1.24	0.204119
1.695	1.25	0.195141
1.695	1.26	0.186363
1.695	1.27	0.177787
1.695	1.28	0.169411
1.695	1.29	0.161235
1.695	1.3	0.15326
1.695	1.31	0.145486
1.695	1.32	0.137912
1.695	1.33	0.130539
1.695	1.34	0.123367
1.695	1.35	0.116395
1.695	1.36	0.109623
1.695	1.37	0.103053
1.695	1.38	0.0966822
1.695	1.39	0.0905125
1.695	1.4	0.084543
1.695	1.41	0.0787742
1.695	1.42	0.0732061
1.695	1.43	0.0678384
1.695	1.44	0.0626713
1.695	1.45	0.0577046
1.695	1.46	0.0529385
1.695	1.47	0.0483727
1.695	1.48	0.0440074
1.695	1.49	0.0398426
1.695	1.5	0.0358782
1.695	1.51	0.0321143
1.695	1.52	0.0285508
1.695	1.53	0.0251877
1.695	1.54	0.022025
1.695	1.55	0.0190627
1.695	1.56	0.0163007
1.695	1.57	0.0137392
1.695	1.58	0.011378
1.695	1.59	0.00921721
1.695	1.6	0.00725676
1.695	1.61	0.00549666
1.695	1.62	0.00393689
1.695	1.63	0.00257745
1.695	1.64	0.00141832
1.695	1.65	0.000459492
1.695	1.66	-0.000299034
1.695	1.67	-0.000857271
1.695	1.68	-0.00121523
1.695	1.69	-0.00137291
1.695	1.7	-0.00133034
1.695	1.71	-0.0010875
1.695	1.72	-0.00064443
1.695	1.73	-1.11979e-06
1.695	1.74	0.000842417
1.695	1.75	0.00188617
1.695	1.76	0.00313014
1.695	1.77	0.0045743
1.695	1.78	0.00621866
1.695	1.79	0.0080632
1.695	1.8	0.0101079
1.695	1.81	0.0123528
1.695	1.82	0.0147978
1.695	1.83	0.017443
1.695	1.84	0.0202883
1.695	1.85	0.0233338
1.695	1.86	0.0265794
1.695	1.87	0.030025
1.695	1.88	0.0336708
1.695	1.89	0.0375167
1.695	1.9	0.0415626
1.695	1.91	0.0458087
1.695	1.92	0.0502548
1.695	1.93	0.0549009
1.695	1.94	0.0597472
1.695	1.95	0.0647934
1.695	1.96	0.0700397
1.695	1.97	0.075486
1.695	1.98	0.0811323
1.695	1.99	0.0869787
1.695	2	0.093025
1.7	0	2.89
1.7	0.01	2.85605
1.7	0.02	2.82229
1.7	0.03	2.78874
1.7	0.04	2.75538
1.7	0.05	2.72223
1.7	0.06	2.68928
1.7	0.07	2.65652
1.7	0.08	2.62397
1.7	0.09	2.59161
1.7	0.1	2.55946
1.7	0.11	2.52751
1.7	0.12	2.49575
1.7	0.13	2.4642
1.7	0.14	2.43285
1.7	0.15	2.4017
1.7	0.16	2.37074
1.7	0.17	2.33999
1.7	0.18	2.30944
1.7	0.19	2.27909
1.7	0.2	2.24894
1.7	0.21	2.21899
1.7	0.22	2.18924
1.7	0.23	2.15969
1.7	0.24	2.13034
1.7	0.25	2.10119
1.7	0.26	2.07224
1.7	0.27	2.04349
1.7	0.28	2.01494
1.7	0.29	1.9866
1.7	0.3	1.95845
1.7	0.31	1.9305
1.7	0.32	1.90276
1.7	0.33	1.87521
1.7	0.34	1.84787
1.7	0.35	1.82072
1.7	0.36	1.79378
1.7	0.37	1.76703
1.7	0.38	1.74049
1.7	0.39	1.71415
1.7	0.4	1.688
1.7	0.41	1.66206
1.7	0.42	1.63632
1.7	0.43	1.61078
1.7	0.44	1.58544
1.7	0.45	1.5603
1.7	0.46	1.53537
1.7	0.47	1.51063
1.7	0.48	1.48609
1.7	0.49	1.46175
1.7	0.5	1.43762
1.7	0.51	1.41368
1.7	0.52	1.38995
1.7	0.53	1.36642
1.7	0.54	1.34308
1.7	0.55	1.31995
1.7	0.56	1.29702
1.7	0.57	1.27429
1.7	0.58	1.25176
1.7	0.59	1.22943
1.7	0.6	1.2073
1.7	0.61	1.18537
1.7	0.62	1.16365
1.7	0.63	1.14212
1.7	0.64	1.12079
1.7	0.65	1.09967
1.7	0.66	1.07874
1.7	0.67	1.05802
1.7	0.68	1.0375
1.7	0.69	1.01718
1.7	0.7	0.997057
1.7	0.71	0.977137
1.7	0.72	0.957418
1.7	0.73	0.937899
1.7	0.74	0.918582
1.7	0.75	0.899465
1.7	0.76	0.880549
1.7	0.77	0.861834
1.7	0.78	0.84332
1.7	0.79	0.825006
1.7	0.8	0.806894
1.7	0.81	0.788982
1.7	0.82	0.771271
1.7	0.83	0.753761
1.7	0.84	0.736451
1.7	0.85	0.719343
1.7	0.86	0.702435
1.7	0.87	0.685728
1.7	0.88	0.669222
1.7	0.89	0.652917
1.7	0.9	0.636812
1.7	0.91	0.620909
1.7	0.92	0.605206
1.7	0.93	0.589704
1.7	0.94	0.574403
1.7	0.95	0.559303
1.7	0.96	0.544403
1.7	0.97	0.529704
1.7	0.98	0.515206
1.7	0.99	0.500909
1.7	1	0.486813
1.7	1.01	0.472917
1.7	1.02	0.459223
1.7	1.03	0.445729
1.7	1.04	0.432435
1.7	1.05	0.419343
1.7	1.06	0.406451
1.7	1.07	0.39376
1.7	1.08	0.38127
1.7	1.09	0.368981
1.7	1.1	0.356892
1.7	1.11	0.345004
1.7	1.12	0.333317
1.7	1.13	0.321831
1.7	1.14	0.310545
1.7	1.15	0.29946
1.7	1.16	0.288576
1.7	1.17	0.277892
1.7	1.18	0.267409
1.7	1.19	0.257127
1.7	1.2	0.247045
1.7	1.21	0.237164
1.7	1.22	0.227484
1.7	1.23	0.218005
1.7	1.24	0.208726
1.7	1.25	0.199647
1.7	1.26	0.19077
1.7	1.27	0.182093
1.7	1.28	0.173616
1.7	1.29	0.165341
1.7	1.3	0.157266
1.7	1.31	0.149391
1.7	1.32	0.141717
1.7	1.33	0.134244
1.7	1.34	0.126971
1.7	1.35	0.119899
1.7	1.36	0.113027
1.7	1.37	0.106356
1.7	1.38	0.0998852
1.7	1.39	0.0936151
1.7	1.4	0.0875454
1.7	1.41	0.0816764
1.7	1.42	0.0760079
1.7	1.43	0.0705399
1.7	1.44	0.0652724
1.7	1.45	0.0602053
1.7	1.46	0.0553388
1.7	1.47	0.0506726
1.7	1.48	0.046207
1.7	1.49	0.0419418
1.7	1.5	0.037877
1.7	1.51	0.0340127
1.7	1.52	0.0303488
1.7	1.53	0.0268853
1.7	1.54	0.0236221
1.7	1.55	0.0205594
1.7	1.56	0.017697
1.7	1.57	0.0150351
1.7	1.58	0.0125735
1.7	1.59	0.0103122
1.7	1.6	0.00825134
1.7	1.61	0.0063908
1.7	1.62	0.00473058
1.7	1.63	0.00327068
1.7	1.64	0.0020111
1.7	1.65	0.000951816
1.7	1.66	9.28296e-05
1.7	1.67	-0.00056587
1.7	1.68	-0.00102429
1.7	1.69	-0.00128244
1.7	1.7	-0.00134034
1.7	1.71	-0.00119787
1.7	1.72	-0.000855263
1.7	1.73	-0.000312434
1.7	1.74	0.000430617
1.7	1.75	0.00137388
1.7	1.76	0.00251736
1.7	1.77	0.00386103
1.7	1.78	0.00540489
1.7	1.79	0.00714894
1.7	1.8	0.00909316
1.7	1.81	0.0112375
1.7	1.82	0.0135821
1.7	1.83	0.0161268
1.7	1.84	0.0188716
1.7	1.85	0.0218165
1.7	1.86	0.0249616
1.7	1.87	0.0283067
1.7	1.88	0.031852
1.7	1.89	0.0355974
1.7	1.9	0.0395428
1.7	1.91	0.0436883
1.7	1.92	0.0480339
1.7	1.93	0.0525796
1.7	1.94	0.0573253
1.7	1.95	0.062271
1.7	1.96	0.0674168
1.7	1.97	0.0727626
1.7	1.98	0.0783084
1.7	1.99	0.0840542
1.7	2	0.09
1.705	0	2.90703
1.705	0.01	2.87297
1.705	0.02	2.83912
1.705	0.03	2.80546
1.705	0.04	2.77201
1.705	0.05	2.73876
1.705	0.06	2.7057
1.705	0.07	2.67285
1.705	0.08	2.6402
1.705	0.09	2.60775
1.705	0.1	2.57549
1.705	0.11	2.54344
1.705	0.12	2.51159
1.705	0.13	2.47994
1.705	0.14	2.44848
1.705	0.15	2.41723
1.705	0.16	2.38618
1.705	0.17	2.35533
1.705	0.18	2.32468
1.705	0.19	2.29423
1.705	0.2	2.26398
1.705	0.21	2.23393
1.705	0.22	2.20408
1.705	0.23	2.17443
1.705	0.24	2.14498
1.705	0.25	2.11573
1.705	0.26	2.08668
1.705	0.27	2.05783
1.705	0.28	2.02919
1.705	0.29	2.00074
1.705	0.3	1.97249
1.705	0.31	1.94445
1.705	0.32	1.9166
1.705	0.33	1.88895
1.705	0.34	1.86151
1.705	0.35	1.83427
1.705	0.36	1.80722
1.705	0.37	1.78038
1.705	0.38	1.75374
1.705	0.39	1.72729
1.705	0.4	1.70105
1.705	0.41	1.67501
1.705	0.42	1.64917
1.705	0.43	1.62353
1.705	0.44	1.59809
1.705	0.45	1.57285
1.705	0.46	1.54782
1.705	0.47	1.52298
1.705	0.48	1.49834
1.705	0.49	1.47391
1.705	0.5	1.44967
1.705	0.51	1.42564
1.705	0.52	1.4018
1.705	0.53	1.37817
1.705	0.54	1.35474
1.705	0.55	1.3315
1.705	0.56	1.30847
1.705	0.57	1.28564
1.705	0.58	1.26301
1.705	0.59	1.24058
1.705	0.6	1.21836
1.705	0.61	1.19633
1.705	0.62	1.1745
1.705	0.63	1.15288
1.705	0.64	1.13145
1.705	0.65	1.11023
1.705	0.66	1.0892
1.705	0.67	1.06838
1.705	0.68	1.04776
1.705	0.69	1.02734
1.705	0.7	1.00712
1.705	0.71	0.987096
1.705	0.72	0.967277
1.705	0.73	0.947659
1.705	0.74	0.928242
1.705	0.75	0.909025
1.705	0.76	0.89001
1.705	0.77	0.871195
1.705	0.78	0.85258
1.705	0.79	0.834167
1.705	0.8	0.815955
1.705	0.81	0.797943
1.705	0.82	0.780132
1.705	0.83	0.762522
1.705	0.84	0.745113
1.705	0.85	0.727904
1.705	0.86	0.710897
1.705	0.87	0.69409
1.705	0.88	0.677484
1.705	0.89	0.661079
1.705	0.9	0.644874
1.705	0.91	0.628871
1.705	0.92	0.613068
1.705	0.93	0.597466
1.705	0.94	0.582065
1.705	0.95	0.566865
1.705	0.96	0.551865
1.705	0.97	0.537066
1.705	0.98	0.522469
1.705	0.99	0.508071
1.705	1	0.493875
1.705	1.01	0.479879
1.705	1.02	0.466085
1.705	1.03	0.45249
1.705	1.04	0.439097
1.705	1.05	0.425905
1.705	1.06	0.412913
1.705	1.07	0.400122
1.705	1.08	0.387532
1.705	1.09	0.375142
1.705	1.1	0.362953
1.705	1.11	0.350965
1.705	1.12	0.339178
1.705	1.13	0.327591
1.705	1.14	0.316205
1.705	1.15	0.30502
1.705	1.16	0.294036
1.705	1.17	0.283252
1.705	1.18	0.272669
1.705	1.19	0.262286
1.705	1.2	0.252104
1.705	1.21	0.242123
1.705	1.22	0.232343
1.705	1.23	0.222763
1.705	1.24	0.213384
1.705	1.25	0.204205
1.705	1.26	0.195228
1.705	1.27	0.18645
1.705	1.28	0.177874
1.705	1.29	0.169498
1.705	1.3	0.161322
1.705	1.31	0.153347
1.705	1.32	0.145573
1.705	1.33	0.137999
1.705	1.34	0.130626
1.705	1.35	0.123454
1.705	1.36	0.116482
1.705	1.37	0.10971
1.705	1.38	0.103139
1.705	1.39	0.0967689
1.705	1.4	0.0905989
1.705	1.41	0.0846295
1.705	1.42	0.0788607
1.705	1.43	0.0732923
1.705	1.44	0.0679244
1.705	1.45	0.062757
1.705	1.46	0.05779
1.705	1.47	0.0530235
1.705	1.48	0.0484575
1.705	1.49	0.0440918
1.705	1.5	0.0399267
1.705	1.51	0.0359619
1.705	1.52	0.0321976
1.705	1.53	0.0286337
1.705	1.54	0.0252701
1.705	1.55	0.0221069
1.705	1.56	0.0191442
1.705	1.57	0.0163817
1.705	1.58	0.0138197
1.705	1.59	0.011458
1.705	1.6	0.00929666
1.705	1.61	0.00733566
1.705	1.62	0.00557498
1.705	1.63	0.00401461
1.705	1.64	0.00265455
1.705	1.65	0.0014948
1.705	1.66	0.000535333
1.705	1.67	-0.000223847
1.705	1.68	-0.000782752
1.705	1.69	-0.00114139
1.705	1.7	-0.00129977
1.705	1.71	-0.00125786
1.705	1.72	-0.00101574
1.705	1.73	-0.00057341
1.705	1.74	6.91436e-05
1.705	1.75	0.000911909
1.705	1.76	0.00195488
1.705	1.77	0.00319805
1.705	1.78	0.0046414
1.705	1.79	0.00628494
1.705	1.8	0.00812864
1.705	1.81	0.0101725
1.705	1.82	0.0124165
1.705	1.83	0.0148607
1.705	1.84	0.017505
1.705	1.85	0.0203494
1.705	1.86	0.0233939
1.705	1.87	0.0266386
1.705	1.88	0.0300833
1.705	1.89	0.0337282
1.705	1.9	0.0375731
1.705	1.91	0.0416181
1.705	1.92	0.0458631
1.705	1.93	0.0503083
1.705	1.94	0.0549534
1.705	1.95	0.0597986
1.705	1.96	0.0648439
1.705	1.97	0.0700891
1.705	1.98	0.0755344
1.705	1.99	0.0811797
1.705	2	0.087025
1.71	0	2.9241
1.71	0.01	2.88995
1.71	0.02	2.85599
1.71	0.03	2.82224
1.71	0.04	2.78869
1.71	0.05	2.75534
1.71	0.06	2.72218
1.71	0.07	2.68923
1.71	0.08	2.65648
1.71	0.09	2.62393
1.71	0.1	2.59157
1.71	0.11	2.55942
1.71	0.12	2.52747
1.71	0.13	2.49572
1.71	0.14	2.46417
1.71	0.15	2.43282
1.71	0.16	2.40166
1.71	0.17	2.37071
1.71	0.18	2.33996
1.71	0.19	2.30941
1.71	0.2	2.27906
1.71	0.21	2.24891
1.71	0.22	2.21897
1.71	0.23	2.18922
1.71	0.24	2.15967
1.71	0.25	2.13032
1.71	0.26	2.10117
1.71	0.27	2.07222
1.71	0.28	2.04348
1.71	0.29	2.01493
1.71	0.3	1.98659
1.71	0.31	1.95844
1.71	0.32	1.93049
1.71	0.33	1.90275
1.71	0.34	1.87521
1.71	0.35	1.84786
1.71	0.36	1.82072
1.71	0.37	1.79378
1.71	0.38	1.76703
1.71	0.39	1.74049
1.71	0.4	1.71415
1.71	0.41	1.68801
1.71	0.42	1.66207
1.71	0.43	1.63633
1.71	0.44	1.61079
1.71	0.45	1.58545
1.71	0.46	1.56032
1.71	0.47	1.53538
1.71	0.48	1.51064
1.71	0.49	1.48611
1.71	0.5	1.46177
1.71	0.51	1.43764
1.71	0.52	1.41371
1.71	0.53	1.38997
1.71	0.54	1.36644
1.71	0.55	1.34311
1.71	0.56	1.31998
1.71	0.57	1.29705
1.71	0.58	1.27432
1.71	0.59	1.25179
1.71	0.6	1.22946
1.71	0.61	1.20734
1.71	0.62	1.18541
1.71	0.63	1.16368
1.71	0.64	1.14216
1.71	0.65	1.12083
1.71	0.66	1.09971
1.71	0.67	1.07879
1.71	0.68	1.05807
1.71	0.69	1.03755
1.71	0.7	1.01723
1.71	0.71	0.997106
1.71	0.72	0.977187
1.71	0.73	0.957469
1.71	0.74	0.937952
1.71	0.75	0.918636
1.71	0.76	0.89952
1.71	0.77	0.880605
1.71	0.78	0.861891
1.71	0.79	0.843378
1.71	0.8	0.825066
1.71	0.81	0.806954
1.71	0.82	0.789043
1.71	0.83	0.771333
1.71	0.84	0.753824
1.71	0.85	0.736516
1.71	0.86	0.719408
1.71	0.87	0.702502
1.71	0.88	0.685796
1.71	0.89	0.669291
1.71	0.9	0.652986
1.71	0.91	0.636883
1.71	0.92	0.62098
1.71	0.93	0.605278
1.71	0.94	0.589777
1.71	0.95	0.574477
1.71	0.96	0.559377
1.71	0.97	0.544479
1.71	0.98	0.529781
1.71	0.99	0.515283
1.71	1	0.500987
1.71	1.01	0.486891
1.71	1.02	0.472996
1.71	1.03	0.459302
1.71	1.04	0.445809
1.71	1.05	0.432516
1.71	1.06	0.419424
1.71	1.07	0.406533
1.71	1.08	0.393843
1.71	1.09	0.381353
1.71	1.1	0.369064
1.71	1.11	0.356976
1.71	1.12	0.345089
1.71	1.13	0.333402
1.71	1.14	0.321916
1.71	1.15	0.31063
1.71	1.16	0.299546
1.71	1.17	0.288662
1.71	1.18	0.277978
1.71	1.19	0.267496
1.71	1.2	0.257214
1.71	1.21	0.247132
1.71	1.22	0.237252
1.71	1.23	0.227572
1.71	1.24	0.218092
1.71	1.25	0.208814
1.71	1.26	0.199735
1.71	1.27	0.190858
1.71	1.28	0.182181
1.71	1.29	0.173705
1.71	1.3	0.165429
1.71	1.31	0.157354
1.71	1.32	0.149479
1.71	1.33	0.141805
1.71	1.34	0.134332
1.71	1.35	0.127059
1.71	1.36	0.119987
1.71	1.37	0.113115
1.71	1.38	0.106443
1.71	1.39	0.0999727
1.71	1.4	0.0937024
1.71	1.41	0.0876327
1.71	1.42	0.0817635
1.71	1.43	0.0760947
1.71	1.44	0.0706264
1.71	1.45	0.0653586
1.71	1.46	0.0602913
1.71	1.47	0.0554244
1.71	1.48	0.0507579
1.71	1.49	0.0462919
1.71	1.5	0.0420263
1.71	1.51	0.0379612
1.71	1.52	0.0340964
1.71	1.53	0.0304321
1.71	1.54	0.0269681
1.71	1.55	0.0237045
1.71	1.56	0.0206413
1.71	1.57	0.0177784
1.71	1.58	0.0151159
1.71	1.59	0.0126538
1.71	1.6	0.010392
1.71	1.61	0.00833053
1.71	1.62	0.00646938
1.71	1.63	0.00480855
1.71	1.64	0.00334802
1.71	1.65	0.00208779
1.71	1.66	0.00102784
1.71	1.67	0.000168184
1.71	1.68	-0.000491204
1.71	1.69	-0.000950327
1.71	1.7	-0.00120919
1.71	1.71	-0.00126781
1.71	1.72	-0.0011262
1.71	1.73	-0.000784365
1.71	1.74	-0.00024231
1.71	1.75	0.000499954
1.71	1.76	0.00144242
1.71	1.77	0.00258508
1.71	1.78	0.00392793
1.71	1.79	0.00547095
1.71	1.8	0.00721414
1.71	1.81	0.0091575
1.71	1.82	0.011301
1.71	1.83	0.0136446
1.71	1.84	0.0161884
1.71	1.85	0.0189323
1.71	1.86	0.0218763
1.71	1.87	0.0250205
1.71	1.88	0.0283647
1.71	1.89	0.031909
1.71	1.9	0.0356534
1.71	1.91	0.0395979
1.71	1.92	0.0437424
1.71	1.93	0.048087
1.71	1.94	0.0526316
1.71	1.95	0.0573763
1.71	1.96	0.062321
1.71	1.97	0.0674657
1.71	1.98	0.0728105
1.71	1.99	0.0783552
1.71	2	0.0841
1.715	0	2.94122
1.715	0.01	2.90697
1.715	0.02	2.87292
1.715	0.03	2.83907
1.715	0.04	2.80542
1.715	0.05	2.77196
1.715	0.06	2.73871
1.715	0.07	2.70566
1.715	0.08	2.67281
1.715	0.09	2.64016
1.715	0.1	2.60771
1.715	0.11	2.57545
1.715	0.12	2.5434
1.715	0.13	2.51155
1.715	0.14	2.4799
1.715	0.15	2.44845
1.715	0.16	2.4172
1.715	0.17	2.38615
1.715	0.18	2.3553
1.715	0.19	2.32465
1.715	0.2	2.2942
1.715	0.21	2.26395
1.715	0.22	2.2339
1.715	0.23	2.20406
1.715	0.24	2.17441
1.715	0.25	2.14496
1.715	0.26	2.11571
1.715	0.27	2.08667
1.715	0.28	2.05782
1.715	0.29	2.02917
1.715	0.3	2.00073
1.715	0.31	1.97248
1.715	0.32	1.94444
1.715	0.33	1.9166
1.715	0.34	1.88895
1.715	0.35	1.86151
1.715	0.36	1.83427
1.715	0.37	1.80722
1.715	0.38	1.78038
1.715	0.39	1.75374
1.715	0.4	1.7273
1.715	0.41	1.70106
1.715	0.42	1.67502
1.715	0.43	1.64918
1.715	0.44	1.62354
1.715	0.45	1.59811
1.715	0.46	1.57287
1.715	0.47	1.54783
1.715	0.48	1.523
1.715	0.49	1.49836
1.715	0.5	1.47393
1.715	0.51	1.44969
1.715	0.52	1.42566
1.715	0.53	1.40183
1.715	0.54	1.3782
1.715	0.55	1.35477
1.715	0.56	1.33154
1.715	0.57	1.30851
1.715	0.58	1.28568
1.715	0.59	1.26305
1.715	0.6	1.24062
1.715	0.61	1.21839
1.715	0.62	1.19637
1.715	0.63	1.17454
1.715	0.64	1.15292
1.715	0.65	1.13149
1.715	0.66	1.11027
1.715	0.67	1.08925
1.715	0.68	1.06843
1.715	0.69	1.04781
1.715	0.7	1.02739
1.715	0.71	1.00717
1.715	0.72	0.987148
1.715	0.73	0.96733
1.715	0.74	0.947713
1.715	0.75	0.928297
1.715	0.76	0.909082
1.715	0.77	0.890067
1.715	0.78	0.871254
1.715	0.79	0.852641
1.715	0.8	0.834228
1.715	0.81	0.816017
1.715	0.82	0.798006
1.715	0.83	0.780196
1.715	0.84	0.762587
1.715	0.85	0.745179
1.715	0.86	0.727972
1.715	0.87	0.710965
1.715	0.88	0.694159
1.715	0.89	0.677554
1.715	0.9	0.66115
1.715	0.91	0.644947
1.715	0.92	0.628944
1.715	0.93	0.613142
1.715	0.94	0.597541
1.715	0.95	0.582141
1.715	0.96	0.566941
1.715	0.97	0.551942
1.715	0.98	0.537144
1.715	0.99	0.522547
1.715	1	0.50815
1.715	1.01	0.493955
1.715	1.02	0.47996
1.715	1.03	0.466166
1.715	1.04	0.452572
1.715	1.05	0.439179
1.715	1.06	0.425987
1.715	1.07	0.412996
1.715	1.08	0.400206
1.715	1.09	0.387616
1.715	1.1	0.375227
1.715	1.11	0.363038
1.715	1.12	0.351051
1.715	1.13	0.339264
1.715	1.14	0.327678
1.715	1.15	0.316292
1.715	1.16	0.305107
1.715	1.17	0.294123
1.715	1.18	0.283339
1.715	1.19	0.272757
1.715	1.2	0.262374
1.715	1.21	0.252193
1.715	1.22	0.242212
1.715	1.23	0.232432
1.715	1.24	0.222852
1.715	1.25	0.213473
1.715	1.26	0.204295
1.715	1.27	0.195317
1.715	1.28	0.18654
1.715	1.29	0.177963
1.715	1.3	0.169587
1.715	1.31	0.161411
1.715	1.32	0.153437
1.715	1.33	0.145662
1.715	1.34	0.138089
1.715	1.35	0.130715
1.715	1.36	0.123543
1.715	1.37	0.11657
1.715	1.38	0.109799
1.715	1.39	0.103228
1.715	1.4	0.0968571
1.715	1.41	0.090687
1.715	1.42	0.0847174
1.715	1.43	0.0789482
1.715	1.44	0.0733796
1.715	1.45	0.0680114
1.715	1.46	0.0628436
1.715	1.47	0.0578763
1.715	1.48	0.0531094
1.715	1.49	0.048543
1.715	1.5	0.044177
1.715	1.51	0.0400114
1.715	1.52	0.0360462
1.715	1.53	0.0322814
1.715	1.54	0.028717
1.715	1.55	0.0253529
1.715	1.56	0.0221893
1.715	1.57	0.019226
1.715	1.58	0.016463
1.715	1.59	0.0139004
1.715	1.6	0.0115381
1.715	1.61	0.00937618
1.715	1.62	0.00741455
1.715	1.63	0.00565323
1.715	1.64	0.00409221
1.715	1.65	0.00273149
1.715	1.66	0.00157105
1.715	1.67	0.000610889
1.715	1.68	-0.000149001
1.715	1.69	-0.000708629
1.715	1.7	-0.001068
1.715	1.71	-0.00122714
1.715	1.72	-0.00118604
1.715	1.73	-0.000944719
1.715	1.74	-0.000503185
1.715	1.75	0.000138557
1.715	1.76	0.000980498
1.715	1.77	0.00202263
1.715	1.78	0.00326495
1.715	1.79	0.00470744
1.715	1.8	0.0063501
1.715	1.81	0.00819291
1.715	1.82	0.0102359
1.715	1.83	0.012479
1.715	1.84	0.0149222
1.715	1.85	0.0175656
1.715	1.86	0.020409
1.715	1.87	0.0234526
1.715	1.88	0.0266963
1.715	1.89	0.0301401
1.715	1.9	0.0337839
1.715	1.91	0.0376278
1.715	1.92	0.0416718
1.715	1.93	0.0459158
1.715	1.94	0.0503599
1.715	1.95	0.0550041
1.715	1.96	0.0598482
1.715	1.97	0.0648924
1.715	1.98	0.0701366
1.715	1.99	0.0755808
1.715	2	0.081225
1.72	0	2.9584
1.72	0.01	2.92405
1.72	0.02	2.8899
1.72	0.03	2.85595
1.72	0.04	2.82219
1.72	0.05	2.78864
1.72	0.06	2.75529
1.72	0.07	2.72214
1.72	0.08	2.68919
1.72	0.09	2.65644
1.72	0.1	2.62389
1.72	0.11	2.59154
1.72	0.12	2.55939
1.72	0.13	2.52744
1.72	0.14	2.49568
1.72	0.15	2.46414
1.72	0.16	2.43279
1.72	0.17	2.40164
1.72	0.18	2.37069
1.72	0.19	2.33994
1.72	0.2	2.30939
1.72	0.21	2.27904
1.72	0.22	2.24889
1.72	0.23	2.21895
1.72	0.24	2.1892
1.72	0.25	2.15965
1.72	0.26	2.1303
1.72	0.27	2.10116
1.72	0.28	2.07221
1.72	0.29	2.04347
1.72	0.3	2.01492
1.72	0.31	1.98658
1.72	0.32	1.95843
1.72	0.33	1.93049
1.72	0.34	1.90275
1.72	0.35	1.8752
1.72	0.36	1.84786
1.72	0.37	1.82072
1.72	0.38	1.79378
1.72	0.39	1.76704
1.72	0.4	1.7405
1.72	0.41	1.71416
1.72	0.42	1.68802
1.72	0.43	1.66208
1.72	0.44	1.63635
1.72	0.45	1.61081
1.72	0.46	1.58547
1.72	0.47	1.56034
1.72	0.48	1.5354
1.72	0.49	1.51067
1.72	0.5	1.48613
1.72	0.51	1.4618
1.72	0.52	1.43767
1.72	0.53	1.41373
1.72	0.54	1.39
1.72	0.55	1.36647
1.72	0.56	1.34314
1.72	0.57	1.32001
1.72	0.58	1.29708
1.72	0.59	1.27436
1.72	0.6	1.25183
1.72	0.61	1.2295
1.72	0.62	1.20738
1.72	0.63	1.18545
1.72	0.64	1.16373
1.72	0.65	1.1422
1.72	0.66	1.12088
1.72	0.67	1.09976
1.72	0.68	1.07884
1.72	0.69	1.05812
1.72	0.7	1.0376
1.72	0.71	1.01728
1.72	0.72	0.997159
1.72	0.73	0.977242
1.72	0.74	0.957525
1.72	0.75	0.938009
1.72	0.76	0.918694
1.72	0.77	0.899579
1.72	0.78	0.880666
1.72	0.79	0.861953
1.72	0.8	0.843441
1.72	0.81	0.82513
1.72	0.82	0.807019
1.72	0.83	0.789109
1.72	0.84	0.771401
1.72	0.85	0.753892
1.72	0.86	0.736585
1.72	0.87	0.719479
1.72	0.88	0.702573
1.72	0.89	0.685868
1.72	0.9	0.669364
1.72	0.91	0.65306
1.72	0.92	0.636957
1.72	0.93	0.621056
1.72	0.94	0.605354
1.72	0.95	0.589854
1.72	0.96	0.574555
1.72	0.97	0.559456
1.72	0.98	0.544558
1.72	0.99	0.52986
1.72	1	0.515364
1.72	1.01	0.501068
1.72	1.02	0.486973
1.72	1.03	0.473079
1.72	1.04	0.459385
1.72	1.05	0.445892
1.72	1.06	0.4326
1.72	1.07	0.419509
1.72	1.08	0.406618
1.72	1.09	0.393929
1.72	1.1	0.381439
1.72	1.11	0.369151
1.72	1.12	0.357063
1.72	1.13	0.345176
1.72	1.14	0.333489
1.72	1.15	0.322004
1.72	1.16	0.310719
1.72	1.17	0.299634
1.72	1.18	0.288751
1.72	1.19	0.278067
1.72	1.2	0.267585
1.72	1.21	0.257303
1.72	1.22	0.247222
1.72	1.23	0.237342
1.72	1.24	0.227662
1.72	1.25	0.218182
1.72	1.26	0.208904
1.72	1.27	0.199826
1.72	1.28	0.190948
1.72	1.29	0.182271
1.72	1.3	0.173795
1.72	1.31	0.165519
1.72	1.32	0.157444
1.72	1.33	0.149569
1.72	1.34	0.141895
1.72	1.35	0.134422
1.72	1.36	0.127149
1.72	1.37	0.120076
1.72	1.38	0.113204
1.72	1.39	0.106533
1.72	1.4	0.100062
1.72	1.41	0.0937913
1.72	1.42	0.0877213
1.72	1.43	0.0818517
1.72	1.44	0.0761827
1.72	1.45	0.0707141
1.72	1.46	0.0654459
1.72	1.47	0.0603782
1.72	1.48	0.0555109
1.72	1.49	0.0508441
1.72	1.5	0.0463776
1.72	1.51	0.0421116
1.72	1.52	0.038046
1.72	1.53	0.0341807
1.72	1.54	0.0305159
1.72	1.55	0.0270514
1.72	1.56	0.0237873
1.72	1.57	0.0207235
1.72	1.58	0.0178601
1.72	1.59	0.015197
1.72	1.6	0.0127343
1.72	1.61	0.0104718
1.72	1.62	0.00840974
1.72	1.63	0.00654793
1.72	1.64	0.00488642
1.72	1.65	0.0034252
1.72	1.66	0.00216427
1.72	1.67	0.00110361
1.72	1.68	0.000243217
1.72	1.69	-0.000416917
1.72	1.7	-0.000876801
1.72	1.71	-0.00113644
1.72	1.72	-0.00119586
1.72	1.73	-0.00105506
1.72	1.74	-0.000714046
1.72	1.75	-0.000172827
1.72	1.76	0.000568588
1.72	1.77	0.00151019
1.72	1.78	0.00265198
1.72	1.79	0.00399394
1.72	1.8	0.00553606
1.72	1.81	0.00727834
1.72	1.82	0.00922076
1.72	1.83	0.0113633
1.72	1.84	0.013706
1.72	1.85	0.0162488
1.72	1.86	0.0189918
1.72	1.87	0.0219348
1.72	1.88	0.0250779
1.72	1.89	0.0284211
1.72	1.9	0.0319644
1.72	1.91	0.0357078
1.72	1.92	0.0396512
1.72	1.93	0.0437947
1.72	1.94	0.0481383
1.72	1.95	0.0526818
1.72	1.96	0.0574254
1.72	1.97	0.0623691
1.72	1.98	0.0675127
1.72	1.99	0.0728564
1.72	2	0.0784
1.725	0	2.97563
1.725	0.01	2.94117
1.725	0.02	2.90692
1.725	0.03	2.87287
1.725	0.04	2.83902
1.725	0.05	2.80537
1.725	0.06	2.77192
1.725	0.07	2.73867
1.725	0.08	2.70562
1.725	0.09	2.67277
1.725	0.1	2.64012
1.725	0.11	2.60767
1.725	0.12	2.57542
1.725	0.13	2.54337
1.725	0.14	2.51152
1.725	0.15	2.47987
1.725	0.16	2.44842
1.725	0.17	2.41717
1.725	0.18	2.38612
1.725	0.19	2.35528
1.725	0.2	2.32463
1.725	0.21	2.29418
1.725	0.22	2.26393
1.725	0.23	2.23389
1.725	0.24	2.20404
1.725	0.25	2.17439
1.725	0.26	2.14495
1.725	0.27	2.1157
1.725	0.28	2.08666
1.725	0.29	2.05781
1.725	0.3	2.02917
1.725	0.31	2.00072
1.725	0.32	1.97248
1.725	0.33	1.94444
1.725	0.34	1.91659
1.725	0.35	1.88895
1.725	0.36	1.86151
1.725	0.37	1.83427
1.725	0.38	1.80723
1.725	0.39	1.78039
1.725	0.4	1.75375
1.725	0.41	1.72731
1.725	0.42	1.70107
1.725	0.43	1.67503
1.725	0.44	1.6492
1.725	0.45	1.62356
1.725	0.46	1.59812
1.725	0.47	1.57289
1.725	0.48	1.54785
1.725	0.49	1.52302
1.725	0.5	1.49839
1.725	0.51	1.47395
1.725	0.52	1.44972
1.725	0.53	1.42569
1.725	0.54	1.40186
1.725	0.55	1.37823
1.725	0.56	1.3548
1.725	0.57	1.33157
1.725	0.58	1.30854
1.725	0.59	1.28571
1.725	0.6	1.26309
1.725	0.61	1.24066
1.725	0.62	1.21844
1.725	0.63	1.19641
1.725	0.64	1.17459
1.725	0.65	1.15296
1.725	0.66	1.13154
1.725	0.67	1.11032
1.725	0.68	1.0893
1.725	0.69	1.06848
1.725	0.7	1.04786
1.725	0.71	1.02744
1.725	0.72	1.00722
1.725	0.73	0.987205
1.725	0.74	0.967388
1.725	0.75	0.947772
1.725	0.76	0.928357
1.725	0.77	0.909143
1.725	0.78	0.89013
1.725	0.79	0.871317
1.725	0.8	0.852705
1.725	0.81	0.834294
1.725	0.82	0.816084
1.725	0.83	0.798074
1.725	0.84	0.780265
1.725	0.85	0.762657
1.725	0.86	0.74525
1.725	0.87	0.728043
1.725	0.88	0.711038
1.725	0.89	0.694233
1.725	0.9	0.677629
1.725	0.91	0.661225
1.725	0.92	0.645023
1.725	0.93	0.629021
1.725	0.94	0.61322
1.725	0.95	0.597619
1.725	0.96	0.58222
1.725	0.97	0.567021
1.725	0.98	0.552023
1.725	0.99	0.537226
1.725	1	0.522629
1.725	1.01	0.508233
1.725	1.02	0.494038
1.725	1.03	0.480044
1.725	1.04	0.46625
1.725	1.05	0.452657
1.725	1.06	0.439265
1.725	1.07	0.426074
1.725	1.08	0.413083
1.725	1.09	0.400293
1.725	1.1	0.387703
1.725	1.11	0.375315
1.725	1.12	0.363127
1.725	1.13	0.351139
1.725	1.14	0.339353
1.725	1.15	0.327767
1.725	1.16	0.316382
1.725	1.17	0.305197
1.725	1.18	0.294213
1.725	1.19	0.28343
1.725	1.2	0.272847
1.725	1.21	0.262465
1.725	1.22	0.252284
1.725	1.23	0.242303
1.725	1.24	0.232523
1.725	1.25	0.222943
1.725	1.26	0.213564
1.725	1.27	0.204386
1.725	1.28	0.195408
1.725	1.29	0.186631
1.725	1.3	0.178054
1.725	1.31	0.169678
1.725	1.32	0.161503
1.725	1.33	0.153528
1.725	1.34	0.145753
1.725	1.35	0.138179
1.725	1.36	0.130806
1.725	1.37	0.123633
1.725	1.38	0.116661
1.725	1.39	0.109889
1.725	1.4	0.103318
1.725	1.41	0.0969467
1.725	1.42	0.0907763
1.725	1.43	0.0848064
1.725	1.44	0.0790369
1.725	1.45	0.0734679
1.725	1.46	0.0680993
1.725	1.47	0.0629312
1.725	1.48	0.0579635
1.725	1.49	0.0531962
1.725	1.5	0.0486293
1.725	1.51	0.0442628
1.725	1.52	0.0400967
1.725	1.53	0.036131
1.725	1.54	0.0323657
1.725	1.55	0.0288008
1.725	1.56	0.0254362
1.725	1.57	0.0222719
1.725	1.58	0.019308
1.725	1.59	0.0165444
1.725	1.6	0.0139812
1.725	1.61	0.0116183
1.725	1.62	0.0094557
1.725	1.63	0.00749339
1.725	1.64	0.00573137
1.725	1.65	0.00416964
1.725	1.66	0.00280819
1.725	1.67	0.00164702
1.725	1.68	0.000686102
1.725	1.69	-7.45578e-05
1.725	1.7	-0.000634972
1.725	1.71	-0.00099515
1.725	1.72	-0.0011551
1.725	1.73	-0.00111484
1.725	1.74	-0.000874368
1.725	1.75	-0.000433692
1.725	1.76	0.000207178
1.725	1.77	0.00104824
1.725	1.78	0.00208947
1.725	1.79	0.00333088
1.725	1.8	0.00477244
1.725	1.81	0.00641417
1.725	1.82	0.00825603
1.725	1.83	0.010298
1.725	1.84	0.0125402
1.725	1.85	0.0149824
1.725	1.86	0.0176248
1.725	1.87	0.0204672
1.725	1.88	0.0235098
1.725	1.89	0.0267524
1.725	1.9	0.0301952
1.725	1.91	0.033838
1.725	1.92	0.0376808
1.725	1.93	0.0417237
1.725	1.94	0.0459667
1.725	1.95	0.0504097
1.725	1.96	0.0550527
1.725	1.97	0.0598958
1.725	1.98	0.0649389
1.725	1.99	0.0701819
1.725	2	0.075625
1.73	0	2.9929
1.73	0.01	2.95835
1.73	0.02	2.924
1.73	0.03	2.88985
1.73	0.04	2.8559
1.73	0.05	2.82215
1.73	0.06	2.7886
1.73	0.07	2.75525
1.73	0.08	2.7221
1.73	0.09	2.68915
1.73	0.1	2.6564
1.73	0.11	2.62385
1.73	0.12	2.5915
1.73	0.13	2.55935
1.73	0.14	2.5274
1.73	0.15	2.49566
1.73	0.16	2.46411
1.73	0.17	2.43276
1.73	0.18	2.40161
1.73	0.19	2.37066
1.73	0.2	2.33992
1.73	0.21	2.30937
1.73	0.22	2.27902
1.73	0.23	2.24888
1.73	0.24	2.21893
1.73	0.25	2.18918
1.73	0.26	2.15964
1.73	0.27	2.13029
1.73	0.28	2.10115
1.73	0.29	2.07221
1.73	0.3	2.04346
1.73	0.31	2.01492
1.73	0.32	1.98658
1.73	0.33	1.95843
1.73	0.34	1.93049
1.73	0.35	1.90275
1.73	0.36	1.87521
1.73	0.37	1.84787
1.73	0.38	1.82073
1.73	0.39	1.79379
1.73	0.4	1.76705
1.73	0.41	1.74051
1.73	0.42	1.71417
1.73	0.43	1.68804
1.73	0.44	1.6621
1.73	0.45	1.63636
1.73	0.46	1.61083
1.73	0.47	1.58549
1.73	0.48	1.56036
1.73	0.49	1.53542
1.73	0.5	1.51069
1.73	0.51	1.48616
1.73	0.52	1.46183
1.73	0.53	1.4377
1.73	0.54	1.41377
1.73	0.55	1.39004
1.73	0.56	1.36651
1.73	0.57	1.34318
1.73	0.58	1.32005
1.73	0.59	1.29712
1.73	0.6	1.2744
1.73	0.61	1.25187
1.73	0.62	1.22955
1.73	0.63	1.20742
1.73	0.64	1.1855
1.73	0.65	1.16377
1.73	0.66	1.14225
1.73	0.67	1.12093
1.73	0.68	1.09981
1.73	0.69	1.07889
1.73	0.7	1.05817
1.73	0.71	1.03765
1.73	0.72	1.01733
1.73	0.73	0.997217
1.73	0.74	0.977301
1.73	0.75	0.957585
1.73	0.76	0.938071
1.73	0.77	0.918757
1.73	0.78	0.899643
1.73	0.79	0.880731
1.73	0.8	0.862019
1.73	0.81	0.843508
1.73	0.82	0.825198
1.73	0.83	0.807088
1.73	0.84	0.78918
1.73	0.85	0.771472
1.73	0.86	0.753965
1.73	0.87	0.736658
1.73	0.88	0.719553
1.73	0.89	0.702648
1.73	0.9	0.685944
1.73	0.91	0.66944
1.73	0.92	0.653138
1.73	0.93	0.637036
1.73	0.94	0.621135
1.73	0.95	0.605434
1.73	0.96	0.589935
1.73	0.97	0.574636
1.73	0.98	0.559538
1.73	0.99	0.544641
1.73	1	0.529944
1.73	1.01	0.515448
1.73	1.02	0.501153
1.73	1.03	0.487059
1.73	1.04	0.473165
1.73	1.05	0.459472
1.73	1.06	0.445979
1.73	1.07	0.432688
1.73	1.08	0.419597
1.73	1.09	0.406707
1.73	1.1	0.394017
1.73	1.11	0.381529
1.73	1.12	0.36924
1.73	1.13	0.357153
1.73	1.14	0.345266
1.73	1.15	0.33358
1.73	1.16	0.322095
1.73	1.17	0.31081
1.73	1.18	0.299726
1.73	1.19	0.288842
1.73	1.2	0.278159
1.73	1.21	0.267677
1.73	1.22	0.257395
1.73	1.23	0.247314
1.73	1.24	0.237434
1.73	1.25	0.227754
1.73	1.26	0.218275
1.73	1.27	0.208996
1.73	1.28	0.199918
1.73	1.29	0.191041
1.73	1.3	0.182364
1.73	1.31	0.173887
1.73	1.32	0.165611
1.73	1.33	0.157536
1.73	1.34	0.149661
1.73	1.35	0.141987
1.73	1.36	0.134513
1.73	1.37	0.12724
1.73	1.38	0.120167
1.73	1.39	0.113295
1.73	1.4	0.106623
1.73	1.41	0.100152
1.73	1.42	0.0938814
1.73	1.43	0.087811
1.73	1.44	0.0819412
1.73	1.45	0.0762717
1.73	1.46	0.0708027
1.73	1.47	0.0655342
1.73	1.48	0.060466
1.73	1.49	0.0555983
1.73	1.5	0.050931
1.73	1.51	0.046464
1.73	1.52	0.0421975
1.73	1.53	0.0381314
1.73	1.54	0.0342656
1.73	1.55	0.0306001
1.73	1.56	0.0271351
1.73	1.57	0.0238703
1.73	1.58	0.020806
1.73	1.59	0.0179419
1.73	1.6	0.0152782
1.73	1.61	0.0128148
1.73	1.62	0.0105517
1.73	1.63	0.00848886
1.73	1.64	0.00662634
1.73	1.65	0.0049641
1.73	1.66	0.00350214
1.73	1.67	0.00224044
1.73	1.68	0.001179
1.73	1.69	0.000317815
1.73	1.7	-0.000343129
1.73	1.71	-0.000803841
1.73	1.72	-0.00106433
1.73	1.73	-0.00112461
1.73	1.74	-0.000984677
1.73	1.75	-0.000644546
1.73	1.76	-0.000104221
1.73	1.77	0.000636288
1.73	1.78	0.00157697
1.73	1.79	0.00271783
1.73	1.8	0.00405884
1.73	1.81	0.0056
1.73	1.82	0.00734131
1.73	1.83	0.00928275
1.73	1.84	0.0114243
1.73	1.85	0.013766
1.73	1.86	0.0163078
1.73	1.87	0.0190497
1.73	1.88	0.0219917
1.73	1.89	0.0251338
1.73	1.9	0.0284759
1.73	1.91	0.0320181
1.73	1.92	0.0357604
1.73	1.93	0.0397028
1.73	1.94	0.0438452
1.73	1.95	0.0481876
1.73	1.96	0.05273
1.73	1.97	0.0574725
1.73	1.98	0.062415
1.73	1.99	0.0675575
1.73	2	0.0729
1.735	0	3.01022
1.735	0.01	2.97558
1.735	0.02	2.94113
1.735	0.03	2.90688
1.735	0.04	2.87283
1.735	0.05	2.83898
1.735	0.06	2.80533
1.735	0.07	2.77188
1.735	0.08	2.73863
1.735	0.09	2.70558
1.735	0.1	2.67273
1.735	0.11	2.64008
1.735	0.12	2.60764
1.735	0.13	2.57539
1.735	0.14	2.54334
1.735	0.15	2.51149
1.735	0.16	2.47984
1.735	0.17	2.4484
1.735	0.18	2.41715
1.735	0.19	2.3861
1.735	0.2	2.35526
1.735	0.21	2.32461
1.735	0.22	2.29416
1.735	0.23	2.26392
1.735	0.24	2.23387
1.735	0.25	2.20403
1.735	0.26	2.17438
1.735	0.27	2.14494
1.735	0.28	2.11569
1.735	0.29	2.08665
1.735	0.3	2.05781
1.735	0.31	2.02916
1.735	0.32	2.00072
1.735	0.33	1.97248
1.735	0.34	1.94444
1.735	0.35	1.9166
1.735	0.36	1.88896
1.735	0.37	1.86152
1.735	0.38	1.83428
1.735	0.39	1.80724
1.735	0.4	1.7804
1.735	0.41	1.75376
1.735	0.42	1.72733
1.735	0.43	1.70109
1.735	0.44	1.67505
1.735	0.45	1.64922
1.735	0.46	1.62358
1.735	0.47	1.59815
1.735	0.48	1.57291
1.735	0.49	1.54788
1.735	0.5	1.52305
1.735	0.51	1.49842
1.735	0.52	1.47398
1.735	0.53	1.44975
1.735	0.54	1.42572
1.735	0.55	1.40189
1.735	0.56	1.37827
1.735	0.57	1.35484
1.735	0.58	1.33161
1.735	0.59	1.30858
1.735	0.6	1.28576
1.735	0.61	1.26313
1.735	0.62	1.24071
1.735	0.63	1.21848
1.735	0.64	1.19646
1.735	0.65	1.17464
1.735	0.66	1.15301
1.735	0.67	1.13159
1.735	0.68	1.11037
1.735	0.69	1.08935
1.735	0.7	1.06853
1.735	0.71	1.04792
1.735	0.72	1.0275
1.735	0.73	1.00728
1.735	0.74	0.987265
1.735	0.75	0.96745
1.735	0.76	0.947835
1.735	0.77	0.928422
1.735	0.78	0.909208
1.735	0.79	0.890196
1.735	0.8	0.871385
1.735	0.81	0.852774
1.735	0.82	0.834364
1.735	0.83	0.816154
1.735	0.84	0.798146
1.735	0.85	0.780338
1.735	0.86	0.762731
1.735	0.87	0.745325
1.735	0.88	0.728119
1.735	0.89	0.711114
1.735	0.9	0.69431
1.735	0.91	0.677707
1.735	0.92	0.661304
1.735	0.93	0.645102
1.735	0.94	0.629101
1.735	0.95	0.613301
1.735	0.96	0.597702
1.735	0.97	0.582303
1.735	0.98	0.567105
1.735	0.99	0.552107
1.735	1	0.53731
1.735	1.01	0.522715
1.735	1.02	0.508319
1.735	1.03	0.494125
1.735	1.04	0.480131
1.735	1.05	0.466338
1.735	1.06	0.452745
1.735	1.07	0.439354
1.735	1.08	0.426163
1.735	1.09	0.413172
1.735	1.1	0.400383
1.735	1.11	0.387794
1.735	1.12	0.375406
1.735	1.13	0.363218
1.735	1.14	0.351231
1.735	1.15	0.339445
1.735	1.16	0.327859
1.735	1.17	0.316474
1.735	1.18	0.30529
1.735	1.19	0.294306
1.735	1.2	0.283523
1.735	1.21	0.27294
1.735	1.22	0.262558
1.735	1.23	0.252377
1.735	1.24	0.242396
1.735	1.25	0.232616
1.735	1.26	0.223037
1.735	1.27	0.213658
1.735	1.28	0.204479
1.735	1.29	0.195501
1.735	1.3	0.186724
1.735	1.31	0.178147
1.735	1.32	0.169771
1.735	1.33	0.161596
1.735	1.34	0.153621
1.735	1.35	0.145846
1.735	1.36	0.138272
1.735	1.37	0.130898
1.735	1.38	0.123725
1.735	1.39	0.116753
1.735	1.4	0.10998
1.735	1.41	0.103409
1.735	1.42	0.0970375
1.735	1.43	0.0908668
1.735	1.44	0.0848965
1.735	1.45	0.0791266
1.735	1.46	0.0735572
1.735	1.47	0.0681882
1.735	1.48	0.0630196
1.735	1.49	0.0580514
1.735	1.5	0.0532836
1.735	1.51	0.0487162
1.735	1.52	0.0443492
1.735	1.53	0.0401826
1.735	1.54	0.0362163
1.735	1.55	0.0324504
1.735	1.56	0.0288848
1.735	1.57	0.0255196
1.735	1.58	0.0223547
1.735	1.59	0.0193902
1.735	1.6	0.0166259
1.735	1.61	0.014062
1.735	1.62	0.0116984
1.735	1.63	0.00953507
1.735	1.64	0.00757202
1.735	1.65	0.00580925
1.735	1.66	0.00424675
1.735	1.67	0.00288452
1.735	1.68	0.00172254
1.735	1.69	0.000760809
1.735	1.7	-6.85812e-07
1.735	1.71	-0.000561953
1.735	1.72	-0.000923002
1.735	1.73	-0.00108384
1.735	1.74	-0.00104447
1.735	1.75	-0.000804898
1.735	1.76	-0.000365139
1.735	1.77	0.000274804
1.735	1.78	0.00111492
1.735	1.79	0.0021552
1.735	1.8	0.00339564
1.735	1.81	0.00483623
1.735	1.82	0.00647695
1.735	1.83	0.00831781
1.735	1.84	0.0103588
1.735	1.85	0.0125999
1.735	1.86	0.0150411
1.735	1.87	0.0176824
1.735	1.88	0.0205238
1.735	1.89	0.0235653
1.735	1.9	0.0268069
1.735	1.91	0.0302485
1.735	1.92	0.0338902
1.735	1.93	0.0377319
1.735	1.94	0.0417737
1.735	1.95	0.0460156
1.735	1.96	0.0504574
1.735	1.97	0.0550993
1.735	1.98	0.0599412
1.735	1.99	0.0649831
1.735	2	0.070225
1.74	0	3.0276
1.74	0.01	2.99285
1.74	0.02	2.9583
1.74	0.03	2.92395
1.74	0.04	2.8898
1.74	0.05	2.85586
1.74	0.06	2.82211
1.74	0.07	2.78856
1.74	0.08	2.75521
1.74	0.09	2.72206
1.74	0.1	2.68911
1.74	0.11	2.65637
1.74	0.12	2.62382
1.74	0.13	2.59147
1.74	0.14	2.55932
1.74	0.15	2.52738
1.74	0.16	2.49563
1.74	0.17	2.46408
1.74	0.18	2.43274
1.74	0.19	2.40159
1.74	0.2	2.37064
1.74	0.21	2.3399
1.74	0.22	2.30935
1.74	0.23	2.27901
1.74	0.24	2.24886
1.74	0.25	2.21892
1.74	0.26	2.18917
1.74	0.27	2.15963
1.74	0.28	2.13029
1.74	0.29	2.10114
1.74	0.3	2.0722
1.74	0.31	2.04346
1.74	0.32	2.01492
1.74	0.33	1.98658
1.74	0.34	1.95844
1.74	0.35	1.9305
1.74	0.36	1.90276
1.74	0.37	1.87522
1.74	0.38	1.84788
1.74	0.39	1.82074
1.74	0.4	1.7938
1.74	0.41	1.76706
1.74	0.42	1.74053
1.74	0.43	1.71419
1.74	0.44	1.68806
1.74	0.45	1.66212
1.74	0.46	1.63639
1.74	0.47	1.61085
1.74	0.48	1.58552
1.74	0.49	1.56039
1.74	0.5	1.53545
1.74	0.51	1.51072
1.74	0.52	1.48619
1.74	0.53	1.46186
1.74	0.54	1.43773
1.74	0.55	1.4138
1.74	0.56	1.39007
1.74	0.57	1.36655
1.74	0.58	1.34322
1.74	0.59	1.32009
1.74	0.6	1.29717
1.74	0.61	1.27444
1.74	0.62	1.25192
1.74	0.63	1.22959
1.74	0.64	1.20747
1.74	0.65	1.18555
1.74	0.66	1.16383
1.74	0.67	1.14231
1.74	0.68	1.12099
1.74	0.69	1.09987
1.74	0.7	1.07895
1.74	0.71	1.05823
1.74	0.72	1.03771
1.74	0.73	1.0174
1.74	0.74	0.99728
1.74	0.75	0.977365
1.74	0.76	0.95765
1.74	0.77	0.938137
1.74	0.78	0.918824
1.74	0.79	0.899711
1.74	0.8	0.8808
1.74	0.81	0.862089
1.74	0.82	0.843579
1.74	0.83	0.82527
1.74	0.84	0.807162
1.74	0.85	0.789254
1.74	0.86	0.771547
1.74	0.87	0.754041
1.74	0.88	0.736735
1.74	0.89	0.719631
1.74	0.9	0.702727
1.74	0.91	0.686023
1.74	0.92	0.669521
1.74	0.93	0.653219
1.74	0.94	0.637118
1.74	0.95	0.621218
1.74	0.96	0.605518
1.74	0.97	0.590019
1.74	0.98	0.574721
1.74	0.99	0.559624
1.74	1	0.544727
1.74	1.01	0.530031
1.74	1.02	0.515536
1.74	1.03	0.501241
1.74	1.04	0.487147
1.74	1.05	0.473254
1.74	1.06	0.459561
1.74	1.07	0.44607
1.74	1.08	0.432779
1.74	1.09	0.419688
1.74	1.1	0.406798
1.74	1.11	0.394109
1.74	1.12	0.381621
1.74	1.13	0.369333
1.74	1.14	0.357246
1.74	1.15	0.345359
1.74	1.16	0.333673
1.74	1.17	0.322188
1.74	1.18	0.310903
1.74	1.19	0.29982
1.74	1.2	0.288936
1.74	1.21	0.278253
1.74	1.22	0.267771
1.74	1.23	0.25749
1.74	1.24	0.247409
1.74	1.25	0.237528
1.74	1.26	0.227848
1.74	1.27	0.218369
1.74	1.28	0.209091
1.74	1.29	0.200012
1.74	1.3	0.191135
1.74	1.31	0.182458
1.74	1.32	0.173981
1.74	1.33	0.165705
1.74	1.34	0.15763
1.74	1.35	0.149755
1.74	1.36	0.14208
1.74	1.37	0.134606
1.74	1.38	0.127333
1.74	1.39	0.12026
1.74	1.4	0.113387
1.74	1.41	0.106715
1.74	1.42	0.100244
1.74	1.43	0.0939725
1.74	1.44	0.0879018
1.74	1.45	0.0820315
1.74	1.46	0.0763616
1.74	1.47	0.0708922
1.74	1.48	0.0656231
1.74	1.49	0.0605545
1.74	1.5	0.0556863
1.74	1.51	0.0510184
1.74	1.52	0.0465509
1.74	1.53	0.0422838
1.74	1.54	0.0382171
1.74	1.55	0.0343507
1.74	1.56	0.0306846
1.74	1.57	0.0272189
1.74	1.58	0.0239535
1.74	1.59	0.0208885
1.74	1.6	0.0180237
1.74	1.61	0.0153593
1.74	1.62	0.0128951
1.74	1.63	0.0106313
1.74	1.64	0.00856771
1.74	1.65	0.00670441
1.74	1.66	0.00504138
1.74	1.67	0.00357861
1.74	1.68	0.00231609
1.74	1.69	0.00125381
1.74	1.7	0.00039177
1.74	1.71	-0.000270053
1.74	1.72	-0.000731661
1.74	1.73	-0.000993057
1.74	1.74	-0.00105425
1.74	1.75	-0.000915241
1.74	1.76	-0.000576047
1.74	1.77	-3.66708e-05
1.74	1.78	0.000702877
1.74	1.79	0.00164259
1.74	1.8	0.00278245
1.74	1.81	0.00412246
1.74	1.82	0.0056626
1.74	1.83	0.00740288
1.74	1.84	0.00934328
1.74	1.85	0.0114838
1.74	1.86	0.0138244
1.74	1.87	0.0163651
1.74	1.88	0.019106
1.74	1.89	0.0220468
1.74	1.9	0.0251878
1.74	1.91	0.0285289
1.74	1.92	0.03207
1.74	1.93	0.0358111
1.74	1.94	0.0397523
1.74	1.95	0.0438935
1.74	1.96	0.0482348
1.74	1.97	0.0527761
1.74	1.98	0.0575174
1.74	1.99	0.0624587
1.74	2	0.0676
1.745	0	3.04503
1.745	0.01	3.01018
1.745	0.02	2.97553
1.745	0.03	2.94108
1.745	0.04	2.90683
1.745	0.05	2.87278
1.745	0.06	2.83894
1.745	0.07	2.80529
1.745	0.08	2.77184
1.745	0.09	2.73859
1.745	0.1	2.70555
1.745	0.11	2.6727
1.745	0.12	2.64005
1.745	0.13	2.60761
1.745	0.14	2.57536
1.745	0.15	2.54331
1.745	0.16	2.51147
1.745	0.17	2.47982
1.745	0.18	2.44837
1.745	0.19	2.41713
1.745	0.2	2.38608
1.745	0.21	2.35524
1.745	0.22	2.32459
1.745	0.23	2.29415
1.745	0.24	2.26391
1.745	0.25	2.23386
1.745	0.26	2.20402
1.745	0.27	2.17438
1.745	0.28	2.14493
1.745	0.29	2.11569
1.745	0.3	2.08665
1.745	0.31	2.05781
1.745	0.32	2.02917
1.745	0.33	2.00073
1.745	0.34	1.97249
1.745	0.35	1.94445
1.745	0.36	1.91661
1.745	0.37	1.88897
1.745	0.38	1.86153
1.745	0.39	1.83429
1.745	0.4	1.80725
1.745	0.41	1.78042
1.745	0.42	1.75378
1.745	0.43	1.72735
1.745	0.44	1.70111
1.745	0.45	1.67508
1.745	0.46	1.64924
1.745	0.47	1.62361
1.745	0.48	1.59818
1.745	0.49	1.57294
1.745	0.5	1.54791
1.745	0.51	1.52308
1.745	0.52	1.49845
1.745	0.53	1.47402
1.745	0.54	1.44979
1.745	0.55	1.42576
1.745	0.56	1.40193
1.745	0.57	1.37831
1.745	0.58	1.35488
1.745	0.59	1.33165
1.745	0.6	1.30863
1.745	0.61	1.2858
1.745	0.62	1.26318
1.745	0.63	1.24076
1.745	0.64	1.21853
1.745	0.65	1.19651
1.745	0.66	1.17469
1.745	0.67	1.15307
1.745	0.68	1.13165
1.745	0.69	1.11043
1.745	0.7	1.08941
1.745	0.71	1.06859
1.745	0.72	1.04798
1.745	0.73	1.02756
1.745	0.74	1.00735
1.745	0.75	0.98733
1.745	0.76	0.967516
1.745	0.77	0.947903
1.745	0.78	0.92849
1.745	0.79	0.909278
1.745	0.8	0.890267
1.745	0.81	0.871456
1.745	0.82	0.852847
1.745	0.83	0.834438
1.745	0.84	0.816229
1.745	0.85	0.798222
1.745	0.86	0.780415
1.745	0.87	0.762809
1.745	0.88	0.745403
1.745	0.89	0.728199
1.745	0.9	0.711195
1.745	0.91	0.694391
1.745	0.92	0.677789
1.745	0.93	0.661387
1.745	0.94	0.645186
1.745	0.95	0.629186
1.745	0.96	0.613386
1.745	0.97	0.597787
1.745	0.98	0.582389
1.745	0.99	0.567192
1.745	1	0.552195
1.745	1.01	0.537399
1.745	1.02	0.522803
1.745	1.03	0.508409
1.745	1.04	0.494215
1.745	1.05	0.480221
1.745	1.06	0.466429
1.745	1.07	0.452837
1.745	1.08	0.439446
1.745	1.09	0.426255
1.745	1.1	0.413265
1.745	1.11	0.400476
1.745	1.12	0.387887
1.745	1.13	0.375499
1.745	1.14	0.363312
1.745	1.15	0.351325
1.745	1.16	0.339539
1.745	1.17	0.327954
1.745	1.18	0.316569
1.745	1.19	0.305385
1.745	1.2	0.294401
1.745	1.21	0.283618
1.745	1.22	0.273035
1.745	1.23	0.262654
1.745	1.24	0.252472
1.745	1.25	0.242492
1.745	1.26	0.232712
1.745	1.27	0.223132
1.745	1.28	0.213753
1.745	1.29	0.204575
1.745	1.3	0.195597
1.745	1.31	0.186819
1.745	1.32	0.178242
1.745	1.33	0.169866
1.745	1.34	0.16169
1.745	1.35	0.153715
1.745	1.36	0.14594
1.745	1.37	0.138366
1.745	1.38	0.130992
1.745	1.39	0.123818
1.745	1.4	0.116845
1.745	1.41	0.110073
1.745	1.42	0.103501
1.745	1.43	0.0971293
1.745	1.44	0.0909581
1.745	1.45	0.0849874
1.745	1.46	0.0792171
1.745	1.47	0.0736472
1.745	1.48	0.0682777
1.745	1.49	0.0631085
1.745	1.5	0.0581398
1.745	1.51	0.0533715
1.745	1.52	0.0488035
1.745	1.53	0.0444359
1.745	1.54	0.0402687
1.745	1.55	0.0363018
1.745	1.56	0.0325352
1.745	1.57	0.028969
1.745	1.58	0.0256031
1.745	1.59	0.0224375
1.745	1.6	0.0194722
1.745	1.61	0.0167073
1.745	1.62	0.0141426
1.745	1.63	0.0117782
1.745	1.64	0.00961409
1.745	1.65	0.00765024
1.745	1.66	0.00588666
1.745	1.67	0.00432333
1.745	1.68	0.00296025
1.745	1.69	0.00179741
1.745	1.7	0.0008348
1.745	1.71	7.24041e-05
1.745	1.72	-0.000489779
1.745	1.73	-0.000851753
1.745	1.74	-0.00101352
1.745	1.75	-0.000975098
1.745	1.76	-0.000736488
1.745	1.77	-0.000297697
1.745	1.78	0.000341262
1.745	1.79	0.00118038
1.745	1.8	0.00221965
1.745	1.81	0.00345906
1.745	1.82	0.00489861
1.745	1.83	0.00653828
1.745	1.84	0.00837808
1.745	1.85	0.010418
1.745	1.86	0.012658
1.745	1.87	0.0150981
1.745	1.88	0.0177383
1.745	1.89	0.0205786
1.745	1.9	0.023619
1.745	1.91	0.0268594
1.745	1.92	0.0302999
1.745	1.93	0.0339404
1.745	1.94	0.037781
1.745	1.95	0.0418216
1.745	1.96	0.0460623
1.745	1.97	0.0505029
1.745	1.98	0.0551436
1.745	1.99	0.0599843
1.745	2	0.065025
1.75	0	3.0625
1.75	0.01	3.02755
1.75	0.02	2.99281
1.75	0.03	2.95826
1.75	0.04	2.92391
1.75	0.05	2.88976
1.75	0.06	2.85582
1.75	0.07	2.82207
1.75	0.08	2.78852
1.75	0.09	2.75518
1.75	0.1	2.72203
1.75	0.11	2.68908
1.75	0.12	2.65634
1.75	0.13	2.62379
1.75	0.14	2.59144
1.75	0.15	2.5593
1.75	0.16	2.52735
1.75	0.17	2.49561
1.75	0.18	2.46406
1.75	0.19	2.43272
1.75	0.2	2.40157
1.75	0.21	2.37063
1.75	0.22	2.33988
1.75	0.23	2.30934
1.75	0.24	2.279
1.75	0.25	2.24885
1.75	0.26	2.21891
1.75	0.27	2.18917
1.75	0.28	2.15963
1.75	0.29	2.13029
1.75	0.3	2.10114
1.75	0.31	2.0722
1.75	0.32	2.04346
1.75	0.33	2.01492
1.75	0.34	1.98658
1.75	0.35	1.95844
1.75	0.36	1.93051
1.75	0.37	1.90277
1.75	0.38	1.87523
1.75	0.39	1.84789
1.75	0.4	1.82076
1.75	0.41	1.79382
1.75	0.42	1.76708
1.75	0.43	1.74055
1.75	0.44	1.71421
1.75	0.45	1.68808
1.75	0.46	1.66215
1.75	0.47	1.63641
1.75	0.48	1.61088
1.75	0.49	1.58555
1.75	0.5	1.56042
1.75	0.51	1.53549
1.75	0.52	1.51076
1.75	0.53	1.48623
1.75	0.54	1.4619
1.75	0.55	1.43777
1.75	0.56	1.41384
1.75	0.57	1.39012
1.75	0.58	1.36659
1.75	0.59	1.34326
1.75	0.6	1.32014
1.75	0.61	1.29722
1.75	0.62	1.27449
1.75	0.63	1.25197
1.75	0.64	1.22965
1.75	0.65	1.20752
1.75	0.66	1.1856
1.75	0.67	1.16388
1.75	0.68	1.14236
1.75	0.69	1.12104
1.75	0.7	1.09993
1.75	0.71	1.07901
1.75	0.72	1.05829
1.75	0.73	1.03778
1.75	0.74	1.01746
1.75	0.75	0.997346
1.75	0.76	0.977432
1.75	0.77	0.957719
1.75	0.78	0.938207
1.75	0.79	0.918895
1.75	0.8	0.899784
1.75	0.81	0.880873
1.75	0.82	0.862164
1.75	0.83	0.843655
1.75	0.84	0.825347
1.75	0.85	0.807239
1.75	0.86	0.789332
1.75	0.87	0.771626
1.75	0.88	0.754121
1.75	0.89	0.736816
1.75	0.9	0.719713
1.75	0.91	0.702809
1.75	0.92	0.686107
1.75	0.93	0.669605
1.75	0.94	0.653304
1.75	0.95	0.637204
1.75	0.96	0.621304
1.75	0.97	0.605605
1.75	0.98	0.590107
1.75	0.99	0.574809
1.75	1	0.559713
1.75	1.01	0.544817
1.75	1.02	0.530121
1.75	1.03	0.515626
1.75	1.04	0.501332
1.75	1.05	0.487239
1.75	1.06	0.473346
1.75	1.07	0.459654
1.75	1.08	0.446163
1.75	1.09	0.432872
1.75	1.1	0.419782
1.75	1.11	0.406892
1.75	1.12	0.394204
1.75	1.13	0.381715
1.75	1.14	0.369428
1.75	1.15	0.357341
1.75	1.16	0.345455
1.75	1.17	0.333769
1.75	1.18	0.322284
1.75	1.19	0.311
1.75	1.2	0.299916
1.75	1.21	0.289032
1.75	1.22	0.27835
1.75	1.23	0.267868
1.75	1.24	0.257586
1.75	1.25	0.247505
1.75	1.26	0.237625
1.75	1.27	0.227945
1.75	1.28	0.218465
1.75	1.29	0.209187
1.75	1.3	0.200108
1.75	1.31	0.191231
1.75	1.32	0.182553
1.75	1.33	0.174077
1.75	1.34	0.165801
1.75	1.35	0.157725
1.75	1.36	0.14985
1.75	1.37	0.142175
1.75	1.38	0.134701
1.75	1.39	0.127427
1.75	1.4	0.120353
1.75	1.41	0.113481
1.75	1.42	0.106808
1.75	1.43	0.100336
1.75	1.44	0.0940644
1.75	1.45	0.0879933
1.75	1.46	0.0821225
1.75	1.47	0.0764521
1.75	1.48	0.0709822
1.75	1.49	0.0657126
1.75	1.5	0.0606434
1.75	1.51	0.0557746
1.75	1.52	0.0511062
1.75	1.53	0.0466381
1.75	1.54	0.0423703
1.75	1.55	0.0383029
1.75	1.56	0.0344358
1.75	1.57	0.0307691
1.75	1.58	0.0273027
1.75	1.59	0.0240366
1.75	1.6	0.0209708
1.75	1.61	0.0181053
1.75	1.62	0.0154401
1.75	1.63	0.0129751
1.75	1.64	0.0107105
1.75	1.65	0.00864608
1.75	1.66	0.00678195
1.75	1.67	0.00511807
1.75	1.68	0.00365443
1.75	1.69	0.00239102
1.75	1.7	0.00132784
1.75	1.71	0.000464874
1.75	1.72	-0.000197887
1.75	1.73	-0.000660438
1.75	1.74	-0.000922788
1.75	1.75	-0.000984945
1.75	1.76	-0.000846918
1.75	1.77	-0.000508714
1.75	1.78	2.96574e-05
1.75	1.79	0.000768184
1.75	1.8	0.00170686
1.75	1.81	0.00284567
1.75	1.82	0.00418462
1.75	1.83	0.0057237
1.75	1.84	0.00746289
1.75	1.85	0.0094022
1.75	1.86	0.0115416
1.75	1.87	0.0138811
1.75	1.88	0.0164207
1.75	1.89	0.0191604
1.75	1.9	0.0221001
1.75	1.91	0.0252399
1.75	1.92	0.0285798
1.75	1.93	0.0321197
1.75	1.94	0.0358597
1.75	1.95	0.0397997
1.75	1.96	0.0439397
1.75	1.97	0.0482798
1.75	1.98	0.0528199
1.75	1.99	0.0575599
1.75	2	0.0625
1.755	0	3.08002
1.755	0.01	3.04498
1.755	0.02	3.01013
1.755	0.03	2.97549
1.755	0.04	2.94104
1.755	0.05	2.90679
1.755	0.06	2.87275
1.755	0.07	2.8389
1.755	0.08	2.80525
1.755	0.09	2.77181
1.755	0.1	2.73856
1.755	0.11	2.70552
1.755	0.12	2.67267
1.755	0.13	2.64002
1.755	0.14	2.60758
1.755	0.15	2.57533
1.755	0.16	2.54329
1.755	0.17	2.51144
1.755	0.18	2.4798
1.755	0.19	2.44836
1.755	0.2	2.41711
1.755	0.21	2.38607
1.755	0.22	2.35523
1.755	0.23	2.32458
1.755	0.24	2.29414
1.755	0.25	2.2639
1.755	0.26	2.23386
1.755	0.27	2.20401
1.755	0.28	2.17437
1.755	0.29	2.14493
1.755	0.3	2.11569
1.755	0.31	2.08665
1.755	0.32	2.05781
1.755	0.33	2.02917
1.755	0.34	2.00073
1.755	0.35	1.97249
1.755	0.36	1.94446
1.755	0.37	1.91662
1.755	0.38	1.88898
1.755	0.39	1.86154
1.755	0.4	1.83431
1.755	0.41	1.80727
1.755	0.42	1.78044
1.755	0.43	1.7538
1.755	0.44	1.72737
1.755	0.45	1.70114
1.755	0.46	1.6751
1.755	0.47	1.64927
1.755	0.48	1.62364
1.755	0.49	1.59821
1.755	0.5	1.57298
1.755	0.51	1.54795
1.755	0.52	1.52312
1.755	0.53	1.49849
1.755	0.54	1.47406
1.755	0.55	1.44983
1.755	0.56	1.4258
1.755	0.57	1.40198
1.755	0.58	1.37835
1.755	0.59	1.35493
1.755	0.6	1.3317
1.755	0.61	1.30868
1.755	0.62	1.28586
1.755	0.63	1.26323
1.755	0.64	1.24081
1.755	0.65	1.21859
1.755	0.66	1.19657
1.755	0.67	1.17475
1.755	0.68	1.15313
1.755	0.69	1.13171
1.755	0.7	1.11049
1.755	0.71	1.08948
1.755	0.72	1.06866
1.755	0.73	1.04804
1.755	0.74	1.02763
1.755	0.75	1.00741
1.755	0.76	0.9874
1.755	0.77	0.967587
1.755	0.78	0.947974
1.755	0.79	0.928563
1.755	0.8	0.909352
1.755	0.81	0.890342
1.755	0.82	0.871532
1.755	0.83	0.852923
1.755	0.84	0.834515
1.755	0.85	0.816308
1.755	0.86	0.798301
1.755	0.87	0.780495
1.755	0.88	0.76289
1.755	0.89	0.745486
1.755	0.9	0.728282
1.755	0.91	0.711279
1.755	0.92	0.694476
1.755	0.93	0.677875
1.755	0.94	0.661474
1.755	0.95	0.645273
1.755	0.96	0.629274
1.755	0.97	0.613475
1.755	0.98	0.597876
1.755	0.99	0.582479
1.755	1	0.567282
1.755	1.01	0.552286
1.755	1.02	0.53749
1.755	1.03	0.522895
1.755	1.04	0.508501
1.755	1.05	0.494308
1.755	1.06	0.480315
1.755	1.07	0.466523
1.755	1.08	0.452931
1.755	1.09	0.43954
1.755	1.1	0.42635
1.755	1.11	0.41336
1.755	1.12	0.400571
1.755	1.13	0.387983
1.755	1.14	0.375595
1.755	1.15	0.363408
1.755	1.16	0.351422
1.755	1.17	0.339636
1.755	1.18	0.328051
1.755	1.19	0.316666
1.755	1.2	0.305482
1.755	1.21	0.294498
1.755	1.22	0.283715
1.755	1.23	0.273133
1.755	1.24	0.262751
1.755	1.25	0.25257
1.755	1.26	0.242589
1.755	1.27	0.232809
1.755	1.28	0.223229
1.755	1.29	0.21385
1.755	1.3	0.204671
1.755	1.31	0.195693
1.755	1.32	0.186916
1.755	1.33	0.178339
1.755	1.34	0.169962
1.755	1.35	0.161786
1.755	1.36	0.15381
1.755	1.37	0.146035
1.755	1.38	0.138461
1.755	1.39	0.131086
1.755	1.4	0.123913
1.755	1.41	0.116939
1.755	1.42	0.110166
1.755	1.43	0.103594
1.755	1.44	0.0972218
1.755	1.45	0.0910502
1.755	1.46	0.0850789
1.755	1.47	0.0793081
1.755	1.48	0.0737377
1.755	1.49	0.0683676
1.755	1.5	0.0631979
1.755	1.51	0.0582286
1.755	1.52	0.0534597
1.755	1.53	0.0488911
1.755	1.54	0.0445228
1.755	1.55	0.0403549
1.755	1.56	0.0363873
1.755	1.57	0.03262
1.755	1.58	0.0290531
1.755	1.59	0.0256864
1.755	1.6	0.0225201
1.755	1.61	0.019554
1.755	1.62	0.0167883
1.755	1.63	0.0142228
1.755	1.64	0.0118576
1.755	1.65	0.0096926
1.755	1.66	0.00772789
1.755	1.67	0.00596344
1.755	1.68	0.00439922
1.755	1.69	0.00303524
1.755	1.7	0.00187147
1.755	1.71	0.000907913
1.755	1.72	0.000144561
1.755	1.73	-0.000418584
1.755	1.74	-0.000781532
1.755	1.75	-0.00094429
1.755	1.76	-0.000906867
1.755	1.77	-0.000669269
1.755	1.78	-0.000231508
1.755	1.79	0.000406407
1.755	1.8	0.00124439
1.755	1.81	0.00228258
1.755	1.82	0.00352092
1.755	1.83	0.00495938
1.755	1.84	0.00659795
1.755	1.85	0.00843664
1.755	1.86	0.0104754
1.755	1.87	0.0127143
1.755	1.88	0.0151533
1.755	1.89	0.0177923
1.755	1.9	0.0206314
1.755	1.91	0.0236706
1.755	1.92	0.0269099
1.755	1.93	0.0303492
1.755	1.94	0.0339885
1.755	1.95	0.0378279
1.755	1.96	0.0418673
1.755	1.97	0.0461067
1.755	1.98	0.0505461
1.755	1.99	0.0551856
1.755	2	0.060025
1.76	0	3.0976
1.76	0.01	3.06245
1.76	0.02	3.02751
1.76	0.03	2.99276
1.76	0.04	2.95822
1.76	0.05	2.92387
1.76	0.06	2.88973
1.76	0.07	2.85578
1.76	0.08	2.82203
1.76	0.09	2.78849
1.76	0.1	2.75514
1.76	0.11	2.722
1.76	0.12	2.68905
1.76	0.13	2.65631
1.76	0.14	2.62376
1.76	0.15	2.59142
1.76	0.16	2.55928
1.76	0.17	2.52733
1.76	0.18	2.49559
1.76	0.19	2.46405
1.76	0.2	2.4327
1.76	0.21	2.40156
1.76	0.22	2.37062
1.76	0.23	2.33987
1.76	0.24	2.30933
1.76	0.25	2.27899
1.76	0.26	2.24885
1.76	0.27	2.21891
1.76	0.28	2.18917
1.76	0.29	2.15963
1.76	0.3	2.13029
1.76	0.31	2.10115
1.76	0.32	2.07221
1.76	0.33	2.04347
1.76	0.34	2.01493
1.76	0.35	1.98659
1.76	0.36	1.95846
1.76	0.37	1.93052
1.76	0.38	1.90278
1.76	0.39	1.87525
1.76	0.4	1.84791
1.76	0.41	1.82078
1.76	0.42	1.79384
1.76	0.43	1.76711
1.76	0.44	1.74057
1.76	0.45	1.71424
1.76	0.46	1.68811
1.76	0.47	1.66218
1.76	0.48	1.63645
1.76	0.49	1.61091
1.76	0.5	1.58558
1.76	0.51	1.56045
1.76	0.52	1.53553
1.76	0.53	1.5108
1.76	0.54	1.48627
1.76	0.55	1.46194
1.76	0.56	1.43782
1.76	0.57	1.41389
1.76	0.58	1.39016
1.76	0.59	1.36664
1.76	0.6	1.34331
1.76	0.61	1.32019
1.76	0.62	1.29727
1.76	0.63	1.27455
1.76	0.64	1.25202
1.76	0.65	1.2297
1.76	0.66	1.20758
1.76	0.67	1.18566
1.76	0.68	1.16394
1.76	0.69	1.14243
1.76	0.7	1.12111
1.76	0.71	1.09999
1.76	0.72	1.07908
1.76	0.73	1.05836
1.76	0.74	1.03785
1.76	0.75	1.01753
1.76	0.76	0.997417
1.76	0.77	0.977504
1.76	0.78	0.957792
1.76	0.79	0.938281
1.76	0.8	0.91897
1.76	0.81	0.89986
1.76	0.82	0.880951
1.76	0.83	0.862242
1.76	0.84	0.843734
1.76	0.85	0.825427
1.76	0.86	0.80732
1.76	0.87	0.789415
1.76	0.88	0.771709
1.76	0.89	0.754205
1.76	0.9	0.736901
1.76	0.91	0.719798
1.76	0.92	0.702896
1.76	0.93	0.686194
1.76	0.94	0.669693
1.76	0.95	0.653393
1.76	0.96	0.637293
1.76	0.97	0.621394
1.76	0.98	0.605696
1.76	0.99	0.590198
1.76	1	0.574901
1.76	1.01	0.559805
1.76	1.02	0.544909
1.76	1.03	0.530215
1.76	1.04	0.51572
1.76	1.05	0.501427
1.76	1.06	0.487334
1.76	1.07	0.473441
1.76	1.08	0.45975
1.76	1.09	0.446259
1.76	1.1	0.432968
1.76	1.11	0.419879
1.76	1.12	0.406989
1.76	1.13	0.394301
1.76	1.14	0.381813
1.76	1.15	0.369526
1.76	1.16	0.357439
1.76	1.17	0.345553
1.76	1.18	0.333867
1.76	1.19	0.322382
1.76	1.2	0.311098
1.76	1.21	0.300014
1.76	1.22	0.289131
1.76	1.23	0.278448
1.76	1.24	0.267966
1.76	1.25	0.257684
1.76	1.26	0.247603
1.76	1.27	0.237723
1.76	1.28	0.228043
1.76	1.29	0.218563
1.76	1.3	0.209284
1.76	1.31	0.200206
1.76	1.32	0.191328
1.76	1.33	0.182651
1.76	1.34	0.174174
1.76	1.35	0.165897
1.76	1.36	0.157821
1.76	1.37	0.149946
1.76	1.38	0.142271
1.76	1.39	0.134796
1.76	1.4	0.127522
1.76	1.41	0.120448
1.76	1.42	0.113575
1.76	1.43	0.106902
1.76	1.44	0.100429
1.76	1.45	0.0941571
1.76	1.46	0.0880854
1.76	1.47	0.0822141
1.76	1.48	0.0765432
1.76	1.49	0.0710726
1.76	1.5	0.0658025
1.76	1.51	0.0607327
1.76	1.52	0.0558632
1.76	1.53	0.0511941
1.76	1.54	0.0467253
1.76	1.55	0.0424569
1.76	1.56	0.0383888
1.76	1.57	0.034521
1.76	1.58	0.0308535
1.76	1.59	0.0273863
1.76	1.6	0.0241194
1.76	1.61	0.0210528
1.76	1.62	0.0181865
1.76	1.63	0.0155204
1.76	1.64	0.0130547
1.76	1.65	0.0107891
1.76	1.66	0.00872386
1.76	1.67	0.00685883
1.76	1.68	0.00519404
1.76	1.69	0.00372947
1.76	1.7	0.00246512
1.76	1.71	0.00140097
1.76	1.72	0.000537025
1.76	1.73	-0.000126715
1.76	1.74	-0.00059026
1.76	1.75	-0.00085362
1.76	1.76	-0.000916801
1.76	1.77	-0.000779811
1.76	1.78	-0.000442659
1.76	1.79	9.46431e-05
1.76	1.8	0.000832087
1.76	1.81	0.00176967
1.76	1.82	0.00290738
1.76	1.83	0.00424521
1.76	1.84	0.00578316
1.76	1.85	0.00752121
1.76	1.86	0.00945937
1.76	1.87	0.0115976
1.76	1.88	0.013936
1.76	1.89	0.0164744
1.76	1.9	0.0192128
1.76	1.91	0.0221514
1.76	1.92	0.02529
1.76	1.93	0.0286287
1.76	1.94	0.0321674
1.76	1.95	0.0359061
1.76	1.96	0.0398448
1.76	1.97	0.0439836
1.76	1.98	0.0483224
1.76	1.99	0.0528612
1.76	2	0.0576
1.765	0	3.11523
1.765	0.01	3.07998
1.765	0.02	3.04493
1.765	0.03	3.01009
1.765	0.04	2.97544
1.765	0.05	2.941
1.765	0.06	2.90675
1.765	0.07	2.87271
1.765	0.08	2.83887
1.765	0.09	2.80522
1.765	0.1	2.77178
1.765	0.11	2.73853
1.765	0.12	2.70549
1.765	0.13	2.67264
1.765	0.14	2.64
1.765	0.15	2.60756
1.765	0.16	2.57531
1.765	0.17	2.54327
1.765	0.18	2.51143
1.765	0.19	2.47978
1.765	0.2	2.44834
1.765	0.21	2.4171
1.765	0.22	2.38606
1.765	0.23	2.35522
1.765	0.24	2.32458
1.765	0.25	2.29413
1.765	0.26	2.26389
1.765	0.27	2.23385
1.765	0.28	2.20401
1.765	0.29	2.17437
1.765	0.3	2.14493
1.765	0.31	2.1157
1.765	0.32	2.08666
1.765	0.33	2.05782
1.765	0.34	2.02918
1.765	0.35	2.00074
1.765	0.36	1.97251
1.765	0.37	1.94447
1.765	0.38	1.91664
1.765	0.39	1.889
1.765	0.4	1.86157
1.765	0.41	1.83433
1.765	0.42	1.8073
1.765	0.43	1.78046
1.765	0.44	1.75383
1.765	0.45	1.7274
1.765	0.46	1.70117
1.765	0.47	1.67513
1.765	0.48	1.6493
1.765	0.49	1.62367
1.765	0.5	1.59824
1.765	0.51	1.57301
1.765	0.52	1.54799
1.765	0.53	1.52316
1.765	0.54	1.49853
1.765	0.55	1.4741
1.765	0.56	1.44988
1.765	0.57	1.42585
1.765	0.58	1.40203
1.765	0.59	1.3784
1.765	0.6	1.35498
1.765	0.61	1.33176
1.765	0.62	1.30873
1.765	0.63	1.28591
1.765	0.64	1.26329
1.765	0.65	1.24087
1.765	0.66	1.21865
1.765	0.67	1.19663
1.765	0.68	1.17481
1.765	0.69	1.15319
1.765	0.7	1.13178
1.765	0.71	1.11056
1.765	0.72	1.08954
1.765	0.73	1.06873
1.765	0.74	1.04811
1.765	0.75	1.0277
1.765	0.76	1.00749
1.765	0.77	0.987473
1.765	0.78	0.967661
1.765	0.79	0.94805
1.765	0.8	0.92864
1.765	0.81	0.90943
1.765	0.82	0.890421
1.765	0.83	0.871612
1.765	0.84	0.853004
1.765	0.85	0.834597
1.765	0.86	0.816391
1.765	0.87	0.798385
1.765	0.88	0.78058
1.765	0.89	0.762976
1.765	0.9	0.745572
1.765	0.91	0.728369
1.765	0.92	0.711366
1.765	0.93	0.694565
1.765	0.94	0.677964
1.765	0.95	0.661564
1.765	0.96	0.645364
1.765	0.97	0.629365
1.765	0.98	0.613567
1.765	0.99	0.597969
1.765	1	0.582572
1.765	1.01	0.567376
1.765	1.02	0.55238
1.765	1.03	0.537585
1.765	1.04	0.522991
1.765	1.05	0.508597
1.765	1.06	0.494404
1.765	1.07	0.480411
1.765	1.08	0.46662
1.765	1.09	0.453028
1.765	1.1	0.439638
1.765	1.11	0.426448
1.765	1.12	0.413459
1.765	1.13	0.40067
1.765	1.14	0.388082
1.765	1.15	0.375694
1.765	1.16	0.363507
1.765	1.17	0.351521
1.765	1.18	0.339735
1.765	1.19	0.32815
1.765	1.2	0.316765
1.765	1.21	0.305581
1.765	1.22	0.294598
1.765	1.23	0.283815
1.765	1.24	0.273232
1.765	1.25	0.26285
1.765	1.26	0.252669
1.765	1.27	0.242688
1.765	1.28	0.232908
1.765	1.29	0.223328
1.765	1.3	0.213949
1.765	1.31	0.20477
1.765	1.32	0.195791
1.765	1.33	0.187014
1.765	1.34	0.178436
1.765	1.35	0.170059
1.765	1.36	0.161883
1.765	1.37	0.153907
1.765	1.38	0.146132
1.765	1.39	0.138556
1.765	1.4	0.131182
1.765	1.41	0.124008
1.765	1.42	0.117034
1.765	1.43	0.11026
1.765	1.44	0.103688
1.765	1.45	0.097315
1.765	1.46	0.0911428
1.765	1.47	0.085171
1.765	1.48	0.0793996
1.765	1.49	0.0738286
1.765	1.5	0.0684579
1.765	1.51	0.0632876
1.765	1.52	0.0583176
1.765	1.53	0.053548
1.765	1.54	0.0489787
1.765	1.55	0.0446097
1.765	1.56	0.040441
1.765	1.57	0.0364727
1.765	1.58	0.0327046
1.765	1.59	0.0291369
1.765	1.6	0.0257694
1.765	1.61	0.0226023
1.765	1.62	0.0196354
1.765	1.63	0.0168688
1.765	1.64	0.0143024
1.765	1.65	0.0119363
1.765	1.66	0.00977044
1.765	1.67	0.00780482
1.765	1.68	0.00603943
1.765	1.69	0.00447426
1.765	1.7	0.00310931
1.765	1.71	0.00194456
1.765	1.72	0.000980011
1.765	1.73	0.000215662
1.765	1.74	-0.000348498
1.765	1.75	-0.000712476
1.765	1.76	-0.00087628
1.765	1.77	-0.000839917
1.765	1.78	-0.000603396
1.765	1.79	-0.000166726
1.765	1.8	0.000470085
1.765	1.81	0.00130703
1.765	1.82	0.0023441
1.765	1.83	0.00358129
1.765	1.84	0.0050186
1.765	1.85	0.00665601
1.765	1.86	0.00849352
1.765	1.87	0.0105311
1.765	1.88	0.0127688
1.765	1.89	0.0152066
1.765	1.9	0.0178444
1.765	1.91	0.0206823
1.765	1.92	0.0237203
1.765	1.93	0.0269582
1.765	1.94	0.0303963
1.765	1.95	0.0340344
1.765	1.96	0.0378725
1.765	1.97	0.0419106
1.765	1.98	0.0461487
1.765	1.99	0.0505869
1.765	2	0.055225
1.77	0	3.1329
1.77	0.01	3.09756
1.77	0.02	3.06241
1.77	0.03	3.02747
1.77	0.04	2.99272
1.77	0.05	2.95818
1.77	0.06	2.92383
1.77	0.07	2.88969
1.77	0.08	2.85575
1.77	0.09	2.822
1.77	0.1	2.78846
1.77	0.11	2.75512
1.77	0.12	2.72197
1.77	0.13	2.68903
1.77	0.14	2.65629
1.77	0.15	2.62374
1.77	0.16	2.5914
1.77	0.17	2.55926
1.77	0.18	2.52732
1.77	0.19	2.49557
1.77	0.2	2.46403
1.77	0.21	2.43269
1.77	0.22	2.40155
1.77	0.23	2.37061
1.77	0.24	2.33987
1.77	0.25	2.30933
1.77	0.26	2.27899
1.77	0.27	2.24885
1.77	0.28	2.21891
1.77	0.29	2.18917
1.77	0.3	2.15963
1.77	0.31	2.13029
1.77	0.32	2.10116
1.77	0.33	2.07222
1.77	0.34	2.04348
1.77	0.35	2.01495
1.77	0.36	1.98661
1.77	0.37	1.95847
1.77	0.38	1.93054
1.77	0.39	1.9028
1.77	0.4	1.87527
1.77	0.41	1.84793
1.77	0.42	1.8208
1.77	0.43	1.79387
1.77	0.44	1.76714
1.77	0.45	1.7406
1.77	0.46	1.71427
1.77	0.47	1.68814
1.77	0.48	1.66221
1.77	0.49	1.63648
1.77	0.5	1.61095
1.77	0.51	1.58562
1.77	0.52	1.5605
1.77	0.53	1.53557
1.77	0.54	1.51084
1.77	0.55	1.48632
1.77	0.56	1.46199
1.77	0.57	1.43786
1.77	0.58	1.41394
1.77	0.59	1.39022
1.77	0.6	1.36669
1.77	0.61	1.34337
1.77	0.62	1.32025
1.77	0.63	1.29733
1.77	0.64	1.2746
1.77	0.65	1.25208
1.77	0.66	1.22977
1.77	0.67	1.20765
1.77	0.68	1.18573
1.77	0.69	1.16401
1.77	0.7	1.14249
1.77	0.71	1.12118
1.77	0.72	1.10006
1.77	0.73	1.07915
1.77	0.74	1.05843
1.77	0.75	1.03792
1.77	0.76	1.0176
1.77	0.77	0.997492
1.77	0.78	0.977581
1.77	0.79	0.95787
1.77	0.8	0.938359
1.77	0.81	0.919049
1.77	0.82	0.89994
1.77	0.83	0.881032
1.77	0.84	0.862324
1.77	0.85	0.843817
1.77	0.86	0.825511
1.77	0.87	0.807405
1.77	0.88	0.7895
1.77	0.89	0.771796
1.77	0.9	0.754293
1.77	0.91	0.73699
1.77	0.92	0.719887
1.77	0.93	0.702986
1.77	0.94	0.686285
1.77	0.95	0.669784
1.77	0.96	0.653485
1.77	0.97	0.637386
1.77	0.98	0.621487
1.77	0.99	0.60579
1.77	1	0.590293
1.77	1.01	0.574996
1.77	1.02	0.559901
1.77	1.03	0.545005
1.77	1.04	0.530311
1.77	1.05	0.515817
1.77	1.06	0.501524
1.77	1.07	0.487431
1.77	1.08	0.473539
1.77	1.09	0.459848
1.77	1.1	0.446357
1.77	1.11	0.433067
1.77	1.12	0.419978
1.77	1.13	0.407089
1.77	1.14	0.3944
1.77	1.15	0.381913
1.77	1.16	0.369626
1.77	1.17	0.357539
1.77	1.18	0.345653
1.77	1.19	0.333967
1.77	1.2	0.322483
1.77	1.21	0.311198
1.77	1.22	0.300114
1.77	1.23	0.289231
1.77	1.24	0.278548
1.77	1.25	0.268066
1.77	1.26	0.257784
1.77	1.27	0.247703
1.77	1.28	0.237823
1.77	1.29	0.228142
1.77	1.3	0.218663
1.77	1.31	0.209384
1.77	1.32	0.200305
1.77	1.33	0.191427
1.77	1.34	0.182749
1.77	1.35	0.174272
1.77	1.36	0.165995
1.77	1.37	0.157918
1.77	1.38	0.150043
1.77	1.39	0.142367
1.77	1.4	0.134892
1.77	1.41	0.127617
1.77	1.42	0.120543
1.77	1.43	0.113669
1.77	1.44	0.106996
1.77	1.45	0.100523
1.77	1.46	0.0942502
1.77	1.47	0.0881779
1.77	1.48	0.082306
1.77	1.49	0.0766345
1.77	1.5	0.0711633
1.77	1.51	0.0658925
1.77	1.52	0.060822
1.77	1.53	0.0559518
1.77	1.54	0.051282
1.77	1.55	0.0468125
1.77	1.56	0.0425433
1.77	1.57	0.0384744
1.77	1.58	0.0346058
1.77	1.59	0.0309375
1.77	1.6	0.0274695
1.77	1.61	0.0242017
1.77	1.62	0.0211343
1.77	1.63	0.0182671
1.77	1.64	0.0156002
1.77	1.65	0.0131335
1.77	1.66	0.010867
1.77	1.67	0.00880082
1.77	1.68	0.00693483
1.77	1.69	0.00526907
1.77	1.7	0.00380351
1.77	1.71	0.00253816
1.77	1.72	0.001473
1.77	1.73	0.000608046
1.77	1.74	-5.67274e-05
1.77	1.75	-0.000521325
1.77	1.76	-0.000785753
1.77	1.77	-0.000850017
1.77	1.78	-0.000714125
1.77	1.79	-0.000378087
1.77	1.8	0.000158089
1.77	1.81	0.000894396
1.77	1.82	0.00183083
1.77	1.83	0.00296738
1.77	1.84	0.00430404
1.77	1.85	0.00584081
1.77	1.86	0.00757767
1.77	1.87	0.00951463
1.77	1.88	0.0116517
1.77	1.89	0.0139888
1.77	1.9	0.016526
1.77	1.91	0.0192632
1.77	1.92	0.0222005
1.77	1.93	0.0253378
1.77	1.94	0.0286752
1.77	1.95	0.0322126
1.77	1.96	0.0359501
1.77	1.97	0.0398876
1.77	1.98	0.044025
1.77	1.99	0.0483625
1.77	2	0.0529
1.775	0	3.15062
1.775	0.01	3.11518
1.775	0.02	3.07994
1.775	0.03	3.04489
1.775	0.04	3.01005
1.775	0.05	2.97541
1.775	0.06	2.94096
1.775	0.07	2.90672
1.775	0.08	2.87268
1.775	0.09	2.83884
1.775	0.1	2.80519
1.775	0.11	2.77175
1.775	0.12	2.73851
1.775	0.13	2.70546
1.775	0.14	2.67262
1.775	0.15	2.63998
1.775	0.16	2.60754
1.775	0.17	2.5753
1.775	0.18	2.54326
1.775	0.19	2.51141
1.775	0.2	2.47977
1.775	0.21	2.44833
1.775	0.22	2.41709
1.775	0.23	2.38605
1.775	0.24	2.35521
1.775	0.25	2.32457
1.775	0.26	2.29413
1.775	0.27	2.26389
1.775	0.28	2.23386
1.775	0.29	2.20402
1.775	0.3	2.17438
1.775	0.31	2.14494
1.775	0.32	2.11571
1.775	0.33	2.08667
1.775	0.34	2.05783
1.775	0.35	2.0292
1.775	0.36	2.00076
1.775	0.37	1.97253
1.775	0.38	1.94449
1.775	0.39	1.91666
1.775	0.4	1.88902
1.775	0.41	1.86159
1.775	0.42	1.83436
1.775	0.43	1.80732
1.775	0.44	1.78049
1.775	0.45	1.75386
1.775	0.46	1.72743
1.775	0.47	1.7012
1.775	0.48	1.67517
1.775	0.49	1.64934
1.775	0.5	1.62371
1.775	0.51	1.59828
1.775	0.52	1.57306
1.775	0.53	1.54803
1.775	0.54	1.5232
1.775	0.55	1.49858
1.775	0.56	1.47415
1.775	0.57	1.44993
1.775	0.58	1.4259
1.775	0.59	1.40208
1.775	0.6	1.37846
1.775	0.61	1.35503
1.775	0.62	1.33181
1.775	0.63	1.30879
1.775	0.64	1.28597
1.775	0.65	1.26335
1.775	0.66	1.24093
1.775	0.67	1.21871
1.775	0.68	1.1967
1.775	0.69	1.17488
1.775	0.7	1.15326
1.775	0.71	1.13185
1.775	0.72	1.11063
1.775	0.73	1.08962
1.775	0.74	1.0688
1.775	0.75	1.04819
1.775	0.76	1.02777
1.775	0.77	1.00756
1.775	0.78	0.987551
1.775	0.79	0.96774
1.775	0.8	0.94813
1.775	0.81	0.92872
1.775	0.82	0.909512
1.775	0.83	0.890503
1.775	0.84	0.871696
1.775	0.85	0.853089
1.775	0.86	0.834683
1.775	0.87	0.816477
1.775	0.88	0.798472
1.775	0.89	0.780668
1.775	0.9	0.763065
1.775	0.91	0.745662
1.775	0.92	0.728459
1.775	0.93	0.711458
1.775	0.94	0.694657
1.775	0.95	0.678057
1.775	0.96	0.661657
1.775	0.97	0.645458
1.775	0.98	0.62946
1.775	0.99	0.613662
1.775	1	0.598065
1.775	1.01	0.582668
1.775	1.02	0.567472
1.775	1.03	0.552477
1.775	1.04	0.537683
1.775	1.05	0.523089
1.775	1.06	0.508695
1.775	1.07	0.494503
1.775	1.08	0.480511
1.775	1.09	0.466719
1.775	1.1	0.453128
1.775	1.11	0.439738
1.775	1.12	0.426548
1.775	1.13	0.413559
1.775	1.14	0.400771
1.775	1.15	0.388183
1.775	1.16	0.375795
1.775	1.17	0.363608
1.775	1.18	0.351622
1.775	1.19	0.339836
1.775	1.2	0.328251
1.775	1.21	0.316866
1.775	1.22	0.305682
1.775	1.23	0.294699
1.775	1.24	0.283916
1.775	1.25	0.273333
1.775	1.26	0.262951
1.775	1.27	0.25277
1.775	1.28	0.242789
1.775	1.29	0.233008
1.775	1.3	0.223428
1.775	1.31	0.214049
1.775	1.32	0.20487
1.775	1.33	0.195891
1.775	1.34	0.187113
1.775	1.35	0.178535
1.775	1.36	0.170158
1.775	1.37	0.161981
1.775	1.38	0.154005
1.775	1.39	0.146229
1.775	1.4	0.138653
1.775	1.41	0.131278
1.775	1.42	0.124103
1.775	1.43	0.117129
1.775	1.44	0.110355
1.775	1.45	0.103782
1.775	1.46	0.0974085
1.775	1.47	0.0912358
1.775	1.48	0.0852633
1.775	1.49	0.0794913
1.775	1.5	0.0739196
1.775	1.51	0.0685483
1.775	1.52	0.0633772
1.775	1.53	0.0584065
1.775	1.54	0.0536362
1.775	1.55	0.0490661
1.775	1.56	0.0446963
1.775	1.57	0.0405269
1.775	1.58	0.0365577
1.775	1.59	0.0327889
1.775	1.6	0.0292203
1.775	1.61	0.025852
1.775	1.62	0.0226839
1.775	1.63	0.0197161
1.775	1.64	0.0169486
1.775	1.65	0.0143813
1.775	1.66	0.0120143
1.775	1.67	0.00984746
1.775	1.68	0.00788086
1.775	1.69	0.00611448
1.775	1.7	0.0045483
1.775	1.71	0.00318233
1.775	1.72	0.00201655
1.775	1.73	0.00105096
1.775	1.74	0.000285551
1.775	1.75	-0.000279685
1.775	1.76	-0.000644755
1.775	1.77	-0.000809665
1.775	1.78	-0.000774423
1.775	1.79	-0.000539036
1.775	1.8	-0.000103514
1.775	1.81	0.000532138
1.775	1.82	0.00136791
1.775	1.83	0.00240381
1.775	1.84	0.00363981
1.775	1.85	0.00507591
1.775	1.86	0.00671211
1.775	1.87	0.00854839
1.775	1.88	0.0105848
1.775	1.89	0.0128212
1.775	1.9	0.0152577
1.775	1.91	0.0178943
1.775	1.92	0.0207309
1.775	1.93	0.0237676
1.775	1.94	0.0270043
1.775	1.95	0.030441
1.775	1.96	0.0340778
1.775	1.97	0.0379146
1.775	1.98	0.0419514
1.775	1.99	0.0461882
1.775	2	0.050625
1.78	0	3.1684
1.78	0.01	3.13286
1.78	0.02	3.09751
1.78	0.03	3.06237
1.78	0.04	3.02743
1.78	0.05	2.99269
1.78	0.06	2.95814
1.78	0.07	2.9238
1.78	0.08	2.88966
1.78	0.09	2.85572
1.78	0.1	2.82198
1.78	0.11	2.78843
1.78	0.12	2.75509
1.78	0.13	2.72195
1.78	0.14	2.68901
1.78	0.15	2.65627
1.78	0.16	2.62373
1.78	0.17	2.59139
1.78	0.18	2.55924
1.78	0.19	2.5273
1.78	0.2	2.49556
1.78	0.21	2.46402
1.78	0.22	2.43268
1.78	0.23	2.40154
1.78	0.24	2.37061
1.78	0.25	2.33987
1.78	0.26	2.30933
1.78	0.27	2.27899
1.78	0.28	2.24885
1.78	0.29	2.21891
1.78	0.3	2.18918
1.78	0.31	2.15964
1.78	0.32	2.1303
1.78	0.33	2.10117
1.78	0.34	2.07223
1.78	0.35	2.0435
1.78	0.36	2.01496
1.78	0.37	1.98663
1.78	0.38	1.95849
1.78	0.39	1.93056
1.78	0.4	1.90283
1.78	0.41	1.8753
1.78	0.42	1.84796
1.78	0.43	1.82083
1.78	0.44	1.7939
1.78	0.45	1.76717
1.78	0.46	1.74064
1.78	0.47	1.71431
1.78	0.48	1.68818
1.78	0.49	1.66225
1.78	0.5	1.63652
1.78	0.51	1.611
1.78	0.52	1.58567
1.78	0.53	1.56054
1.78	0.54	1.53562
1.78	0.55	1.51089
1.78	0.56	1.48637
1.78	0.57	1.46204
1.78	0.58	1.43792
1.78	0.59	1.41399
1.78	0.6	1.39027
1.78	0.61	1.36675
1.78	0.62	1.34343
1.78	0.63	1.32031
1.78	0.64	1.29739
1.78	0.65	1.27467
1.78	0.66	1.25215
1.78	0.67	1.22983
1.78	0.68	1.20771
1.78	0.69	1.1858
1.78	0.7	1.16408
1.78	0.71	1.14256
1.78	0.72	1.12125
1.78	0.73	1.10013
1.78	0.74	1.07922
1.78	0.75	1.05851
1.78	0.76	1.03799
1.78	0.77	1.01768
1.78	0.78	0.997571
1.78	0.79	0.977661
1.78	0.8	0.957951
1.78	0.81	0.938442
1.78	0.82	0.919133
1.78	0.83	0.900025
1.78	0.84	0.881117
1.78	0.85	0.862411
1.78	0.86	0.843905
1.78	0.87	0.825599
1.78	0.88	0.807494
1.78	0.89	0.78959
1.78	0.9	0.771887
1.78	0.91	0.754384
1.78	0.92	0.737082
1.78	0.93	0.71998
1.78	0.94	0.703079
1.78	0.95	0.686379
1.78	0.96	0.669879
1.78	0.97	0.65358
1.78	0.98	0.637482
1.78	0.99	0.621584
1.78	1	0.605887
1.78	1.01	0.59039
1.78	1.02	0.575094
1.78	1.03	0.559999
1.78	1.04	0.545105
1.78	1.05	0.53041
1.78	1.06	0.515917
1.78	1.07	0.501624
1.78	1.08	0.487532
1.78	1.09	0.47364
1.78	1.1	0.459949
1.78	1.11	0.446459
1.78	1.12	0.433169
1.78	1.13	0.420079
1.78	1.14	0.407191
1.78	1.15	0.394502
1.78	1.16	0.382015
1.78	1.17	0.369728
1.78	1.18	0.357641
1.78	1.19	0.345755
1.78	1.2	0.33407
1.78	1.21	0.322585
1.78	1.22	0.3113
1.78	1.23	0.300217
1.78	1.24	0.289333
1.78	1.25	0.27865
1.78	1.26	0.268168
1.78	1.27	0.257886
1.78	1.28	0.247805
1.78	1.29	0.237924
1.78	1.3	0.228244
1.78	1.31	0.218764
1.78	1.32	0.209484
1.78	1.33	0.200405
1.78	1.34	0.191527
1.78	1.35	0.182849
1.78	1.36	0.174371
1.78	1.37	0.166094
1.78	1.38	0.158017
1.78	1.39	0.15014
1.78	1.4	0.142464
1.78	1.41	0.134989
1.78	1.42	0.127714
1.78	1.43	0.120639
1.78	1.44	0.113765
1.78	1.45	0.107091
1.78	1.46	0.100617
1.78	1.47	0.0943437
1.78	1.48	0.0882708
1.78	1.49	0.0823982
1.78	1.5	0.076726
1.78	1.51	0.0712541
1.78	1.52	0.0659825
1.78	1.53	0.0609113
1.78	1.54	0.0560404
1.78	1.55	0.0513698
1.78	1.56	0.0468995
1.78	1.57	0.0426294
1.78	1.58	0.0385597
1.78	1.59	0.0346903
1.78	1.6	0.0310211
1.78	1.61	0.0275522
1.78	1.62	0.0242836
1.78	1.63	0.0212152
1.78	1.64	0.0183471
1.78	1.65	0.0156792
1.78	1.66	0.0132116
1.78	1.67	0.0109441
1.78	1.68	0.00887692
1.78	1.69	0.00700992
1.78	1.7	0.00534312
1.78	1.71	0.00387652
1.78	1.72	0.00261012
1.78	1.73	0.0015439
1.78	1.74	0.000677856
1.78	1.75	1.19809e-05
1.78	1.76	-0.000453733
1.78	1.77	-0.00071929
1.78	1.78	-0.000784697
1.78	1.79	-0.000649964
1.78	1.8	-0.000315096
1.78	1.81	0.0002199
1.78	1.82	0.000955016
1.78	1.83	0.00189025
1.78	1.84	0.00302558
1.78	1.85	0.00436102
1.78	1.86	0.00589655
1.78	1.87	0.00763217
1.78	1.88	0.00956787
1.78	1.89	0.0117036
1.78	1.9	0.0140395
1.78	1.91	0.0165754
1.78	1.92	0.0193113
1.78	1.93	0.0222473
1.78	1.94	0.0253834
1.78	1.95	0.0287194
1.78	1.96	0.0322555
1.78	1.97	0.0359916
1.78	1.98	0.0399277
1.78	1.99	0.0440639
1.78	2	0.0484
1.785	0	3.18623
1.785	0.01	3.15058
1.785	0.02	3.11514
1.785	0.03	3.0799
1.785	0.04	3.04486
1.785	0.05	3.01002
1.785	0.06	2.97537
1.785	0.07	2.94093
1.785	0.08	2.90669
1.785	0.09	2.87265
1.785	0.1	2.83881
1.785	0.11	2.80517
1.785	0.12	2.77173
1.785	0.13	2.73849
1.785	0.14	2.70544
1.785	0.15	2.6726
1.785	0.16	2.63996
1.785	0.17	2.60752
1.785	0.18	2.57528
1.785	0.19	2.54324
1.785	0.2	2.5114
1.785	0.21	2.47977
1.785	0.22	2.44833
1.785	0.23	2.41709
1.785	0.24	2.38605
1.785	0.25	2.35521
1.785	0.26	2.32457
1.785	0.27	2.29414
1.785	0.28	2.2639
1.785	0.29	2.23386
1.785	0.3	2.20403
1.785	0.31	2.17439
1.785	0.32	2.14495
1.785	0.33	2.11572
1.785	0.34	2.08668
1.785	0.35	2.05785
1.785	0.36	2.02922
1.785	0.37	2.00078
1.785	0.38	1.97255
1.785	0.39	1.94452
1.785	0.4	1.91668
1.785	0.41	1.88905
1.785	0.42	1.86162
1.785	0.43	1.83439
1.785	0.44	1.80736
1.785	0.45	1.78053
1.785	0.46	1.7539
1.785	0.47	1.72747
1.785	0.48	1.70124
1.785	0.49	1.67521
1.785	0.5	1.64938
1.785	0.51	1.62376
1.785	0.52	1.59833
1.785	0.53	1.5731
1.785	0.54	1.54808
1.785	0.55	1.52325
1.785	0.56	1.49863
1.785	0.57	1.47421
1.785	0.58	1.44998
1.785	0.59	1.42596
1.785	0.6	1.40214
1.785	0.61	1.37852
1.785	0.62	1.3551
1.785	0.63	1.33188
1.785	0.64	1.30886
1.785	0.65	1.28604
1.785	0.66	1.26342
1.785	0.67	1.241
1.785	0.68	1.21878
1.785	0.69	1.19677
1.785	0.7	1.17495
1.785	0.71	1.15333
1.785	0.72	1.13192
1.785	0.73	1.1107
1.785	0.74	1.08969
1.785	0.75	1.06888
1.785	0.76	1.04827
1.785	0.77	1.02785
1.785	0.78	1.00764
1.785	0.79	0.987633
1.785	0.8	0.967823
1.785	0.81	0.948214
1.785	0.82	0.928805
1.785	0.83	0.909597
1.785	0.84	0.89059
1.785	0.85	0.871784
1.785	0.86	0.853178
1.785	0.87	0.834772
1.785	0.88	0.816568
1.785	0.89	0.798563
1.785	0.9	0.78076
1.785	0.91	0.763157
1.785	0.92	0.745755
1.785	0.93	0.728554
1.785	0.94	0.711553
1.785	0.95	0.694752
1.785	0.96	0.678153
1.785	0.97	0.661754
1.785	0.98	0.645555
1.785	0.99	0.629557
1.785	1	0.61376
1.785	1.01	0.598164
1.785	1.02	0.582768
1.785	1.03	0.567572
1.785	1.04	0.552578
1.785	1.05	0.537783
1.785	1.06	0.52319
1.785	1.07	0.508797
1.785	1.08	0.494604
1.785	1.09	0.480613
1.785	1.1	0.466821
1.785	1.11	0.453231
1.785	1.12	0.439841
1.785	1.13	0.426651
1.785	1.14	0.413662
1.785	1.15	0.400874
1.785	1.16	0.388286
1.785	1.17	0.375898
1.785	1.18	0.363712
1.785	1.19	0.351725
1.785	1.2	0.33994
1.785	1.21	0.328354
1.785	1.22	0.31697
1.785	1.23	0.305786
1.785	1.24	0.294802
1.785	1.25	0.284019
1.785	1.26	0.273436
1.785	1.27	0.263054
1.785	1.28	0.252872
1.785	1.29	0.242891
1.785	1.3	0.23311
1.785	1.31	0.22353
1.785	1.32	0.21415
1.785	1.33	0.20497
1.785	1.34	0.195992
1.785	1.35	0.187213
1.785	1.36	0.178635
1.785	1.37	0.170257
1.785	1.38	0.16208
1.785	1.39	0.154103
1.785	1.4	0.146327
1.785	1.41	0.138751
1.785	1.42	0.131375
1.785	1.43	0.1242
1.785	1.44	0.117225
1.785	1.45	0.11045
1.785	1.46	0.103876
1.785	1.47	0.0975025
1.785	1.48	0.091329
1.785	1.49	0.085356
1.785	1.5	0.0795832
1.785	1.51	0.0740108
1.785	1.52	0.0686387
1.785	1.53	0.0634669
1.785	1.54	0.0584954
1.785	1.55	0.0537242
1.785	1.56	0.0491534
1.785	1.57	0.0447828
1.785	1.58	0.0406125
1.785	1.59	0.0366424
1.785	1.6	0.0328727
1.785	1.61	0.0293032
1.785	1.62	0.025934
1.785	1.63	0.022765
1.785	1.64	0.0197962
1.785	1.65	0.0170277
1.785	1.66	0.0144594
1.785	1.67	0.0120914
1.785	1.68	0.00992355
1.785	1.69	0.00795591
1.785	1.7	0.00618848
1.785	1.71	0.00462124
1.785	1.72	0.00325418
1.785	1.73	0.00208732
1.785	1.74	0.00112062
1.785	1.75	0.000354087
1.785	1.76	-0.000212286
1.785	1.77	-0.000578507
1.785	1.78	-0.000744582
1.785	1.79	-0.000710518
1.785	1.8	-0.000476321
1.785	1.81	-4.19999e-05
1.785	1.82	0.00059244
1.785	1.83	0.00142699
1.785	1.84	0.00246165
1.785	1.85	0.0036964
1.785	1.86	0.00513125
1.785	1.87	0.00676618
1.785	1.88	0.00860119
1.785	1.89	0.0106363
1.785	1.9	0.0128714
1.785	1.91	0.0153066
1.785	1.92	0.0179419
1.785	1.93	0.0207772
1.785	1.94	0.0238125
1.785	1.95	0.0270479
1.785	1.96	0.0304833
1.785	1.97	0.0341187
1.785	1.98	0.0379541
1.785	1.99	0.0419896
1.785	2	0.046225
1.79	0	3.2041
1.79	0.01	3.16836
1.79	0.02	3.13282
1.79	0.03	3.09748
1.79	0.04	3.06234
1.79	0.05	3.02739
1.79	0.06	2.99265
1.79	0.07	2.95811
1.79	0.08	2.92377
1.79	0.09	2.88963
1.79	0.1	2.85569
1.79	0.11	2.82195
1.79	0.12	2.78841
1.79	0.13	2.75507
1.79	0.14	2.72193
1.79	0.15	2.68899
1.79	0.16	2.65625
1.79	0.17	2.62371
1.79	0.18	2.59137
1.79	0.19	2.55923
1.79	0.2	2.5273
1.79	0.21	2.49556
1.79	0.22	2.46402
1.79	0.23	2.43268
1.79	0.24	2.40154
1.79	0.25	2.37061
1.79	0.26	2.33987
1.79	0.27	2.30933
1.79	0.28	2.279
1.79	0.29	2.24886
1.79	0.3	2.21892
1.79	0.31	2.18919
1.79	0.32	2.15965
1.79	0.33	2.13032
1.79	0.34	2.10119
1.79	0.35	2.07225
1.79	0.36	2.04352
1.79	0.37	2.01498
1.79	0.38	1.98665
1.79	0.39	1.95852
1.79	0.4	1.93059
1.79	0.41	1.90286
1.79	0.42	1.87533
1.79	0.43	1.848
1.79	0.44	1.82087
1.79	0.45	1.79394
1.79	0.46	1.76721
1.79	0.47	1.74068
1.79	0.48	1.71435
1.79	0.49	1.68822
1.79	0.5	1.6623
1.79	0.51	1.63657
1.79	0.52	1.61104
1.79	0.53	1.58572
1.79	0.54	1.56059
1.79	0.55	1.53567
1.79	0.56	1.51094
1.79	0.57	1.48642
1.79	0.58	1.4621
1.79	0.59	1.43798
1.79	0.6	1.41405
1.79	0.61	1.39033
1.79	0.62	1.36681
1.79	0.63	1.34349
1.79	0.64	1.32037
1.79	0.65	1.29745
1.79	0.66	1.27474
1.79	0.67	1.25222
1.79	0.68	1.2299
1.79	0.69	1.20778
1.79	0.7	1.18587
1.79	0.71	1.16415
1.79	0.72	1.14264
1.79	0.73	1.12133
1.79	0.74	1.10021
1.79	0.75	1.0793
1.79	0.76	1.05859
1.79	0.77	1.03808
1.79	0.78	1.01777
1.79	0.79	0.997655
1.79	0.8	0.977745
1.79	0.81	0.958036
1.79	0.82	0.938528
1.79	0.83	0.91922
1.79	0.84	0.900113
1.79	0.85	0.881206
1.79	0.86	0.862501
1.79	0.87	0.843995
1.79	0.88	0.825691
1.79	0.89	0.807587
1.79	0.9	0.789683
1.79	0.91	0.771981
1.79	0.92	0.754479
1.79	0.93	0.737177
1.79	0.94	0.720076
1.79	0.95	0.703176
1.79	0.96	0.686476
1.79	0.97	0.669977
1.79	0.98	0.653679
1.79	0.99	0.637581
1.79	1	0.621684
1.79	1.01	0.605987
1.79	1.02	0.590491
1.79	1.03	0.575195
1.79	1.04	0.560101
1.79	1.05	0.545206
1.79	1.06	0.530513
1.79	1.07	0.516019
1.79	1.08	0.501727
1.79	1.09	0.487635
1.79	1.1	0.473744
1.79	1.11	0.460053
1.79	1.12	0.446562
1.79	1.13	0.433273
1.79	1.14	0.420183
1.79	1.15	0.407295
1.79	1.16	0.394607
1.79	1.17	0.382119
1.79	1.18	0.369832
1.79	1.19	0.357745
1.79	1.2	0.345859
1.79	1.21	0.334174
1.79	1.22	0.322689
1.79	1.23	0.311404
1.79	1.24	0.30032
1.79	1.25	0.289437
1.79	1.26	0.278754
1.79	1.27	0.268271
1.79	1.28	0.257989
1.79	1.29	0.247908
1.79	1.3	0.238027
1.79	1.31	0.228346
1.79	1.32	0.218866
1.79	1.33	0.209586
1.79	1.34	0.200506
1.79	1.35	0.191627
1.79	1.36	0.182949
1.79	1.37	0.174471
1.79	1.38	0.166193
1.79	1.39	0.158116
1.79	1.4	0.150239
1.79	1.41	0.142562
1.79	1.42	0.135086
1.79	1.43	0.127811
1.79	1.44	0.120735
1.79	1.45	0.11386
1.79	1.46	0.107186
1.79	1.47	0.100711
1.79	1.48	0.0944373
1.79	1.49	0.0883637
1.79	1.5	0.0824904
1.79	1.51	0.0768175
1.79	1.52	0.0713448
1.79	1.53	0.0660725
1.79	1.54	0.0610004
1.79	1.55	0.0561287
1.79	1.56	0.0514572
1.79	1.57	0.0469861
1.79	1.58	0.0427152
1.79	1.59	0.0386446
1.79	1.6	0.0347742
1.79	1.61	0.0311042
1.79	1.62	0.0276343
1.79	1.63	0.0243647
1.79	1.64	0.0212954
1.79	1.65	0.0184262
1.79	1.66	0.0157573
1.79	1.67	0.0132887
1.79	1.68	0.0110202
1.79	1.69	0.00895191
1.79	1.7	0.00708384
1.79	1.71	0.00541595
1.79	1.72	0.00394825
1.79	1.73	0.00268074
1.79	1.74	0.00161338
1.79	1.75	0.000746195
1.79	1.76	7.91612e-05
1.79	1.77	-0.000387723
1.79	1.78	-0.000654465
1.79	1.79	-0.00072107
1.79	1.8	-0.000587545
1.79	1.81	-0.000253898
1.79	1.82	0.000279866
1.79	1.83	0.00101374
1.79	1.84	0.00194772
1.79	1.85	0.00308179
1.79	1.86	0.00441595
1.79	1.87	0.0059502
1.79	1.88	0.00768452
1.79	1.89	0.00961891
1.79	1.9	0.0117534
1.79	1.91	0.0140879
1.79	1.92	0.0166224
1.79	1.93	0.0193571
1.79	1.94	0.0222917
1.79	1.95	0.0254264
1.79	1.96	0.0287611
1.79	1.97	0.0322958
1.79	1.98	0.0360305
1.79	1.99	0.0399653
1.79	2	0.0441
1.795	0	3.22202
1.795	0.01	3.18618
1.795	0.02	3.15054
1.795	0.03	3.1151
1.795	0.04	3.07986
1.795	0.05	3.04482
1.795	0.06	3.00998
1.795	0.07	2.97534
1.795	0.08	2.9409
1.795	0.09	2.90666
1.795	0.1	2.87262
1.795	0.11	2.83879
1.795	0.12	2.80515
1.795	0.13	2.77171
1.795	0.14	2.73847
1.795	0.15	2.70543
1.795	0.16	2.67259
1.795	0.17	2.63995
1.795	0.18	2.60751
1.795	0.19	2.57528
1.795	0.2	2.54324
1.795	0.21	2.5114
1.795	0.22	2.47976
1.795	0.23	2.44833
1.795	0.24	2.41709
1.795	0.25	2.38605
1.795	0.26	2.35522
1.795	0.27	2.32458
1.795	0.28	2.29414
1.795	0.29	2.26391
1.795	0.3	2.23387
1.795	0.31	2.20404
1.795	0.32	2.1744
1.795	0.33	2.14497
1.795	0.34	2.11574
1.795	0.35	2.0867
1.795	0.36	2.05787
1.795	0.37	2.02924
1.795	0.38	2.00081
1.795	0.39	1.97258
1.795	0.4	1.94454
1.795	0.41	1.91671
1.795	0.42	1.88908
1.795	0.43	1.86165
1.795	0.44	1.83442
1.795	0.45	1.80739
1.795	0.46	1.78057
1.795	0.47	1.75394
1.795	0.48	1.72751
1.795	0.49	1.70128
1.795	0.5	1.67526
1.795	0.51	1.64943
1.795	0.52	1.62381
1.795	0.53	1.59838
1.795	0.54	1.57316
1.795	0.55	1.54813
1.795	0.56	1.52331
1.795	0.57	1.49869
1.795	0.58	1.47426
1.795	0.59	1.45004
1.795	0.6	1.42602
1.795	0.61	1.4022
1.795	0.62	1.37858
1.795	0.63	1.35516
1.795	0.64	1.33194
1.795	0.65	1.30892
1.795	0.66	1.28611
1.795	0.67	1.26349
1.795	0.68	1.24107
1.795	0.69	1.21886
1.795	0.7	1.19684
1.795	0.71	1.17503
1.795	0.72	1.15341
1.795	0.73	1.132
1.795	0.74	1.11078
1.795	0.75	1.08977
1.795	0.76	1.06896
1.795	0.77	1.04835
1.795	0.78	1.02794
1.795	0.79	1.00773
1.795	0.8	0.987718
1.795	0.81	0.96791
1.795	0.82	0.948301
1.795	0.83	0.928894
1.795	0.84	0.909687
1.795	0.85	0.890681
1.795	0.86	0.871875
1.795	0.87	0.85327
1.795	0.88	0.834865
1.795	0.89	0.816661
1.795	0.9	0.798658
1.795	0.91	0.780855
1.795	0.92	0.763253
1.795	0.93	0.745852
1.795	0.94	0.728651
1.795	0.95	0.711651
1.795	0.96	0.694851
1.795	0.97	0.678252
1.795	0.98	0.661853
1.795	0.99	0.645655
1.795	1	0.629658
1.795	1.01	0.613861
1.795	1.02	0.598265
1.795	1.03	0.58287
1.795	1.04	0.567675
1.795	1.05	0.55268
1.795	1.06	0.537887
1.795	1.07	0.523293
1.795	1.08	0.508901
1.795	1.09	0.494708
1.795	1.1	0.480717
1.795	1.11	0.466926
1.795	1.12	0.453335
1.795	1.13	0.439945
1.795	1.14	0.426756
1.795	1.15	0.413767
1.795	1.16	0.400979
1.795	1.17	0.388391
1.795	1.18	0.376003
1.795	1.19	0.363817
1.795	1.2	0.35183
1.795	1.21	0.340045
1.795	1.22	0.328459
1.795	1.23	0.317074
1.795	1.24	0.30589
1.795	1.25	0.294906
1.795	1.26	0.284123
1.795	1.27	0.27354
1.795	1.28	0.263158
1.795	1.29	0.252976
1.795	1.3	0.242994
1.795	1.31	0.233213
1.795	1.32	0.223632
1.795	1.33	0.214252
1.795	1.34	0.205072
1.795	1.35	0.196093
1.795	1.36	0.187314
1.795	1.37	0.178735
1.795	1.38	0.170357
1.795	1.39	0.162179
1.795	1.4	0.154202
1.795	1.41	0.146425
1.795	1.42	0.138849
1.795	1.43	0.131472
1.795	1.44	0.124296
1.795	1.45	0.117321
1.795	1.46	0.110546
1.795	1.47	0.103971
1.795	1.48	0.0975964
1.795	1.49	0.0914222
1.795	1.5	0.0854484
1.795	1.51	0.0796749
1.795	1.52	0.0741017
1.795	1.53	0.0687288
1.795	1.54	0.0635561
1.795	1.55	0.0585838
1.795	1.56	0.0538118
1.795	1.57	0.04924
1.795	1.58	0.0448686
1.795	1.59	0.0406974
1.795	1.6	0.0367264
1.795	1.61	0.0329557
1.795	1.62	0.0293852
1.795	1.63	0.026015
1.795	1.64	0.022845
1.795	1.65	0.0198753
1.795	1.66	0.0171057
1.795	1.67	0.0145364
1.795	1.68	0.0121673
1.795	1.69	0.00999838
1.795	1.7	0.00802965
1.795	1.71	0.00626111
1.795	1.72	0.00469275
1.795	1.73	0.00332456
1.795	1.74	0.00215654
1.795	1.75	0.00118868
1.795	1.76	0.000420973
1.795	1.77	-0.00014659
1.795	1.78	-0.000514013
1.795	1.79	-0.000681302
1.795	1.8	-0.000648464
1.795	1.81	-0.000415506
1.795	1.82	1.75666e-05
1.795	1.83	0.000650746
1.795	1.84	0.00148403
1.795	1.85	0.0025174
1.795	1.86	0.00375086
1.795	1.87	0.00518441
1.795	1.88	0.00681803
1.795	1.89	0.00865172
1.795	1.9	0.0106855
1.795	1.91	0.0129193
1.795	1.92	0.0153531
1.795	1.93	0.017987
1.795	1.94	0.020821
1.795	1.95	0.0238549
1.795	1.96	0.0270889
1.795	1.97	0.0305229
1.795	1.98	0.034157
1.795	1.99	0.037991
1.795	2	0.042025
1.8	0	3.24
1.8	0.01	3.20406
1.8	0.02	3.16832
1.8	0.03	3.13278
1.8	0.04	3.09744
1.8	0.05	3.0623
1.8	0.06	3.02736
1.8	0.07	2.99263
1.8	0.08	2.95809
1.8	0.09	2.92375
1.8	0.1	2.88961
1.8	0.11	2.85567
1.8	0.12	2.82193
1.8	0.13	2.78839
1.8	0.14	2.75505
1.8	0.15	2.72192
1.8	0.16	2.68898
1.8	0.17	2.65624
1.8	0.18	2.6237
1.8	0.19	2.59137
1.8	0.2	2.55923
1.8	0.21	2.52729
1.8	0.22	2.49556
1.8	0.23	2.46402
1.8	0.24	2.43268
1.8	0.25	2.40155
1.8	0.26	2.37061
1.8	0.27	2.33988
1.8	0.28	2.30934
1.8	0.29	2.27901
1.8	0.3	2.24887
1.8	0.31	2.21894
1.8	0.32	2.18921
1.8	0.33	2.15967
1.8	0.34	2.13034
1.8	0.35	2.10121
1.8	0.36	2.07227
1.8	0.37	2.04354
1.8	0.38	2.01501
1.8	0.39	1.98668
1.8	0.4	1.95855
1.8	0.41	1.93062
1.8	0.42	1.90289
1.8	0.43	1.87536
1.8	0.44	1.84803
1.8	0.45	1.8209
1.8	0.46	1.79398
1.8	0.47	1.76725
1.8	0.48	1.74072
1.8	0.49	1.7144
1.8	0.5	1.68827
1.8	0.51	1.66234
1.8	0.52	1.63662
1.8	0.53	1.61109
1.8	0.54	1.58577
1.8	0.55	1.56065
1.8	0.56	1.53572
1.8	0.57	1.511
1.8	0.58	1.48648
1.8	0.59	1.46216
1.8	0.6	1.43804
1.8	0.61	1.41412
1.8	0.62	1.3904
1.8	0.63	1.36688
1.8	0.64	1.34356
1.8	0.65	1.32044
1.8	0.66	1.29752
1.8	0.67	1.27481
1.8	0.68	1.25229
1.8	0.69	1.22998
1.8	0.7	1.20786
1.8	0.71	1.18595
1.8	0.72	1.16423
1.8	0.73	1.14272
1.8	0.74	1.12141
1.8	0.75	1.10029
1.8	0.76	1.07938
1.8	0.77	1.05867
1.8	0.78	1.03816
1.8	0.79	1.01785
1.8	0.8	0.997742
1.8	0.81	0.977833
1.8	0.82	0.958125
1.8	0.83	0.938618
1.8	0.84	0.919311
1.8	0.85	0.900205
1.8	0.86	0.881299
1.8	0.87	0.862594
1.8	0.88	0.84409
1.8	0.89	0.825786
1.8	0.9	0.807683
1.8	0.91	0.78978
1.8	0.92	0.772078
1.8	0.93	0.754576
1.8	0.94	0.737276
1.8	0.95	0.720175
1.8	0.96	0.703276
1.8	0.97	0.686576
1.8	0.98	0.670078
1.8	0.99	0.65378
1.8	1	0.637683
1.8	1.01	0.621786
1.8	1.02	0.60609
1.8	1.03	0.590594
1.8	1.04	0.575299
1.8	1.05	0.560204
1.8	1.06	0.54531
1.8	1.07	0.530617
1.8	1.08	0.516124
1.8	1.09	0.501832
1.8	1.1	0.48774
1.8	1.11	0.473849
1.8	1.12	0.460158
1.8	1.13	0.446668
1.8	1.14	0.433378
1.8	1.15	0.420289
1.8	1.16	0.407401
1.8	1.17	0.394712
1.8	1.18	0.382225
1.8	1.19	0.369938
1.8	1.2	0.357851
1.8	1.21	0.345965
1.8	1.22	0.33428
1.8	1.23	0.322794
1.8	1.24	0.31151
1.8	1.25	0.300426
1.8	1.26	0.289542
1.8	1.27	0.278859
1.8	1.28	0.268376
1.8	1.29	0.258093
1.8	1.3	0.248011
1.8	1.31	0.23813
1.8	1.32	0.228449
1.8	1.33	0.218968
1.8	1.34	0.209688
1.8	1.35	0.200608
1.8	1.36	0.191729
1.8	1.37	0.18305
1.8	1.38	0.174571
1.8	1.39	0.166293
1.8	1.4	0.158215
1.8	1.41	0.150338
1.8	1.42	0.142661
1.8	1.43	0.135184
1.8	1.44	0.127908
1.8	1.45	0.120832
1.8	1.46	0.113956
1.8	1.47	0.10728
1.8	1.48	0.100805
1.8	1.49	0.0945307
1.8	1.5	0.0884564
1.8	1.51	0.0825823
1.8	1.52	0.0769085
1.8	1.53	0.071435
1.8	1.54	0.0661619
1.8	1.55	0.061089
1.8	1.56	0.0562164
1.8	1.57	0.051544
1.8	1.58	0.0470719
1.8	1.59	0.0428001
1.8	1.6	0.0387286
1.8	1.61	0.0348573
1.8	1.62	0.0311862
1.8	1.63	0.0277153
1.8	1.64	0.0244447
1.8	1.65	0.0213743
1.8	1.66	0.0185042
1.8	1.67	0.0158342
1.8	1.68	0.0133644
1.8	1.69	0.0110949
1.8	1.7	0.00902548
1.8	1.71	0.00715628
1.8	1.72	0.00548725
1.8	1.73	0.0040184
1.8	1.74	0.00274971
1.8	1.75	0.00168118
1.8	1.76	0.000812793
1.8	1.77	0.000144552
1.8	1.78	-0.000323553
1.8	1.79	-0.000591526
1.8	1.8	-0.000659375
1.8	1.81	-0.000527106
1.8	1.82	-0.000194726
1.8	1.83	0.00033776
1.8	1.84	0.00107034
1.8	1.85	0.00200302
1.8	1.86	0.00313578
1.8	1.87	0.00446862
1.8	1.88	0.00600154
1.8	1.89	0.00773452
1.8	1.9	0.00966757
1.8	1.91	0.0118007
1.8	1.92	0.0141338
1.8	1.93	0.016667
1.8	1.94	0.0194002
1.8	1.95	0.0223335
1.8	1.96	0.0254668
1.8	1.97	0.0288001
1.8	1.98	0.0323334
1.8	1.99	0.0360667
1.8	2	0.04
1.805	0	3.25803
1.805	0.01	3.22199
1.805	0.02	3.18615
1.805	0.03	3.15051
1.805	0.04	3.11507
1.805	0.05	3.07983
1.805	0.06	3.04479
1.805	0.07	3.00996
1.805	0.08	2.97532
1.805	0.09	2.94088
1.805	0.1	2.90664
1.805	0.11	2.8726
1.805	0.12	2.83877
1.805	0.13	2.80513
1.805	0.14	2.77169
1.805	0.15	2.73845
1.805	0.16	2.70542
1.805	0.17	2.67258
1.805	0.18	2.63994
1.805	0.19	2.60751
1.805	0.2	2.57527
1.805	0.21	2.54323
1.805	0.22	2.5114
1.805	0.23	2.47976
1.805	0.24	2.44833
1.805	0.25	2.41709
1.805	0.26	2.38606
1.805	0.27	2.35522
1.805	0.28	2.32459
1.805	0.29	2.29416
1.805	0.3	2.26392
1.805	0.31	2.23389
1.805	0.32	2.20406
1.805	0.33	2.17442
1.805	0.34	2.14499
1.805	0.35	2.11576
1.805	0.36	2.08673
1.805	0.37	2.0579
1.805	0.38	2.02927
1.805	0.39	2.00084
1.805	0.4	1.97261
1.805	0.41	1.94458
1.805	0.42	1.91675
1.805	0.43	1.88912
1.805	0.44	1.86169
1.805	0.45	1.83446
1.805	0.46	1.80744
1.805	0.47	1.78061
1.805	0.48	1.75398
1.805	0.49	1.72756
1.805	0.5	1.70133
1.805	0.51	1.67531
1.805	0.52	1.64948
1.805	0.53	1.62386
1.805	0.54	1.59844
1.805	0.55	1.57321
1.805	0.56	1.54819
1.805	0.57	1.52337
1.805	0.58	1.49875
1.805	0.59	1.47433
1.805	0.6	1.45011
1.805	0.61	1.42609
1.805	0.62	1.40227
1.805	0.63	1.37865
1.805	0.64	1.35523
1.805	0.65	1.33201
1.805	0.66	1.309
1.805	0.67	1.28618
1.805	0.68	1.26356
1.805	0.69	1.24115
1.805	0.7	1.21893
1.805	0.71	1.19692
1.805	0.72	1.1751
1.805	0.73	1.15349
1.805	0.74	1.13208
1.805	0.75	1.11087
1.805	0.76	1.08986
1.805	0.77	1.06904
1.805	0.78	1.04843
1.805	0.79	1.02803
1.805	0.8	1.00782
1.805	0.81	0.987808
1.805	0.82	0.968
1.805	0.83	0.948393
1.805	0.84	0.928986
1.805	0.85	0.90978
1.805	0.86	0.890774
1.805	0.87	0.871969
1.805	0.88	0.853365
1.805	0.89	0.834961
1.805	0.9	0.816758
1.805	0.91	0.798756
1.805	0.92	0.780954
1.805	0.93	0.763352
1.805	0.94	0.745951
1.805	0.95	0.728751
1.805	0.96	0.711751
1.805	0.97	0.694952
1.805	0.98	0.678354
1.805	0.99	0.661956
1.805	1	0.645758
1.805	1.01	0.629761
1.805	1.02	0.613965
1.805	1.03	0.598369
1.805	1.04	0.582974
1.805	1.05	0.56778
1.805	1.06	0.552785
1.805	1.07	0.537992
1.805	1.08	0.523399
1.805	1.09	0.509006
1.805	1.1	0.494814
1.805	1.11	0.480823
1.805	1.12	0.467032
1.805	1.13	0.453442
1.805	1.14	0.440052
1.805	1.15	0.426863
1.805	1.16	0.413874
1.805	1.17	0.401085
1.805	1.18	0.388497
1.805	1.19	0.37611
1.805	1.2	0.363923
1.805	1.21	0.351937
1.805	1.22	0.340151
1.805	1.23	0.328565
1.805	1.24	0.31718
1.805	1.25	0.305996
1.805	1.26	0.295012
1.805	1.27	0.284228
1.805	1.28	0.273645
1.805	1.29	0.263262
1.805	1.3	0.25308
1.805	1.31	0.243098
1.805	1.32	0.233317
1.805	1.33	0.223735
1.805	1.34	0.214355
1.805	1.35	0.205175
1.805	1.36	0.196195
1.805	1.37	0.187415
1.805	1.38	0.178836
1.805	1.39	0.170458
1.805	1.4	0.162279
1.805	1.41	0.154301
1.805	1.42	0.146524
1.805	1.43	0.138946
1.805	1.44	0.13157
1.805	1.45	0.124393
1.805	1.46	0.117417
1.805	1.47	0.110641
1.805	1.48	0.104065
1.805	1.49	0.09769
1.805	1.5	0.0915151
1.805	1.51	0.0855404
1.805	1.52	0.0797661
1.805	1.53	0.074192
1.805	1.54	0.0688183
1.805	1.55	0.0636448
1.805	1.56	0.0586716
1.805	1.57	0.0538986
1.805	1.58	0.049326
1.805	1.59	0.0449535
1.805	1.6	0.0407813
1.805	1.61	0.0368094
1.805	1.62	0.0330377
1.805	1.63	0.0294662
1.805	1.64	0.026095
1.805	1.65	0.0229239
1.805	1.66	0.0199531
1.805	1.67	0.0171825
1.805	1.68	0.0146121
1.805	1.69	0.0122418
1.805	1.7	0.0100718
1.805	1.71	0.00810189
1.805	1.72	0.00633219
1.805	1.73	0.00476266
1.805	1.74	0.00339328
1.805	1.75	0.00222406
1.805	1.76	0.00125499
1.805	1.77	0.000486052
1.805	1.78	-8.27489e-05
1.805	1.79	-0.000451422
1.805	1.8	-0.000619973
1.805	1.81	-0.000588409
1.805	1.82	-0.000356736
1.805	1.83	7.50404e-05
1.805	1.84	0.000706913
1.805	1.85	0.00153888
1.805	1.86	0.00257092
1.805	1.87	0.00380305
1.805	1.88	0.00523524
1.805	1.89	0.00686751
1.805	1.9	0.00869983
1.805	1.91	0.0107322
1.805	1.92	0.0129646
1.805	1.93	0.0153971
1.805	1.94	0.0180296
1.805	1.95	0.0208621
1.805	1.96	0.0238947
1.805	1.97	0.0271273
1.805	1.98	0.0305598
1.805	1.99	0.0341924
1.805	2	0.038025
1.81	0	3.2761
1.81	0.01	3.23996
1.81	0.02	3.20402
1.81	0.03	3.16829
1.81	0.04	3.13275
1.81	0.05	3.09741
1.81	0.06	3.06227
1.81	0.07	3.02734
1.81	0.08	2.9926
1.81	0.09	2.95806
1.81	0.1	2.92373
1.81	0.11	2.88959
1.81	0.12	2.85565
1.81	0.13	2.82191
1.81	0.14	2.78838
1.81	0.15	2.75504
1.81	0.16	2.72191
1.81	0.17	2.68897
1.81	0.18	2.65623
1.81	0.19	2.6237
1.81	0.2	2.59136
1.81	0.21	2.55923
1.81	0.22	2.52729
1.81	0.23	2.49556
1.81	0.24	2.46402
1.81	0.25	2.43269
1.81	0.26	2.40156
1.81	0.27	2.37062
1.81	0.28	2.33989
1.81	0.29	2.30935
1.81	0.3	2.27902
1.81	0.31	2.24889
1.81	0.32	2.21896
1.81	0.33	2.18923
1.81	0.34	2.15969
1.81	0.35	2.13036
1.81	0.36	2.10123
1.81	0.37	2.0723
1.81	0.38	2.04357
1.81	0.39	2.01504
1.81	0.4	1.98671
1.81	0.41	1.95858
1.81	0.42	1.93066
1.81	0.43	1.90293
1.81	0.44	1.8754
1.81	0.45	1.84807
1.81	0.46	1.82095
1.81	0.47	1.79402
1.81	0.48	1.7673
1.81	0.49	1.74077
1.81	0.5	1.71445
1.81	0.51	1.68832
1.81	0.52	1.6624
1.81	0.53	1.63667
1.81	0.54	1.61115
1.81	0.55	1.58583
1.81	0.56	1.56071
1.81	0.57	1.53578
1.81	0.58	1.51106
1.81	0.59	1.48654
1.81	0.6	1.46222
1.81	0.61	1.4381
1.81	0.62	1.41419
1.81	0.63	1.39047
1.81	0.64	1.36695
1.81	0.65	1.34363
1.81	0.66	1.32052
1.81	0.67	1.2976
1.81	0.68	1.27488
1.81	0.69	1.25237
1.81	0.7	1.23005
1.81	0.71	1.20794
1.81	0.72	1.18603
1.81	0.73	1.16431
1.81	0.74	1.1428
1.81	0.75	1.12149
1.81	0.76	1.10038
1.81	0.77	1.07947
1.81	0.78	1.05876
1.81	0.79	1.03825
1.81	0.8	1.01794
1.81	0.81	0.997832
1.81	0.82	0.977925
1.81	0.83	0.958217
1.81	0.84	0.938711
1.81	0.85	0.919405
1.81	0.86	0.9003
1.81	0.87	0.881395
1.81	0.88	0.862691
1.81	0.89	0.844187
1.81	0.9	0.825884
1.81	0.91	0.807781
1.81	0.92	0.789879
1.81	0.93	0.772178
1.81	0.94	0.754677
1.81	0.95	0.737377
1.81	0.96	0.720277
1.81	0.97	0.703378
1.81	0.98	0.686679
1.81	0.99	0.670181
1.81	1	0.653884
1.81	1.01	0.637787
1.81	1.02	0.621891
1.81	1.03	0.606195
1.81	1.04	0.5907
1.81	1.05	0.575405
1.81	1.06	0.560311
1.81	1.07	0.545417
1.81	1.08	0.530724
1.81	1.09	0.516231
1.81	1.1	0.501939
1.81	1.11	0.487847
1.81	1.12	0.473956
1.81	1.13	0.460266
1.81	1.14	0.446775
1.81	1.15	0.433486
1.81	1.16	0.420397
1.81	1.17	0.407508
1.81	1.18	0.39482
1.81	1.19	0.382332
1.81	1.2	0.370045
1.81	1.21	0.357958
1.81	1.22	0.346072
1.81	1.23	0.334386
1.81	1.24	0.322901
1.81	1.25	0.311616
1.81	1.26	0.300532
1.81	1.27	0.289648
1.81	1.28	0.278964
1.81	1.29	0.268481
1.81	1.3	0.258198
1.81	1.31	0.248116
1.81	1.32	0.238234
1.81	1.33	0.228553
1.81	1.34	0.219072
1.81	1.35	0.209791
1.81	1.36	0.200711
1.81	1.37	0.191831
1.81	1.38	0.183151
1.81	1.39	0.174672
1.81	1.4	0.166393
1.81	1.41	0.158315
1.81	1.42	0.150437
1.81	1.43	0.142759
1.81	1.44	0.135281
1.81	1.45	0.128004
1.81	1.46	0.120928
1.81	1.47	0.114051
1.81	1.48	0.107375
1.81	1.49	0.100899
1.81	1.5	0.0946238
1.81	1.51	0.0885486
1.81	1.52	0.0826737
1.81	1.53	0.0769991
1.81	1.54	0.0715247
1.81	1.55	0.0662506
1.81	1.56	0.0611768
1.81	1.57	0.0563033
1.81	1.58	0.05163
1.81	1.59	0.0471569
1.81	1.6	0.0428841
1.81	1.61	0.0388116
1.81	1.62	0.0349392
1.81	1.63	0.0312671
1.81	1.64	0.0277952
1.81	1.65	0.0245235
1.81	1.66	0.021452
1.81	1.67	0.0185808
1.81	1.68	0.0159097
1.81	1.69	0.0134388
1.81	1.7	0.0111681
1.81	1.71	0.00909752
1.81	1.72	0.00722714
1.81	1.73	0.00555692
1.81	1.74	0.00408686
1.81	1.75	0.00281695
1.81	1.76	0.00174719
1.81	1.77	0.00087756
1.81	1.78	0.000208062
1.81	1.79	-0.000261311
1.81	1.8	-0.000530564
1.81	1.81	-0.000599705
1.81	1.82	-0.000468739
1.81	1.83	-0.000137673
1.81	1.84	0.000393487
1.81	1.85	0.00112474
1.81	1.86	0.00205607
1.81	1.87	0.00318747
1.81	1.88	0.00451895
1.81	1.89	0.00605049
1.81	1.9	0.00778209
1.81	1.91	0.00971375
1.81	1.92	0.0118454
1.81	1.93	0.0141772
1.81	1.94	0.016709
1.81	1.95	0.0194408
1.81	1.96	0.0223726
1.81	1.97	0.0255044
1.81	1.98	0.0288363
1.81	1.99	0.0323681
1.81	2	0.0361
1.815	0	3.29422
1.815	0.01	3.25799
1.815	0.02	3.22195
1.815	0.03	3.18611
1.815	0.04	3.15048
1.815	0.05	3.11504
1.815	0.06	3.0798
1.815	0.07	3.04477
1.815	0.08	3.00993
1.815	0.09	2.9753
1.815	0.1	2.94086
1.815	0.11	2.90662
1.815	0.12	2.87259
1.815	0.13	2.83875
1.815	0.14	2.80512
1.815	0.15	2.77168
1.815	0.16	2.73844
1.815	0.17	2.70541
1.815	0.18	2.67257
1.815	0.19	2.63994
1.815	0.2	2.6075
1.815	0.21	2.57527
1.815	0.22	2.54324
1.815	0.23	2.5114
1.815	0.24	2.47977
1.815	0.25	2.44834
1.815	0.26	2.4171
1.815	0.27	2.38607
1.815	0.28	2.35524
1.815	0.29	2.3246
1.815	0.3	2.29417
1.815	0.31	2.26394
1.815	0.32	2.23391
1.815	0.33	2.20408
1.815	0.34	2.17445
1.815	0.35	2.14502
1.815	0.36	2.11579
1.815	0.37	2.08676
1.815	0.38	2.05793
1.815	0.39	2.0293
1.815	0.4	2.00087
1.815	0.41	1.97264
1.815	0.42	1.94462
1.815	0.43	1.91679
1.815	0.44	1.88916
1.815	0.45	1.86173
1.815	0.46	1.83451
1.815	0.47	1.80748
1.815	0.48	1.78066
1.815	0.49	1.75403
1.815	0.5	1.72761
1.815	0.51	1.70138
1.815	0.52	1.67536
1.815	0.53	1.64954
1.815	0.54	1.62392
1.815	0.55	1.59849
1.815	0.56	1.57327
1.815	0.57	1.54825
1.815	0.58	1.52343
1.815	0.59	1.49881
1.815	0.6	1.47439
1.815	0.61	1.45017
1.815	0.62	1.42616
1.815	0.63	1.40234
1.815	0.64	1.37872
1.815	0.65	1.3553
1.815	0.66	1.33209
1.815	0.67	1.30907
1.815	0.68	1.28626
1.815	0.69	1.26364
1.815	0.7	1.24123
1.815	0.71	1.21901
1.815	0.72	1.197
1.815	0.73	1.17519
1.815	0.74	1.15358
1.815	0.75	1.13216
1.815	0.76	1.11095
1.815	0.77	1.08994
1.815	0.78	1.06913
1.815	0.79	1.04852
1.815	0.8	1.02812
1.815	0.81	1.00791
1.815	0.82	0.9879
1.815	0.83	0.968093
1.815	0.84	0.948487
1.815	0.85	0.929081
1.815	0.86	0.909876
1.815	0.87	0.890871
1.815	0.88	0.872067
1.815	0.89	0.853464
1.815	0.9	0.835061
1.815	0.91	0.816858
1.815	0.92	0.798856
1.815	0.93	0.781055
1.815	0.94	0.763454
1.815	0.95	0.746054
1.815	0.96	0.728854
1.815	0.97	0.711855
1.815	0.98	0.695056
1.815	0.99	0.678458
1.815	1	0.662061
1.815	1.01	0.645864
1.815	1.02	0.629867
1.815	1.03	0.614071
1.815	1.04	0.598476
1.815	1.05	0.583081
1.815	1.06	0.567887
1.815	1.07	0.552893
1.815	1.08	0.538099
1.815	1.09	0.523507
1.815	1.1	0.509114
1.815	1.11	0.494922
1.815	1.12	0.480931
1.815	1.13	0.46714
1.815	1.14	0.45355
1.815	1.15	0.44016
1.815	1.16	0.426971
1.815	1.17	0.413982
1.815	1.18	0.401194
1.815	1.19	0.388606
1.815	1.2	0.376218
1.815	1.21	0.364031
1.815	1.22	0.352045
1.815	1.23	0.340258
1.815	1.24	0.328673
1.815	1.25	0.317288
1.815	1.26	0.306103
1.815	1.27	0.295118
1.815	1.28	0.284334
1.815	1.29	0.273751
1.815	1.3	0.263368
1.815	1.31	0.253185
1.815	1.32	0.243203
1.815	1.33	0.233421
1.815	1.34	0.223839
1.815	1.35	0.214458
1.815	1.36	0.205277
1.815	1.37	0.196297
1.815	1.38	0.187517
1.815	1.39	0.178937
1.815	1.4	0.170558
1.815	1.41	0.162379
1.815	1.42	0.1544
1.815	1.43	0.146622
1.815	1.44	0.139044
1.815	1.45	0.131667
1.815	1.46	0.124489
1.815	1.47	0.117512
1.815	1.48	0.110736
1.815	1.49	0.104159
1.815	1.5	0.0977832
1.815	1.51	0.0916074
1.815	1.52	0.0856319
1.815	1.53	0.0798567
1.815	1.54	0.0742818
1.815	1.55	0.0689071
1.815	1.56	0.0637327
1.815	1.57	0.0587585
1.815	1.58	0.0539846
1.815	1.59	0.0494109
1.815	1.6	0.0450375
1.815	1.61	0.0408643
1.815	1.62	0.0368913
1.815	1.63	0.0331185
1.815	1.64	0.029546
1.815	1.65	0.0261736
1.815	1.66	0.0230015
1.815	1.67	0.0200295
1.815	1.68	0.0172578
1.815	1.69	0.0146862
1.815	1.7	0.0123148
1.815	1.71	0.0101436
1.815	1.72	0.0081725
1.815	1.73	0.00640159
1.815	1.74	0.00483083
1.815	1.75	0.00346022
1.815	1.76	0.00228975
1.815	1.77	0.00131941
1.815	1.78	0.000549202
1.815	1.79	-2.0885e-05
1.815	1.8	-0.000390856
1.815	1.81	-0.000560716
1.815	1.82	-0.000530472
1.815	1.83	-0.000300131
1.815	1.84	0.000130302
1.815	1.85	0.000760822
1.815	1.86	0.00159142
1.815	1.87	0.00262209
1.815	1.88	0.00385284
1.815	1.89	0.00528364
1.815	1.9	0.00691451
1.815	1.91	0.00874542
1.815	1.92	0.0107764
1.815	1.93	0.0130074
1.815	1.94	0.0154384
1.815	1.95	0.0180695
1.815	1.96	0.0209006
1.815	1.97	0.0239317
1.815	1.98	0.0271628
1.815	1.99	0.0305939
1.815	2	0.034225
1.82	0	3.3124
1.82	0.01	3.27606
1.82	0.02	3.23993
1.82	0.03	3.20399
1.82	0.04	3.16826
1.82	0.05	3.13272
1.82	0.06	3.09738
1.82	0.07	3.06225
1.82	0.08	3.02731
1.82	0.09	2.99258
1.82	0.1	2.95804
1.82	0.11	2.92371
1.82	0.12	2.88957
1.82	0.13	2.85564
1.82	0.14	2.8219
1.82	0.15	2.78837
1.82	0.16	2.75503
1.82	0.17	2.7219
1.82	0.18	2.68896
1.82	0.19	2.65623
1.82	0.2	2.6237
1.82	0.21	2.59136
1.82	0.22	2.55923
1.82	0.23	2.5273
1.82	0.24	2.49556
1.82	0.25	2.46403
1.82	0.26	2.4327
1.82	0.27	2.40157
1.82	0.28	2.37064
1.82	0.29	2.3399
1.82	0.3	2.30937
1.82	0.31	2.27904
1.82	0.32	2.24891
1.82	0.33	2.21898
1.82	0.34	2.18925
1.82	0.35	2.15972
1.82	0.36	2.13039
1.82	0.37	2.10126
1.82	0.38	2.07233
1.82	0.39	2.04361
1.82	0.4	2.01508
1.82	0.41	1.98675
1.82	0.42	1.95862
1.82	0.43	1.9307
1.82	0.44	1.90297
1.82	0.45	1.87545
1.82	0.46	1.84812
1.82	0.47	1.82099
1.82	0.48	1.79407
1.82	0.49	1.76735
1.82	0.5	1.74082
1.82	0.51	1.7145
1.82	0.52	1.68838
1.82	0.53	1.66245
1.82	0.54	1.63673
1.82	0.55	1.61121
1.82	0.56	1.58589
1.82	0.57	1.56077
1.82	0.58	1.53585
1.82	0.59	1.51113
1.82	0.6	1.48661
1.82	0.61	1.46229
1.82	0.62	1.43817
1.82	0.63	1.41426
1.82	0.64	1.39054
1.82	0.65	1.36702
1.82	0.66	1.34371
1.82	0.67	1.32059
1.82	0.68	1.29768
1.82	0.69	1.27496
1.82	0.7	1.25245
1.82	0.71	1.23014
1.82	0.72	1.20802
1.82	0.73	1.18611
1.82	0.74	1.1644
1.82	0.75	1.14289
1.82	0.76	1.12158
1.82	0.77	1.10047
1.82	0.78	1.07956
1.82	0.79	1.05885
1.82	0.8	1.03834
1.82	0.81	1.01803
1.82	0.82	0.997926
1.82	0.83	0.978019
1.82	0.84	0.958313
1.82	0.85	0.938808
1.82	0.86	0.919502
1.82	0.87	0.900398
1.82	0.88	0.881494
1.82	0.89	0.86279
1.82	0.9	0.844287
1.82	0.91	0.825985
1.82	0.92	0.807883
1.82	0.93	0.789982
1.82	0.94	0.772281
1.82	0.95	0.754781
1.82	0.96	0.737481
1.82	0.97	0.720382
1.82	0.98	0.703483
1.82	0.99	0.686785
1.82	1	0.670287
1.82	1.01	0.65399
1.82	1.02	0.637894
1.82	1.03	0.621998
1.82	1.04	0.606302
1.82	1.05	0.590807
1.82	1.06	0.575513
1.82	1.07	0.560419
1.82	1.08	0.545525
1.82	1.09	0.530832
1.82	1.1	0.51634
1.82	1.11	0.502048
1.82	1.12	0.487956
1.82	1.13	0.474065
1.82	1.14	0.460375
1.82	1.15	0.446885
1.82	1.16	0.433595
1.82	1.17	0.420506
1.82	1.18	0.407617
1.82	1.19	0.394929
1.82	1.2	0.382441
1.82	1.21	0.370154
1.82	1.22	0.358067
1.82	1.23	0.34618
1.82	1.24	0.334494
1.82	1.25	0.323009
1.82	1.26	0.311724
1.82	1.27	0.300639
1.82	1.28	0.289755
1.82	1.29	0.279071
1.82	1.3	0.268587
1.82	1.31	0.258304
1.82	1.32	0.248221
1.82	1.33	0.238339
1.82	1.34	0.228657
1.82	1.35	0.219175
1.82	1.36	0.209894
1.82	1.37	0.200813
1.82	1.38	0.191933
1.82	1.39	0.183253
1.82	1.4	0.174773
1.82	1.41	0.166493
1.82	1.42	0.158414
1.82	1.43	0.150535
1.82	1.44	0.142857
1.82	1.45	0.135379
1.82	1.46	0.128101
1.82	1.47	0.121023
1.82	1.48	0.114146
1.82	1.49	0.107469
1.82	1.5	0.100993
1.82	1.51	0.0947163
1.82	1.52	0.0886402
1.82	1.53	0.0827644
1.82	1.54	0.0770889
1.82	1.55	0.0716136
1.82	1.56	0.0663386
1.82	1.57	0.0612638
1.82	1.58	0.0563892
1.82	1.59	0.0517149
1.82	1.6	0.0472409
1.82	1.61	0.042967
1.82	1.62	0.0388934
1.82	1.63	0.03502
1.82	1.64	0.0313468
1.82	1.65	0.0278738
1.82	1.66	0.0246009
1.82	1.67	0.0215283
1.82	1.68	0.0186559
1.82	1.69	0.0159836
1.82	1.7	0.0135115
1.82	1.71	0.0112396
1.82	1.72	0.00916787
1.82	1.73	0.00729626
1.82	1.74	0.00562481
1.82	1.75	0.00415349
1.82	1.76	0.00288232
1.82	1.77	0.00181127
1.82	1.78	0.000940349
1.82	1.79	0.000269548
1.82	1.8	-0.00020114
1.82	1.81	-0.000471721
1.82	1.82	-0.0005422
1.82	1.83	-0.000412583
1.82	1.84	-8.28769e-05
1.82	1.85	0.000446913
1.82	1.86	0.00117678
1.82	1.87	0.00210672
1.82	1.88	0.00323673
1.82	1.89	0.0045668
1.82	1.9	0.00609692
1.82	1.91	0.0078271
1.82	1.92	0.00975732
1.82	1.93	0.0118876
1.82	1.94	0.0142179
1.82	1.95	0.0167482
1.82	1.96	0.0194785
1.82	1.97	0.0224089
1.82	1.98	0.0255393
1.82	1.99	0.0288696
1.82	2	0.0324
1.825	0	3.33063
1.825	0.01	3.29419
1.825	0.02	3.25795
1.825	0.03	3.22192
1.825	0.04	3.18609
1.825	0.05	3.15045
1.825	0.06	3.11502
1.825	0.07	3.07978
1.825	0.08	3.04475
1.825	0.09	3.00991
1.825	0.1	2.97528
1.825	0.11	2.94084
1.825	0.12	2.90661
1.825	0.13	2.87257
1.825	0.14	2.83874
1.825	0.15	2.80511
1.825	0.16	2.77167
1.825	0.17	2.73844
1.825	0.18	2.70541
1.825	0.19	2.67257
1.825	0.2	2.63994
1.825	0.21	2.60751
1.825	0.22	2.57527
1.825	0.23	2.54324
1.825	0.24	2.51141
1.825	0.25	2.47978
1.825	0.26	2.44835
1.825	0.27	2.41712
1.825	0.28	2.38608
1.825	0.29	2.35525
1.825	0.3	2.32462
1.825	0.31	2.29419
1.825	0.32	2.26396
1.825	0.33	2.23393
1.825	0.34	2.2041
1.825	0.35	2.17448
1.825	0.36	2.14505
1.825	0.37	2.11582
1.825	0.38	2.08679
1.825	0.39	2.05796
1.825	0.4	2.02934
1.825	0.41	2.00091
1.825	0.42	1.97268
1.825	0.43	1.94466
1.825	0.44	1.91683
1.825	0.45	1.88921
1.825	0.46	1.86178
1.825	0.47	1.83456
1.825	0.48	1.80753
1.825	0.49	1.78071
1.825	0.5	1.75409
1.825	0.51	1.72766
1.825	0.52	1.70144
1.825	0.53	1.67542
1.825	0.54	1.6496
1.825	0.55	1.62398
1.825	0.56	1.59856
1.825	0.57	1.57334
1.825	0.58	1.54832
1.825	0.59	1.5235
1.825	0.6	1.49888
1.825	0.61	1.47446
1.825	0.62	1.45025
1.825	0.63	1.42623
1.825	0.64	1.40241
1.825	0.65	1.3788
1.825	0.66	1.35538
1.825	0.67	1.33217
1.825	0.68	1.30915
1.825	0.69	1.28634
1.825	0.7	1.26372
1.825	0.71	1.24131
1.825	0.72	1.2191
1.825	0.73	1.19709
1.825	0.74	1.17527
1.825	0.75	1.15366
1.825	0.76	1.13225
1.825	0.77	1.11104
1.825	0.78	1.09003
1.825	0.79	1.06923
1.825	0.8	1.04862
1.825	0.81	1.02821
1.825	0.82	1.008
1.825	0.83	0.987996
1.825	0.84	0.96819
1.825	0.85	0.948585
1.825	0.86	0.92918
1.825	0.87	0.909975
1.825	0.88	0.890971
1.825	0.89	0.872168
1.825	0.9	0.853565
1.825	0.91	0.835163
1.825	0.92	0.816961
1.825	0.93	0.79896
1.825	0.94	0.781159
1.825	0.95	0.763559
1.825	0.96	0.746159
1.825	0.97	0.72896
1.825	0.98	0.711961
1.825	0.99	0.695163
1.825	1	0.678565
1.825	1.01	0.662168
1.825	1.02	0.645971
1.825	1.03	0.629975
1.825	1.04	0.61418
1.825	1.05	0.598585
1.825	1.06	0.58319
1.825	1.07	0.567996
1.825	1.08	0.553002
1.825	1.09	0.538209
1.825	1.1	0.523616
1.825	1.11	0.509224
1.825	1.12	0.495032
1.825	1.13	0.481041
1.825	1.14	0.46725
1.825	1.15	0.45366
1.825	1.16	0.44027
1.825	1.17	0.427081
1.825	1.18	0.414092
1.825	1.19	0.401303
1.825	1.2	0.388715
1.825	1.21	0.376327
1.825	1.22	0.36414
1.825	1.23	0.352153
1.825	1.24	0.340367
1.825	1.25	0.328781
1.825	1.26	0.317396
1.825	1.27	0.30621
1.825	1.28	0.295226
1.825	1.29	0.284441
1.825	1.3	0.273857
1.825	1.31	0.263474
1.825	1.32	0.253291
1.825	1.33	0.243308
1.825	1.34	0.233525
1.825	1.35	0.223943
1.825	1.36	0.214562
1.825	1.37	0.20538
1.825	1.38	0.196399
1.825	1.39	0.187619
1.825	1.4	0.179038
1.825	1.41	0.170658
1.825	1.42	0.162479
1.825	1.43	0.1545
1.825	1.44	0.14672
1.825	1.45	0.139142
1.825	1.46	0.131763
1.825	1.47	0.124585
1.825	1.48	0.117608
1.825	1.49	0.11083
1.825	1.5	0.104253
1.825	1.51	0.0978758
1.825	1.52	0.0916992
1.825	1.53	0.0857227
1.825	1.54	0.0799466
1.825	1.55	0.0743707
1.825	1.56	0.068995
1.825	1.57	0.0638196
1.825	1.58	0.0588445
1.825	1.59	0.0540695
1.825	1.6	0.0494948
1.825	1.61	0.0451203
1.825	1.62	0.040946
1.825	1.63	0.0369719
1.825	1.64	0.0331981
1.825	1.65	0.0296244
1.825	1.66	0.0262509
1.825	1.67	0.0230776
1.825	1.68	0.0201045
1.825	1.69	0.0173315
1.825	1.7	0.0147587
1.825	1.71	0.0123861
1.825	1.72	0.0102136
1.825	1.73	0.00824132
1.825	1.74	0.00646915
1.825	1.75	0.00489713
1.825	1.76	0.00352523
1.825	1.77	0.00235346
1.825	1.78	0.00138181
1.825	1.79	0.000610284
1.825	1.8	3.88647e-05
1.825	1.81	-0.00033245
1.825	1.82	-0.000503666
1.825	1.83	-0.000474788
1.825	1.84	-0.000245824
1.825	1.85	0.000183223
1.825	1.86	0.000812345
1.825	1.87	0.00164154
1.825	1.88	0.0026708
1.825	1.89	0.00390012
1.825	1.9	0.00532949
1.825	1.91	0.00695891
1.825	1.92	0.00878838
1.825	1.93	0.0108179
1.825	1.94	0.0130474
1.825	1.95	0.015477
1.825	1.96	0.0181066
1.825	1.97	0.0209362
1.825	1.98	0.0239658
1.825	1.99	0.0271954
1.825	2	0.030625
1.83	0	3.3489
1.83	0.01	3.31237
1.83	0.02	3.27603
1.83	0.03	3.2399
1.83	0.04	3.20396
1.83	0.05	3.16823
1.83	0.06	3.1327
1.83	0.07	3.09736
1.83	0.08	3.06223
1.83	0.09	3.02729
1.83	0.1	2.99256
1.83	0.11	2.95803
1.83	0.12	2.92369
1.83	0.13	2.88956
1.83	0.14	2.85563
1.83	0.15	2.82189
1.83	0.16	2.78836
1.83	0.17	2.75503
1.83	0.18	2.7219
1.83	0.19	2.68896
1.83	0.2	2.65623
1.83	0.21	2.6237
1.83	0.22	2.59137
1.83	0.23	2.55924
1.83	0.24	2.52731
1.83	0.25	2.49557
1.83	0.26	2.46404
1.83	0.27	2.43271
1.83	0.28	2.40158
1.83	0.29	2.37065
1.83	0.3	2.33992
1.83	0.31	2.30939
1.83	0.32	2.27907
1.83	0.33	2.24894
1.83	0.34	2.21901
1.83	0.35	2.18928
1.83	0.36	2.15975
1.83	0.37	2.13042
1.83	0.38	2.1013
1.83	0.39	2.07237
1.83	0.4	2.04364
1.83	0.41	2.01512
1.83	0.42	1.98679
1.83	0.43	1.95867
1.83	0.44	1.93074
1.83	0.45	1.90302
1.83	0.46	1.87549
1.83	0.47	1.84817
1.83	0.48	1.82105
1.83	0.49	1.79412
1.83	0.5	1.7674
1.83	0.51	1.74088
1.83	0.52	1.71456
1.83	0.53	1.68844
1.83	0.54	1.66252
1.83	0.55	1.6368
1.83	0.56	1.61128
1.83	0.57	1.58596
1.83	0.58	1.56084
1.83	0.59	1.53592
1.83	0.6	1.5112
1.83	0.61	1.48668
1.83	0.62	1.46237
1.83	0.63	1.43825
1.83	0.64	1.41433
1.83	0.65	1.39062
1.83	0.66	1.3671
1.83	0.67	1.34379
1.83	0.68	1.32067
1.83	0.69	1.29776
1.83	0.7	1.27505
1.83	0.71	1.25253
1.83	0.72	1.23022
1.83	0.73	1.20811
1.83	0.74	1.1862
1.83	0.75	1.16449
1.83	0.76	1.14298
1.83	0.77	1.12167
1.83	0.78	1.10056
1.83	0.79	1.07965
1.83	0.8	1.05894
1.83	0.81	1.03844
1.83	0.82	1.01813
1.83	0.83	0.998023
1.83	0.84	0.978118
1.83	0.85	0.958412
1.83	0.86	0.938907
1.83	0.87	0.919603
1.83	0.88	0.900499
1.83	0.89	0.881596
1.83	0.9	0.862893
1.83	0.91	0.844391
1.83	0.92	0.826089
1.83	0.93	0.807988
1.83	0.94	0.790087
1.83	0.95	0.772387
1.83	0.96	0.754887
1.83	0.97	0.737588
1.83	0.98	0.720489
1.83	0.99	0.703591
1.83	1	0.686893
1.83	1.01	0.670396
1.83	1.02	0.654099
1.83	1.03	0.638003
1.83	1.04	0.622107
1.83	1.05	0.606412
1.83	1.06	0.590917
1.83	1.07	0.575623
1.83	1.08	0.560529
1.83	1.09	0.545636
1.83	1.1	0.530943
1.83	1.11	0.51645
1.83	1.12	0.502158
1.83	1.13	0.488067
1.83	1.14	0.474176
1.83	1.15	0.460485
1.83	1.16	0.446995
1.83	1.17	0.433705
1.83	1.18	0.420616
1.83	1.19	0.407727
1.83	1.2	0.395039
1.83	1.21	0.382551
1.83	1.22	0.370263
1.83	1.23	0.358176
1.83	1.24	0.34629
1.83	1.25	0.334603
1.83	1.26	0.323117
1.83	1.27	0.311832
1.83	1.28	0.300747
1.83	1.29	0.289862
1.83	1.3	0.279178
1.83	1.31	0.268694
1.83	1.32	0.25841
1.83	1.33	0.248327
1.83	1.34	0.238444
1.83	1.35	0.228761
1.83	1.36	0.219279
1.83	1.37	0.209997
1.83	1.38	0.200916
1.83	1.39	0.192035
1.83	1.4	0.183354
1.83	1.41	0.174874
1.83	1.42	0.166593
1.83	1.43	0.158514
1.83	1.44	0.150634
1.83	1.45	0.142955
1.83	1.46	0.135476
1.83	1.47	0.128197
1.83	1.48	0.121119
1.83	1.49	0.114241
1.83	1.5	0.107563
1.83	1.51	0.101085
1.83	1.52	0.0948081
1.83	1.53	0.0887311
1.83	1.54	0.0828543
1.83	1.55	0.0771778
1.83	1.56	0.0717015
1.83	1.57	0.0664255
1.83	1.58	0.0613497
1.83	1.59	0.0564741
1.83	1.6	0.0517987
1.83	1.61	0.0473236
1.83	1.62	0.0430486
1.83	1.63	0.0389739
1.83	1.64	0.0350994
1.83	1.65	0.031425
1.83	1.66	0.0279508
1.83	1.67	0.0246768
1.83	1.68	0.021603
1.83	1.69	0.0187294
1.83	1.7	0.0160559
1.83	1.71	0.0135826
1.83	1.72	0.0113094
1.83	1.73	0.00923639
1.83	1.74	0.00736351
1.83	1.75	0.00569077
1.83	1.76	0.00421815
1.83	1.77	0.00294566
1.83	1.78	0.00187329
1.83	1.79	0.00100103
1.83	1.8	0.000328877
1.83	1.81	-0.000143173
1.83	1.82	-0.000415125
1.83	1.83	-0.000486988
1.83	1.84	-0.000358765
1.83	1.85	-3.04625e-05
1.83	1.86	0.000497914
1.83	1.87	0.00122636
1.83	1.88	0.00215487
1.83	1.89	0.00328344
1.83	1.9	0.00461206
1.83	1.91	0.00614073
1.83	1.92	0.00786944
1.83	1.93	0.00979819
1.83	1.94	0.011927
1.83	1.95	0.0142558
1.83	1.96	0.0167846
1.83	1.97	0.0195134
1.83	1.98	0.0224423
1.83	1.99	0.0255711
1.83	2	0.0289
1.835	0	3.36722
1.835	0.01	3.33059
1.835	0.02	3.29416
1.835	0.03	3.25793
1.835	0.04	3.22189
1.835	0.05	3.18606
1.835	0.06	3.15043
1.835	0.07	3.11499
1.835	0.08	3.07976
1.835	0.09	3.04473
1.835	0.1	3.00989
1.835	0.11	2.97526
1.835	0.12	2.94083
1.835	0.13	2.9066
1.835	0.14	2.87257
1.835	0.15	2.83873
1.835	0.16	2.8051
1.835	0.17	2.77167
1.835	0.18	2.73844
1.835	0.19	2.70541
1.835	0.2	2.67258
1.835	0.21	2.63994
1.835	0.22	2.60751
1.835	0.23	2.57528
1.835	0.24	2.54325
1.835	0.25	2.51142
1.835	0.26	2.47979
1.835	0.27	2.44836
1.835	0.28	2.41713
1.835	0.29	2.3861
1.835	0.3	2.35528
1.835	0.31	2.32465
1.835	0.32	2.29422
1.835	0.33	2.26399
1.835	0.34	2.23396
1.835	0.35	2.20414
1.835	0.36	2.17451
1.835	0.37	2.14508
1.835	0.38	2.11585
1.835	0.39	2.08683
1.835	0.4	2.058
1.835	0.41	2.02938
1.835	0.42	2.00095
1.835	0.43	1.97273
1.835	0.44	1.9447
1.835	0.45	1.91688
1.835	0.46	1.88926
1.835	0.47	1.86183
1.835	0.48	1.83461
1.835	0.49	1.80759
1.835	0.5	1.78077
1.835	0.51	1.75414
1.835	0.52	1.72772
1.835	0.53	1.7015
1.835	0.54	1.67548
1.835	0.55	1.64966
1.835	0.56	1.62404
1.835	0.57	1.59863
1.835	0.58	1.57341
1.835	0.59	1.54839
1.835	0.6	1.52357
1.835	0.61	1.49895
1.835	0.62	1.47454
1.835	0.63	1.45032
1.835	0.64	1.42631
1.835	0.65	1.40249
1.835	0.66	1.37888
1.835	0.67	1.35546
1.835	0.68	1.33225
1.835	0.69	1.30923
1.835	0.7	1.28642
1.835	0.71	1.26381
1.835	0.72	1.2414
1.835	0.73	1.21919
1.835	0.74	1.19718
1.835	0.75	1.17537
1.835	0.76	1.15376
1.835	0.77	1.13235
1.835	0.78	1.11114
1.835	0.79	1.09013
1.835	0.8	1.06932
1.835	0.81	1.04871
1.835	0.82	1.02831
1.835	0.83	1.0081
1.835	0.84	0.988096
1.835	0.85	0.96829
1.835	0.86	0.948686
1.835	0.87	0.929281
1.835	0.88	0.910078
1.835	0.89	0.891074
1.835	0.9	0.872272
1.835	0.91	0.853669
1.835	0.92	0.835268
1.835	0.93	0.817067
1.835	0.94	0.799066
1.835	0.95	0.781266
1.835	0.96	0.763666
1.835	0.97	0.746267
1.835	0.98	0.729068
1.835	0.99	0.71207
1.835	1	0.695272
1.835	1.01	0.678674
1.835	1.02	0.662278
1.835	1.03	0.646081
1.835	1.04	0.630085
1.835	1.05	0.61429
1.835	1.06	0.598695
1.835	1.07	0.583301
1.835	1.08	0.568107
1.835	1.09	0.553113
1.835	1.1	0.53832
1.835	1.11	0.523728
1.835	1.12	0.509335
1.835	1.13	0.495144
1.835	1.14	0.481152
1.835	1.15	0.467362
1.835	1.16	0.453771
1.835	1.17	0.440381
1.835	1.18	0.427192
1.835	1.19	0.414202
1.835	1.2	0.401414
1.835	1.21	0.388826
1.835	1.22	0.376438
1.835	1.23	0.36425
1.835	1.24	0.352263
1.835	1.25	0.340476
1.835	1.26	0.32889
1.835	1.27	0.317504
1.835	1.28	0.306319
1.835	1.29	0.295333
1.835	1.3	0.284549
1.835	1.31	0.273964
1.835	1.32	0.26358
1.835	1.33	0.253396
1.835	1.34	0.243413
1.835	1.35	0.23363
1.835	1.36	0.224047
1.835	1.37	0.214665
1.835	1.38	0.205483
1.835	1.39	0.196502
1.835	1.4	0.18772
1.835	1.41	0.179139
1.835	1.42	0.170759
1.835	1.43	0.162578
1.835	1.44	0.154598
1.835	1.45	0.146818
1.835	1.46	0.139239
1.835	1.47	0.13186
1.835	1.48	0.124681
1.835	1.49	0.117702
1.835	1.5	0.110924
1.835	1.51	0.104345
1.835	1.52	0.0979676
1.835	1.53	0.0917899
1.835	1.54	0.0858125
1.835	1.55	0.0800354
1.835	1.56	0.0744585
1.835	1.57	0.0690818
1.835	1.58	0.0639054
1.835	1.59	0.0589291
1.835	1.6	0.0541531
1.835	1.61	0.0495773
1.835	1.62	0.0452017
1.835	1.63	0.0410263
1.835	1.64	0.037051
1.835	1.65	0.033276
1.835	1.66	0.0297011
1.835	1.67	0.0263265
1.835	1.68	0.023152
1.835	1.69	0.0201776
1.835	1.7	0.0174034
1.835	1.71	0.0148294
1.835	1.72	0.0124555
1.835	1.73	0.0102818
1.835	1.74	0.00830816
1.835	1.75	0.00653468
1.835	1.76	0.00496134
1.835	1.77	0.00358811
1.835	1.78	0.002415
1.835	1.79	0.001442
1.835	1.8	0.00066911
1.835	1.81	9.63154e-05
1.835	1.82	-0.000276386
1.835	1.83	-0.000448998
1.835	1.84	-0.000421529
1.835	1.85	-0.000193981
1.835	1.86	0.000233639
1.835	1.87	0.000861326
1.835	1.88	0.00168907
1.835	1.89	0.00271688
1.835	1.9	0.00394474
1.835	1.91	0.00537264
1.835	1.92	0.00700059
1.835	1.93	0.00882857
1.835	1.94	0.0108566
1.835	1.95	0.0130846
1.835	1.96	0.0155127
1.835	1.97	0.0181408
1.835	1.98	0.0209688
1.835	1.99	0.0239969
1.835	2	0.027225
1.84	0	3.3856
1.84	0.01	3.34887
1.84	0.02	3.31234
1.84	0.03	3.276
1.84	0.04	3.23987
1.84	0.05	3.20394
1.84	0.06	3.16821
1.84	0.07	3.13267
1.84	0.08	3.09734
1.84	0.09	3.06221
1.84	0.1	3.02728
1.84	0.11	2.99255
1.84	0.12	2.95802
1.84	0.13	2.92368
1.84	0.14	2.88955
1.84	0.15	2.85562
1.84	0.16	2.82189
1.84	0.17	2.78836
1.84	0.18	2.75503
1.84	0.19	2.7219
1.84	0.2	2.68897
1.84	0.21	2.65624
1.84	0.22	2.62371
1.84	0.23	2.59138
1.84	0.24	2.55925
1.84	0.25	2.52732
1.84	0.26	2.49559
1.84	0.27	2.46406
1.84	0.28	2.43273
1.84	0.29	2.4016
1.84	0.3	2.37068
1.84	0.31	2.33995
1.84	0.32	2.30942
1.84	0.33	2.27909
1.84	0.34	2.24897
1.84	0.35	2.21904
1.84	0.36	2.18931
1.84	0.37	2.15979
1.84	0.38	2.13046
1.84	0.39	2.10134
1.84	0.4	2.07241
1.84	0.41	2.04369
1.84	0.42	2.01516
1.84	0.43	1.98684
1.84	0.44	1.95872
1.84	0.45	1.93079
1.84	0.46	1.90307
1.84	0.47	1.87555
1.84	0.48	1.84822
1.84	0.49	1.8211
1.84	0.5	1.79418
1.84	0.51	1.76746
1.84	0.52	1.74094
1.84	0.53	1.71462
1.84	0.54	1.6885
1.84	0.55	1.66258
1.84	0.56	1.63686
1.84	0.57	1.61134
1.84	0.58	1.58603
1.84	0.59	1.56091
1.84	0.6	1.53599
1.84	0.61	1.51128
1.84	0.62	1.48676
1.84	0.63	1.46244
1.84	0.64	1.43833
1.84	0.65	1.41441
1.84	0.66	1.3907
1.84	0.67	1.36719
1.84	0.68	1.34387
1.84	0.69	1.32076
1.84	0.7	1.29785
1.84	0.71	1.27513
1.84	0.72	1.25262
1.84	0.73	1.23031
1.84	0.74	1.2082
1.84	0.75	1.18629
1.84	0.76	1.16458
1.84	0.77	1.14307
1.84	0.78	1.12176
1.84	0.79	1.10066
1.84	0.8	1.07975
1.84	0.81	1.05904
1.84	0.82	1.03854
1.84	0.83	1.01823
1.84	0.84	0.998124
1.84	0.85	0.978219
1.84	0.86	0.958514
1.84	0.87	0.93901
1.84	0.88	0.919706
1.84	0.89	0.900603
1.84	0.9	0.8817
1.84	0.91	0.862998
1.84	0.92	0.844497
1.84	0.93	0.826195
1.84	0.94	0.808095
1.84	0.95	0.790194
1.84	0.96	0.772495
1.84	0.97	0.754995
1.84	0.98	0.737697
1.84	0.99	0.720598
1.84	1	0.703701
1.84	1.01	0.687003
1.84	1.02	0.670506
1.84	1.03	0.65421
1.84	1.04	0.638114
1.84	1.05	0.622218
1.84	1.06	0.606523
1.84	1.07	0.591029
1.84	1.08	0.575735
1.84	1.09	0.560641
1.84	1.1	0.545748
1.84	1.11	0.531055
1.84	1.12	0.516562
1.84	1.13	0.50227
1.84	1.14	0.488179
1.84	1.15	0.474288
1.84	1.16	0.460597
1.84	1.17	0.447107
1.84	1.18	0.433817
1.84	1.19	0.420728
1.84	1.2	0.407839
1.84	1.21	0.39515
1.84	1.22	0.382662
1.84	1.23	0.370374
1.84	1.24	0.358287
1.84	1.25	0.3464
1.84	1.26	0.334713
1.84	1.27	0.323227
1.84	1.28	0.311941
1.84	1.29	0.300855
1.84	1.3	0.28997
1.84	1.31	0.279285
1.84	1.32	0.268801
1.84	1.33	0.258516
1.84	1.34	0.248433
1.84	1.35	0.238549
1.84	1.36	0.228866
1.84	1.37	0.219383
1.84	1.38	0.210101
1.84	1.39	0.201019
1.84	1.4	0.192137
1.84	1.41	0.183455
1.84	1.42	0.174974
1.84	1.43	0.166693
1.84	1.44	0.158613
1.84	1.45	0.150732
1.84	1.46	0.143052
1.84	1.47	0.135572
1.84	1.48	0.128293
1.84	1.49	0.121214
1.84	1.5	0.114335
1.84	1.51	0.107656
1.84	1.52	0.101177
1.84	1.53	0.094899
1.84	1.54	0.088821
1.84	1.55	0.0829433
1.84	1.56	0.0772657
1.84	1.57	0.0717884
1.84	1.58	0.0665113
1.84	1.59	0.0614344
1.84	1.6	0.0565577
1.84	1.61	0.0518812
1.84	1.62	0.0474049
1.84	1.63	0.0431289
1.84	1.64	0.0390529
1.84	1.65	0.0351773
1.84	1.66	0.0315017
1.84	1.67	0.0280263
1.84	1.68	0.0247511
1.84	1.69	0.0216761
1.84	1.7	0.0188012
1.84	1.71	0.0161264
1.84	1.72	0.0136518
1.84	1.73	0.0113773
1.84	1.74	0.009303
1.84	1.75	0.0074288
1.84	1.76	0.00575471
1.84	1.77	0.00428075
1.84	1.78	0.00300689
1.84	1.79	0.00193314
1.84	1.8	0.0010595
1.84	1.81	0.000385952
1.84	1.82	-8.75051e-05
1.84	1.83	-0.000360876
1.84	1.84	-0.000434167
1.84	1.85	-0.000307382
1.84	1.86	1.94733e-05
1.84	1.87	0.000546394
1.84	1.88	0.00127337
1.84	1.89	0.00220041
1.84	1.9	0.0033275
1.84	1.91	0.00465463
1.84	1.92	0.0061818
1.84	1.93	0.00790901
1.84	1.94	0.00983625
1.84	1.95	0.0119635
1.84	1.96	0.0142908
1.84	1.97	0.0168181
1.84	1.98	0.0195454
1.84	1.99	0.0224727
1.84	2	0.0256
1.845	0	3.40402
1.845	0.01	3.36719
1.845	0.02	3.33056
1.845	0.03	3.29413
1.845	0.04	3.2579
1.845	0.05	3.22187
1.845	0.06	3.18604
1.845	0.07	3.15041
1.845	0.08	3.11498
1.845	0.09	3.07974
1.845	0.1	3.04471
1.845	0.11	3.00988
1.845	0.12	2.97525
1.845	0.13	2.94082
1.845	0.14	2.90659
1.845	0.15	2.87256
1.845	0.16	2.83873
1.845	0.17	2.8051
1.845	0.18	2.77167
1.845	0.19	2.73844
1.845	0.2	2.70541
1.845	0.21	2.67258
1.845	0.22	2.63995
1.845	0.23	2.60752
1.845	0.24	2.5753
1.845	0.25	2.54327
1.845	0.26	2.51144
1.845	0.27	2.47981
1.845	0.28	2.44838
1.845	0.29	2.41716
1.845	0.3	2.38613
1.845	0.31	2.3553
1.845	0.32	2.32467
1.845	0.33	2.29425
1.845	0.34	2.26402
1.845	0.35	2.234
1.845	0.36	2.20417
1.845	0.37	2.17454
1.845	0.38	2.14512
1.845	0.39	2.1159
1.845	0.4	2.08687
1.845	0.41	2.05805
1.845	0.42	2.02942
1.845	0.43	2.001
1.845	0.44	1.97278
1.845	0.45	1.94475
1.845	0.46	1.91693
1.845	0.47	1.88931
1.845	0.48	1.86189
1.845	0.49	1.83467
1.845	0.5	1.80765
1.845	0.51	1.78083
1.845	0.52	1.75421
1.845	0.53	1.72779
1.845	0.54	1.70157
1.845	0.55	1.67555
1.845	0.56	1.64973
1.845	0.57	1.62411
1.845	0.58	1.5987
1.845	0.59	1.57348
1.845	0.6	1.54846
1.845	0.61	1.52365
1.845	0.62	1.49903
1.845	0.63	1.47462
1.845	0.64	1.4504
1.845	0.65	1.42639
1.845	0.66	1.40257
1.845	0.67	1.37896
1.845	0.68	1.35555
1.845	0.69	1.33233
1.845	0.7	1.30932
1.845	0.71	1.28651
1.845	0.72	1.2639
1.845	0.73	1.24149
1.845	0.74	1.21928
1.845	0.75	1.19727
1.845	0.76	1.17546
1.845	0.77	1.15385
1.845	0.78	1.13244
1.845	0.79	1.11123
1.845	0.8	1.09023
1.845	0.81	1.06942
1.845	0.82	1.04881
1.845	0.83	1.02841
1.845	0.84	1.0082
1.845	0.85	0.988198
1.845	0.86	0.968393
1.845	0.87	0.948789
1.845	0.88	0.929386
1.845	0.89	0.910183
1.845	0.9	0.89118
1.845	0.91	0.872378
1.845	0.92	0.853776
1.845	0.93	0.835375
1.845	0.94	0.817175
1.845	0.95	0.799174
1.845	0.96	0.781375
1.845	0.97	0.763775
1.845	0.98	0.746376
1.845	0.99	0.729178
1.845	1	0.71218
1.845	1.01	0.695383
1.845	1.02	0.678786
1.845	1.03	0.662389
1.845	1.04	0.646193
1.845	1.05	0.630198
1.845	1.06	0.614402
1.845	1.07	0.598808
1.845	1.08	0.583413
1.845	1.09	0.568219
1.845	1.1	0.553226
1.845	1.11	0.538433
1.845	1.12	0.52384
1.845	1.13	0.509448
1.845	1.14	0.495256
1.845	1.15	0.481265
1.845	1.16	0.467474
1.845	1.17	0.453884
1.845	1.18	0.440493
1.845	1.19	0.427304
1.845	1.2	0.414314
1.845	1.21	0.401525
1.845	1.22	0.388937
1.845	1.23	0.376549
1.845	1.24	0.364361
1.845	1.25	0.352373
1.845	1.26	0.340586
1.845	1.27	0.329
1.845	1.28	0.317613
1.845	1.29	0.306427
1.845	1.3	0.295442
1.845	1.31	0.284657
1.845	1.32	0.274072
1.845	1.33	0.263687
1.845	1.34	0.253503
1.845	1.35	0.243519
1.845	1.36	0.233735
1.845	1.37	0.224152
1.845	1.38	0.214769
1.845	1.39	0.205586
1.845	1.4	0.196604
1.845	1.41	0.187822
1.845	1.42	0.17924
1.845	1.43	0.170859
1.845	1.44	0.162677
1.845	1.45	0.154697
1.845	1.46	0.146916
1.845	1.47	0.139336
1.845	1.48	0.131955
1.845	1.49	0.124776
1.845	1.5	0.117796
1.845	1.51	0.111017
1.845	1.52	0.104437
1.845	1.53	0.0980586
1.845	1.54	0.09188
1.845	1.55	0.0859016
1.845	1.56	0.0801234
1.845	1.57	0.0745454
1.845	1.58	0.0691676
1.845	1.59	0.0639901
1.845	1.6	0.0590127
1.845	1.61	0.0542356
1.845	1.62	0.0496586
1.845	1.63	0.0452818
1.845	1.64	0.0411052
1.845	1.65	0.0371288
1.845	1.66	0.0333526
1.845	1.67	0.0297765
1.845	1.68	0.0264005
1.845	1.69	0.0232248
1.845	1.7	0.0202491
1.845	1.71	0.0174737
1.845	1.72	0.0148983
1.845	1.73	0.0125231
1.845	1.74	0.010348
1.845	1.75	0.0083731
1.845	1.76	0.00659827
1.845	1.77	0.00502355
1.845	1.78	0.00364895
1.845	1.79	0.00247445
1.845	1.8	0.00150004
1.845	1.81	0.000725735
1.845	1.82	0.000151514
1.845	1.83	-0.000222623
1.845	1.84	-0.000396681
1.845	1.85	-0.000370667
1.845	1.86	-0.000144584
1.845	1.87	0.000281563
1.845	1.88	0.000907768
1.845	1.89	0.00173403
1.845	1.9	0.00276034
1.845	1.91	0.00398669
1.845	1.92	0.00541308
1.845	1.93	0.0070395
1.845	1.94	0.00886596
1.845	1.95	0.0108924
1.845	1.96	0.0131189
1.845	1.97	0.0155454
1.845	1.98	0.018172
1.845	1.99	0.0209985
1.845	2	0.024025
1.85	0	3.4225
1.85	0.01	3.38557
1.85	0.02	3.34884
1.85	0.03	3.31231
1.85	0.04	3.27598
1.85	0.05	3.23985
1.85	0.06	3.20392
1.85	0.07	3.16819
1.85	0.08	3.13266
1.85	0.09	3.09733
1.85	0.1	3.0622
1.85	0.11	3.02727
1.85	0.12	2.99254
1.85	0.13	2.95801
1.85	0.14	2.92368
1.85	0.15	2.88955
1.85	0.16	2.85562
1.85	0.17	2.82189
1.85	0.18	2.78836
1.85	0.19	2.75503
1.85	0.2	2.7219
1.85	0.21	2.68898
1.85	0.22	2.65625
1.85	0.23	2.62372
1.85	0.24	2.59139
1.85	0.25	2.55926
1.85	0.26	2.52734
1.85	0.27	2.49561
1.85	0.28	2.46408
1.85	0.29	2.43276
1.85	0.3	2.40163
1.85	0.31	2.3707
1.85	0.32	2.33998
1.85	0.33	2.30945
1.85	0.34	2.27913
1.85	0.35	2.249
1.85	0.36	2.21908
1.85	0.37	2.18935
1.85	0.38	2.15983
1.85	0.39	2.1305
1.85	0.4	2.10138
1.85	0.41	2.07246
1.85	0.42	2.04373
1.85	0.43	2.01521
1.85	0.44	1.98689
1.85	0.45	1.95877
1.85	0.46	1.93085
1.85	0.47	1.90312
1.85	0.48	1.8756
1.85	0.49	1.84828
1.85	0.5	1.82116
1.85	0.51	1.79424
1.85	0.52	1.76752
1.85	0.53	1.74101
1.85	0.54	1.71469
1.85	0.55	1.68857
1.85	0.56	1.66265
1.85	0.57	1.63693
1.85	0.58	1.61142
1.85	0.59	1.5861
1.85	0.6	1.56098
1.85	0.61	1.53607
1.85	0.62	1.51135
1.85	0.63	1.48684
1.85	0.64	1.46252
1.85	0.65	1.43841
1.85	0.66	1.4145
1.85	0.67	1.39078
1.85	0.68	1.36727
1.85	0.69	1.34396
1.85	0.7	1.32085
1.85	0.71	1.29794
1.85	0.72	1.27523
1.85	0.73	1.25272
1.85	0.74	1.23041
1.85	0.75	1.2083
1.85	0.76	1.18639
1.85	0.77	1.16468
1.85	0.78	1.14317
1.85	0.79	1.12186
1.85	0.8	1.10076
1.85	0.81	1.07985
1.85	0.82	1.05914
1.85	0.83	1.03864
1.85	0.84	1.01833
1.85	0.85	0.998227
1.85	0.86	0.978323
1.85	0.87	0.958619
1.85	0.88	0.939115
1.85	0.89	0.919812
1.85	0.9	0.90071
1.85	0.91	0.881808
1.85	0.92	0.863106
1.85	0.93	0.844605
1.85	0.94	0.826304
1.85	0.95	0.808204
1.85	0.96	0.790304
1.85	0.97	0.772605
1.85	0.98	0.755106
1.85	0.99	0.737808
1.85	1	0.72071
1.85	1.01	0.703812
1.85	1.02	0.687115
1.85	1.03	0.670619
1.85	1.04	0.654322
1.85	1.05	0.638227
1.85	1.06	0.622331
1.85	1.07	0.606636
1.85	1.08	0.591142
1.85	1.09	0.575848
1.85	1.1	0.560754
1.85	1.11	0.545861
1.85	1.12	0.531168
1.85	1.13	0.516676
1.85	1.14	0.502384
1.85	1.15	0.488292
1.85	1.16	0.474401
1.85	1.17	0.46071
1.85	1.18	0.44722
1.85	1.19	0.43393
1.85	1.2	0.42084
1.85	1.21	0.407951
1.85	1.22	0.395262
1.85	1.23	0.382773
1.85	1.24	0.370485
1.85	1.25	0.358397
1.85	1.26	0.34651
1.85	1.27	0.334823
1.85	1.28	0.323336
1.85	1.29	0.31205
1.85	1.3	0.300964
1.85	1.31	0.290078
1.85	1.32	0.279393
1.85	1.33	0.268908
1.85	1.34	0.258623
1.85	1.35	0.248539
1.85	1.36	0.238654
1.85	1.37	0.228971
1.85	1.38	0.219487
1.85	1.39	0.210204
1.85	1.4	0.201121
1.85	1.41	0.192239
1.85	1.42	0.183556
1.85	1.43	0.175074
1.85	1.44	0.166792
1.85	1.45	0.158711
1.85	1.46	0.15083
1.85	1.47	0.143149
1.85	1.48	0.135668
1.85	1.49	0.128388
1.85	1.5	0.121307
1.85	1.51	0.114427
1.85	1.52	0.107748
1.85	1.53	0.101268
1.85	1.54	0.0949889
1.85	1.55	0.0889099
1.85	1.56	0.083031
1.85	1.57	0.0773524
1.85	1.58	0.071874
1.85	1.59	0.0665958
1.85	1.6	0.0615177
1.85	1.61	0.0566399
1.85	1.62	0.0519623
1.85	1.63	0.0474848
1.85	1.64	0.0432075
1.85	1.65	0.0391304
1.85	1.66	0.0352534
1.85	1.67	0.0315766
1.85	1.68	0.0281
1.85	1.69	0.0248235
1.85	1.7	0.0217471
1.85	1.71	0.0188709
1.85	1.72	0.0161949
1.85	1.73	0.0137189
1.85	1.74	0.0114431
1.85	1.75	0.00936741
1.85	1.76	0.00749184
1.85	1.77	0.00581637
1.85	1.78	0.00434102
1.85	1.79	0.00306576
1.85	1.8	0.0019906
1.85	1.81	0.00111553
1.85	1.82	0.000440543
1.85	1.83	-3.43608e-05
1.85	1.84	-0.000309188
1.85	1.85	-0.000383944
1.85	1.86	-0.000258634
1.85	1.87	6.67377e-05
1.85	1.88	0.000592167
1.85	1.89	0.00131765
1.85	1.9	0.00224318
1.85	1.91	0.00336875
1.85	1.92	0.00469436
1.85	1.93	0.00622
1.85	1.94	0.00794567
1.85	1.95	0.00987136
1.85	1.96	0.0119971
1.85	1.97	0.0143228
1.85	1.98	0.0168485
1.85	1.99	0.0195743
1.85	2	0.0225
1.855	0	3.44102
1.855	0.01	3.404
1.855	0.02	3.36717
1.855	0.03	3.33054
1.855	0.04	3.29411
1.855	0.05	3.25788
1.855	0.06	3.22185
1.855	0.07	3.18602
1.855	0.08	3.15039
1.855	0.09	3.11496
1.855	0.1	3.07973
1.855	0.11	3.0447
1.855	0.12	3.00987
1.855	0.13	2.97525
1.855	0.14	2.94082
1.855	0.15	2.90659
1.855	0.16	2.87256
1.855	0.17	2.83873
1.855	0.18	2.8051
1.855	0.19	2.77168
1.855	0.2	2.73845
1.855	0.21	2.70542
1.855	0.22	2.67259
1.855	0.23	2.63997
1.855	0.24	2.60754
1.855	0.25	2.57531
1.855	0.26	2.54329
1.855	0.27	2.51146
1.855	0.28	2.47983
1.855	0.29	2.44841
1.855	0.3	2.41718
1.855	0.31	2.38616
1.855	0.32	2.35533
1.855	0.33	2.32471
1.855	0.34	2.29428
1.855	0.35	2.26406
1.855	0.36	2.23403
1.855	0.37	2.20421
1.855	0.38	2.17459
1.855	0.39	2.14516
1.855	0.4	2.11594
1.855	0.41	2.08692
1.855	0.42	2.0581
1.855	0.43	2.02947
1.855	0.44	2.00105
1.855	0.45	1.97283
1.855	0.46	1.94481
1.855	0.47	1.91699
1.855	0.48	1.88937
1.855	0.49	1.86195
1.855	0.5	1.83473
1.855	0.51	1.80771
1.855	0.52	1.78089
1.855	0.53	1.75427
1.855	0.54	1.72786
1.855	0.55	1.70164
1.855	0.56	1.67562
1.855	0.57	1.6498
1.855	0.58	1.62419
1.855	0.59	1.59877
1.855	0.6	1.57356
1.855	0.61	1.54854
1.855	0.62	1.52373
1.855	0.63	1.49911
1.855	0.64	1.4747
1.855	0.65	1.45048
1.855	0.66	1.42647
1.855	0.67	1.40266
1.855	0.68	1.37905
1.855	0.69	1.35564
1.855	0.7	1.33242
1.855	0.71	1.30941
1.855	0.72	1.2866
1.855	0.73	1.26399
1.855	0.74	1.24158
1.855	0.75	1.21937
1.855	0.76	1.19737
1.855	0.77	1.17556
1.855	0.78	1.15395
1.855	0.79	1.13254
1.855	0.8	1.11133
1.855	0.81	1.09033
1.855	0.82	1.06952
1.855	0.83	1.04892
1.855	0.84	1.02851
1.855	0.85	1.00831
1.855	0.86	0.988303
1.855	0.87	0.968499
1.855	0.88	0.948896
1.855	0.89	0.929493
1.855	0.9	0.91029
1.855	0.91	0.891288
1.855	0.92	0.872487
1.855	0.93	0.853886
1.855	0.94	0.835485
1.855	0.95	0.817285
1.855	0.96	0.799285
1.855	0.97	0.781486
1.855	0.98	0.763887
1.855	0.99	0.746489
1.855	1	0.72929
1.855	1.01	0.712293
1.855	1.02	0.695496
1.855	1.03	0.678899
1.855	1.04	0.662503
1.855	1.05	0.646307
1.855	1.06	0.630311
1.855	1.07	0.614516
1.855	1.08	0.598922
1.855	1.09	0.583527
1.855	1.1	0.568333
1.855	1.11	0.55334
1.855	1.12	0.538547
1.855	1.13	0.523954
1.855	1.14	0.509562
1.855	1.15	0.49537
1.855	1.16	0.481379
1.855	1.17	0.467588
1.855	1.18	0.453997
1.855	1.19	0.440607
1.855	1.2	0.427417
1.855	1.21	0.414427
1.855	1.22	0.401638
1.855	1.23	0.389049
1.855	1.24	0.37666
1.855	1.25	0.364472
1.855	1.26	0.352484
1.855	1.27	0.340697
1.855	1.28	0.32911
1.855	1.29	0.317723
1.855	1.3	0.306536
1.855	1.31	0.29555
1.855	1.32	0.284764
1.855	1.33	0.274179
1.855	1.34	0.263794
1.855	1.35	0.253609
1.855	1.36	0.243624
1.855	1.37	0.23384
1.855	1.38	0.224256
1.855	1.39	0.214872
1.855	1.4	0.205689
1.855	1.41	0.196706
1.855	1.42	0.187923
1.855	1.43	0.17934
1.855	1.44	0.170958
1.855	1.45	0.162776
1.855	1.46	0.154794
1.855	1.47	0.147013
1.855	1.48	0.139431
1.855	1.49	0.13205
1.855	1.5	0.124869
1.855	1.51	0.117889
1.855	1.52	0.111108
1.855	1.53	0.104528
1.855	1.54	0.0981484
1.855	1.55	0.0919687
1.855	1.56	0.0859892
1.855	1.57	0.0802099
1.855	1.58	0.0746308
1.855	1.59	0.0692519
1.855	1.6	0.0640732
1.855	1.61	0.0590947
1.855	1.62	0.0543164
1.855	1.63	0.0497382
1.855	1.64	0.0453602
1.855	1.65	0.0411824
1.855	1.66	0.0372047
1.855	1.67	0.0334272
1.855	1.68	0.0298498
1.855	1.69	0.0264726
1.855	1.7	0.0232955
1.855	1.71	0.0203186
1.855	1.72	0.0175417
1.855	1.73	0.0149651
1.855	1.74	0.0125885
1.855	1.75	0.0104121
1.855	1.76	0.00843572
1.855	1.77	0.00665949
1.855	1.78	0.00508337
1.855	1.79	0.00370734
1.855	1.8	0.00253141
1.855	1.81	0.00155557
1.855	1.82	0.000779806
1.855	1.83	0.000204123
1.855	1.84	-0.000171486
1.855	1.85	-0.000347026
1.855	1.86	-0.000322501
1.855	1.87	-9.79167e-05
1.855	1.88	0.000326723
1.855	1.89	0.000951413
1.855	1.9	0.00177615
1.855	1.91	0.00280093
1.855	1.92	0.00402574
1.855	1.93	0.00545059
1.855	1.94	0.00707546
1.855	1.95	0.00890035
1.855	1.96	0.0109253
1.855	1.97	0.0131502
1.855	1.98	0.0155751
1.855	1.99	0.0182001
1.855	2	0.021025
1.86	0	3.4596
1.86	0.01	3.42247
1.86	0.02	3.38554
1.86	0.03	3.34881
1.86	0.04	3.31229
1.86	0.05	3.27596
1.86	0.06	3.23983
1.86	0.07	3.2039
1.86	0.08	3.16817
1.86	0.09	3.13264
1.86	0.1	3.09732
1.86	0.11	3.06219
1.86	0.12	3.02726
1.86	0.13	2.99253
1.86	0.14	2.958
1.86	0.15	2.92368
1.86	0.16	2.88955
1.86	0.17	2.85562
1.86	0.18	2.8219
1.86	0.19	2.78837
1.86	0.2	2.75504
1.86	0.21	2.72191
1.86	0.22	2.68899
1.86	0.23	2.65626
1.86	0.24	2.62374
1.86	0.25	2.59141
1.86	0.26	2.55928
1.86	0.27	2.52736
1.86	0.28	2.49563
1.86	0.29	2.46411
1.86	0.3	2.43278
1.86	0.31	2.40166
1.86	0.32	2.37073
1.86	0.33	2.34001
1.86	0.34	2.30949
1.86	0.35	2.27916
1.86	0.36	2.24904
1.86	0.37	2.21912
1.86	0.38	2.18939
1.86	0.39	2.15987
1.86	0.4	2.13055
1.86	0.41	2.10143
1.86	0.42	2.07251
1.86	0.43	2.04379
1.86	0.44	2.01526
1.86	0.45	1.98694
1.86	0.46	1.95882
1.86	0.47	1.9309
1.86	0.48	1.90318
1.86	0.49	1.87567
1.86	0.5	1.84835
1.86	0.51	1.82123
1.86	0.52	1.79431
1.86	0.53	1.76759
1.86	0.54	1.74107
1.86	0.55	1.71476
1.86	0.56	1.68864
1.86	0.57	1.66272
1.86	0.58	1.63701
1.86	0.59	1.61149
1.86	0.6	1.58618
1.86	0.61	1.56106
1.86	0.62	1.53615
1.86	0.63	1.51144
1.86	0.64	1.48692
1.86	0.65	1.46261
1.86	0.66	1.4385
1.86	0.67	1.41458
1.86	0.68	1.39087
1.86	0.69	1.36736
1.86	0.7	1.34405
1.86	0.71	1.32094
1.86	0.72	1.29803
1.86	0.73	1.27532
1.86	0.74	1.25281
1.86	0.75	1.2305
1.86	0.76	1.20839
1.86	0.77	1.18649
1.86	0.78	1.16478
1.86	0.79	1.14327
1.86	0.8	1.12196
1.86	0.81	1.10086
1.86	0.82	1.07995
1.86	0.83	1.05925
1.86	0.84	1.03874
1.86	0.85	1.01844
1.86	0.86	0.998333
1.86	0.87	0.978429
1.86	0.88	0.958726
1.86	0.89	0.939223
1.86	0.9	0.919921
1.86	0.91	0.900819
1.86	0.92	0.881918
1.86	0.93	0.863217
1.86	0.94	0.844716
1.86	0.95	0.826416
1.86	0.96	0.808316
1.86	0.97	0.790417
1.86	0.98	0.772718
1.86	0.99	0.755219
1.86	1	0.737921
1.86	1.01	0.720823
1.86	1.02	0.703926
1.86	1.03	0.687229
1.86	1.04	0.670733
1.86	1.05	0.654437
1.86	1.06	0.638341
1.86	1.07	0.622446
1.86	1.08	0.606751
1.86	1.09	0.591257
1.86	1.1	0.575963
1.86	1.11	0.560869
1.86	1.12	0.545976
1.86	1.13	0.531283
1.86	1.14	0.51679
1.86	1.15	0.502498
1.86	1.16	0.488406
1.86	1.17	0.474515
1.86	1.18	0.460824
1.86	1.19	0.447333
1.86	1.2	0.434043
1.86	1.21	0.420953
1.86	1.22	0.408064
1.86	1.23	0.395374
1.86	1.24	0.382886
1.86	1.25	0.370597
1.86	1.26	0.358509
1.86	1.27	0.346621
1.86	1.28	0.334933
1.86	1.29	0.323446
1.86	1.3	0.312159
1.86	1.31	0.301073
1.86	1.32	0.290186
1.86	1.33	0.2795
1.86	1.34	0.269015
1.86	1.35	0.258729
1.86	1.36	0.248644
1.86	1.37	0.238759
1.86	1.38	0.229075
1.86	1.39	0.219591
1.86	1.4	0.210307
1.86	1.41	0.201223
1.86	1.42	0.19234
1.86	1.43	0.183657
1.86	1.44	0.175174
1.86	1.45	0.166891
1.86	1.46	0.158809
1.86	1.47	0.150926
1.86	1.48	0.143245
1.86	1.49	0.135763
1.86	1.5	0.128481
1.86	1.51	0.1214
1.86	1.52	0.114519
1.86	1.53	0.107838
1.86	1.54	0.101358
1.86	1.55	0.0950776
1.86	1.56	0.0889974
1.86	1.57	0.0831175
1.86	1.58	0.0774377
1.86	1.59	0.0719581
1.86	1.6	0.0666787
1.86	1.61	0.0615995
1.86	1.62	0.0567205
1.86	1.63	0.0520416
1.86	1.64	0.0475629
1.86	1.65	0.0432844
1.86	1.66	0.039206
1.86	1.67	0.0353277
1.86	1.68	0.0316496
1.86	1.69	0.0281717
1.86	1.7	0.0248939
1.86	1.71	0.0218162
1.86	1.72	0.0189386
1.86	1.73	0.0162612
1.86	1.74	0.0137839
1.86	1.75	0.0115067
1.86	1.76	0.00942961
1.86	1.77	0.00755262
1.86	1.78	0.00587573
1.86	1.79	0.00439894
1.86	1.8	0.00312223
1.86	1.81	0.00204561
1.86	1.82	0.00116907
1.86	1.83	0.000492612
1.86	1.84	1.62213e-05
1.86	1.85	-0.000260103
1.86	1.86	-0.000336364
1.86	1.87	-0.000212568
1.86	1.88	0.000111282
1.86	1.89	0.000635181
1.86	1.9	0.00135913
1.86	1.91	0.00228311
1.86	1.92	0.00340713
1.86	1.93	0.00473118
1.86	1.94	0.00625525
1.86	1.95	0.00797935
1.86	1.96	0.00990346
1.86	1.97	0.0120276
1.86	1.98	0.0143517
1.86	1.99	0.0168759
1.86	2	0.0196
1.865	0	3.47823
1.865	0.01	3.441
1.865	0.02	3.40397
1.865	0.03	3.36714
1.865	0.04	3.33051
1.865	0.05	3.29409
1.865	0.06	3.25786
1.865	0.07	3.22183
1.865	0.08	3.18601
1.865	0.09	3.15038
1.865	0.1	3.11495
1.865	0.11	3.07972
1.865	0.12	3.0447
1.865	0.13	3.00987
1.865	0.14	2.97524
1.865	0.15	2.94082
1.865	0.16	2.90659
1.865	0.17	2.87256
1.865	0.18	2.83874
1.865	0.19	2.80511
1.865	0.2	2.77169
1.865	0.21	2.73846
1.865	0.22	2.70543
1.865	0.23	2.67261
1.865	0.24	2.63998
1.865	0.25	2.60756
1.865	0.26	2.57533
1.865	0.27	2.54331
1.865	0.28	2.51148
1.865	0.29	2.47986
1.865	0.3	2.44844
1.865	0.31	2.41721
1.865	0.32	2.38619
1.865	0.33	2.35537
1.865	0.34	2.32474
1.865	0.35	2.29432
1.865	0.36	2.2641
1.865	0.37	2.23407
1.865	0.38	2.20425
1.865	0.39	2.17463
1.865	0.4	2.14521
1.865	0.41	2.11599
1.865	0.42	2.08697
1.865	0.43	2.05815
1.865	0.44	2.02953
1.865	0.45	2.00111
1.865	0.46	1.97289
1.865	0.47	1.94487
1.865	0.48	1.91705
1.865	0.49	1.88943
1.865	0.5	1.86201
1.865	0.51	1.8348
1.865	0.52	1.80778
1.865	0.53	1.78096
1.865	0.54	1.75434
1.865	0.55	1.72793
1.865	0.56	1.70171
1.865	0.57	1.6757
1.865	0.58	1.64988
1.865	0.59	1.62427
1.865	0.6	1.59885
1.865	0.61	1.57364
1.865	0.62	1.54862
1.865	0.63	1.52381
1.865	0.64	1.4992
1.865	0.65	1.47478
1.865	0.66	1.45057
1.865	0.67	1.42656
1.865	0.68	1.40275
1.865	0.69	1.37914
1.865	0.7	1.35573
1.865	0.71	1.33252
1.865	0.72	1.30951
1.865	0.73	1.2867
1.865	0.74	1.26409
1.865	0.75	1.24168
1.865	0.76	1.21947
1.865	0.77	1.19746
1.865	0.78	1.17566
1.865	0.79	1.15405
1.865	0.8	1.13264
1.865	0.81	1.11144
1.865	0.82	1.09043
1.865	0.83	1.06963
1.865	0.84	1.04902
1.865	0.85	1.02862
1.865	0.86	1.00841
1.865	0.87	0.988411
1.865	0.88	0.968607
1.865	0.89	0.949005
1.865	0.9	0.929602
1.865	0.91	0.910401
1.865	0.92	0.891399
1.865	0.93	0.872598
1.865	0.94	0.853998
1.865	0.95	0.835597
1.865	0.96	0.817398
1.865	0.97	0.799398
1.865	0.98	0.781599
1.865	0.99	0.764001
1.865	1	0.746602
1.865	1.01	0.729405
1.865	1.02	0.712407
1.865	1.03	0.69561
1.865	1.04	0.679014
1.865	1.05	0.662618
1.865	1.06	0.646422
1.865	1.07	0.630426
1.865	1.08	0.614631
1.865	1.09	0.599037
1.865	1.1	0.583643
1.865	1.11	0.568449
1.865	1.12	0.553455
1.865	1.13	0.538662
1.865	1.14	0.524069
1.865	1.15	0.509677
1.865	1.16	0.495485
1.865	1.17	0.481493
1.865	1.18	0.467702
1.865	1.19	0.454111
1.865	1.2	0.44072
1.865	1.21	0.42753
1.865	1.22	0.41454
1.865	1.23	0.401751
1.865	1.24	0.389161
1.865	1.25	0.376772
1.865	1.26	0.364584
1.865	1.27	0.352596
1.865	1.28	0.340808
1.865	1.29	0.32922
1.865	1.3	0.317833
1.865	1.31	0.306646
1.865	1.32	0.295659
1.865	1.33	0.284872
1.865	1.34	0.274286
1.865	1.35	0.2639
1.865	1.36	0.253715
1.865	1.37	0.243729
1.865	1.38	0.233944
1.865	1.39	0.22436
1.865	1.4	0.214975
1.865	1.41	0.205791
1.865	1.42	0.196807
1.865	1.43	0.188023
1.865	1.44	0.17944
1.865	1.45	0.171057
1.865	1.46	0.162874
1.865	1.47	0.154891
1.865	1.48	0.147108
1.865	1.49	0.139526
1.865	1.5	0.132144
1.865	1.51	0.124962
1.865	1.52	0.117981
1.865	1.53	0.111199
1.865	1.54	0.104618
1.865	1.55	0.0982369
1.865	1.56	0.0920561
1.865	1.57	0.0860755
1.865	1.58	0.080295
1.865	1.59	0.0747148
1.865	1.6	0.0693347
1.865	1.61	0.0641548
1.865	1.62	0.059175
1.865	1.63	0.0543955
1.865	1.64	0.049816
1.865	1.65	0.0454368
1.865	1.66	0.0412576
1.865	1.67	0.0372787
1.865	1.68	0.0334998
1.865	1.69	0.0299212
1.865	1.7	0.0265426
1.865	1.71	0.0233642
1.865	1.72	0.0203859
1.865	1.73	0.0176077
1.865	1.74	0.0150296
1.865	1.75	0.0126516
1.865	1.76	0.0104738
1.865	1.77	0.00849601
1.865	1.78	0.00671834
1.865	1.79	0.00514077
1.865	1.8	0.00376328
1.865	1.81	0.00258588
1.865	1.82	0.00160855
1.865	1.83	0.000831297
1.865	1.84	0.000254113
1.865	1.85	-0.000123006
1.865	1.86	-0.000300065
1.865	1.87	-0.000277068
1.865	1.88	-5.4019e-05
1.865	1.89	0.000369077
1.865	1.9	0.000992217
1.865	1.91	0.00181539
1.865	1.92	0.00283861
1.865	1.93	0.00406185
1.865	1.94	0.00548511
1.865	1.95	0.0071084
1.865	1.96	0.00893171
1.865	1.97	0.010955
1.865	1.98	0.0131783
1.865	1.99	0.0156017
1.865	2	0.018225
1.87	0	3.4969
1.87	0.01	3.45957
1.87	0.02	3.42245
1.87	0.03	3.38552
1.87	0.04	3.34879
1.87	0.05	3.31227
1.87	0.06	3.27594
1.87	0.07	3.23981
1.87	0.08	3.20389
1.87	0.09	3.16816
1.87	0.1	3.13264
1.87	0.11	3.09731
1.87	0.12	3.06218
1.87	0.13	3.02726
1.87	0.14	2.99253
1.87	0.15	2.95801
1.87	0.16	2.92368
1.87	0.17	2.88955
1.87	0.18	2.85563
1.87	0.19	2.8219
1.87	0.2	2.78838
1.87	0.21	2.75505
1.87	0.22	2.72193
1.87	0.23	2.689
1.87	0.24	2.65628
1.87	0.25	2.62376
1.87	0.26	2.59143
1.87	0.27	2.55931
1.87	0.28	2.52738
1.87	0.29	2.49566
1.87	0.3	2.46414
1.87	0.31	2.43282
1.87	0.32	2.40169
1.87	0.33	2.37077
1.87	0.34	2.34005
1.87	0.35	2.30953
1.87	0.36	2.2792
1.87	0.37	2.24908
1.87	0.38	2.21916
1.87	0.39	2.18944
1.87	0.4	2.15992
1.87	0.41	2.1306
1.87	0.42	2.10148
1.87	0.43	2.07256
1.87	0.44	2.04384
1.87	0.45	2.01532
1.87	0.46	1.987
1.87	0.47	1.95888
1.87	0.48	1.93097
1.87	0.49	1.90325
1.87	0.5	1.87573
1.87	0.51	1.84841
1.87	0.52	1.8213
1.87	0.53	1.79438
1.87	0.54	1.76766
1.87	0.55	1.74115
1.87	0.56	1.71483
1.87	0.57	1.68872
1.87	0.58	1.6628
1.87	0.59	1.63709
1.87	0.6	1.61157
1.87	0.61	1.58626
1.87	0.62	1.56115
1.87	0.63	1.53623
1.87	0.64	1.51152
1.87	0.65	1.48701
1.87	0.66	1.4627
1.87	0.67	1.43859
1.87	0.68	1.41468
1.87	0.69	1.39096
1.87	0.7	1.36745
1.87	0.71	1.34414
1.87	0.72	1.32104
1.87	0.73	1.29813
1.87	0.74	1.27542
1.87	0.75	1.25291
1.87	0.76	1.2306
1.87	0.77	1.20849
1.87	0.78	1.18659
1.87	0.79	1.16488
1.87	0.8	1.14337
1.87	0.81	1.12207
1.87	0.82	1.10096
1.87	0.83	1.08006
1.87	0.84	1.05935
1.87	0.85	1.03885
1.87	0.86	1.01855
1.87	0.87	0.998442
1.87	0.88	0.978539
1.87	0.89	0.958836
1.87	0.9	0.939334
1.87	0.91	0.920032
1.87	0.92	0.900931
1.87	0.93	0.88203
1.87	0.94	0.863329
1.87	0.95	0.844829
1.87	0.96	0.826529
1.87	0.97	0.80843
1.87	0.98	0.790531
1.87	0.99	0.772832
1.87	1	0.755334
1.87	1.01	0.738036
1.87	1.02	0.720939
1.87	1.03	0.704041
1.87	1.04	0.687345
1.87	1.05	0.670849
1.87	1.06	0.654553
1.87	1.07	0.638457
1.87	1.08	0.622562
1.87	1.09	0.606867
1.87	1.1	0.591373
1.87	1.11	0.576079
1.87	1.12	0.560985
1.87	1.13	0.546091
1.87	1.14	0.531398
1.87	1.15	0.516906
1.87	1.16	0.502614
1.87	1.17	0.488522
1.87	1.18	0.47463
1.87	1.19	0.460939
1.87	1.2	0.447448
1.87	1.21	0.434157
1.87	1.22	0.421067
1.87	1.23	0.408177
1.87	1.24	0.395487
1.87	1.25	0.382998
1.87	1.26	0.370709
1.87	1.27	0.35862
1.87	1.28	0.346732
1.87	1.29	0.335044
1.87	1.3	0.323556
1.87	1.31	0.312268
1.87	1.32	0.301181
1.87	1.33	0.290294
1.87	1.34	0.279608
1.87	1.35	0.269121
1.87	1.36	0.258835
1.87	1.37	0.248749
1.87	1.38	0.238864
1.87	1.39	0.229179
1.87	1.4	0.219694
1.87	1.41	0.210409
1.87	1.42	0.201324
1.87	1.43	0.19244
1.87	1.44	0.183756
1.87	1.45	0.175272
1.87	1.46	0.166989
1.87	1.47	0.158905
1.87	1.48	0.151022
1.87	1.49	0.143339
1.87	1.5	0.135857
1.87	1.51	0.128574
1.87	1.52	0.121492
1.87	1.53	0.11461
1.87	1.54	0.107928
1.87	1.55	0.101446
1.87	1.56	0.0951648
1.87	1.57	0.0890835
1.87	1.58	0.0832024
1.87	1.59	0.0775214
1.87	1.6	0.0720406
1.87	1.61	0.06676
1.87	1.62	0.0616796
1.87	1.63	0.0567993
1.87	1.64	0.0521192
1.87	1.65	0.0476392
1.87	1.66	0.0433593
1.87	1.67	0.0392796
1.87	1.68	0.0354001
1.87	1.69	0.0317206
1.87	1.7	0.0282413
1.87	1.71	0.0249621
1.87	1.72	0.0218831
1.87	1.73	0.0190041
1.87	1.74	0.0163253
1.87	1.75	0.0138466
1.87	1.76	0.0115679
1.87	1.77	0.0094894
1.87	1.78	0.00761096
1.87	1.79	0.00593261
1.87	1.8	0.00445434
1.87	1.81	0.00317614
1.87	1.82	0.00209803
1.87	1.83	0.00121999
1.87	1.84	0.000542009
1.87	1.85	6.40941e-05
1.87	1.86	-0.000213762
1.87	1.87	-0.000291565
1.87	1.88	-0.000169317
1.87	1.89	0.000152976
1.87	1.9	0.000675311
1.87	1.91	0.00139768
1.87	1.92	0.00232009
1.87	1.93	0.00344252
1.87	1.94	0.00476498
1.87	1.95	0.00628746
1.87	1.96	0.00800995
1.87	1.97	0.00993246
1.87	1.98	0.012055
1.87	1.99	0.0143775
1.87	2	0.0169
1.875	0	3.51562
1.875	0.01	3.4782
1.875	0.02	3.44097
1.875	0.03	3.40395
1.875	0.04	3.36712
1.875	0.05	3.3305
1.875	0.06	3.29407
1.875	0.07	3.25785
1.875	0.08	3.22182
1.875	0.09	3.186
1.875	0.1	3.15037
1.875	0.11	3.11494
1.875	0.12	3.07972
1.875	0.13	3.04469
1.875	0.14	3.00987
1.875	0.15	2.97525
1.875	0.16	2.94082
1.875	0.17	2.9066
1.875	0.18	2.87257
1.875	0.19	2.83875
1.875	0.2	2.80512
1.875	0.21	2.7717
1.875	0.22	2.73848
1.875	0.23	2.70545
1.875	0.24	2.67263
1.875	0.25	2.64
1.875	0.26	2.60758
1.875	0.27	2.57536
1.875	0.28	2.54334
1.875	0.29	2.51151
1.875	0.3	2.47989
1.875	0.31	2.44847
1.875	0.32	2.41725
1.875	0.33	2.38623
1.875	0.34	2.3554
1.875	0.35	2.32478
1.875	0.36	2.29436
1.875	0.37	2.26414
1.875	0.38	2.23412
1.875	0.39	2.2043
1.875	0.4	2.17468
1.875	0.41	2.14526
1.875	0.42	2.11604
1.875	0.43	2.08702
1.875	0.44	2.0582
1.875	0.45	2.02959
1.875	0.46	2.00117
1.875	0.47	1.97295
1.875	0.48	1.94493
1.875	0.49	1.91712
1.875	0.5	1.8895
1.875	0.51	1.86208
1.875	0.52	1.83487
1.875	0.53	1.80785
1.875	0.54	1.78103
1.875	0.55	1.75442
1.875	0.56	1.728
1.875	0.57	1.70179
1.875	0.58	1.67577
1.875	0.59	1.64996
1.875	0.6	1.62435
1.875	0.61	1.59893
1.875	0.62	1.57372
1.875	0.63	1.54871
1.875	0.64	1.5239
1.875	0.65	1.49929
1.875	0.66	1.47487
1.875	0.67	1.45066
1.875	0.68	1.42665
1.875	0.69	1.40284
1.875	0.7	1.37923
1.875	0.71	1.35582
1.875	0.72	1.33261
1.875	0.73	1.3096
1.875	0.74	1.2868
1.875	0.75	1.26419
1.875	0.76	1.24178
1.875	0.77	1.21957
1.875	0.78	1.19757
1.875	0.79	1.17576
1.875	0.8	1.15415
1.875	0.81	1.13275
1.875	0.82	1.11154
1.875	0.83	1.09054
1.875	0.84	1.06973
1.875	0.85	1.04913
1.875	0.86	1.02873
1.875	0.87	1.00852
1.875	0.88	0.988521
1.875	0.89	0.968718
1.875	0.9	0.949116
1.875	0.91	0.929714
1.875	0.92	0.910513
1.875	0.93	0.891512
1.875	0.94	0.872711
1.875	0.95	0.854111
1.875	0.96	0.835711
1.875	0.97	0.817512
1.875	0.98	0.799513
1.875	0.99	0.781714
1.875	1	0.764116
1.875	1.01	0.746718
1.875	1.02	0.729521
1.875	1.03	0.712523
1.875	1.04	0.695727
1.875	1.05	0.67913
1.875	1.06	0.662734
1.875	1.07	0.646538
1.875	1.08	0.630543
1.875	1.09	0.614748
1.875	1.1	0.599153
1.875	1.11	0.583759
1.875	1.12	0.568565
1.875	1.13	0.553572
1.875	1.14	0.538778
1.875	1.15	0.524185
1.875	1.16	0.509793
1.875	1.17	0.495601
1.875	1.18	0.481609
1.875	1.19	0.467817
1.875	1.2	0.454226
1.875	1.21	0.440835
1.875	1.22	0.427644
1.875	1.23	0.414654
1.875	1.24	0.401864
1.875	1.25	0.389274
1.875	1.26	0.376885
1.875	1.27	0.364696
1.875	1.28	0.352707
1.875	1.29	0.340918
1.875	1.3	0.32933
1.875	1.31	0.317942
1.875	1.32	0.306754
1.875	1.33	0.295767
1.875	1.34	0.28498
1.875	1.35	0.274393
1.875	1.36	0.264006
1.875	1.37	0.25382
1.875	1.38	0.243834
1.875	1.39	0.234048
1.875	1.4	0.224463
1.875	1.41	0.215077
1.875	1.42	0.205892
1.875	1.43	0.196907
1.875	1.44	0.188123
1.875	1.45	0.179538
1.875	1.46	0.171154
1.875	1.47	0.16297
1.875	1.48	0.154987
1.875	1.49	0.147203
1.875	1.5	0.13962
1.875	1.51	0.132237
1.875	1.52	0.125054
1.875	1.53	0.118071
1.875	1.54	0.111288
1.875	1.55	0.104706
1.875	1.56	0.0983239
1.875	1.57	0.0921419
1.875	1.58	0.0861601
1.875	1.59	0.0803785
1.875	1.6	0.074797
1.875	1.61	0.0694157
1.875	1.62	0.0642345
1.875	1.63	0.0592535
1.875	1.64	0.0544727
1.875	1.65	0.0498919
1.875	1.66	0.0455114
1.875	1.67	0.0413309
1.875	1.68	0.0373506
1.875	1.69	0.0335704
1.875	1.7	0.0299904
1.875	1.71	0.0266104
1.875	1.72	0.0234306
1.875	1.73	0.0204509
1.875	1.74	0.0176713
1.875	1.75	0.0150918
1.875	1.76	0.0127124
1.875	1.77	0.010533
1.875	1.78	0.00855381
1.875	1.79	0.00677467
1.875	1.8	0.00519561
1.875	1.81	0.00381662
1.875	1.82	0.00263771
1.875	1.83	0.00165886
1.875	1.84	0.000880079
1.875	1.85	0.000301358
1.875	1.86	-7.73069e-05
1.875	1.87	-0.00025592
1.875	1.88	-0.000234484
1.875	1.89	-1.3005e-05
1.875	1.9	0.000408514
1.875	1.91	0.00103007
1.875	1.92	0.00185166
1.875	1.93	0.00287327
1.875	1.94	0.00409491
1.875	1.95	0.00551657
1.875	1.96	0.00713824
1.875	1.97	0.00895992
1.875	1.98	0.0109816
1.875	1.99	0.0132033
1.875	2	0.015625
1.88	0	3.5344
1.88	0.01	3.49688
1.88	0.02	3.45955
1.88	0.03	3.42243
1.88	0.04	3.3855
1.88	0.05	3.34878
1.88	0.06	3.31225
1.88	0.07	3.27593
1.88	0.08	3.2398
1.88	0.09	3.20388
1.88	0.1	3.16815
1.88	0.11	3.13263
1.88	0.12	3.09731
1.88	0.13	3.06218
1.88	0.14	3.02726
1.88	0.15	2.99253
1.88	0.16	2.95801
1.88	0.17	2.92369
1.88	0.18	2.88956
1.88	0.19	2.85564
1.88	0.2	2.82192
1.88	0.21	2.78839
1.88	0.22	2.75507
1.88	0.23	2.72195
1.88	0.24	2.68903
1.88	0.25	2.6563
1.88	0.26	2.62378
1.88	0.27	2.59146
1.88	0.28	2.55934
1.88	0.29	2.52742
1.88	0.3	2.49569
1.88	0.31	2.46417
1.88	0.32	2.43285
1.88	0.33	2.40173
1.88	0.34	2.37081
1.88	0.35	2.34009
1.88	0.36	2.30957
1.88	0.37	2.27925
1.88	0.38	2.24913
1.88	0.39	2.21921
1.88	0.4	2.18949
1.88	0.41	2.15997
1.88	0.42	2.13065
1.88	0.43	2.10154
1.88	0.44	2.07262
1.88	0.45	2.0439
1.88	0.46	2.01538
1.88	0.47	1.98707
1.88	0.48	1.95895
1.88	0.49	1.93103
1.88	0.5	1.90332
1.88	0.51	1.8758
1.88	0.52	1.84848
1.88	0.53	1.82137
1.88	0.54	1.79445
1.88	0.55	1.76774
1.88	0.56	1.74123
1.88	0.57	1.71491
1.88	0.58	1.6888
1.88	0.59	1.66288
1.88	0.6	1.63717
1.88	0.61	1.61166
1.88	0.62	1.58635
1.88	0.63	1.56123
1.88	0.64	1.53632
1.88	0.65	1.51161
1.88	0.66	1.4871
1.88	0.67	1.46279
1.88	0.68	1.43868
1.88	0.69	1.41477
1.88	0.7	1.39106
1.88	0.71	1.36755
1.88	0.72	1.34424
1.88	0.73	1.32113
1.88	0.74	1.29823
1.88	0.75	1.27552
1.88	0.76	1.25301
1.88	0.77	1.2307
1.88	0.78	1.2086
1.88	0.79	1.18669
1.88	0.8	1.16499
1.88	0.81	1.14348
1.88	0.82	1.12217
1.88	0.83	1.10107
1.88	0.84	1.08017
1.88	0.85	1.05946
1.88	0.86	1.03896
1.88	0.87	1.01866
1.88	0.88	0.998553
1.88	0.89	0.97865
1.88	0.9	0.958948
1.88	0.91	0.939447
1.88	0.92	0.920145
1.88	0.93	0.901044
1.88	0.94	0.882144
1.88	0.95	0.863444
1.88	0.96	0.844944
1.88	0.97	0.826644
1.88	0.98	0.808545
1.88	0.99	0.790647
1.88	1	0.772948
1.88	1.01	0.75545
1.88	1.02	0.738153
1.88	1.03	0.721055
1.88	1.04	0.704158
1.88	1.05	0.687462
1.88	1.06	0.670966
1.88	1.07	0.65467
1.88	1.08	0.638574
1.88	1.09	0.622679
1.88	1.1	0.606984
1.88	1.11	0.59149
1.88	1.12	0.576195
1.88	1.13	0.561102
1.88	1.14	0.546208
1.88	1.15	0.531515
1.88	1.16	0.517022
1.88	1.17	0.50273
1.88	1.18	0.488637
1.88	1.19	0.474745
1.88	1.2	0.461054
1.88	1.21	0.447562
1.88	1.22	0.434271
1.88	1.23	0.421181
1.88	1.24	0.40829
1.88	1.25	0.3956
1.88	1.26	0.383111
1.88	1.27	0.370821
1.88	1.28	0.358732
1.88	1.29	0.346843
1.88	1.3	0.335154
1.88	1.31	0.323666
1.88	1.32	0.312378
1.88	1.33	0.30129
1.88	1.34	0.290402
1.88	1.35	0.279715
1.88	1.36	0.269228
1.88	1.37	0.258941
1.88	1.38	0.248854
1.88	1.39	0.238968
1.88	1.4	0.229282
1.88	1.41	0.219796
1.88	1.42	0.21051
1.88	1.43	0.201425
1.88	1.44	0.19254
1.88	1.45	0.183855
1.88	1.46	0.17537
1.88	1.47	0.167085
1.88	1.48	0.159001
1.88	1.49	0.151117
1.88	1.5	0.143433
1.88	1.51	0.135949
1.88	1.52	0.128665
1.88	1.53	0.121582
1.88	1.54	0.114699
1.88	1.55	0.108016
1.88	1.56	0.101533
1.88	1.57	0.0952504
1.88	1.58	0.0891679
1.88	1.59	0.0832856
1.88	1.6	0.0776034
1.88	1.61	0.0721214
1.88	1.62	0.0668395
1.88	1.63	0.0617578
1.88	1.64	0.0568762
1.88	1.65	0.0521947
1.88	1.66	0.0477134
1.88	1.67	0.0434322
1.88	1.68	0.0393512
1.88	1.69	0.0354702
1.88	1.7	0.0317894
1.88	1.71	0.0283087
1.88	1.72	0.0250281
1.88	1.73	0.0219477
1.88	1.74	0.0190673
1.88	1.75	0.016387
1.88	1.76	0.0139068
1.88	1.77	0.0116267
1.88	1.78	0.00954667
1.88	1.79	0.00766674
1.88	1.8	0.00598688
1.88	1.81	0.0045071
1.88	1.82	0.00322739
1.88	1.83	0.00214774
1.88	1.84	0.00126815
1.88	1.85	0.000588626
1.88	1.86	0.000109152
1.88	1.87	-0.000170271
1.88	1.88	-0.000249648
1.88	1.89	-0.000128983
1.88	1.9	0.000191721
1.88	1.91	0.000712459
1.88	1.92	0.00143323
1.88	1.93	0.00235402
1.88	1.94	0.00347484
1.88	1.95	0.00479568
1.88	1.96	0.00631653
1.88	1.97	0.00803739
1.88	1.98	0.00995826
1.88	1.99	0.0120791
1.88	2	0.0144
1.885	0	3.55322
1.885	0.01	3.5156
1.885	0.02	3.47818
1.885	0.03	3.44095
1.885	0.04	3.40393
1.885	0.05	3.36711
1.885	0.06	3.33048
1.885	0.07	3.29406
1.885	0.08	3.25784
1.885	0.09	3.22181
1.885	0.1	3.18599
1.885	0.11	3.15037
1.885	0.12	3.11494
1.885	0.13	3.07972
1.885	0.14	3.0447
1.885	0.15	3.00987
1.885	0.16	2.97525
1.885	0.17	2.94083
1.885	0.18	2.90661
1.885	0.19	2.87258
1.885	0.2	2.83876
1.885	0.21	2.80514
1.885	0.22	2.77172
1.885	0.23	2.7385
1.885	0.24	2.70547
1.885	0.25	2.67265
1.885	0.26	2.64003
1.885	0.27	2.60761
1.885	0.28	2.57539
1.885	0.29	2.54337
1.885	0.3	2.51155
1.885	0.31	2.47993
1.885	0.32	2.44851
1.885	0.33	2.41729
1.885	0.34	2.38627
1.885	0.35	2.35545
1.885	0.36	2.32483
1.885	0.37	2.29441
1.885	0.38	2.26419
1.885	0.39	2.23417
1.885	0.4	2.20435
1.885	0.41	2.17474
1.885	0.42	2.14532
1.885	0.43	2.1161
1.885	0.44	2.08708
1.885	0.45	2.05827
1.885	0.46	2.02965
1.885	0.47	2.00123
1.885	0.48	1.97302
1.885	0.49	1.945
1.885	0.5	1.91718
1.885	0.51	1.88957
1.885	0.52	1.86215
1.885	0.53	1.83494
1.885	0.54	1.80792
1.885	0.55	1.78111
1.885	0.56	1.7545
1.885	0.57	1.72808
1.885	0.58	1.70187
1.885	0.59	1.67586
1.885	0.6	1.65005
1.885	0.61	1.62443
1.885	0.62	1.59902
1.885	0.63	1.57381
1.885	0.64	1.5488
1.885	0.65	1.52399
1.885	0.66	1.49938
1.885	0.67	1.47497
1.885	0.68	1.45076
1.885	0.69	1.42675
1.885	0.7	1.40294
1.885	0.71	1.37933
1.885	0.72	1.35592
1.885	0.73	1.33271
1.885	0.74	1.30971
1.885	0.75	1.2869
1.885	0.76	1.26429
1.885	0.77	1.24188
1.885	0.78	1.21968
1.885	0.79	1.19767
1.885	0.8	1.17587
1.885	0.81	1.15426
1.885	0.82	1.13286
1.885	0.83	1.11165
1.885	0.84	1.09065
1.885	0.85	1.06984
1.885	0.86	1.04924
1.885	0.87	1.02884
1.885	0.88	1.00864
1.885	0.89	0.988633
1.885	0.9	0.968831
1.885	0.91	0.94923
1.885	0.92	0.929828
1.885	0.93	0.910627
1.885	0.94	0.891627
1.885	0.95	0.872827
1.885	0.96	0.854227
1.885	0.97	0.835827
1.885	0.98	0.817628
1.885	0.99	0.79963
1.885	1	0.781831
1.885	1.01	0.764233
1.885	1.02	0.746835
1.885	1.03	0.729638
1.885	1.04	0.712641
1.885	1.05	0.695844
1.885	1.06	0.679248
1.885	1.07	0.662852
1.885	1.08	0.646656
1.885	1.09	0.630661
1.885	1.1	0.614866
1.885	1.11	0.599271
1.885	1.12	0.583876
1.885	1.13	0.568682
1.885	1.14	0.553689
1.885	1.15	0.538895
1.885	1.16	0.524302
1.885	1.17	0.509909
1.885	1.18	0.495717
1.885	1.19	0.481724
1.885	1.2	0.467932
1.885	1.21	0.454341
1.885	1.22	0.440949
1.885	1.23	0.427758
1.885	1.24	0.414768
1.885	1.25	0.401977
1.885	1.26	0.389387
1.885	1.27	0.376997
1.885	1.28	0.364807
1.885	1.29	0.352818
1.885	1.3	0.341029
1.885	1.31	0.32944
1.885	1.32	0.318051
1.885	1.33	0.306863
1.885	1.34	0.295875
1.885	1.35	0.285087
1.885	1.36	0.274499
1.885	1.37	0.264112
1.885	1.38	0.253925
1.885	1.39	0.243938
1.885	1.4	0.234151
1.885	1.41	0.224565
1.885	1.42	0.215179
1.885	1.43	0.205993
1.885	1.44	0.197007
1.885	1.45	0.188221
1.885	1.46	0.179636
1.885	1.47	0.171251
1.885	1.48	0.163066
1.885	1.49	0.155081
1.885	1.5	0.147296
1.885	1.51	0.139712
1.885	1.52	0.132328
1.885	1.53	0.125144
1.885	1.54	0.11816
1.885	1.55	0.111376
1.885	1.56	0.104793
1.885	1.57	0.0984093
1.885	1.58	0.0922261
1.885	1.59	0.0862431
1.885	1.6	0.0804602
1.885	1.61	0.0748774
1.885	1.62	0.0694948
1.885	1.63	0.0643124
1.885	1.64	0.05933
1.885	1.65	0.0545478
1.885	1.66	0.0499658
1.885	1.67	0.0455839
1.885	1.68	0.041402
1.885	1.69	0.0374204
1.885	1.7	0.0336388
1.885	1.71	0.0300573
1.885	1.72	0.0266759
1.885	1.73	0.0234947
1.885	1.74	0.0205135
1.885	1.75	0.0177324
1.885	1.76	0.0151515
1.885	1.77	0.0127706
1.885	1.78	0.0105898
1.885	1.79	0.00860902
1.885	1.8	0.00682836
1.885	1.81	0.00524777
1.885	1.82	0.00386724
1.885	1.83	0.00268678
1.885	1.84	0.00170639
1.885	1.85	0.000926041
1.885	1.86	0.000345749
1.885	1.87	-3.44945e-05
1.885	1.88	-0.000214694
1.885	1.89	-0.000194853
1.885	1.9	2.50254e-05
1.885	1.91	0.000444937
1.885	1.92	0.00106488
1.885	1.93	0.00188484
1.885	1.94	0.00290483
1.885	1.95	0.00412484
1.885	1.96	0.00554486
1.885	1.97	0.00716489
1.885	1.98	0.00898492
1.885	1.99	0.011005
1.885	2	0.013225
1.89	0	3.5721
1.89	0.01	3.53438
1.89	0.02	3.49685
1.89	0.03	3.45953
1.89	0.04	3.42241
1.89	0.05	3.38549
1.89	0.06	3.34876
1.89	0.07	3.31224
1.89	0.08	3.27592
1.89	0.09	3.2398
1.89	0.1	3.20387
1.89	0.11	3.16815
1.89	0.12	3.13263
1.89	0.13	3.09731
1.89	0.14	3.06219
1.89	0.15	3.02726
1.89	0.16	2.99254
1.89	0.17	2.95802
1.89	0.18	2.9237
1.89	0.19	2.88958
1.89	0.2	2.85566
1.89	0.21	2.82193
1.89	0.22	2.78841
1.89	0.23	2.75509
1.89	0.24	2.72197
1.89	0.25	2.68905
1.89	0.26	2.65633
1.89	0.27	2.62381
1.89	0.28	2.59149
1.89	0.29	2.55937
1.89	0.3	2.52745
1.89	0.31	2.49573
1.89	0.32	2.46421
1.89	0.33	2.43289
1.89	0.34	2.40177
1.89	0.35	2.37085
1.89	0.36	2.34014
1.89	0.37	2.30962
1.89	0.38	2.2793
1.89	0.39	2.24918
1.89	0.4	2.21926
1.89	0.41	2.18955
1.89	0.42	2.16003
1.89	0.43	2.13071
1.89	0.44	2.1016
1.89	0.45	2.07268
1.89	0.46	2.04396
1.89	0.47	2.01545
1.89	0.48	1.98713
1.89	0.49	1.95902
1.89	0.5	1.9311
1.89	0.51	1.90339
1.89	0.52	1.87587
1.89	0.53	1.84856
1.89	0.54	1.82145
1.89	0.55	1.79453
1.89	0.56	1.76782
1.89	0.57	1.74131
1.89	0.58	1.71499
1.89	0.59	1.68888
1.89	0.6	1.66297
1.89	0.61	1.63726
1.89	0.62	1.61175
1.89	0.63	1.58644
1.89	0.64	1.56132
1.89	0.65	1.53641
1.89	0.66	1.5117
1.89	0.67	1.48719
1.89	0.68	1.46288
1.89	0.69	1.43878
1.89	0.7	1.41487
1.89	0.71	1.39116
1.89	0.72	1.36765
1.89	0.73	1.34434
1.89	0.74	1.32124
1.89	0.75	1.29833
1.89	0.76	1.27562
1.89	0.77	1.25312
1.89	0.78	1.23081
1.89	0.79	1.2087
1.89	0.8	1.1868
1.89	0.81	1.16509
1.89	0.82	1.14359
1.89	0.83	1.12228
1.89	0.84	1.10118
1.89	0.85	1.08028
1.89	0.86	1.05957
1.89	0.87	1.03907
1.89	0.88	1.01877
1.89	0.89	0.998666
1.89	0.9	0.978764
1.89	0.91	0.959063
1.89	0.92	0.939561
1.89	0.93	0.92026
1.89	0.94	0.90116
1.89	0.95	0.88226
1.89	0.96	0.86356
1.89	0.97	0.84506
1.89	0.98	0.826761
1.89	0.99	0.808662
1.89	1	0.790764
1.89	1.01	0.773066
1.89	1.02	0.755568
1.89	1.03	0.738271
1.89	1.04	0.721173
1.89	1.05	0.704277
1.89	1.06	0.68758
1.89	1.07	0.671084
1.89	1.08	0.654788
1.89	1.09	0.638692
1.89	1.1	0.622797
1.89	1.11	0.607102
1.89	1.12	0.591607
1.89	1.13	0.576313
1.89	1.14	0.561219
1.89	1.15	0.546325
1.89	1.16	0.531632
1.89	1.17	0.517139
1.89	1.18	0.502846
1.89	1.19	0.488753
1.89	1.2	0.474861
1.89	1.21	0.461169
1.89	1.22	0.447677
1.89	1.23	0.434386
1.89	1.24	0.421295
1.89	1.25	0.408404
1.89	1.26	0.395713
1.89	1.27	0.383223
1.89	1.28	0.370933
1.89	1.29	0.358843
1.89	1.3	0.346953
1.89	1.31	0.335264
1.89	1.32	0.323775
1.89	1.33	0.312486
1.89	1.34	0.301398
1.89	1.35	0.290509
1.89	1.36	0.279821
1.89	1.37	0.269333
1.89	1.38	0.259046
1.89	1.39	0.248958
1.89	1.4	0.239071
1.89	1.41	0.229384
1.89	1.42	0.219897
1.89	1.43	0.210611
1.89	1.44	0.201524
1.89	1.45	0.192638
1.89	1.46	0.183952
1.89	1.47	0.175466
1.89	1.48	0.167181
1.89	1.49	0.159095
1.89	1.5	0.15121
1.89	1.51	0.143525
1.89	1.52	0.13604
1.89	1.53	0.128755
1.89	1.54	0.121671
1.89	1.55	0.114786
1.89	1.56	0.108102
1.89	1.57	0.101618
1.89	1.58	0.0953343
1.89	1.59	0.0892505
1.89	1.6	0.083367
1.89	1.61	0.0776835
1.89	1.62	0.0722002
1.89	1.63	0.066917
1.89	1.64	0.0618339
1.89	1.65	0.056951
1.89	1.66	0.0522682
1.89	1.67	0.0477855
1.89	1.68	0.0435029
1.89	1.69	0.0394205
1.89	1.7	0.0355381
1.89	1.71	0.0318559
1.89	1.72	0.0283737
1.89	1.73	0.0250917
1.89	1.74	0.0220098
1.89	1.75	0.0191279
1.89	1.76	0.0164461
1.89	1.77	0.0139644
1.89	1.78	0.0116828
1.89	1.79	0.00960129
1.89	1.8	0.00771983
1.89	1.81	0.00603844
1.89	1.82	0.0045571
1.89	1.83	0.00327583
1.89	1.84	0.00219462
1.89	1.85	0.00131346
1.89	1.86	0.000632349
1.89	1.87	0.000151284
1.89	1.88	-0.000129738
1.89	1.89	-0.00021072
1.89	1.9	-9.16681e-05
1.89	1.91	0.000227416
1.89	1.92	0.000746528
1.89	1.93	0.00146566
1.89	1.94	0.00238482
1.89	1.95	0.003504
1.89	1.96	0.00482318
1.89	1.97	0.00634238
1.89	1.98	0.00806159
1.89	1.99	0.00998079
1.89	2	0.0121
1.895	0	3.59103
1.895	0.01	3.5532
1.895	0.02	3.51558
1.895	0.03	3.47816
1.895	0.04	3.44094
1.895	0.05	3.40392
1.895	0.06	3.3671
1.895	0.07	3.33047
1.895	0.08	3.29405
1.895	0.09	3.25783
1.895	0.1	3.22181
1.895	0.11	3.18599
1.895	0.12	3.15037
1.895	0.13	3.11495
1.895	0.14	3.07972
1.895	0.15	3.0447
1.895	0.16	3.00988
1.895	0.17	2.97526
1.895	0.18	2.94084
1.895	0.19	2.90662
1.895	0.2	2.8726
1.895	0.21	2.83878
1.895	0.22	2.80516
1.895	0.23	2.77174
1.895	0.24	2.73852
1.895	0.25	2.7055
1.895	0.26	2.67268
1.895	0.27	2.64006
1.895	0.28	2.60764
1.895	0.29	2.57542
1.895	0.3	2.5434
1.895	0.31	2.51159
1.895	0.32	2.47997
1.895	0.33	2.44855
1.895	0.34	2.41733
1.895	0.35	2.38631
1.895	0.36	2.35549
1.895	0.37	2.32488
1.895	0.38	2.29446
1.895	0.39	2.26424
1.895	0.4	2.23423
1.895	0.41	2.20441
1.895	0.42	2.17479
1.895	0.43	2.14538
1.895	0.44	2.11616
1.895	0.45	2.08715
1.895	0.46	2.05833
1.895	0.47	2.02972
1.895	0.48	2.0013
1.895	0.49	1.97309
1.895	0.5	1.94507
1.895	0.51	1.91726
1.895	0.52	1.88964
1.895	0.53	1.86223
1.895	0.54	1.83502
1.895	0.55	1.808
1.895	0.56	1.78119
1.895	0.57	1.75458
1.895	0.58	1.72817
1.895	0.59	1.70196
1.895	0.6	1.67594
1.895	0.61	1.65013
1.895	0.62	1.62452
1.895	0.63	1.59911
1.895	0.64	1.5739
1.895	0.65	1.54889
1.895	0.66	1.52408
1.895	0.67	1.49947
1.895	0.68	1.47506
1.895	0.69	1.45085
1.895	0.7	1.42685
1.895	0.71	1.40304
1.895	0.72	1.37943
1.895	0.73	1.35602
1.895	0.74	1.33282
1.895	0.75	1.30981
1.895	0.76	1.287
1.895	0.77	1.2644
1.895	0.78	1.24199
1.895	0.79	1.21979
1.895	0.8	1.19778
1.895	0.81	1.17598
1.895	0.82	1.15437
1.895	0.83	1.13297
1.895	0.84	1.11176
1.895	0.85	1.09076
1.895	0.86	1.06996
1.895	0.87	1.04935
1.895	0.88	1.02895
1.895	0.89	1.00875
1.895	0.9	0.988748
1.895	0.91	0.968946
1.895	0.92	0.949345
1.895	0.93	0.929944
1.895	0.94	0.910744
1.895	0.95	0.891744
1.895	0.96	0.872944
1.895	0.97	0.854344
1.895	0.98	0.835945
1.895	0.99	0.817746
1.895	1	0.799748
1.895	1.01	0.781949
1.895	1.02	0.764351
1.895	1.03	0.746954
1.895	1.04	0.729757
1.895	1.05	0.71276
1.895	1.06	0.695963
1.895	1.07	0.679366
1.895	1.08	0.66297
1.895	1.09	0.646775
1.895	1.1	0.630779
1.895	1.11	0.614984
1.895	1.12	0.599389
1.895	1.13	0.583995
1.895	1.14	0.5688
1.895	1.15	0.553806
1.895	1.16	0.539012
1.895	1.17	0.524419
1.895	1.18	0.510026
1.895	1.19	0.495833
1.895	1.2	0.48184
1.895	1.21	0.468048
1.895	1.22	0.454456
1.895	1.23	0.441064
1.895	1.24	0.427873
1.895	1.25	0.414881
1.895	1.26	0.40209
1.895	1.27	0.3895
1.895	1.28	0.377109
1.895	1.29	0.364919
1.895	1.3	0.352929
1.895	1.31	0.341139
1.895	1.32	0.329549
1.895	1.33	0.31816
1.895	1.34	0.306971
1.895	1.35	0.295982
1.895	1.36	0.285193
1.895	1.37	0.274605
1.895	1.38	0.264217
1.895	1.39	0.254029
1.895	1.4	0.244041
1.895	1.41	0.234253
1.895	1.42	0.224666
1.895	1.43	0.215279
1.895	1.44	0.206092
1.895	1.45	0.197105
1.895	1.46	0.188319
1.895	1.47	0.179732
1.895	1.48	0.171346
1.895	1.49	0.16316
1.895	1.5	0.155174
1.895	1.51	0.147388
1.895	1.52	0.139803
1.895	1.53	0.132417
1.895	1.54	0.125232
1.895	1.55	0.118247
1.895	1.56	0.111462
1.895	1.57	0.104877
1.895	1.58	0.0984929
1.895	1.59	0.0923084
1.895	1.6	0.0863241
1.895	1.61	0.0805399
1.895	1.62	0.0749559
1.895	1.63	0.0695719
1.895	1.64	0.0643881
1.895	1.65	0.0594044
1.895	1.66	0.0546209
1.895	1.67	0.0500374
1.895	1.68	0.0456541
1.895	1.69	0.0414709
1.895	1.7	0.0374878
1.895	1.71	0.0337047
1.895	1.72	0.0301218
1.895	1.73	0.026739
1.895	1.74	0.0235563
1.895	1.75	0.0205736
1.895	1.76	0.017791
1.895	1.77	0.0152085
1.895	1.78	0.0128261
1.895	1.79	0.0106438
1.895	1.8	0.0086615
1.895	1.81	0.00687929
1.895	1.82	0.00529714
1.895	1.83	0.00391505
1.895	1.84	0.00273301
1.895	1.85	0.00175102
1.895	1.86	0.000969084
1.895	1.87	0.00038719
1.895	1.88	5.33585e-06
1.895	1.89	-0.000176481
1.895	1.9	-0.000158264
1.895	1.91	5.99834e-05
1.895	1.92	0.000478258
1.895	1.93	0.00109655
1.895	1.94	0.00191487
1.895	1.95	0.00293321
1.895	1.96	0.00415155
1.895	1.97	0.00556991
1.895	1.98	0.00718827
1.895	1.99	0.00900664
1.895	2	0.011025
1.9	0	3.61
1.9	0.01	3.57208
1.9	0.02	3.53436
1.9	0.03	3.49684
1.9	0.04	3.45952
1.9	0.05	3.4224
1.9	0.06	3.38548
1.9	0.07	3.34876
1.9	0.08	3.31223
1.9	0.09	3.27591
1.9	0.1	3.23979
1.9	0.11	3.20387
1.9	0.12	3.16815
1.9	0.13	3.13263
1.9	0.14	3.09731
1.9	0.15	3.06219
1.9	0.16	3.02727
1.9	0.17	2.99255
1.9	0.18	2.95803
1.9	0.19	2.92371
1.9	0.2	2.88959
1.9	0.21	2.85568
1.9	0.22	2.82196
1.9	0.23	2.78844
1.9	0.24	2.75512
1.9	0.25	2.722
1.9	0.26	2.68908
1.9	0.27	2.65636
1.9	0.28	2.62384
1.9	0.29	2.59153
1.9	0.3	2.55941
1.9	0.31	2.52749
1.9	0.32	2.49577
1.9	0.33	2.46425
1.9	0.34	2.43294
1.9	0.35	2.40182
1.9	0.36	2.3709
1.9	0.37	2.34019
1.9	0.38	2.30967
1.9	0.39	2.27935
1.9	0.4	2.24924
1.9	0.41	2.21932
1.9	0.42	2.18961
1.9	0.43	2.16009
1.9	0.44	2.13078
1.9	0.45	2.10166
1.9	0.46	2.07275
1.9	0.47	2.04403
1.9	0.48	2.01552
1.9	0.49	1.9872
1.9	0.5	1.95909
1.9	0.51	1.93118
1.9	0.52	1.90346
1.9	0.53	1.87595
1.9	0.54	1.84864
1.9	0.55	1.82153
1.9	0.56	1.79461
1.9	0.57	1.7679
1.9	0.58	1.74139
1.9	0.59	1.71508
1.9	0.6	1.68897
1.9	0.61	1.66306
1.9	0.62	1.63735
1.9	0.63	1.61184
1.9	0.64	1.58653
1.9	0.65	1.56142
1.9	0.66	1.53651
1.9	0.67	1.5118
1.9	0.68	1.48729
1.9	0.69	1.46298
1.9	0.7	1.43888
1.9	0.71	1.41497
1.9	0.72	1.39126
1.9	0.73	1.36775
1.9	0.74	1.34445
1.9	0.75	1.32134
1.9	0.76	1.29843
1.9	0.77	1.27573
1.9	0.78	1.25322
1.9	0.79	1.23092
1.9	0.8	1.20881
1.9	0.81	1.18691
1.9	0.82	1.1652
1.9	0.83	1.1437
1.9	0.84	1.1224
1.9	0.85	1.10129
1.9	0.86	1.08039
1.9	0.87	1.05969
1.9	0.88	1.03918
1.9	0.89	1.01888
1.9	0.9	0.998781
1.9	0.91	0.97888
1.9	0.92	0.959179
1.9	0.93	0.939678
1.9	0.94	0.920377
1.9	0.95	0.901277
1.9	0.96	0.882377
1.9	0.97	0.863678
1.9	0.98	0.845179
1.9	0.99	0.82688
1.9	1	0.808781
1.9	1.01	0.790883
1.9	1.02	0.773185
1.9	1.03	0.755687
1.9	1.04	0.73839
1.9	1.05	0.721293
1.9	1.06	0.704396
1.9	1.07	0.687699
1.9	1.08	0.671203
1.9	1.09	0.654907
1.9	1.1	0.638811
1.9	1.11	0.622916
1.9	1.12	0.607221
1.9	1.13	0.591726
1.9	1.14	0.576431
1.9	1.15	0.561337
1.9	1.16	0.546443
1.9	1.17	0.531749
1.9	1.18	0.517256
1.9	1.19	0.502963
1.9	1.2	0.48887
1.9	1.21	0.474977
1.9	1.22	0.461285
1.9	1.23	0.447792
1.9	1.24	0.434501
1.9	1.25	0.421409
1.9	1.26	0.408517
1.9	1.27	0.395826
1.9	1.28	0.383335
1.9	1.29	0.371045
1.9	1.3	0.358954
1.9	1.31	0.347064
1.9	1.32	0.335374
1.9	1.33	0.323884
1.9	1.34	0.312594
1.9	1.35	0.301505
1.9	1.36	0.290616
1.9	1.37	0.279927
1.9	1.38	0.269438
1.9	1.39	0.25915
1.9	1.4	0.249061
1.9	1.41	0.239173
1.9	1.42	0.229485
1.9	1.43	0.219997
1.9	1.44	0.21071
1.9	1.45	0.201622
1.9	1.46	0.192735
1.9	1.47	0.184048
1.9	1.48	0.175561
1.9	1.49	0.167275
1.9	1.5	0.159188
1.9	1.51	0.151302
1.9	1.52	0.143615
1.9	1.53	0.136129
1.9	1.54	0.128844
1.9	1.55	0.121758
1.9	1.56	0.114872
1.9	1.57	0.108187
1.9	1.58	0.101701
1.9	1.59	0.0954163
1.9	1.6	0.0893312
1.9	1.61	0.0834463
1.9	1.62	0.0777616
1.9	1.63	0.0722769
1.9	1.64	0.0669923
1.9	1.65	0.0619079
1.9	1.66	0.0570236
1.9	1.67	0.0523394
1.9	1.68	0.0478553
1.9	1.69	0.0435713
1.9	1.7	0.0394874
1.9	1.71	0.0356036
1.9	1.72	0.0319199
1.9	1.73	0.0284363
1.9	1.74	0.0251528
1.9	1.75	0.0220693
1.9	1.76	0.0191859
1.9	1.77	0.0165026
1.9	1.78	0.0140194
1.9	1.79	0.0117363
1.9	1.8	0.00965318
1.9	1.81	0.00777015
1.9	1.82	0.00608718
1.9	1.83	0.00460427
1.9	1.84	0.00332141
1.9	1.85	0.00223859
1.9	1.86	0.00135583
1.9	1.87	0.000673101
1.9	1.88	0.000190414
1.9	1.89	-9.22365e-05
1.9	1.9	-0.000174855
1.9	1.91	-5.74453e-05
1.9	1.92	0.00025999
1.9	1.93	0.000777448
1.9	1.94	0.00149492
1.9	1.95	0.00241242
1.9	1.96	0.00352992
1.9	1.97	0.00484744
1.9	1.98	0.00636496
1.9	1.99	0.00808248
1.9	2	0.01
1.905	0	3.62902
1.905	0.01	3.59101
1.905	0.02	3.55319
1.905	0.03	3.51557
1.905	0.04	3.47815
1.905	0.05	3.44093
1.905	0.06	3.40391
1.905	0.07	3.36709
1.905	0.08	3.33047
1.905	0.09	3.29405
1.905	0.1	3.25783
1.905	0.11	3.22181
1.905	0.12	3.18599
1.905	0.13	3.15037
1.905	0.14	3.11495
1.905	0.15	3.07973
1.905	0.16	3.04471
1.905	0.17	3.0099
1.905	0.18	2.97528
1.905	0.19	2.94086
1.905	0.2	2.90664
1.905	0.21	2.87262
1.905	0.22	2.8388
1.905	0.23	2.80518
1.905	0.24	2.77177
1.905	0.25	2.73855
1.905	0.26	2.70553
1.905	0.27	2.67271
1.905	0.28	2.6401
1.905	0.29	2.60768
1.905	0.3	2.57546
1.905	0.31	2.54344
1.905	0.32	2.51163
1.905	0.33	2.48001
1.905	0.34	2.44859
1.905	0.35	2.41738
1.905	0.36	2.38636
1.905	0.37	2.35555
1.905	0.38	2.32493
1.905	0.39	2.29452
1.905	0.4	2.2643
1.905	0.41	2.23428
1.905	0.42	2.20447
1.905	0.43	2.17486
1.905	0.44	2.14544
1.905	0.45	2.11623
1.905	0.46	2.08721
1.905	0.47	2.0584
1.905	0.48	2.02979
1.905	0.49	2.00137
1.905	0.5	1.97316
1.905	0.51	1.94515
1.905	0.52	1.91733
1.905	0.53	1.88972
1.905	0.54	1.86231
1.905	0.55	1.8351
1.905	0.56	1.80809
1.905	0.57	1.78128
1.905	0.58	1.75466
1.905	0.59	1.72825
1.905	0.6	1.70204
1.905	0.61	1.67603
1.905	0.62	1.65022
1.905	0.63	1.62461
1.905	0.64	1.5992
1.905	0.65	1.574
1.905	0.66	1.54899
1.905	0.67	1.52418
1.905	0.68	1.49957
1.905	0.69	1.47516
1.905	0.7	1.45095
1.905	0.71	1.42695
1.905	0.72	1.40314
1.905	0.73	1.37953
1.905	0.74	1.35613
1.905	0.75	1.33292
1.905	0.76	1.30992
1.905	0.77	1.28711
1.905	0.78	1.2645
1.905	0.79	1.2421
1.905	0.8	1.2199
1.905	0.81	1.19789
1.905	0.82	1.17609
1.905	0.83	1.15448
1.905	0.84	1.13308
1.905	0.85	1.11188
1.905	0.86	1.09087
1.905	0.87	1.07007
1.905	0.88	1.04947
1.905	0.89	1.02907
1.905	0.9	1.00887
1.905	0.91	0.988864
1.905	0.92	0.969063
1.905	0.93	0.949462
1.905	0.94	0.930062
1.905	0.95	0.910862
1.905	0.96	0.891862
1.905	0.97	0.873062
1.905	0.98	0.854463
1.905	0.99	0.836064
1.905	1	0.817865
1.905	1.01	0.799867
1.905	1.02	0.782069
1.905	1.03	0.764471
1.905	1.04	0.747073
1.905	1.05	0.729876
1.905	1.06	0.712879
1.905	1.07	0.696082
1.905	1.08	0.679486
1.905	1.09	0.66309
1.905	1.1	0.646894
1.905	1.11	0.630898
1.905	1.12	0.615103
1.905	1.13	0.599508
1.905	1.14	0.584113
1.905	1.15	0.568919
1.905	1.16	0.553924
1.905	1.17	0.53913
1.905	1.18	0.524536
1.905	1.19	0.510143
1.905	1.2	0.49595
1.905	1.21	0.481957
1.905	1.22	0.468164
1.905	1.23	0.454571
1.905	1.24	0.441179
1.905	1.25	0.427987
1.905	1.26	0.414995
1.905	1.27	0.402203
1.905	1.28	0.389612
1.905	1.29	0.377221
1.905	1.3	0.36503
1.905	1.31	0.353039
1.905	1.32	0.341249
1.905	1.33	0.329658
1.905	1.34	0.318268
1.905	1.35	0.307078
1.905	1.36	0.296089
1.905	1.37	0.285299
1.905	1.38	0.27471
1.905	1.39	0.264321
1.905	1.4	0.254132
1.905	1.41	0.244143
1.905	1.42	0.234354
1.905	1.43	0.224766
1.905	1.44	0.215378
1.905	1.45	0.20619
1.905	1.46	0.197202
1.905	1.47	0.188414
1.905	1.48	0.179827
1.905	1.49	0.17144
1.905	1.5	0.163252
1.905	1.51	0.155265
1.905	1.52	0.147479
1.905	1.53	0.139892
1.905	1.54	0.132505
1.905	1.55	0.125319
1.905	1.56	0.118333
1.905	1.57	0.111546
1.905	1.58	0.10496
1.905	1.59	0.0985745
1.905	1.6	0.0923887
1.905	1.61	0.0864031
1.905	1.62	0.0806176
1.905	1.63	0.0750322
1.905	1.64	0.0696469
1.905	1.65	0.0644617
1.905	1.66	0.0594766
1.905	1.67	0.0546916
1.905	1.68	0.0501068
1.905	1.69	0.045722
1.905	1.7	0.0415373
1.905	1.71	0.0375527
1.905	1.72	0.0337682
1.905	1.73	0.0301838
1.905	1.74	0.0267995
1.905	1.75	0.0236152
1.905	1.76	0.0206311
1.905	1.77	0.017847
1.905	1.78	0.0152629
1.905	1.79	0.0128789
1.905	1.8	0.010695
1.905	1.81	0.00871118
1.905	1.82	0.00692738
1.905	1.83	0.00534364
1.905	1.84	0.00395994
1.905	1.85	0.0027763
1.905	1.86	0.00179269
1.905	1.87	0.00100913
1.905	1.88	0.000425599
1.905	1.89	4.2105e-05
1.905	1.9	-0.000141358
1.905	1.91	-0.000124794
1.905	1.92	9.17939e-05
1.905	1.93	0.000508403
1.905	1.94	0.00112503
1.905	1.95	0.00194167
1.905	1.96	0.00295833
1.905	1.97	0.00417499
1.905	1.98	0.00559166
1.905	1.99	0.00720833
1.905	2	0.009025
1.91	0	3.6481
1.91	0.01	3.60998
1.91	0.02	3.57206
1.91	0.03	3.53434
1.91	0.04	3.49683
1.91	0.05	3.45951
1.91	0.06	3.42239
1.91	0.07	3.38547
1.91	0.08	3.34875
1.91	0.09	3.31223
1.91	0.1	3.27591
1.91	0.11	3.2398
1.91	0.12	3.20388
1.91	0.13	3.16816
1.91	0.14	3.13264
1.91	0.15	3.09732
1.91	0.16	3.0622
1.91	0.17	3.02729
1.91	0.18	2.99257
1.91	0.19	2.95805
1.91	0.2	2.92373
1.91	0.21	2.88962
1.91	0.22	2.8557
1.91	0.23	2.82198
1.91	0.24	2.78846
1.91	0.25	2.75515
1.91	0.26	2.72203
1.91	0.27	2.68911
1.91	0.28	2.6564
1.91	0.29	2.62388
1.91	0.3	2.59156
1.91	0.31	2.55945
1.91	0.32	2.52753
1.91	0.33	2.49582
1.91	0.34	2.4643
1.91	0.35	2.43299
1.91	0.36	2.40187
1.91	0.37	2.37096
1.91	0.38	2.34024
1.91	0.39	2.30973
1.91	0.4	2.27941
1.91	0.41	2.2493
1.91	0.42	2.21938
1.91	0.43	2.18967
1.91	0.44	2.16016
1.91	0.45	2.13084
1.91	0.46	2.10173
1.91	0.47	2.07282
1.91	0.48	2.0441
1.91	0.49	2.01559
1.91	0.5	1.98728
1.91	0.51	1.95917
1.91	0.52	1.93125
1.91	0.53	1.90354
1.91	0.54	1.87603
1.91	0.55	1.84872
1.91	0.56	1.82161
1.91	0.57	1.7947
1.91	0.58	1.76799
1.91	0.59	1.74148
1.91	0.6	1.71517
1.91	0.61	1.68906
1.91	0.62	1.66315
1.91	0.63	1.63744
1.91	0.64	1.61193
1.91	0.65	1.58662
1.91	0.66	1.56151
1.91	0.67	1.53661
1.91	0.68	1.5119
1.91	0.69	1.48739
1.91	0.7	1.46308
1.91	0.71	1.43898
1.91	0.72	1.41507
1.91	0.73	1.39136
1.91	0.74	1.36786
1.91	0.75	1.34455
1.91	0.76	1.32145
1.91	0.77	1.29854
1.91	0.78	1.27584
1.91	0.79	1.25333
1.91	0.8	1.23103
1.91	0.81	1.20892
1.91	0.82	1.18702
1.91	0.83	1.16532
1.91	0.84	1.14381
1.91	0.85	1.12251
1.91	0.86	1.10141
1.91	0.87	1.08051
1.91	0.88	1.0598
1.91	0.89	1.0393
1.91	0.9	1.019
1.91	0.91	0.998898
1.91	0.92	0.978997
1.91	0.93	0.959297
1.91	0.94	0.939796
1.91	0.95	0.920496
1.91	0.96	0.901396
1.91	0.97	0.882497
1.91	0.98	0.863797
1.91	0.99	0.845298
1.91	1	0.827
1.91	1.01	0.808901
1.91	1.02	0.791003
1.91	1.03	0.773305
1.91	1.04	0.755807
1.91	1.05	0.73851
1.91	1.06	0.721413
1.91	1.07	0.704516
1.91	1.08	0.687819
1.91	1.09	0.671323
1.91	1.1	0.655027
1.91	1.11	0.638931
1.91	1.12	0.623035
1.91	1.13	0.60734
1.91	1.14	0.591845
1.91	1.15	0.57655
1.91	1.16	0.561455
1.91	1.17	0.546561
1.91	1.18	0.531867
1.91	1.19	0.517373
1.91	1.2	0.50308
1.91	1.21	0.488986
1.91	1.22	0.475093
1.91	1.23	0.4614
1.91	1.24	0.447907
1.91	1.25	0.434615
1.91	1.26	0.421523
1.91	1.27	0.40863
1.91	1.28	0.395939
1.91	1.29	0.383447
1.91	1.3	0.371156
1.91	1.31	0.359064
1.91	1.32	0.347173
1.91	1.33	0.335483
1.91	1.34	0.323992
1.91	1.35	0.312702
1.91	1.36	0.301611
1.91	1.37	0.290721
1.91	1.38	0.280031
1.91	1.39	0.269542
1.91	1.4	0.259252
1.91	1.41	0.249163
1.91	1.42	0.239274
1.91	1.43	0.229585
1.91	1.44	0.220096
1.91	1.45	0.210808
1.91	1.46	0.201719
1.91	1.47	0.192831
1.91	1.48	0.184143
1.91	1.49	0.175655
1.91	1.5	0.167367
1.91	1.51	0.159279
1.91	1.52	0.151392
1.91	1.53	0.143704
1.91	1.54	0.136217
1.91	1.55	0.12893
1.91	1.56	0.121843
1.91	1.57	0.114956
1.91	1.58	0.108269
1.91	1.59	0.101783
1.91	1.6	0.0954962
1.91	1.61	0.0894098
1.91	1.62	0.0835236
1.91	1.63	0.0778374
1.91	1.64	0.0723514
1.91	1.65	0.0670654
1.91	1.66	0.0619796
1.91	1.67	0.0570939
1.91	1.68	0.0524082
1.91	1.69	0.0479227
1.91	1.7	0.0436372
1.91	1.71	0.0395519
1.91	1.72	0.0356666
1.91	1.73	0.0319814
1.91	1.74	0.0284962
1.91	1.75	0.0252112
1.91	1.76	0.0221262
1.91	1.77	0.0192413
1.91	1.78	0.0165564
1.91	1.79	0.0140716
1.91	1.8	0.0117869
1.91	1.81	0.00970221
1.91	1.82	0.00781758
1.91	1.83	0.00613301
1.91	1.84	0.00464848
1.91	1.85	0.003364
1.91	1.86	0.00227956
1.91	1.87	0.00139515
1.91	1.88	0.000710785
1.91	1.89	0.000226448
1.91	1.9	-5.78605e-05
1.91	1.91	-0.000142143
1.91	1.92	-2.64016e-05
1.91	1.93	0.00028936
1.91	1.94	0.000805138
1.91	1.95	0.00152093
1.91	1.96	0.00243673
1.91	1.97	0.00355255
1.91	1.98	0.00486836
1.91	1.99	0.00638418
1.91	2	0.0081
1.915	0	3.66723
1.915	0.01	3.62901
1.915	0.02	3.59099
1.915	0.03	3.55317
1.915	0.04	3.51555
1.915	0.05	3.47814
1.915	0.06	3.44092
1.915	0.07	3.4039
1.915	0.08	3.36708
1.915	0.09	3.33047
1.915	0.1	3.29405
1.915	0.11	3.25783
1.915	0.12	3.22181
1.915	0.13	3.186
1.915	0.14	3.15038
1.915	0.15	3.11496
1.915	0.16	3.07975
1.915	0.17	3.04473
1.915	0.18	3.00991
1.915	0.19	2.9753
1.915	0.2	2.94088
1.915	0.21	2.90666
1.915	0.22	2.87265
1.915	0.23	2.83883
1.915	0.24	2.80521
1.915	0.25	2.7718
1.915	0.26	2.73858
1.915	0.27	2.70557
1.915	0.28	2.67275
1.915	0.29	2.64013
1.915	0.3	2.60772
1.915	0.31	2.5755
1.915	0.32	2.54349
1.915	0.33	2.51167
1.915	0.34	2.48006
1.915	0.35	2.44864
1.915	0.36	2.41743
1.915	0.37	2.38642
1.915	0.38	2.3556
1.915	0.39	2.32499
1.915	0.4	2.29457
1.915	0.41	2.26436
1.915	0.42	2.23435
1.915	0.43	2.20453
1.915	0.44	2.17492
1.915	0.45	2.14551
1.915	0.46	2.1163
1.915	0.47	2.08728
1.915	0.48	2.05847
1.915	0.49	2.02986
1.915	0.5	2.00145
1.915	0.51	1.97324
1.915	0.52	1.94523
1.915	0.53	1.91741
1.915	0.54	1.8898
1.915	0.55	1.86239
1.915	0.56	1.83518
1.915	0.57	1.80817
1.915	0.58	1.78136
1.915	0.59	1.75475
1.915	0.6	1.72834
1.915	0.61	1.70213
1.915	0.62	1.67613
1.915	0.63	1.65032
1.915	0.64	1.62471
1.915	0.65	1.5993
1.915	0.66	1.57409
1.915	0.67	1.54909
1.915	0.68	1.52428
1.915	0.69	1.49967
1.915	0.7	1.47526
1.915	0.71	1.45106
1.915	0.72	1.42705
1.915	0.73	1.40325
1.915	0.74	1.37964
1.915	0.75	1.35623
1.915	0.76	1.33303
1.915	0.77	1.31002
1.915	0.78	1.28722
1.915	0.79	1.26462
1.915	0.8	1.24221
1.915	0.81	1.22001
1.915	0.82	1.198
1.915	0.83	1.1762
1.915	0.84	1.1546
1.915	0.85	1.13319
1.915	0.86	1.11199
1.915	0.87	1.09099
1.915	0.88	1.07019
1.915	0.89	1.04959
1.915	0.9	1.02918
1.915	0.91	1.00898
1.915	0.92	0.988982
1.915	0.93	0.969182
1.915	0.94	0.949581
1.915	0.95	0.930181
1.915	0.96	0.910981
1.915	0.97	0.891982
1.915	0.98	0.873182
1.915	0.99	0.854583
1.915	1	0.836184
1.915	1.01	0.817986
1.915	1.02	0.799987
1.915	1.03	0.782189
1.915	1.04	0.764592
1.915	1.05	0.747194
1.915	1.06	0.729997
1.915	1.07	0.713
1.915	1.08	0.696203
1.915	1.09	0.679606
1.915	1.1	0.66321
1.915	1.11	0.647014
1.915	1.12	0.631018
1.915	1.13	0.615223
1.915	1.14	0.599627
1.915	1.15	0.584232
1.915	1.16	0.569037
1.915	1.17	0.554043
1.915	1.18	0.539248
1.915	1.19	0.524654
1.915	1.2	0.51026
1.915	1.21	0.496066
1.915	1.22	0.482073
1.915	1.23	0.468279
1.915	1.24	0.454686
1.915	1.25	0.441293
1.915	1.26	0.428101
1.915	1.27	0.415108
1.915	1.28	0.402316
1.915	1.29	0.389724
1.915	1.3	0.377332
1.915	1.31	0.36514
1.915	1.32	0.353149
1.915	1.33	0.341357
1.915	1.34	0.329766
1.915	1.35	0.318375
1.915	1.36	0.307185
1.915	1.37	0.296194
1.915	1.38	0.285404
1.915	1.39	0.274813
1.915	1.4	0.264423
1.915	1.41	0.254233
1.915	1.42	0.244244
1.915	1.43	0.234454
1.915	1.44	0.224865
1.915	1.45	0.215476
1.915	1.46	0.206286
1.915	1.47	0.197298
1.915	1.48	0.188509
1.915	1.49	0.17992
1.915	1.5	0.171532
1.915	1.51	0.163343
1.915	1.52	0.155355
1.915	1.53	0.147567
1.915	1.54	0.139979
1.915	1.55	0.132591
1.915	1.56	0.125404
1.915	1.57	0.118416
1.915	1.58	0.111629
1.915	1.59	0.105041
1.915	1.6	0.098654
1.915	1.61	0.0924669
1.915	1.62	0.0864799
1.915	1.63	0.080693
1.915	1.64	0.0751062
1.915	1.65	0.0697195
1.915	1.66	0.0645329
1.915	1.67	0.0595463
1.915	1.68	0.0547599
1.915	1.69	0.0501736
1.915	1.7	0.0457873
1.915	1.71	0.0416012
1.915	1.72	0.0376151
1.915	1.73	0.0338291
1.915	1.74	0.0302431
1.915	1.75	0.0268573
1.915	1.76	0.0236715
1.915	1.77	0.0206857
1.915	1.78	0.0179001
1.915	1.79	0.0153144
1.915	1.8	0.0129289
1.915	1.81	0.0107434
1.915	1.82	0.00875791
1.915	1.83	0.0069725
1.915	1.84	0.00538714
1.915	1.85	0.00400181
1.915	1.86	0.00281652
1.915	1.87	0.00183127
1.915	1.88	0.00104606
1.915	1.89	0.000460869
1.915	1.9	7.57094e-05
1.915	1.91	-0.000109426
1.915	1.92	-9.45395e-05
1.915	1.93	0.000120366
1.915	1.94	0.000535288
1.915	1.95	0.00115022
1.915	1.96	0.00196517
1.915	1.97	0.00298012
1.915	1.98	0.00419508
1.915	1.99	0.00561004
1.915	2	0.007225
1.92	0	3.6864
1.92	0.01	3.64808
1.92	0.02	3.60997
1.92	0.03	3.57205
1.92	0.04	3.53433
1.92	0.05	3.49682
1.92	0.06	3.4595
1.92	0.07	3.42238
1.92	0.08	3.38547
1.92	0.09	3.34875
1.92	0.1	3.31223
1.92	0.11	3.27592
1.92	0.12	3.2398
1.92	0.13	3.20389
1.92	0.14	3.16817
1.92	0.15	3.13265
1.92	0.16	3.09734
1.92	0.17	3.06222
1.92	0.18	3.02731
1.92	0.19	2.99259
1.92	0.2	2.95807
1.92	0.21	2.92376
1.92	0.22	2.88964
1.92	0.23	2.85573
1.92	0.24	2.82201
1.92	0.25	2.7885
1.92	0.26	2.75518
1.92	0.27	2.72207
1.92	0.28	2.68915
1.92	0.29	2.65644
1.92	0.3	2.62392
1.92	0.31	2.59161
1.92	0.32	2.55949
1.92	0.33	2.52758
1.92	0.34	2.49587
1.92	0.35	2.46435
1.92	0.36	2.43304
1.92	0.37	2.40193
1.92	0.38	2.37101
1.92	0.39	2.3403
1.92	0.4	2.30979
1.92	0.41	2.27947
1.92	0.42	2.24936
1.92	0.43	2.21945
1.92	0.44	2.18974
1.92	0.45	2.16022
1.92	0.46	2.13091
1.92	0.47	2.1018
1.92	0.48	2.07289
1.92	0.49	2.04418
1.92	0.5	2.01567
1.92	0.51	1.98736
1.92	0.52	1.95925
1.92	0.53	1.93134
1.92	0.54	1.90363
1.92	0.55	1.87612
1.92	0.56	1.84881
1.92	0.57	1.8217
1.92	0.58	1.79479
1.92	0.59	1.76808
1.92	0.6	1.74157
1.92	0.61	1.71526
1.92	0.62	1.68915
1.92	0.63	1.66324
1.92	0.64	1.63754
1.92	0.65	1.61203
1.92	0.66	1.58672
1.92	0.67	1.56161
1.92	0.68	1.53671
1.92	0.69	1.512
1.92	0.7	1.48749
1.92	0.71	1.46319
1.92	0.72	1.43908
1.92	0.73	1.41518
1.92	0.74	1.39147
1.92	0.75	1.36797
1.92	0.76	1.34466
1.92	0.77	1.32156
1.92	0.78	1.29865
1.92	0.79	1.27595
1.92	0.8	1.25344
1.92	0.81	1.23114
1.92	0.82	1.20904
1.92	0.83	1.18713
1.92	0.84	1.16543
1.92	0.85	1.14393
1.92	0.86	1.12263
1.92	0.87	1.10152
1.92	0.88	1.08062
1.92	0.89	1.05992
1.92	0.9	1.03942
1.92	0.91	1.01912
1.92	0.92	0.999017
1.92	0.93	0.979116
1.92	0.94	0.959416
1.92	0.95	0.939916
1.92	0.96	0.920616
1.92	0.97	0.901516
1.92	0.98	0.882617
1.92	0.99	0.863918
1.92	1	0.845419
1.92	1.01	0.82712
1.92	1.02	0.809022
1.92	1.03	0.791124
1.92	1.04	0.773426
1.92	1.05	0.755928
1.92	1.06	0.738631
1.92	1.07	0.721533
1.92	1.08	0.704636
1.92	1.09	0.68794
1.92	1.1	0.671443
1.92	1.11	0.655147
1.92	1.12	0.639051
1.92	1.13	0.623155
1.92	1.14	0.607459
1.92	1.15	0.591964
1.92	1.16	0.576669
1.92	1.17	0.561574
1.92	1.18	0.546679
1.92	1.19	0.531985
1.92	1.2	0.51749
1.92	1.21	0.503196
1.92	1.22	0.489102
1.92	1.23	0.475209
1.92	1.24	0.461515
1.92	1.25	0.448022
1.92	1.26	0.434729
1.92	1.27	0.421636
1.92	1.28	0.408743
1.92	1.29	0.39605
1.92	1.3	0.383558
1.92	1.31	0.371266
1.92	1.32	0.359174
1.92	1.33	0.347282
1.92	1.34	0.335591
1.92	1.35	0.324099
1.92	1.36	0.312808
1.92	1.37	0.301717
1.92	1.38	0.290826
1.92	1.39	0.280135
1.92	1.4	0.269644
1.92	1.41	0.259354
1.92	1.42	0.249264
1.92	1.43	0.239373
1.92	1.44	0.229683
1.92	1.45	0.220194
1.92	1.46	0.210904
1.92	1.47	0.201814
1.92	1.48	0.192925
1.92	1.49	0.184236
1.92	1.5	0.175746
1.92	1.51	0.167457
1.92	1.52	0.159369
1.92	1.53	0.15148
1.92	1.54	0.143791
1.92	1.55	0.136303
1.92	1.56	0.129014
1.92	1.57	0.121926
1.92	1.58	0.115038
1.92	1.59	0.10835
1.92	1.6	0.101862
1.92	1.61	0.0955739
1.92	1.62	0.0894862
1.92	1.63	0.0835985
1.92	1.64	0.0779109
1.92	1.65	0.0724235
1.92	1.66	0.0671361
1.92	1.67	0.0620488
1.92	1.68	0.0571616
1.92	1.69	0.0524745
1.92	1.7	0.0479875
1.92	1.71	0.0437005
1.92	1.72	0.0396136
1.92	1.73	0.0357268
1.92	1.74	0.0320401
1.92	1.75	0.0285534
1.92	1.76	0.0252668
1.92	1.77	0.0221802
1.92	1.78	0.0192937
1.92	1.79	0.0166073
1.92	1.8	0.0141209
1.92	1.81	0.0118345
1.92	1.82	0.00974825
1.92	1.83	0.007862
1.92	1.84	0.00617579
1.92	1.85	0.00468962
1.92	1.86	0.00340349
1.92	1.87	0.0023174
1.92	1.88	0.00143133
1.92	1.89	0.000745293
1.92	1.9	0.000259281
1.92	1.91	-2.67077e-05
1.92	1.92	-0.000112676
1.92	1.93	1.37368e-06
1.92	1.94	0.000315439
1.92	1.95	0.000829516
1.92	1.96	0.0015436
1.92	1.97	0.0024577
1.92	1.98	0.0035718
1.92	1.99	0.0048859
1.92	2	0.0064
1.925	0	3.70563
1.925	0.01	3.66721
1.925	0.02	3.62899
1.925	0.03	3.59098
1.925	0.04	3.55316
1.925	0.05	3.51555
1.925	0.06	3.47813
1.925	0.07	3.44092
1.925	0.08	3.4039
1.925	0.09	3.36708
1.925	0.1	3.33047
1.925	0.11	3.29405
1.925	0.12	3.25784
1.925	0.13	3.22182
1.925	0.14	3.18601
1.925	0.15	3.15039
1.925	0.16	3.11498
1.925	0.17	3.07976
1.925	0.18	3.04475
1.925	0.19	3.00993
1.925	0.2	2.97532
1.925	0.21	2.9409
1.925	0.22	2.90669
1.925	0.23	2.87268
1.925	0.24	2.83886
1.925	0.25	2.80525
1.925	0.26	2.77183
1.925	0.27	2.73862
1.925	0.28	2.7056
1.925	0.29	2.67279
1.925	0.3	2.64018
1.925	0.31	2.60776
1.925	0.32	2.57555
1.925	0.33	2.54354
1.925	0.34	2.51172
1.925	0.35	2.48011
1.925	0.36	2.4487
1.925	0.37	2.41749
1.925	0.38	2.38647
1.925	0.39	2.35566
1.925	0.4	2.32505
1.925	0.41	2.29464
1.925	0.42	2.26443
1.925	0.43	2.23441
1.925	0.44	2.2046
1.925	0.45	2.17499
1.925	0.46	2.14558
1.925	0.47	2.11637
1.925	0.48	2.08736
1.925	0.49	2.05855
1.925	0.5	2.02994
1.925	0.51	2.00153
1.925	0.52	1.97332
1.925	0.53	1.94531
1.925	0.54	1.9175
1.925	0.55	1.88989
1.925	0.56	1.86248
1.925	0.57	1.83527
1.925	0.58	1.80826
1.925	0.59	1.78145
1.925	0.6	1.75485
1.925	0.61	1.72844
1.925	0.62	1.70223
1.925	0.63	1.67622
1.925	0.64	1.65041
1.925	0.65	1.62481
1.925	0.66	1.5994
1.925	0.67	1.57419
1.925	0.68	1.54919
1.925	0.69	1.52438
1.925	0.7	1.49978
1.925	0.71	1.47537
1.925	0.72	1.45116
1.925	0.73	1.42716
1.925	0.74	1.40335
1.925	0.75	1.37975
1.925	0.76	1.35634
1.925	0.77	1.33314
1.925	0.78	1.31014
1.925	0.79	1.28733
1.925	0.8	1.26473
1.925	0.81	1.24232
1.925	0.82	1.22012
1.925	0.83	1.19812
1.925	0.84	1.17632
1.925	0.85	1.15471
1.925	0.86	1.13331
1.925	0.87	1.11211
1.925	0.88	1.09111
1.925	0.89	1.07031
1.925	0.9	1.0497
1.925	0.91	1.0293
1.925	0.92	1.0091
1.925	0.93	0.989102
1.925	0.94	0.969301
1.925	0.95	0.949701
1.925	0.96	0.930301
1.925	0.97	0.911102
1.925	0.98	0.892102
1.925	0.99	0.873303
1.925	1	0.854704
1.925	1.01	0.836305
1.925	1.02	0.818107
1.925	1.03	0.800109
1.925	1.04	0.782311
1.925	1.05	0.764713
1.925	1.06	0.747315
1.925	1.07	0.730118
1.925	1.08	0.713121
1.925	1.09	0.696324
1.925	1.1	0.679727
1.925	1.11	0.66333
1.925	1.12	0.647134
1.925	1.13	0.631138
1.925	1.14	0.615342
1.925	1.15	0.599746
1.925	1.16	0.584351
1.925	1.17	0.569156
1.925	1.18	0.554161
1.925	1.19	0.539366
1.925	1.2	0.524771
1.925	1.21	0.510377
1.925	1.22	0.496182
1.925	1.23	0.482188
1.925	1.24	0.468394
1.925	1.25	0.454801
1.925	1.26	0.441407
1.925	1.27	0.428214
1.925	1.28	0.415221
1.925	1.29	0.402428
1.925	1.3	0.389835
1.925	1.31	0.377442
1.925	1.32	0.36525
1.925	1.33	0.353257
1.925	1.34	0.341465
1.925	1.35	0.329873
1.925	1.36	0.318481
1.925	1.37	0.30729
1.925	1.38	0.296298
1.925	1.39	0.285507
1.925	1.4	0.274916
1.925	1.41	0.264525
1.925	1.42	0.254334
1.925	1.43	0.244343
1.925	1.44	0.234552
1.925	1.45	0.224962
1.925	1.46	0.215572
1.925	1.47	0.206381
1.925	1.48	0.197391
1.925	1.49	0.188601
1.925	1.5	0.180012
1.925	1.51	0.171622
1.925	1.52	0.163432
1.925	1.53	0.155443
1.925	1.54	0.147654
1.925	1.55	0.140064
1.925	1.56	0.132675
1.925	1.57	0.125486
1.925	1.58	0.118497
1.925	1.59	0.111708
1.925	1.6	0.10512
1.925	1.61	0.0987312
1.925	1.62	0.0925427
1.925	1.63	0.0865543
1.925	1.64	0.080766
1.925	1.65	0.0751777
1.925	1.66	0.0697896
1.925	1.67	0.0646015
1.925	1.68	0.0596135
1.925	1.69	0.0548256
1.925	1.7	0.0502378
1.925	1.71	0.04585
1.925	1.72	0.0416623
1.925	1.73	0.0376747
1.925	1.74	0.0338872
1.925	1.75	0.0302997
1.925	1.76	0.0269122
1.925	1.77	0.0237248
1.925	1.78	0.0207375
1.925	1.79	0.0179502
1.925	1.8	0.015363
1.925	1.81	0.0129758
1.925	1.82	0.0107887
1.925	1.83	0.00880161
1.925	1.84	0.00701455
1.925	1.85	0.00542754
1.925	1.86	0.00404056
1.925	1.87	0.00285361
1.925	1.88	0.00186669
1.925	1.89	0.00107979
1.925	1.9	0.00049292
1.925	1.91	0.000106071
1.925	1.92	-8.07583e-05
1.925	1.93	-6.75712e-05
1.925	1.94	0.00014563
1.925	1.95	0.000558843
1.925	1.96	0.00117207
1.925	1.97	0.00198529
1.925	1.98	0.00299853
1.925	1.99	0.00421176
1.925	2	0.005625
1.93	0	3.7249
1.93	0.01	3.68639
1.93	0.02	3.64807
1.93	0.03	3.60996
1.93	0.04	3.57204
1.93	0.05	3.53433
1.93	0.06	3.49681
1.93	0.07	3.4595
1.93	0.08	3.42238
1.93	0.09	3.38547
1.93	0.1	3.34875
1.93	0.11	3.31224
1.93	0.12	3.27593
1.93	0.13	3.23981
1.93	0.14	3.2039
1.93	0.15	3.16818
1.93	0.16	3.13267
1.93	0.17	3.09736
1.93	0.18	3.06224
1.93	0.19	3.02733
1.93	0.2	2.99261
1.93	0.21	2.9581
1.93	0.22	2.92379
1.93	0.23	2.88967
1.93	0.24	2.85576
1.93	0.25	2.82205
1.93	0.26	2.78853
1.93	0.27	2.75522
1.93	0.28	2.72211
1.93	0.29	2.68919
1.93	0.3	2.65648
1.93	0.31	2.62397
1.93	0.32	2.59166
1.93	0.33	2.55954
1.93	0.34	2.52763
1.93	0.35	2.49592
1.93	0.36	2.46441
1.93	0.37	2.4331
1.93	0.38	2.40198
1.93	0.39	2.37107
1.93	0.4	2.34036
1.93	0.41	2.30985
1.93	0.42	2.27954
1.93	0.43	2.24943
1.93	0.44	2.21952
1.93	0.45	2.18981
1.93	0.46	2.1603
1.93	0.47	2.13099
1.93	0.48	2.10188
1.93	0.49	2.07297
1.93	0.5	2.04426
1.93	0.51	2.01575
1.93	0.52	1.98744
1.93	0.53	1.95933
1.93	0.54	1.93142
1.93	0.55	1.90371
1.93	0.56	1.8762
1.93	0.57	1.8489
1.93	0.58	1.82179
1.93	0.59	1.79488
1.93	0.6	1.76817
1.93	0.61	1.74166
1.93	0.62	1.71536
1.93	0.63	1.68925
1.93	0.64	1.66334
1.93	0.65	1.63764
1.93	0.66	1.61213
1.93	0.67	1.58682
1.93	0.68	1.56172
1.93	0.69	1.53681
1.93	0.7	1.51211
1.93	0.71	1.4876
1.93	0.72	1.4633
1.93	0.73	1.43919
1.93	0.74	1.41529
1.93	0.75	1.39158
1.93	0.76	1.36808
1.93	0.77	1.34477
1.93	0.78	1.32167
1.93	0.79	1.29877
1.93	0.8	1.27606
1.93	0.81	1.25356
1.93	0.82	1.23126
1.93	0.83	1.20915
1.93	0.84	1.18725
1.93	0.85	1.16555
1.93	0.86	1.14405
1.93	0.87	1.12274
1.93	0.88	1.10164
1.93	0.89	1.08074
1.93	0.9	1.06004
1.93	0.91	1.03954
1.93	0.92	1.01924
1.93	0.93	0.999137
1.93	0.94	0.979237
1.93	0.95	0.959537
1.93	0.96	0.940037
1.93	0.97	0.920737
1.93	0.98	0.901638
1.93	0.99	0.882738
1.93	1	0.864039
1.93	1.01	0.845541
1.93	1.02	0.827242
1.93	1.03	0.809144
1.93	1.04	0.791245
1.93	1.05	0.773547
1.93	1.06	0.75605
1.93	1.07	0.738752
1.93	1.08	0.721655
1.93	1.09	0.704758
1.93	1.1	0.688061
1.93	1.11	0.671564
1.93	1.12	0.655267
1.93	1.13	0.639171
1.93	1.14	0.623275
1.93	1.15	0.607579
1.93	1.16	0.592083
1.93	1.17	0.576788
1.93	1.18	0.561692
1.93	1.19	0.546797
1.93	1.2	0.532102
1.93	1.21	0.517607
1.93	1.22	0.503312
1.93	1.23	0.489218
1.93	1.24	0.475324
1.93	1.25	0.46163
1.93	1.26	0.448136
1.93	1.27	0.434842
1.93	1.28	0.421748
1.93	1.29	0.408855
1.93	1.3	0.396161
1.93	1.31	0.383668
1.93	1.32	0.371375
1.93	1.33	0.359283
1.93	1.34	0.34739
1.93	1.35	0.335697
1.93	1.36	0.324205
1.93	1.37	0.312913
1.93	1.38	0.301821
1.93	1.39	0.290929
1.93	1.4	0.280237
1.93	1.41	0.269745
1.93	1.42	0.259454
1.93	1.43	0.249363
1.93	1.44	0.239471
1.93	1.45	0.22978
1.93	1.46	0.220289
1.93	1.47	0.210999
1.93	1.48	0.201908
1.93	1.49	0.193017
1.93	1.5	0.184327
1.93	1.51	0.175836
1.93	1.52	0.167546
1.93	1.53	0.159456
1.93	1.54	0.151566
1.93	1.55	0.143876
1.93	1.56	0.136386
1.93	1.57	0.129096
1.93	1.58	0.122007
1.93	1.59	0.115117
1.93	1.6	0.108428
1.93	1.61	0.101939
1.93	1.62	0.0956492
1.93	1.63	0.0895601
1.93	1.64	0.083671
1.93	1.65	0.077982
1.93	1.66	0.0724931
1.93	1.67	0.0672042
1.93	1.68	0.0621155
1.93	1.69	0.0572268
1.93	1.7	0.0525381
1.93	1.71	0.0480496
1.93	1.72	0.0437611
1.93	1.73	0.0396726
1.93	1.74	0.0357843
1.93	1.75	0.0320959
1.93	1.76	0.0286077
1.93	1.77	0.0253195
1.93	1.78	0.0222313
1.93	1.79	0.0193432
1.93	1.8	0.0166552
1.93	1.81	0.0141671
1.93	1.82	0.0118792
1.93	1.83	0.00979122
1.93	1.84	0.00790332
1.93	1.85	0.00621545
1.93	1.86	0.00472762
1.93	1.87	0.00343982
1.93	1.88	0.00235204
1.93	1.89	0.00146429
1.93	1.9	0.000776561
1.93	1.91	0.000288852
1.93	1.92	1.16058e-06
1.93	1.93	-8.6515e-05
1.93	1.94	2.58228e-05
1.93	1.95	0.000338171
1.93	1.96	0.000850528
1.93	1.97	0.00156289
1.93	1.98	0.00247526
1.93	1.99	0.00358763
1.93	2	0.0049
1.935	0	3.74423
1.935	0.01	3.70561
1.935	0.02	3.6672
1.935	0.03	3.62898
1.935	0.04	3.59097
1.935	0.05	3.55316
1.935	0.06	3.51554
1.935	0.07	3.47813
1.935	0.08	3.44092
1.935	0.09	3.4039
1.935	0.1	3.36709
1.935	0.11	3.33048
1.935	0.12	3.29406
1.935	0.13	3.25785
1.935	0.14	3.22184
1.935	0.15	3.18602
1.935	0.16	3.15041
1.935	0.17	3.115
1.935	0.18	3.07978
1.935	0.19	3.04477
1.935	0.2	3.00996
1.935	0.21	2.97535
1.935	0.22	2.94093
1.935	0.23	2.90672
1.935	0.24	2.87271
1.935	0.25	2.8389
1.935	0.26	2.80528
1.935	0.27	2.77187
1.935	0.28	2.73866
1.935	0.29	2.70565
1.935	0.3	2.67284
1.935	0.31	2.64022
1.935	0.32	2.60781
1.935	0.33	2.5756
1.935	0.34	2.54359
1.935	0.35	2.51178
1.935	0.36	2.48017
1.935	0.37	2.44876
1.935	0.38	2.41755
1.935	0.39	2.38654
1.935	0.4	2.35572
1.935	0.41	2.32511
1.935	0.42	2.2947
1.935	0.43	2.26449
1.935	0.44	2.23448
1.935	0.45	2.20467
1.935	0.46	2.17506
1.935	0.47	2.14566
1.935	0.48	2.11645
1.935	0.49	2.08744
1.935	0.5	2.05863
1.935	0.51	2.03002
1.935	0.52	2.00161
1.935	0.53	1.9734
1.935	0.54	1.94539
1.935	0.55	1.91759
1.935	0.56	1.88998
1.935	0.57	1.86257
1.935	0.58	1.83536
1.935	0.59	1.80836
1.935	0.6	1.78155
1.935	0.61	1.75494
1.935	0.62	1.72853
1.935	0.63	1.70233
1.935	0.64	1.67632
1.935	0.65	1.65051
1.935	0.66	1.62491
1.935	0.67	1.5995
1.935	0.68	1.5743
1.935	0.69	1.54929
1.935	0.7	1.52449
1.935	0.71	1.49988
1.935	0.72	1.47548
1.935	0.73	1.45127
1.935	0.74	1.42727
1.935	0.75	1.40346
1.935	0.76	1.37986
1.935	0.77	1.35646
1.935	0.78	1.33325
1.935	0.79	1.31025
1.935	0.8	1.28745
1.935	0.81	1.26484
1.935	0.82	1.24244
1.935	0.83	1.22024
1.935	0.84	1.19824
1.935	0.85	1.17643
1.935	0.86	1.15483
1.935	0.87	1.13343
1.935	0.88	1.11223
1.935	0.89	1.09123
1.935	0.9	1.07043
1.935	0.91	1.04982
1.935	0.92	1.02942
1.935	0.93	1.00922
1.935	0.94	0.989223
1.935	0.95	0.969423
1.935	0.96	0.949823
1.935	0.97	0.930423
1.935	0.98	0.911223
1.935	0.99	0.892224
1.935	1	0.873425
1.935	1.01	0.854826
1.935	1.02	0.836427
1.935	1.03	0.818229
1.935	1.04	0.800231
1.935	1.05	0.782433
1.935	1.06	0.764835
1.935	1.07	0.747437
1.935	1.08	0.730239
1.935	1.09	0.713242
1.935	1.1	0.696445
1.935	1.11	0.679848
1.935	1.12	0.663451
1.935	1.13	0.647254
1.935	1.14	0.631258
1.935	1.15	0.615462
1.935	1.16	0.599866
1.935	1.17	0.58447
1.935	1.18	0.569274
1.935	1.19	0.554279
1.935	1.2	0.539483
1.935	1.21	0.524888
1.935	1.22	0.510493
1.935	1.23	0.496298
1.935	1.24	0.482303
1.935	1.25	0.468509
1.935	1.26	0.454914
1.935	1.27	0.44152
1.935	1.28	0.428326
1.935	1.29	0.415332
1.935	1.3	0.402539
1.935	1.31	0.389945
1.935	1.32	0.377551
1.935	1.33	0.365358
1.935	1.34	0.353365
1.935	1.35	0.341572
1.935	1.36	0.329979
1.935	1.37	0.318586
1.935	1.38	0.307394
1.935	1.39	0.296401
1.935	1.4	0.285609
1.935	1.41	0.275017
1.935	1.42	0.264625
1.935	1.43	0.254433
1.935	1.44	0.244441
1.935	1.45	0.234649
1.935	1.46	0.225057
1.935	1.47	0.215666
1.935	1.48	0.206475
1.935	1.49	0.197483
1.935	1.5	0.188692
1.935	1.51	0.180101
1.935	1.52	0.17171
1.935	1.53	0.163519
1.935	1.54	0.155529
1.935	1.55	0.147738
1.935	1.56	0.140147
1.935	1.57	0.132757
1.935	1.58	0.125567
1.935	1.59	0.118576
1.935	1.6	0.111786
1.935	1.61	0.105196
1.935	1.62	0.098806
1.935	1.63	0.0926161
1.935	1.64	0.0866262
1.935	1.65	0.0808365
1.935	1.66	0.0752468
1.935	1.67	0.0698571
1.935	1.68	0.0646676
1.935	1.69	0.0596781
1.935	1.7	0.0548886
1.935	1.71	0.0502993
1.935	1.72	0.04591
1.935	1.73	0.0417207
1.935	1.74	0.0377315
1.935	1.75	0.0339424
1.935	1.76	0.0303533
1.935	1.77	0.0269643
1.935	1.78	0.0237753
1.935	1.79	0.0207863
1.935	1.8	0.0179974
1.935	1.81	0.0154085
1.935	1.82	0.0130197
1.935	1.83	0.0108309
1.935	1.84	0.00884218
1.935	1.85	0.00705346
1.935	1.86	0.00546477
1.935	1.87	0.00407611
1.935	1.88	0.00288746
1.935	1.89	0.00189884
1.935	1.9	0.00111025
1.935	1.91	0.000521676
1.935	1.92	0.000133118
1.935	1.93	-5.54247e-05
1.935	1.94	-4.39555e-05
1.935	1.95	0.000167524
1.935	1.96	0.00057901
1.935	1.97	0.0011905
1.935	1.98	0.002002
1.935	1.99	0.0030135
1.935	2	0.004225
1.94	0	3.7636
1.94	0.01	3.72489
1.94	0.02	3.68637
1.94	0.03	3.64806
1.94	0.04	3.60995
1.94	0.05	3.57204
1.94	0.06	3.53432
1.94	0.07	3.49681
1.94	0.08	3.4595
1.94	0.09	3.42239
1.94	0.1	3.38548
1.94	0.11	3.34876
1.94	0.12	3.31225
1.94	0.13	3.27594
1.94	0.14	3.23983
1.94	0.15	3.20391
1.94	0.16	3.1682
1.94	0.17	3.13269
1.94	0.18	3.09738
1.94	0.19	3.06227
1.94	0.2	3.02735
1.94	0.21	2.99264
1.94	0.22	2.95813
1.94	0.23	2.92382
1.94	0.24	2.88971
1.94	0.25	2.8558
1.94	0.26	2.82208
1.94	0.27	2.78857
1.94	0.28	2.75526
1.94	0.29	2.72215
1.94	0.3	2.68924
1.94	0.31	2.65653
1.94	0.32	2.62402
1.94	0.33	2.59171
1.94	0.34	2.5596
1.94	0.35	2.52769
1.94	0.36	2.49598
1.94	0.37	2.46447
1.94	0.38	2.43316
1.94	0.39	2.40205
1.94	0.4	2.37114
1.94	0.41	2.34043
1.94	0.42	2.30992
1.94	0.43	2.27961
1.94	0.44	2.2495
1.94	0.45	2.21959
1.94	0.46	2.18988
1.94	0.47	2.16037
1.94	0.48	2.13106
1.94	0.49	2.10196
1.94	0.5	2.07305
1.94	0.51	2.04434
1.94	0.52	2.01583
1.94	0.53	1.98752
1.94	0.54	1.95942
1.94	0.55	1.93151
1.94	0.56	1.9038
1.94	0.57	1.87629
1.94	0.58	1.84899
1.94	0.59	1.82188
1.94	0.6	1.79497
1.94	0.61	1.76827
1.94	0.62	1.74176
1.94	0.63	1.71546
1.94	0.64	1.68935
1.94	0.65	1.66344
1.94	0.66	1.63774
1.94	0.67	1.61223
1.94	0.68	1.58693
1.94	0.69	1.56182
1.94	0.7	1.53692
1.94	0.71	1.51221
1.94	0.72	1.48771
1.94	0.73	1.4634
1.94	0.74	1.4393
1.94	0.75	1.4154
1.94	0.76	1.39169
1.94	0.77	1.36819
1.94	0.78	1.34489
1.94	0.79	1.32178
1.94	0.8	1.29888
1.94	0.81	1.27618
1.94	0.82	1.25367
1.94	0.83	1.23137
1.94	0.84	1.20927
1.94	0.85	1.18737
1.94	0.86	1.16567
1.94	0.87	1.14416
1.94	0.88	1.12286
1.94	0.89	1.10176
1.94	0.9	1.08086
1.94	0.91	1.06016
1.94	0.92	1.03966
1.94	0.93	1.01936
1.94	0.94	0.999258
1.94	0.95	0.979358
1.94	0.96	0.959658
1.94	0.97	0.940159
1.94	0.98	0.920859
1.94	0.99	0.90176
1.94	1	0.882861
1.94	1.01	0.864162
1.94	1.02	0.845663
1.94	1.03	0.827364
1.94	1.04	0.809266
1.94	1.05	0.791368
1.94	1.06	0.77367
1.94	1.07	0.756172
1.94	1.08	0.738874
1.94	1.09	0.721776
1.94	1.1	0.704879
1.94	1.11	0.688182
1.94	1.12	0.671685
1.94	1.13	0.655388
1.94	1.14	0.639291
1.94	1.15	0.623395
1.94	1.16	0.607698
1.94	1.17	0.592202
1.94	1.18	0.576906
1.94	1.19	0.56181
1.94	1.2	0.546914
1.94	1.21	0.532219
1.94	1.22	0.517723
1.94	1.23	0.503428
1.94	1.24	0.489333
1.94	1.25	0.475438
1.94	1.26	0.461743
1.94	1.27	0.448249
1.94	1.28	0.434954
1.94	1.29	0.42186
1.94	1.3	0.408966
1.94	1.31	0.396271
1.94	1.32	0.383777
1.94	1.33	0.371484
1.94	1.34	0.35939
1.94	1.35	0.347496
1.94	1.36	0.335803
1.94	1.37	0.32431
1.94	1.38	0.313017
1.94	1.39	0.301923
1.94	1.4	0.291031
1.94	1.41	0.280338
1.94	1.42	0.269845
1.94	1.43	0.259552
1.94	1.44	0.24946
1.94	1.45	0.239568
1.94	1.46	0.229875
1.94	1.47	0.220383
1.94	1.48	0.211091
1.94	1.49	0.201999
1.94	1.5	0.193108
1.94	1.51	0.184416
1.94	1.52	0.175924
1.94	1.53	0.167633
1.94	1.54	0.159541
1.94	1.55	0.15165
1.94	1.56	0.143959
1.94	1.57	0.136467
1.94	1.58	0.129176
1.94	1.59	0.122085
1.94	1.6	0.115194
1.94	1.61	0.108504
1.94	1.62	0.102013
1.94	1.63	0.0957221
1.94	1.64	0.0896315
1.94	1.65	0.0837409
1.94	1.66	0.0780504
1.94	1.67	0.07256
1.94	1.68	0.0672697
1.94	1.69	0.0621794
1.94	1.7	0.0572891
1.94	1.71	0.052599
1.94	1.72	0.0481088
1.94	1.73	0.0438188
1.94	1.74	0.0397288
1.94	1.75	0.0358388
1.94	1.76	0.0321489
1.94	1.77	0.028659
1.94	1.78	0.0253692
1.94	1.79	0.0222794
1.94	1.8	0.0193897
1.94	1.81	0.0167
1.94	1.82	0.0142103
1.94	1.83	0.0119207
1.94	1.84	0.00983105
1.94	1.85	0.00794147
1.94	1.86	0.00625192
1.94	1.87	0.0047624
1.94	1.88	0.0034729
1.94	1.89	0.00238342
1.94	1.9	0.00149396
1.94	1.91	0.000804522
1.94	1.92	0.000315095
1.94	1.93	2.56823e-05
1.94	1.94	-6.37193e-05
1.94	1.95	4.6888e-05
1.94	1.96	0.000357502
1.94	1.97	0.000868123
1.94	1.98	0.00157875
1.94	1.99	0.00248937
1.94	2	0.0036
1.945	0	3.78303
1.945	0.01	3.74421
1.945	0.02	3.7056
1.945	0.03	3.66719
1.945	0.04	3.62898
1.945	0.05	3.59097
1.945	0.06	3.55316
1.945	0.07	3.51554
1.945	0.08	3.47813
1.945	0.09	3.44092
1.945	0.1	3.40391
1.945	0.11	3.3671
1.945	0.12	3.33049
1.945	0.13	3.29408
1.945	0.14	3.25787
1.945	0.15	3.22185
1.945	0.16	3.18604
1.945	0.17	3.15043
1.945	0.18	3.11502
1.945	0.19	3.07981
1.945	0.2	3.0448
1.945	0.21	3.00999
1.945	0.22	2.97538
1.945	0.23	2.94097
1.945	0.24	2.90676
1.945	0.25	2.87275
1.945	0.26	2.83894
1.945	0.27	2.80533
1.945	0.28	2.77192
1.945	0.29	2.73871
1.945	0.3	2.7057
1.945	0.31	2.67289
1.945	0.32	2.64028
1.945	0.33	2.60787
1.945	0.34	2.57566
1.945	0.35	2.54365
1.945	0.36	2.51184
1.945	0.37	2.48023
1.945	0.38	2.44882
1.945	0.39	2.41761
1.945	0.4	2.3866
1.945	0.41	2.35579
1.945	0.42	2.32518
1.945	0.43	2.29477
1.945	0.44	2.26457
1.945	0.45	2.23456
1.945	0.46	2.20475
1.945	0.47	2.17514
1.945	0.48	2.14573
1.945	0.49	2.11653
1.945	0.5	2.08752
1.945	0.51	2.05871
1.945	0.52	2.0301
1.945	0.53	2.0017
1.945	0.54	1.97349
1.945	0.55	1.94548
1.945	0.56	1.91768
1.945	0.57	1.89007
1.945	0.58	1.86266
1.945	0.59	1.83546
1.945	0.6	1.80845
1.945	0.61	1.78165
1.945	0.62	1.75504
1.945	0.63	1.72863
1.945	0.64	1.70243
1.945	0.65	1.67642
1.945	0.66	1.65062
1.945	0.67	1.62501
1.945	0.68	1.59961
1.945	0.69	1.5744
1.945	0.7	1.5494
1.945	0.71	1.52459
1.945	0.72	1.49999
1.945	0.73	1.47559
1.945	0.74	1.45138
1.945	0.75	1.42738
1.945	0.76	1.40358
1.945	0.77	1.37997
1.945	0.78	1.35657
1.945	0.79	1.33337
1.945	0.8	1.31036
1.945	0.81	1.28756
1.945	0.82	1.26496
1.945	0.83	1.24256
1.945	0.84	1.22036
1.945	0.85	1.19835
1.945	0.86	1.17655
1.945	0.87	1.15495
1.945	0.88	1.13355
1.945	0.89	1.11235
1.945	0.9	1.09135
1.945	0.91	1.07055
1.945	0.92	1.04995
1.945	0.93	1.02954
1.945	0.94	1.00934
1.945	0.95	0.989345
1.945	0.96	0.969545
1.945	0.97	0.949945
1.945	0.98	0.930545
1.945	0.99	0.911346
1.945	1	0.892347
1.945	1.01	0.873548
1.945	1.02	0.854949
1.945	1.03	0.83655
1.945	1.04	0.818351
1.945	1.05	0.800353
1.945	1.06	0.782555
1.945	1.07	0.764957
1.945	1.08	0.747559
1.945	1.09	0.730361
1.945	1.1	0.713363
1.945	1.11	0.696566
1.945	1.12	0.679969
1.945	1.13	0.663572
1.945	1.14	0.647375
1.945	1.15	0.631378
1.945	1.16	0.615581
1.945	1.17	0.599985
1.945	1.18	0.584588
1.945	1.19	0.569392
1.945	1.2	0.554396
1.945	1.21	0.5396
1.945	1.22	0.525004
1.945	1.23	0.510609
1.945	1.24	0.496413
1.945	1.25	0.482418
1.945	1.26	0.468623
1.945	1.27	0.455027
1.945	1.28	0.441632
1.945	1.29	0.428438
1.945	1.3	0.415443
1.945	1.31	0.402648
1.945	1.32	0.390054
1.945	1.33	0.37766
1.945	1.34	0.365465
1.945	1.35	0.353471
1.945	1.36	0.341677
1.945	1.37	0.330083
1.945	1.38	0.31869
1.945	1.39	0.307496
1.945	1.4	0.296503
1.945	1.41	0.285709
1.945	1.42	0.275116
1.945	1.43	0.264723
1.945	1.44	0.25453
1.945	1.45	0.244537
1.945	1.46	0.234744
1.945	1.47	0.225151
1.945	1.48	0.215758
1.945	1.49	0.206566
1.945	1.5	0.197573
1.945	1.51	0.188781
1.945	1.52	0.180188
1.945	1.53	0.171796
1.945	1.54	0.163604
1.945	1.55	0.155612
1.945	1.56	0.14782
1.945	1.57	0.140228
1.945	1.58	0.132836
1.945	1.59	0.125645
1.945	1.6	0.118653
1.945	1.61	0.111861
1.945	1.62	0.10527
1.945	1.63	0.0988783
1.945	1.64	0.0926869
1.945	1.65	0.0866956
1.945	1.66	0.0809043
1.945	1.67	0.0753131
1.945	1.68	0.0699219
1.945	1.69	0.0647308
1.945	1.7	0.0597398
1.945	1.71	0.0549488
1.945	1.72	0.0503579
1.945	1.73	0.045967
1.945	1.74	0.0417762
1.945	1.75	0.0377854
1.945	1.76	0.0339946
1.945	1.77	0.0304039
1.945	1.78	0.0270133
1.945	1.79	0.0238226
1.945	1.8	0.020832
1.945	1.81	0.0180415
1.945	1.82	0.015451
1.945	1.83	0.0130605
1.945	1.84	0.01087
1.945	1.85	0.00887956
1.945	1.86	0.00708915
1.945	1.87	0.00549876
1.945	1.88	0.00410839
1.945	1.89	0.00291805
1.945	1.9	0.00192772
1.945	1.91	0.0011374
1.945	1.92	0.000547105
1.945	1.93	0.000156818
1.945	1.94	-3.3459e-05
1.945	1.95	-2.37272e-05
1.945	1.96	0.000186011
1.945	1.97	0.000595755
1.945	1.98	0.0012055
1.945	1.99	0.00201525
1.945	2	0.003025
1.95	0	3.8025
1.95	0.01	3.76359
1.95	0.02	3.72488
1.95	0.03	3.68637
1.95	0.04	3.64806
1.95	0.05	3.60995
1.95	0.06	3.57204
1.95	0.07	3.53433
1.95	0.08	3.49682
1.95	0.09	3.45951
1.95	0.1	3.4224
1.95	0.11	3.38549
1.95	0.12	3.34878
1.95	0.13	3.31226
1.95	0.14	3.27595
1.95	0.15	3.23984
1.95	0.16	3.20393
1.95	0.17	3.16822
1.95	0.18	3.13271
1.95	0.19	3.0974
1.95	0.2	3.06229
1.95	0.21	3.02738
1.95	0.22	2.99268
1.95	0.23	2.95817
1.95	0.24	2.92386
1.95	0.25	2.88975
1.95	0.26	2.85584
1.95	0.27	2.82213
1.95	0.28	2.78862
1.95	0.29	2.75531
1.95	0.3	2.7222
1.95	0.31	2.68929
1.95	0.32	2.65658
1.95	0.33	2.62407
1.95	0.34	2.59176
1.95	0.35	2.55966
1.95	0.36	2.52775
1.95	0.37	2.49604
1.95	0.38	2.46453
1.95	0.39	2.43322
1.95	0.4	2.40211
1.95	0.41	2.37121
1.95	0.42	2.3405
1.95	0.43	2.30999
1.95	0.44	2.27968
1.95	0.45	2.24958
1.95	0.46	2.21967
1.95	0.47	2.18996
1.95	0.48	2.16045
1.95	0.49	2.13115
1.95	0.5	2.10204
1.95	0.51	2.07313
1.95	0.52	2.04443
1.95	0.53	2.01592
1.95	0.54	1.98761
1.95	0.55	1.95951
1.95	0.56	1.9316
1.95	0.57	1.90389
1.95	0.58	1.87639
1.95	0.59	1.84908
1.95	0.6	1.82198
1.95	0.61	1.79507
1.95	0.62	1.76837
1.95	0.63	1.74186
1.95	0.64	1.71556
1.95	0.65	1.68945
1.95	0.66	1.66355
1.95	0.67	1.63784
1.95	0.68	1.61234
1.95	0.69	1.58703
1.95	0.7	1.56193
1.95	0.71	1.53703
1.95	0.72	1.51232
1.95	0.73	1.48782
1.95	0.74	1.46352
1.95	0.75	1.43941
1.95	0.76	1.41551
1.95	0.77	1.39181
1.95	0.78	1.3683
1.95	0.79	1.345
1.95	0.8	1.3219
1.95	0.81	1.299
1.95	0.82	1.27629
1.95	0.83	1.25379
1.95	0.84	1.23149
1.95	0.85	1.20939
1.95	0.86	1.18749
1.95	0.87	1.16579
1.95	0.88	1.14428
1.95	0.89	1.12298
1.95	0.9	1.10188
1.95	0.91	1.08098
1.95	0.92	1.06028
1.95	0.93	1.03978
1.95	0.94	1.01948
1.95	0.95	0.999381
1.95	0.96	0.979481
1.95	0.97	0.959781
1.95	0.98	0.940281
1.95	0.99	0.920982
1.95	1	0.901883
1.95	1.01	0.882984
1.95	1.02	0.864285
1.95	1.03	0.845786
1.95	1.04	0.827487
1.95	1.05	0.809388
1.95	1.06	0.79149
1.95	1.07	0.773792
1.95	1.08	0.756294
1.95	1.09	0.738996
1.95	1.1	0.721898
1.95	1.11	0.705
1.95	1.12	0.688303
1.95	1.13	0.671805
1.95	1.14	0.655508
1.95	1.15	0.639411
1.95	1.16	0.623514
1.95	1.17	0.607817
1.95	1.18	0.592321
1.95	1.19	0.577024
1.95	1.2	0.561928
1.95	1.21	0.547031
1.95	1.22	0.532335
1.95	1.23	0.517839
1.95	1.24	0.503543
1.95	1.25	0.489447
1.95	1.26	0.475552
1.95	1.27	0.461856
1.95	1.28	0.448361
1.95	1.29	0.435065
1.95	1.3	0.42197
1.95	1.31	0.409075
1.95	1.32	0.39638
1.95	1.33	0.383885
1.95	1.34	0.371591
1.95	1.35	0.359496
1.95	1.36	0.347602
1.95	1.37	0.335907
1.95	1.38	0.324413
1.95	1.39	0.313119
1.95	1.4	0.302025
1.95	1.41	0.291131
1.95	1.42	0.280437
1.95	1.43	0.269943
1.95	1.44	0.259649
1.95	1.45	0.249556
1.95	1.46	0.239662
1.95	1.47	0.229969
1.95	1.48	0.220475
1.95	1.49	0.211182
1.95	1.5	0.202089
1.95	1.51	0.193196
1.95	1.52	0.184503
1.95	1.53	0.17601
1.95	1.54	0.167717
1.95	1.55	0.159624
1.95	1.56	0.151731
1.95	1.57	0.144039
1.95	1.58	0.136546
1.95	1.59	0.129254
1.95	1.6	0.122161
1.95	1.61	0.115269
1.95	1.62	0.108577
1.95	1.63	0.102084
1.95	1.64	0.0957923
1.95	1.65	0.0897002
1.95	1.66	0.0838082
1.95	1.67	0.0781162
1.95	1.68	0.0726242
1.95	1.69	0.0673323
1.95	1.7	0.0622405
1.95	1.71	0.0573487
1.95	1.72	0.0526569
1.95	1.73	0.0481652
1.95	1.74	0.0438736
1.95	1.75	0.0397819
1.95	1.76	0.0358904
1.95	1.77	0.0321988
1.95	1.78	0.0287073
1.95	1.79	0.0254158
1.95	1.8	0.0223244
1.95	1.81	0.019433
1.95	1.82	0.0167416
1.95	1.83	0.0142503
1.95	1.84	0.0119589
1.95	1.85	0.00986765
1.95	1.86	0.00797637
1.95	1.87	0.00628512
1.95	1.88	0.00479389
1.95	1.89	0.00350267
1.95	1.9	0.00241147
1.95	1.91	0.00152029
1.95	1.92	0.000829115
1.95	1.93	0.000337954
1.95	1.94	4.6802e-05
1.95	1.95	-4.43417e-05
1.95	1.96	6.45204e-05
1.95	1.97	0.000373387
1.95	1.98	0.000882258
1.95	1.99	0.00159113
1.95	2	0.0025
1.955	0	3.82203
1.955	0.01	3.78302
1.955	0.02	3.74421
1.955	0.03	3.7056
1.955	0.04	3.66719
1.955	0.05	3.62898
1.955	0.06	3.59097
1.955	0.07	3.55316
1.955	0.08	3.51555
1.955	0.09	3.47814
1.955	0.1	3.44093
1.955	0.11	3.40392
1.955	0.12	3.36711
1.955	0.13	3.3305
1.955	0.14	3.29409
1.955	0.15	3.25789
1.955	0.16	3.22188
1.955	0.17	3.18607
1.955	0.18	3.15046
1.955	0.19	3.11505
1.955	0.2	3.07984
1.955	0.21	3.04483
1.955	0.22	3.01002
1.955	0.23	2.97541
1.955	0.24	2.94101
1.955	0.25	2.9068
1.955	0.26	2.87279
1.955	0.27	2.83898
1.955	0.28	2.80537
1.955	0.29	2.77196
1.955	0.3	2.73875
1.955	0.31	2.70575
1.955	0.32	2.67294
1.955	0.33	2.64033
1.955	0.34	2.60792
1.955	0.35	2.57572
1.955	0.36	2.54371
1.955	0.37	2.5119
1.955	0.38	2.48029
1.955	0.39	2.44888
1.955	0.4	2.41768
1.955	0.41	2.38667
1.955	0.42	2.35586
1.955	0.43	2.32526
1.955	0.44	2.29485
1.955	0.45	2.26464
1.955	0.46	2.23464
1.955	0.47	2.20483
1.955	0.48	2.17522
1.955	0.49	2.14582
1.955	0.5	2.11661
1.955	0.51	2.0876
1.955	0.52	2.0588
1.955	0.53	2.03019
1.955	0.54	2.00179
1.955	0.55	1.97358
1.955	0.56	1.94558
1.955	0.57	1.91777
1.955	0.58	1.89016
1.955	0.59	1.86276
1.955	0.6	1.83555
1.955	0.61	1.80855
1.955	0.62	1.78174
1.955	0.63	1.75514
1.955	0.64	1.72874
1.955	0.65	1.70253
1.955	0.66	1.67653
1.955	0.67	1.65072
1.955	0.68	1.62512
1.955	0.69	1.59972
1.955	0.7	1.57451
1.955	0.71	1.54951
1.955	0.72	1.52471
1.955	0.73	1.5001
1.955	0.74	1.4757
1.955	0.75	1.4515
1.955	0.76	1.42749
1.955	0.77	1.40369
1.955	0.78	1.38009
1.955	0.79	1.35669
1.955	0.8	1.33348
1.955	0.81	1.31048
1.955	0.82	1.28768
1.955	0.83	1.26508
1.955	0.84	1.24268
1.955	0.85	1.22047
1.955	0.86	1.19847
1.955	0.87	1.17667
1.955	0.88	1.15507
1.955	0.89	1.13367
1.955	0.9	1.11247
1.955	0.91	1.09147
1.955	0.92	1.07067
1.955	0.93	1.05007
1.955	0.94	1.02967
1.955	0.95	1.00947
1.955	0.96	0.989467
1.955	0.97	0.969668
1.955	0.98	0.950068
1.955	0.99	0.930668
1.955	1	0.911469
1.955	1.01	0.89247
1.955	1.02	0.873671
1.955	1.03	0.855072
1.955	1.04	0.836673
1.955	1.05	0.818474
1.955	1.06	0.800476
1.955	1.07	0.782677
1.955	1.08	0.765079
1.955	1.09	0.747681
1.955	1.1	0.730483
1.955	1.11	0.713485
1.955	1.12	0.696687
1.955	1.13	0.680089
1.955	1.14	0.663692
1.955	1.15	0.647495
1.955	1.16	0.631497
1.955	1.17	0.6157
1.955	1.18	0.600103
1.955	1.19	0.584706
1.955	1.2	0.569509
1.955	1.21	0.554513
1.955	1.22	0.539716
1.955	1.23	0.52512
1.955	1.24	0.510724
1.955	1.25	0.496527
1.955	1.26	0.482531
1.955	1.27	0.468735
1.955	1.28	0.455139
1.955	1.29	0.441744
1.955	1.3	0.428548
1.955	1.31	0.415552
1.955	1.32	0.402757
1.955	1.33	0.390162
1.955	1.34	0.377766
1.955	1.35	0.365571
1.955	1.36	0.353576
1.955	1.37	0.341781
1.955	1.38	0.330186
1.955	1.39	0.318792
1.955	1.4	0.307597
1.955	1.41	0.296602
1.955	1.42	0.285808
1.955	1.43	0.275213
1.955	1.44	0.264819
1.955	1.45	0.254625
1.955	1.46	0.244631
1.955	1.47	0.234836
1.955	1.48	0.225242
1.955	1.49	0.215849
1.955	1.5	0.206655
1.955	1.51	0.197661
1.955	1.52	0.188867
1.955	1.53	0.180274
1.955	1.54	0.17188
1.955	1.55	0.163687
1.955	1.56	0.155693
1.955	1.57	0.1479
1.955	1.58	0.140306
1.955	1.59	0.132913
1.955	1.6	0.12572
1.955	1.61	0.118727
1.955	1.62	0.111934
1.955	1.63	0.105341
1.955	1.64	0.0989479
1.955	1.65	0.092755
1.955	1.66	0.0867622
1.955	1.67	0.0809694
1.955	1.68	0.0753766
1.955	1.69	0.0699839
1.955	1.7	0.0647913
1.955	1.71	0.0597987
1.955	1.72	0.0550061
1.955	1.73	0.0504136
1.955	1.74	0.0460211
1.955	1.75	0.0418286
1.955	1.76	0.0378362
1.955	1.77	0.0340438
1.955	1.78	0.0304515
1.955	1.79	0.0270591
1.955	1.8	0.0238669
1.955	1.81	0.0208746
1.955	1.82	0.0180824
1.955	1.83	0.0154902
1.955	1.84	0.013098
1.955	1.85	0.0109058
1.955	1.86	0.00891367
1.955	1.87	0.00712154
1.955	1.88	0.00552944
1.955	1.89	0.00413735
1.955	1.9	0.00294527
1.955	1.91	0.00195321
1.955	1.92	0.00116116
1.955	1.93	0.000569123
1.955	1.94	0.000177089
1.955	1.95	-1.49348e-05
1.955	1.96	-6.95326e-06
1.955	1.97	0.000201033
1.955	1.98	0.000609021
1.955	1.99	0.00121701
1.955	2	0.002025
1.96	0	3.8416
1.96	0.01	3.80249
1.96	0.02	3.76358
1.96	0.03	3.72487
1.96	0.04	3.68637
1.96	0.05	3.64806
1.96	0.06	3.60995
1.96	0.07	3.57204
1.96	0.08	3.53433
1.96	0.09	3.49682
1.96	0.1	3.45952
1.96	0.11	3.42241
1.96	0.12	3.3855
1.96	0.13	3.34879
1.96	0.14	3.31228
1.96	0.15	3.27598
1.96	0.16	3.23987
1.96	0.17	3.20396
1.96	0.18	3.16825
1.96	0.19	3.13274
1.96	0.2	3.09744
1.96	0.21	3.06233
1.96	0.22	3.02742
1.96	0.23	2.99271
1.96	0.24	2.9582
1.96	0.25	2.9239
1.96	0.26	2.88979
1.96	0.27	2.85588
1.96	0.28	2.82217
1.96	0.29	2.78867
1.96	0.3	2.75536
1.96	0.31	2.72225
1.96	0.32	2.68935
1.96	0.33	2.65664
1.96	0.34	2.62413
1.96	0.35	2.59182
1.96	0.36	2.55972
1.96	0.37	2.52781
1.96	0.38	2.4961
1.96	0.39	2.4646
1.96	0.4	2.43329
1.96	0.41	2.40218
1.96	0.42	2.37128
1.96	0.43	2.34057
1.96	0.44	2.31007
1.96	0.45	2.27976
1.96	0.46	2.24965
1.96	0.47	2.21975
1.96	0.48	2.19004
1.96	0.49	2.16054
1.96	0.5	2.13123
1.96	0.51	2.10213
1.96	0.52	2.07322
1.96	0.53	2.04451
1.96	0.54	2.01601
1.96	0.55	1.9877
1.96	0.56	1.9596
1.96	0.57	1.9317
1.96	0.58	1.90399
1.96	0.59	1.87649
1.96	0.6	1.84918
1.96	0.61	1.82208
1.96	0.62	1.79517
1.96	0.63	1.76847
1.96	0.64	1.74196
1.96	0.65	1.71566
1.96	0.66	1.68956
1.96	0.67	1.66365
1.96	0.68	1.63795
1.96	0.69	1.61245
1.96	0.7	1.58714
1.96	0.71	1.56204
1.96	0.72	1.53714
1.96	0.73	1.51243
1.96	0.74	1.48793
1.96	0.75	1.46363
1.96	0.76	1.43953
1.96	0.77	1.41562
1.96	0.78	1.39192
1.96	0.79	1.36842
1.96	0.8	1.34512
1.96	0.81	1.32202
1.96	0.82	1.29911
1.96	0.83	1.27641
1.96	0.84	1.25391
1.96	0.85	1.23161
1.96	0.86	1.20951
1.96	0.87	1.18761
1.96	0.88	1.16591
1.96	0.89	1.14441
1.96	0.9	1.12311
1.96	0.91	1.102
1.96	0.92	1.0811
1.96	0.93	1.0604
1.96	0.94	1.0399
1.96	0.95	1.0196
1.96	0.96	0.999504
1.96	0.97	0.979604
1.96	0.98	0.959904
1.96	0.99	0.940405
1.96	1	0.921105
1.96	1.01	0.902006
1.96	1.02	0.883107
1.96	1.03	0.864408
1.96	1.04	0.845909
1.96	1.05	0.82761
1.96	1.06	0.809511
1.96	1.07	0.791613
1.96	1.08	0.773914
1.96	1.09	0.756416
1.96	1.1	0.739118
1.96	1.11	0.72202
1.96	1.12	0.705122
1.96	1.13	0.688424
1.96	1.14	0.671926
1.96	1.15	0.655628
1.96	1.16	0.639531
1.96	1.17	0.623633
1.96	1.18	0.607936
1.96	1.19	0.592439
1.96	1.2	0.577141
1.96	1.21	0.562044
1.96	1.22	0.547147
1.96	1.23	0.532451
1.96	1.24	0.517954
1.96	1.25	0.503657
1.96	1.26	0.489561
1.96	1.27	0.475664
1.96	1.28	0.461968
1.96	1.29	0.448472
1.96	1.3	0.435176
1.96	1.31	0.42208
1.96	1.32	0.409184
1.96	1.33	0.396488
1.96	1.34	0.383992
1.96	1.35	0.371696
1.96	1.36	0.359601
1.96	1.37	0.347705
1.96	1.38	0.33601
1.96	1.39	0.324514
1.96	1.4	0.313219
1.96	1.41	0.302124
1.96	1.42	0.291229
1.96	1.43	0.280534
1.96	1.44	0.270039
1.96	1.45	0.259744
1.96	1.46	0.249649
1.96	1.47	0.239754
1.96	1.48	0.23006
1.96	1.49	0.220565
1.96	1.5	0.211271
1.96	1.51	0.202176
1.96	1.52	0.193282
1.96	1.53	0.184587
1.96	1.54	0.176093
1.96	1.55	0.167799
1.96	1.56	0.159705
1.96	1.57	0.151811
1.96	1.58	0.144117
1.96	1.59	0.136623
1.96	1.6	0.129329
1.96	1.61	0.122235
1.96	1.62	0.115341
1.96	1.63	0.108647
1.96	1.64	0.102154
1.96	1.65	0.0958598
1.96	1.66	0.0897662
1.96	1.67	0.0838726
1.96	1.68	0.0781791
1.96	1.69	0.0726855
1.96	1.7	0.0673921
1.96	1.71	0.0622987
1.96	1.72	0.0574053
1.96	1.73	0.0527119
1.96	1.74	0.0482186
1.96	1.75	0.0439253
1.96	1.76	0.039832
1.96	1.77	0.0359388
1.96	1.78	0.0322456
1.96	1.79	0.0287525
1.96	1.8	0.0254593
1.96	1.81	0.0223662
1.96	1.82	0.0194731
1.96	1.83	0.01678
1.96	1.84	0.014287
1.96	1.85	0.011994
1.96	1.86	0.00990096
1.96	1.87	0.00800797
1.96	1.88	0.00631499
1.96	1.89	0.00482203
1.96	1.9	0.00352908
1.96	1.91	0.00243614
1.96	1.92	0.00154321
1.96	1.93	0.000850293
1.96	1.94	0.000357382
1.96	1.95	6.44807e-05
1.96	1.96	-2.84198e-05
1.96	1.97	7.8683e-05
1.96	1.98	0.000385788
1.96	1.99	0.000892894
1.96	2	0.0016
1.965	0	3.86122
1.965	0.01	3.82202
1.965	0.02	3.78301
1.965	0.03	3.7442
1.965	0.04	3.7056
1.965	0.05	3.66719
1.965	0.06	3.62898
1.965	0.07	3.59097
1.965	0.08	3.55317
1.965	0.09	3.51556
1.965	0.1	3.47815
1.965	0.11	3.44094
1.965	0.12	3.40394
1.965	0.13	3.36713
1.965	0.14	3.33052
1.965	0.15	3.29412
1.965	0.16	3.25791
1.965	0.17	3.2219
1.965	0.18	3.18609
1.965	0.19	3.15049
1.965	0.2	3.11508
1.965	0.21	3.07987
1.965	0.22	3.04487
1.965	0.23	3.01006
1.965	0.24	2.97545
1.965	0.25	2.94105
1.965	0.26	2.90684
1.965	0.27	2.87283
1.965	0.28	2.83903
1.965	0.29	2.80542
1.965	0.3	2.77201
1.965	0.31	2.73881
1.965	0.32	2.7058
1.965	0.33	2.673
1.965	0.34	2.64039
1.965	0.35	2.60798
1.965	0.36	2.57578
1.965	0.37	2.54377
1.965	0.38	2.51197
1.965	0.39	2.48036
1.965	0.4	2.44895
1.965	0.41	2.41775
1.965	0.42	2.38674
1.965	0.43	2.35594
1.965	0.44	2.32533
1.965	0.45	2.29493
1.965	0.46	2.26472
1.965	0.47	2.23472
1.965	0.48	2.20491
1.965	0.49	2.17531
1.965	0.5	2.1459
1.965	0.51	2.1167
1.965	0.52	2.08769
1.965	0.53	2.05889
1.965	0.54	2.03028
1.965	0.55	2.00188
1.965	0.56	1.97367
1.965	0.57	1.94567
1.965	0.58	1.91787
1.965	0.59	1.89026
1.965	0.6	1.86286
1.965	0.61	1.83565
1.965	0.62	1.80865
1.965	0.63	1.78185
1.965	0.64	1.75524
1.965	0.65	1.72884
1.965	0.66	1.70264
1.965	0.67	1.67663
1.965	0.68	1.65083
1.965	0.69	1.62523
1.965	0.7	1.59983
1.965	0.71	1.57462
1.965	0.72	1.54962
1.965	0.73	1.52482
1.965	0.74	1.50022
1.965	0.75	1.47581
1.965	0.76	1.45161
1.965	0.77	1.42761
1.965	0.78	1.40381
1.965	0.79	1.3802
1.965	0.8	1.3568
1.965	0.81	1.3336
1.965	0.82	1.3106
1.965	0.83	1.2878
1.965	0.84	1.2652
1.965	0.85	1.2428
1.965	0.86	1.2206
1.965	0.87	1.19859
1.965	0.88	1.17679
1.965	0.89	1.15519
1.965	0.9	1.13379
1.965	0.91	1.11259
1.965	0.92	1.09159
1.965	0.93	1.07079
1.965	0.94	1.05019
1.965	0.95	1.02979
1.965	0.96	1.00959
1.965	0.97	0.989591
1.965	0.98	0.969791
1.965	0.99	0.950192
1.965	1	0.930792
1.965	1.01	0.911593
1.965	1.02	0.892593
1.965	1.03	0.873794
1.965	1.04	0.855195
1.965	1.05	0.836796
1.965	1.06	0.818597
1.965	1.07	0.800598
1.965	1.08	0.7828
1.965	1.09	0.765201
1.965	1.1	0.747803
1.965	1.11	0.730604
1.965	1.12	0.713606
1.965	1.13	0.696808
1.965	1.14	0.68021
1.965	1.15	0.663812
1.965	1.16	0.647614
1.965	1.17	0.631616
1.965	1.18	0.615819
1.965	1.19	0.600221
1.965	1.2	0.584824
1.965	1.21	0.569626
1.965	1.22	0.554629
1.965	1.23	0.539832
1.965	1.24	0.525234
1.965	1.25	0.510837
1.965	1.26	0.49664
1.965	1.27	0.482644
1.965	1.28	0.468847
1.965	1.29	0.45525
1.965	1.3	0.441853
1.965	1.31	0.428657
1.965	1.32	0.41566
1.965	1.33	0.402864
1.965	1.34	0.390268
1.965	1.35	0.377872
1.965	1.36	0.365675
1.965	1.37	0.353679
1.965	1.38	0.341883
1.965	1.39	0.330287
1.965	1.4	0.318892
1.965	1.41	0.307696
1.965	1.42	0.2967
1.965	1.43	0.285904
1.965	1.44	0.275309
1.965	1.45	0.264913
1.965	1.46	0.254718
1.965	1.47	0.244722
1.965	1.48	0.234927
1.965	1.49	0.225332
1.965	1.5	0.215937
1.965	1.51	0.206741
1.965	1.52	0.197746
1.965	1.53	0.188951
1.965	1.54	0.180356
1.965	1.55	0.171961
1.965	1.56	0.163767
1.965	1.57	0.155772
1.965	1.58	0.147977
1.965	1.59	0.140382
1.965	1.6	0.132988
1.965	1.61	0.125793
1.965	1.62	0.118798
1.965	1.63	0.112004
1.965	1.64	0.105409
1.965	1.65	0.0990148
1.965	1.66	0.0928203
1.965	1.67	0.0868259
1.965	1.68	0.0810316
1.965	1.69	0.0754373
1.965	1.7	0.070043
1.965	1.71	0.0648487
1.965	1.72	0.0598545
1.965	1.73	0.0550603
1.965	1.74	0.0504662
1.965	1.75	0.0460721
1.965	1.76	0.041878
1.965	1.77	0.0378839
1.965	1.78	0.0340899
1.965	1.79	0.0304958
1.965	1.8	0.0271019
1.965	1.81	0.0239079
1.965	1.82	0.0209139
1.965	1.83	0.01812
1.965	1.84	0.0155261
1.965	1.85	0.0131322
1.965	1.86	0.0109383
1.965	1.87	0.00894444
1.965	1.88	0.00715058
1.965	1.89	0.00555674
1.965	1.9	0.00416292
1.965	1.91	0.0029691
1.965	1.92	0.00197529
1.965	1.93	0.00118149
1.965	1.94	0.000587692
1.965	1.95	0.000193905
1.965	1.96	1.20041e-07
1.965	1.97	6.33817e-06
1.965	1.98	0.000212558
1.965	1.99	0.000618779
1.965	2	0.001225
1.97	0	3.8809
1.97	0.01	3.84159
1.97	0.02	3.80249
1.97	0.03	3.76358
1.97	0.04	3.72487
1.97	0.05	3.68637
1.97	0.06	3.64806
1.97	0.07	3.60996
1.97	0.08	3.57205
1.97	0.09	3.53434
1.97	0.1	3.49684
1.97	0.11	3.45953
1.97	0.12	3.42242
1.97	0.13	3.38552
1.97	0.14	3.34881
1.97	0.15	3.31231
1.97	0.16	3.276
1.97	0.17	3.23989
1.97	0.18	3.20399
1.97	0.19	3.16828
1.97	0.2	3.13278
1.97	0.21	3.09747
1.97	0.22	3.06236
1.97	0.23	3.02746
1.97	0.24	2.99275
1.97	0.25	2.95825
1.97	0.26	2.92394
1.97	0.27	2.88984
1.97	0.28	2.85593
1.97	0.29	2.82223
1.97	0.3	2.78872
1.97	0.31	2.75541
1.97	0.32	2.72231
1.97	0.33	2.6894
1.97	0.34	2.6567
1.97	0.35	2.62419
1.97	0.36	2.59189
1.97	0.37	2.55978
1.97	0.38	2.52788
1.97	0.39	2.49617
1.97	0.4	2.46467
1.97	0.41	2.43336
1.97	0.42	2.40226
1.97	0.43	2.37135
1.97	0.44	2.34065
1.97	0.45	2.31014
1.97	0.46	2.27984
1.97	0.47	2.24974
1.97	0.48	2.21983
1.97	0.49	2.19013
1.97	0.5	2.16062
1.97	0.51	2.13132
1.97	0.52	2.10221
1.97	0.53	2.07331
1.97	0.54	2.04461
1.97	0.55	2.0161
1.97	0.56	1.9878
1.97	0.57	1.9597
1.97	0.58	1.93179
1.97	0.59	1.90409
1.97	0.6	1.87659
1.97	0.61	1.84928
1.97	0.62	1.82218
1.97	0.63	1.79528
1.97	0.64	1.76857
1.97	0.65	1.74207
1.97	0.66	1.71577
1.97	0.67	1.68966
1.97	0.68	1.66376
1.97	0.69	1.63806
1.97	0.7	1.61256
1.97	0.71	1.58726
1.97	0.72	1.56215
1.97	0.73	1.53725
1.97	0.74	1.51255
1.97	0.75	1.48805
1.97	0.76	1.46374
1.97	0.77	1.43964
1.97	0.78	1.41574
1.97	0.79	1.39204
1.97	0.8	1.36854
1.97	0.81	1.34524
1.97	0.82	1.32214
1.97	0.83	1.29923
1.97	0.84	1.27653
1.97	0.85	1.25403
1.97	0.86	1.23173
1.97	0.87	1.20963
1.97	0.88	1.18773
1.97	0.89	1.16603
1.97	0.9	1.14453
1.97	0.91	1.12323
1.97	0.92	1.10213
1.97	0.93	1.08123
1.97	0.94	1.06053
1.97	0.95	1.04003
1.97	0.96	1.01973
1.97	0.97	0.999628
1.97	0.98	0.979728
1.97	0.99	0.960028
1.97	1	0.940529
1.97	1.01	0.921229
1.97	1.02	0.90213
1.97	1.03	0.88323
1.97	1.04	0.864531
1.97	1.05	0.846032
1.97	1.06	0.827733
1.97	1.07	0.809634
1.97	1.08	0.791735
1.97	1.09	0.774037
1.97	1.1	0.756538
1.97	1.11	0.739239
1.97	1.12	0.722141
1.97	1.13	0.705242
1.97	1.14	0.688544
1.97	1.15	0.672046
1.97	1.16	0.655748
1.97	1.17	0.639649
1.97	1.18	0.623751
1.97	1.19	0.608054
1.97	1.2	0.592556
1.97	1.21	0.577258
1.97	1.22	0.56216
1.97	1.23	0.547263
1.97	1.24	0.532565
1.97	1.25	0.518068
1.97	1.26	0.50377
1.97	1.27	0.489673
1.97	1.28	0.475776
1.97	1.29	0.462078
1.97	1.3	0.448581
1.97	1.31	0.435284
1.97	1.32	0.422187
1.97	1.33	0.40929
1.97	1.34	0.396594
1.97	1.35	0.384097
1.97	1.36	0.3718
1.97	1.37	0.359704
1.97	1.38	0.347807
1.97	1.39	0.33611
1.97	1.4	0.324614
1.97	1.41	0.313318
1.97	1.42	0.302221
1.97	1.43	0.291325
1.97	1.44	0.280629
1.97	1.45	0.270133
1.97	1.46	0.259837
1.97	1.47	0.249741
1.97	1.48	0.239845
1.97	1.49	0.230149
1.97	1.5	0.220653
1.97	1.51	0.211357
1.97	1.52	0.202261
1.97	1.53	0.193365
1.97	1.54	0.18467
1.97	1.55	0.176174
1.97	1.56	0.167878
1.97	1.57	0.159783
1.97	1.58	0.151887
1.97	1.59	0.144192
1.97	1.6	0.136696
1.97	1.61	0.129401
1.97	1.62	0.122306
1.97	1.63	0.11541
1.97	1.64	0.108715
1.97	1.65	0.10222
1.97	1.66	0.0959245
1.97	1.67	0.0898293
1.97	1.68	0.0839341
1.97	1.69	0.078239
1.97	1.7	0.0727439
1.97	1.71	0.0674488
1.97	1.72	0.0623538
1.97	1.73	0.0574588
1.97	1.74	0.0527638
1.97	1.75	0.0482688
1.97	1.76	0.0439739
1.97	1.77	0.039879
1.97	1.78	0.0359841
1.97	1.79	0.0322892
1.97	1.8	0.0287944
1.97	1.81	0.0254995
1.97	1.82	0.0224047
1.97	1.83	0.0195099
1.97	1.84	0.0168152
1.97	1.85	0.0143204
1.97	1.86	0.0120256
1.97	1.87	0.0099309
1.97	1.88	0.00803618
1.97	1.89	0.00634146
1.97	1.9	0.00484675
1.97	1.91	0.00355205
1.97	1.92	0.00245736
1.97	1.93	0.00156268
1.97	1.94	0.000868003
1.97	1.95	0.00037333
1.97	1.96	7.86603e-05
1.97	1.97	-1.60064e-05
1.97	1.98	8.93287e-05
1.97	1.99	0.000394664
1.97	2	0.0009
1.975	0	3.90063
1.975	0.01	3.86122
1.975	0.02	3.82201
1.975	0.03	3.78301
1.975	0.04	3.7442
1.975	0.05	3.7056
1.975	0.06	3.66719
1.975	0.07	3.62899
1.975	0.08	3.59098
1.975	0.09	3.55318
1.975	0.1	3.51557
1.975	0.11	3.47817
1.975	0.12	3.44096
1.975	0.13	3.40396
1.975	0.14	3.36715
1.975	0.15	3.33055
1.975	0.16	3.29414
1.975	0.17	3.25794
1.975	0.18	3.22193
1.975	0.19	3.18613
1.975	0.2	3.15052
1.975	0.21	3.11512
1.975	0.22	3.07991
1.975	0.23	3.04491
1.975	0.24	3.0101
1.975	0.25	2.9755
1.975	0.26	2.94109
1.975	0.27	2.90689
1.975	0.28	2.87288
1.975	0.29	2.83908
1.975	0.3	2.80547
1.975	0.31	2.77207
1.975	0.32	2.73887
1.975	0.33	2.70586
1.975	0.34	2.67306
1.975	0.35	2.64045
1.975	0.36	2.60805
1.975	0.37	2.57584
1.975	0.38	2.54384
1.975	0.39	2.51204
1.975	0.4	2.48043
1.975	0.41	2.44903
1.975	0.42	2.41782
1.975	0.43	2.38682
1.975	0.44	2.35602
1.975	0.45	2.32541
1.975	0.46	2.29501
1.975	0.47	2.2648
1.975	0.48	2.2348
1.975	0.49	2.205
1.975	0.5	2.17539
1.975	0.51	2.14599
1.975	0.52	2.11679
1.975	0.53	2.08778
1.975	0.54	2.05898
1.975	0.55	2.03038
1.975	0.56	2.00197
1.975	0.57	1.97377
1.975	0.58	1.94577
1.975	0.59	1.91797
1.975	0.6	1.89036
1.975	0.61	1.86296
1.975	0.62	1.83576
1.975	0.63	1.80876
1.975	0.64	1.78195
1.975	0.65	1.75535
1.975	0.66	1.72895
1.975	0.67	1.70275
1.975	0.68	1.67674
1.975	0.69	1.65094
1.975	0.7	1.62534
1.975	0.71	1.59994
1.975	0.72	1.57474
1.975	0.73	1.54973
1.975	0.74	1.52493
1.975	0.75	1.50033
1.975	0.76	1.47593
1.975	0.77	1.45173
1.975	0.78	1.42773
1.975	0.79	1.40392
1.975	0.8	1.38032
1.975	0.81	1.35692
1.975	0.82	1.33372
1.975	0.83	1.31072
1.975	0.84	1.28792
1.975	0.85	1.26532
1.975	0.86	1.24292
1.975	0.87	1.22072
1.975	0.88	1.19872
1.975	0.89	1.17692
1.975	0.9	1.15532
1.975	0.91	1.13392
1.975	0.92	1.11271
1.975	0.93	1.09171
1.975	0.94	1.07091
1.975	0.95	1.05031
1.975	0.96	1.02991
1.975	0.97	1.00971
1.975	0.98	0.989715
1.975	0.99	0.969915
1.975	1	0.950315
1.975	1.01	0.930916
1.975	1.02	0.911716
1.975	1.03	0.892717
1.975	1.04	0.873918
1.975	1.05	0.855318
1.975	1.06	0.836919
1.975	1.07	0.81872
1.975	1.08	0.800721
1.975	1.09	0.782922
1.975	1.1	0.765323
1.975	1.11	0.747924
1.975	1.12	0.730726
1.975	1.13	0.713727
1.975	1.14	0.696928
1.975	1.15	0.68033
1.975	1.16	0.663931
1.975	1.17	0.647733
1.975	1.18	0.631734
1.975	1.19	0.615936
1.975	1.2	0.600338
1.975	1.21	0.58494
1.975	1.22	0.569742
1.975	1.23	0.554744
1.975	1.24	0.539946
1.975	1.25	0.525348
1.975	1.26	0.51095
1.975	1.27	0.496752
1.975	1.28	0.482755
1.975	1.29	0.468957
1.975	1.3	0.455359
1.975	1.31	0.441962
1.975	1.32	0.428764
1.975	1.33	0.415767
1.975	1.34	0.40297
1.975	1.35	0.390372
1.975	1.36	0.377975
1.975	1.37	0.365778
1.975	1.38	0.353781
1.975	1.39	0.341984
1.975	1.4	0.330387
1.975	1.41	0.31899
1.975	1.42	0.307793
1.975	1.43	0.296796
1.975	1.44	0.285999
1.975	1.45	0.275402
1.975	1.46	0.265005
1.975	1.47	0.254809
1.975	1.48	0.244812
1.975	1.49	0.235015
1.975	1.5	0.225419
1.975	1.51	0.216022
1.975	1.52	0.206826
1.975	1.53	0.197829
1.975	1.54	0.189033
1.975	1.55	0.180437
1.975	1.56	0.17204
1.975	1.57	0.163844
1.975	1.58	0.155848
1.975	1.59	0.148051
1.975	1.6	0.140455
1.975	1.61	0.133059
1.975	1.62	0.125863
1.975	1.63	0.118867
1.975	1.64	0.112071
1.975	1.65	0.105475
1.975	1.66	0.0990787
1.975	1.67	0.0928827
1.975	1.68	0.0868867
1.975	1.69	0.0810908
1.975	1.7	0.0754949
1.975	1.71	0.070099
1.975	1.72	0.0649031
1.975	1.73	0.0599073
1.975	1.74	0.0551115
1.975	1.75	0.0505157
1.975	1.76	0.0461199
1.975	1.77	0.0419241
1.975	1.78	0.0379284
1.975	1.79	0.0341327
1.975	1.8	0.030537
1.975	1.81	0.0271413
1.975	1.82	0.0239456
1.975	1.83	0.0209499
1.975	1.84	0.0181543
1.975	1.85	0.0155586
1.975	1.86	0.013163
1.975	1.87	0.0109674
1.975	1.88	0.0089718
1.975	1.89	0.0071762
1.975	1.9	0.00558061
1.975	1.91	0.00418503
1.975	1.92	0.00298946
1.975	1.93	0.00199389
1.975	1.94	0.00119833
1.975	1.95	0.000602767
1.975	1.96	0.000207211
1.975	1.97	1.16569e-05
1.975	1.98	1.61042e-05
1.975	1.99	0.000220552
1.975	2	0.000625
1.98	0	3.9204
1.98	0.01	3.8809
1.98	0.02	3.84159
1.98	0.03	3.80249
1.98	0.04	3.76358
1.98	0.05	3.72488
1.98	0.06	3.68637
1.98	0.07	3.64807
1.98	0.08	3.60997
1.98	0.09	3.57206
1.98	0.1	3.53436
1.98	0.11	3.49685
1.98	0.12	3.45955
1.98	0.13	3.42245
1.98	0.14	3.38554
1.98	0.15	3.34884
1.98	0.16	3.31233
1.98	0.17	3.27603
1.98	0.18	3.23993
1.98	0.19	3.20402
1.98	0.2	3.16832
1.98	0.21	3.13281
1.98	0.22	3.09751
1.98	0.23	3.06241
1.98	0.24	3.0275
1.98	0.25	2.9928
1.98	0.26	2.95829
1.98	0.27	2.92399
1.98	0.28	2.88989
1.98	0.29	2.85598
1.98	0.3	2.82228
1.98	0.31	2.78878
1.98	0.32	2.75547
1.98	0.33	2.72237
1.98	0.34	2.68947
1.98	0.35	2.65676
1.98	0.36	2.62426
1.98	0.37	2.59196
1.98	0.38	2.55985
1.98	0.39	2.52795
1.98	0.4	2.49625
1.98	0.41	2.46474
1.98	0.42	2.43344
1.98	0.43	2.40234
1.98	0.44	2.37143
1.98	0.45	2.34073
1.98	0.46	2.31023
1.98	0.47	2.27992
1.98	0.48	2.24982
1.98	0.49	2.21992
1.98	0.5	2.19022
1.98	0.51	2.16071
1.98	0.52	2.13141
1.98	0.53	2.10231
1.98	0.54	2.0734
1.98	0.55	2.0447
1.98	0.56	2.0162
1.98	0.57	1.9879
1.98	0.58	1.95979
1.98	0.59	1.93189
1.98	0.6	1.90419
1.98	0.61	1.87669
1.98	0.62	1.84939
1.98	0.63	1.82228
1.98	0.64	1.79538
1.98	0.65	1.76868
1.98	0.66	1.74218
1.98	0.67	1.71588
1.98	0.68	1.68977
1.98	0.69	1.66387
1.98	0.7	1.63817
1.98	0.71	1.61267
1.98	0.72	1.58737
1.98	0.73	1.56227
1.98	0.74	1.53737
1.98	0.75	1.51266
1.98	0.76	1.48816
1.98	0.77	1.46386
1.98	0.78	1.43976
1.98	0.79	1.41586
1.98	0.8	1.39216
1.98	0.81	1.36866
1.98	0.82	1.34536
1.98	0.83	1.32226
1.98	0.84	1.29936
1.98	0.85	1.27665
1.98	0.86	1.25415
1.98	0.87	1.23185
1.98	0.88	1.20975
1.98	0.89	1.18785
1.98	0.9	1.16615
1.98	0.91	1.14465
1.98	0.92	1.12335
1.98	0.93	1.10225
1.98	0.94	1.08135
1.98	0.95	1.06065
1.98	0.96	1.04015
1.98	0.97	1.01985
1.98	0.98	0.999752
1.98	0.99	0.979852
1.98	1	0.960152
1.98	1.01	0.940653
1.98	1.02	0.921353
1.98	1.03	0.902253
1.98	1.04	0.883354
1.98	1.05	0.864655
1.98	1.06	0.846155
1.98	1.07	0.827856
1.98	1.08	0.809757
1.98	1.09	0.791857
1.98	1.1	0.774158
1.98	1.11	0.756659
1.98	1.12	0.73936
1.98	1.13	0.722261
1.98	1.14	0.705362
1.98	1.15	0.688664
1.98	1.16	0.672165
1.98	1.17	0.655866
1.98	1.18	0.639767
1.98	1.19	0.623869
1.98	1.2	0.60817
1.98	1.21	0.592672
1.98	1.22	0.577373
1.98	1.23	0.562275
1.98	1.24	0.547377
1.98	1.25	0.532678
1.98	1.26	0.51818
1.98	1.27	0.503882
1.98	1.28	0.489784
1.98	1.29	0.475885
1.98	1.3	0.462187
1.98	1.31	0.448689
1.98	1.32	0.435391
1.98	1.33	0.422293
1.98	1.34	0.409396
1.98	1.35	0.396698
1.98	1.36	0.3842
1.98	1.37	0.371902
1.98	1.38	0.359804
1.98	1.39	0.347907
1.98	1.4	0.336209
1.98	1.41	0.324712
1.98	1.42	0.313414
1.98	1.43	0.302317
1.98	1.44	0.291419
1.98	1.45	0.280722
1.98	1.46	0.270224
1.98	1.47	0.259927
1.98	1.48	0.24983
1.98	1.49	0.239932
1.98	1.5	0.230235
1.98	1.51	0.220738
1.98	1.52	0.211441
1.98	1.53	0.202343
1.98	1.54	0.193446
1.98	1.55	0.184749
1.98	1.56	0.176252
1.98	1.57	0.167955
1.98	1.58	0.159858
1.98	1.59	0.151961
1.98	1.6	0.144264
1.98	1.61	0.136767
1.98	1.62	0.12947
1.98	1.63	0.122373
1.98	1.64	0.115477
1.98	1.65	0.10878
1.98	1.66	0.102283
1.98	1.67	0.0959861
1.98	1.68	0.0898893
1.98	1.69	0.0839926
1.98	1.7	0.0782958
1.98	1.71	0.0727991
1.98	1.72	0.0675024
1.98	1.73	0.0624058
1.98	1.74	0.0575091
1.98	1.75	0.0528125
1.98	1.76	0.0483159
1.98	1.77	0.0440193
1.98	1.78	0.0399227
1.98	1.79	0.0360261
1.98	1.8	0.0323295
1.98	1.81	0.028833
1.98	1.82	0.0255364
1.98	1.83	0.0224399
1.98	1.84	0.0195434
1.98	1.85	0.0168469
1.98	1.86	0.0143504
1.98	1.87	0.0120539
1.98	1.88	0.00995742
1.98	1.89	0.00806094
1.98	1.9	0.00636447
1.98	1.91	0.00486801
1.98	1.92	0.00357155
1.98	1.93	0.0024751
1.98	1.94	0.00157865
1.98	1.95	0.000882205
1.98	1.96	0.000385762
1.98	1.97	8.93203e-05
1.98	1.98	-7.12006e-06
1.98	1.99	9.64401e-05
1.98	2	0.0004
1.985	0	3.94022
1.985	0.01	3.90062
1.985	0.02	3.86122
1.985	0.03	3.82202
1.985	0.04	3.78301
1.985	0.05	3.74421
1.985	0.06	3.70561
1.985	0.07	3.6672
1.985	0.08	3.629
1.985	0.09	3.591
1.985	0.1	3.55319
1.985	0.11	3.51559
1.985	0.12	3.47819
1.985	0.13	3.44098
1.985	0.14	3.40398
1.985	0.15	3.36718
1.985	0.16	3.33058
1.985	0.17	3.29417
1.985	0.18	3.25797
1.985	0.19	3.22197
1.985	0.2	3.18616
1.985	0.21	3.15056
1.985	0.22	3.11516
1.985	0.23	3.07995
1.985	0.24	3.04495
1.985	0.25	3.01015
1.985	0.26	2.97555
1.985	0.27	2.94114
1.985	0.28	2.90694
1.985	0.29	2.87294
1.985	0.3	2.83913
1.985	0.31	2.80553
1.985	0.32	2.77213
1.985	0.33	2.73893
1.985	0.34	2.70592
1.985	0.35	2.67312
1.985	0.36	2.64052
1.985	0.37	2.60812
1.985	0.38	2.57591
1.985	0.39	2.54391
1.985	0.4	2.51211
1.985	0.41	2.48051
1.985	0.42	2.4491
1.985	0.43	2.4179
1.985	0.44	2.3869
1.985	0.45	2.3561
1.985	0.46	2.32549
1.985	0.47	2.29509
1.985	0.48	2.26489
1.985	0.49	2.23489
1.985	0.5	2.20509
1.985	0.51	2.17548
1.985	0.52	2.14608
1.985	0.53	2.11688
1.985	0.54	2.08788
1.985	0.55	2.05908
1.985	0.56	2.03047
1.985	0.57	2.00207
1.985	0.58	1.97387
1.985	0.59	1.94587
1.985	0.6	1.91807
1.985	0.61	1.89047
1.985	0.62	1.86306
1.985	0.63	1.83586
1.985	0.64	1.80886
1.985	0.65	1.78206
1.985	0.66	1.75546
1.985	0.67	1.72906
1.985	0.68	1.70286
1.985	0.69	1.67685
1.985	0.7	1.65105
1.985	0.71	1.62545
1.985	0.72	1.60005
1.985	0.73	1.57485
1.985	0.74	1.54985
1.985	0.75	1.52505
1.985	0.76	1.50045
1.985	0.77	1.47605
1.985	0.78	1.45185
1.985	0.79	1.42784
1.985	0.8	1.40404
1.985	0.81	1.38044
1.985	0.82	1.35704
1.985	0.83	1.33384
1.985	0.84	1.31084
1.985	0.85	1.28804
1.985	0.86	1.26544
1.985	0.87	1.24304
1.985	0.88	1.22084
1.985	0.89	1.19884
1.985	0.9	1.17704
1.985	0.91	1.15544
1.985	0.92	1.13404
1.985	0.93	1.11284
1.985	0.94	1.09184
1.985	0.95	1.07104
1.985	0.96	1.05044
1.985	0.97	1.03004
1.985	0.98	1.00984
1.985	0.99	0.989839
1.985	1	0.970039
1.985	1.01	0.950439
1.985	1.02	0.93104
1.985	1.03	0.91184
1.985	1.04	0.89284
1.985	1.05	0.874041
1.985	1.06	0.855441
1.985	1.07	0.837042
1.985	1.08	0.818842
1.985	1.09	0.800843
1.985	1.1	0.783044
1.985	1.11	0.765444
1.985	1.12	0.748045
1.985	1.13	0.730846
1.985	1.14	0.713847
1.985	1.15	0.697048
1.985	1.16	0.680449
1.985	1.17	0.66405
1.985	1.18	0.647851
1.985	1.19	0.631852
1.985	1.2	0.616053
1.985	1.21	0.600454
1.985	1.22	0.585055
1.985	1.23	0.569856
1.985	1.24	0.554857
1.985	1.25	0.540059
1.985	1.26	0.52546
1.985	1.27	0.511061
1.985	1.28	0.496863
1.985	1.29	0.482864
1.985	1.3	0.469066
1.985	1.31	0.455467
1.985	1.32	0.442069
1.985	1.33	0.42887
1.985	1.34	0.415872
1.985	1.35	0.403073
1.985	1.36	0.390475
1.985	1.37	0.378077
1.985	1.38	0.365878
1.985	1.39	0.35388
1.985	1.4	0.342082
1.985	1.41	0.330484
1.985	1.42	0.319086
1.985	1.43	0.307887
1.985	1.44	0.296889
1.985	1.45	0.286091
1.985	1.46	0.275493
1.985	1.47	0.265095
1.985	1.48	0.254897
1.985	1.49	0.244899
1.985	1.5	0.235101
1.985	1.51	0.225503
1.985	1.52	0.216105
1.985	1.53	0.206908
1.985	1.54	0.19791
1.985	1.55	0.189112
1.985	1.56	0.180514
1.985	1.57	0.172116
1.985	1.58	0.163919
1.985	1.59	0.155921
1.985	1.6	0.148123
1.985	1.61	0.140525
1.985	1.62	0.133128
1.985	1.63	0.12593
1.985	1.64	0.118932
1.985	1.65	0.112135
1.985	1.66	0.105537
1.985	1.67	0.0991395
1.985	1.68	0.092942
1.985	1.69	0.0869444
1.985	1.7	0.0811469
1.985	1.71	0.0755493
1.985	1.72	0.0701518
1.985	1.73	0.0649543
1.985	1.74	0.0599568
1.985	1.75	0.0551594
1.985	1.76	0.0505619
1.985	1.77	0.0461644
1.985	1.78	0.041967
1.985	1.79	0.0379696
1.985	1.8	0.0341721
1.985	1.81	0.0305747
1.985	1.82	0.0271773
1.985	1.83	0.0239799
1.985	1.84	0.0209825
1.985	1.85	0.0181852
1.985	1.86	0.0155878
1.985	1.87	0.0131904
1.985	1.88	0.0109931
1.985	1.89	0.0089957
1.985	1.9	0.00719835
1.985	1.91	0.005601
1.985	1.92	0.00420366
1.985	1.93	0.00300632
1.985	1.94	0.00200899
1.985	1.95	0.00121165
1.985	1.96	0.00061432
1.985	1.97	0.000216989
1.985	1.98	1.96591e-05
1.985	1.99	2.23296e-05
1.985	2	0.000225
1.99	0	3.9601
1.99	0.01	3.9204
1.99	0.02	3.8809
1.99	0.03	3.84159
1.99	0.04	3.80249
1.99	0.05	3.76359
1.99	0.06	3.72489
1.99	0.07	3.68639
1.99	0.08	3.64808
1.99	0.09	3.60998
1.99	0.1	3.57208
1.99	0.11	3.53438
1.99	0.12	3.49687
1.99	0.13	3.45957
1.99	0.14	3.42247
1.99	0.15	3.38557
1.99	0.16	3.34887
1.99	0.17	3.31236
1.99	0.18	3.27606
1.99	0.19	3.23996
1.99	0.2	3.20406
1.99	0.21	3.16836
1.99	0.22	3.13285
1.99	0.23	3.09755
1.99	0.24	3.06245
1.99	0.25	3.02755
1.99	0.26	2.99285
1.99	0.27	2.95835
1.99	0.28	2.92404
1.99	0.29	2.88994
1.99	0.3	2.85604
1.99	0.31	2.82234
1.99	0.32	2.78884
1.99	0.33	2.75553
1.99	0.34	2.72243
1.99	0.35	2.68953
1.99	0.36	2.65683
1.99	0.37	2.62433
1.99	0.38	2.59203
1.99	0.39	2.55992
1.99	0.4	2.52802
1.99	0.41	2.49632
1.99	0.42	2.46482
1.99	0.43	2.43352
1.99	0.44	2.40242
1.99	0.45	2.37151
1.99	0.46	2.34081
1.99	0.47	2.31031
1.99	0.48	2.28001
1.99	0.49	2.24991
1.99	0.5	2.22001
1.99	0.51	2.19031
1.99	0.52	2.1608
1.99	0.53	2.1315
1.99	0.54	2.1024
1.99	0.55	2.0735
1.99	0.56	2.0448
1.99	0.57	2.0163
1.99	0.58	1.988
1.99	0.59	1.9599
1.99	0.6	1.932
1.99	0.61	1.90429
1.99	0.62	1.87679
1.99	0.63	1.84949
1.99	0.64	1.82239
1.99	0.65	1.79549
1.99	0.66	1.76879
1.99	0.67	1.74229
1.99	0.68	1.71599
1.99	0.69	1.68989
1.99	0.7	1.66399
1.99	0.71	1.63828
1.99	0.72	1.61278
1.99	0.73	1.58748
1.99	0.74	1.56238
1.99	0.75	1.53748
1.99	0.76	1.51278
1.99	0.77	1.48828
1.99	0.78	1.46398
1.99	0.79	1.43988
1.99	0.8	1.41598
1.99	0.81	1.39228
1.99	0.82	1.36878
1.99	0.83	1.34548
1.99	0.84	1.32238
1.99	0.85	1.29948
1.99	0.86	1.27678
1.99	0.87	1.25428
1.99	0.88	1.23198
1.99	0.89	1.20988
1.99	0.9	1.18798
1.99	0.91	1.16628
1.99	0.92	1.14478
1.99	0.93	1.12348
1.99	0.94	1.10238
1.99	0.95	1.08148
1.99	0.96	1.06078
1.99	0.97	1.04028
1.99	0.98	1.01998
1.99	0.99	0.999876
1.99	1	0.979976
1.99	1.01	0.960276
1.99	1.02	0.940776
1.99	1.03	0.921477
1.99	1.04	0.902377
1.99	1.05	0.883477
1.99	1.06	0.864778
1.99	1.07	0.846278
1.99	1.08	0.827978
1.99	1.09	0.809879
1.99	1.1	0.791979
1.99	1.11	0.77428
1.99	1.12	0.75678
1.99	1.13	0.739481
1.99	1.14	0.722381
1.99	1.15	0.705482
1.99	1.16	0.688782
1.99	1.17	0.672283
1.99	1.18	0.655984
1.99	1.19	0.639884
1.99	1.2	0.623985
1.99	1.21	0.608286
1.99	1.22	0.592787
1.99	1.23	0.577487
1.99	1.24	0.562388
1.99	1.25	0.547489
1.99	1.26	0.53279
1.99	1.27	0.518291
1.99	1.28	0.503992
1.99	1.29	0.489893
1.99	1.3	0.475994
1.99	1.31	0.462295
1.99	1.32	0.448796
1.99	1.33	0.435497
1.99	1.34	0.422398
1.99	1.35	0.409499
1.99	1.36	0.3968
1.99	1.37	0.384301
1.99	1.38	0.372002
1.99	1.39	0.359903
1.99	1.4	0.348005
1.99	1.41	0.336306
1.99	1.42	0.324807
1.99	1.43	0.313508
1.99	1.44	0.302409
1.99	1.45	0.291511
1.99	1.46	0.280812
1.99	1.47	0.270313
1.99	1.48	0.260015
1.99	1.49	0.249916
1.99	1.5	0.240017
1.99	1.51	0.230319
1.99	1.52	0.22082
1.99	1.53	0.211522
1.99	1.54	0.202423
1.99	1.55	0.193525
1.99	1.56	0.184826
1.99	1.57	0.176327
1.99	1.58	0.168029
1.99	1.59	0.15993
1.99	1.6	0.152032
1.99	1.61	0.144334
1.99	1.62	0.136835
1.99	1.63	0.129537
1.99	1.64	0.122438
1.99	1.65	0.11554
1.99	1.66	0.108841
1.99	1.67	0.102343
1.99	1.68	0.0960446
1.99	1.69	0.0899463
1.99	1.7	0.0840479
1.99	1.71	0.0783495
1.99	1.72	0.0728512
1.99	1.73	0.0675529
1.99	1.74	0.0624545
1.99	1.75	0.0575562
1.99	1.76	0.0528579
1.99	1.77	0.0483596
1.99	1.78	0.0440613
1.99	1.79	0.039963
1.99	1.8	0.0360647
1.99	1.81	0.0323665
1.99	1.82	0.0288682
1.99	1.83	0.0255699
1.99	1.84	0.0224717
1.99	1.85	0.0195734
1.99	1.86	0.0168752
1.99	1.87	0.0143769
1.99	1.88	0.0120787
1.99	1.89	0.00998046
1.99	1.9	0.00808223
1.99	1.91	0.006384
1.99	1.92	0.00488577
1.99	1.93	0.00358754
1.99	1.94	0.00248932
1.99	1.95	0.0015911
1.99	1.96	0.000892877
1.99	1.97	0.000394658
1.99	1.98	9.64383e-05
1.99	1.99	-1.78084e-06
1.99	2	0.0001
1.995	0	3.98003
1.995	0.01	3.94022
1.995	0.02	3.90062
1.995	0.03	3.86122
1.995	0.04	3.82202
1.995	0.05	3.78302
1.995	0.06	3.74422
1.995	0.07	3.70562
1.995	0.08	3.66722
1.995	0.09	3.62902
1.995	0.1	3.59101
1.995	0.11	3.55321
1.995	0.12	3.51561
1.995	0.13	3.47821
1.995	0.14	3.44101
1.995	0.15	3.40401
1.995	0.16	3.36721
1.995	0.17	3.33061
1.995	0.18	3.29421
1.995	0.19	3.25801
1.995	0.2	3.222
1.995	0.21	3.1862
1.995	0.22	3.1506
1.995	0.23	3.1152
1.995	0.24	3.08
1.995	0.25	3.045
1.995	0.26	3.0102
1.995	0.27	2.9756
1.995	0.28	2.9412
1.995	0.29	2.907
1.995	0.3	2.87299
1.995	0.31	2.83919
1.995	0.32	2.80559
1.995	0.33	2.77219
1.995	0.34	2.73899
1.995	0.35	2.70599
1.995	0.36	2.67319
1.995	0.37	2.64059
1.995	0.38	2.60819
1.995	0.39	2.57599
1.995	0.4	2.54399
1.995	0.41	2.51219
1.995	0.42	2.48058
1.995	0.43	2.44918
1.995	0.44	2.41798
1.995	0.45	2.38698
1.995	0.46	2.35618
1.995	0.47	2.32558
1.995	0.48	2.29518
1.995	0.49	2.26498
1.995	0.5	2.23498
1.995	0.51	2.20518
1.995	0.52	2.17558
1.995	0.53	2.14618
1.995	0.54	2.11698
1.995	0.55	2.08798
1.995	0.56	2.05917
1.995	0.57	2.03057
1.995	0.58	2.00217
1.995	0.59	1.97397
1.995	0.6	1.94597
1.995	0.61	1.91817
1.995	0.62	1.89057
1.995	0.63	1.86317
1.995	0.64	1.83597
1.995	0.65	1.80897
1.995	0.66	1.78217
1.995	0.67	1.75557
1.995	0.68	1.72917
1.995	0.69	1.70297
1.995	0.7	1.67697
1.995	0.71	1.65117
1.995	0.72	1.62557
1.995	0.73	1.60017
1.995	0.74	1.57497
1.995	0.75	1.54997
1.995	0.76	1.52517
1.995	0.77	1.50057
1.995	0.78	1.47617
1.995	0.79	1.45196
1.995	0.8	1.42796
1.995	0.81	1.40416
1.995	0.82	1.38056
1.995	0.83	1.35716
1.995	0.84	1.33396
1.995	0.85	1.31096
1.995	0.86	1.28816
1.995	0.87	1.26556
1.995	0.88	1.24316
1.995	0.89	1.22096
1.995	0.9	1.19896
1.995	0.91	1.17716
1.995	0.92	1.15556
1.995	0.93	1.13416
1.995	0.94	1.11296
1.995	0.95	1.09196
1.995	0.96	1.07116
1.995	0.97	1.05056
1.995	0.98	1.03016
1.995	0.99	1.00996
1.995	1	0.989963
1.995	1.01	0.970163
1.995	1.02	0.950563
1.995	1.03	0.931163
1.995	1.04	0.911963
1.995	1.05	0.892964
1.995	1.06	0.874164
1.995	1.07	0.855564
1.995	1.08	0.837164
1.995	1.09	0.818964
1.995	1.1	0.800965
1.995	1.11	0.783165
1.995	1.12	0.765565
1.995	1.13	0.748165
1.995	1.14	0.730966
1.995	1.15	0.713966
1.995	1.16	0.697166
1.995	1.17	0.680566
1.995	1.18	0.664167
1.995	1.19	0.647967
1.995	1.2	0.631968
1.995	1.21	0.616168
1.995	1.22	0.600568
1.995	1.23	0.585169
1.995	1.24	0.569969
1.995	1.25	0.55497
1.995	1.26	0.54017
1.995	1.27	0.52557
1.995	1.28	0.511171
1.995	1.29	0.496971
1.995	1.3	0.482972
1.995	1.31	0.469172
1.995	1.32	0.455573
1.995	1.33	0.442173
1.995	1.34	0.428974
1.995	1.35	0.415974
1.995	1.36	0.403175
1.995	1.37	0.390576
1.995	1.38	0.378176
1.995	1.39	0.365977
1.995	1.4	0.353977
1.995	1.41	0.342178
1.995	1.42	0.330578
1.995	1.43	0.319179
1.995	1.44	0.30798
1.995	1.45	0.29698
1.995	1.46	0.286181
1.995	1.47	0.275582
1.995	1.48	0.265182
1.995	1.49	0.254983
1.995	1.5	0.244984
1.995	1.51	0.235184
1.995	1.52	0.225585
1.995	1.53	0.216186
1.995	1.54	0.206987
1.995	1.55	0.197987
1.995	1.56	0.189188
1.995	1.57	0.180589
1.995	1.58	0.172189
1.995	1.59	0.16399
1.995	1.6	0.155991
1.995	1.61	0.148192
1.995	1.62	0.140593
1.995	1.63	0.133193
1.995	1.64	0.125994
1.995	1.65	0.118995
1.995	1.66	0.112196
1.995	1.67	0.105597
1.995	1.68	0.0991973
1.995	1.69	0.0929981
1.995	1.7	0.0869989
1.995	1.71	0.0811998
1.995	1.72	0.0756006
1.995	1.73	0.0702014
1.995	1.74	0.0650023
1.995	1.75	0.0600031
1.995	1.76	0.055204
1.995	1.77	0.0506048
1.995	1.78	0.0462057
1.995	1.79	0.0420065
1.995	1.8	0.0380074
1.995	1.81	0.0342082
1.995	1.82	0.0306091
1.995	1.83	0.02721
1.995	1.84	0.0240108
1.995	1.85	0.0210117
1.995	1.86	0.0182126
1.995	1.87	0.0156135
1.995	1.88	0.0132143
1.995	1.89	0.0110152
1.995	1.9	0.00901611
1.995	1.91	0.007217
1.995	1.92	0.00561788
1.995	1.93	0.00421877
1.995	1.94	0.00301966
1.995	1.95	0.00202055
1.995	1.96	0.00122144
1.995	1.97	0.000622329
1.995	1.98	0.000223219
1.995	1.99	2.41096e-05
1.995	2	2.5e-05
2	0	4
2	0.01	3.9601
2	0.02	3.9204
2	0.03	3.8809
2	0.04	3.8416
2	0.05	3.8025
2	0.06	3.7636
2	0.07	3.7249
2	0.08	3.6864
2	0.09	3.6481
2	0.1	3.61
2	0.11	3.5721
2	0.12	3.5344
2	0.13	3.4969
2	0.14	3.4596
2	0.15	3.4225
2	0.16	3.3856
2	0.17	3.3489
2	0.18	3.3124
2	0.19	3.2761
2	0.2	3.24
2	0.21	3.2041
2	0.22	3.1684
2	0.23	3.1329
2	0.24	3.0976
2	0.25	3.0625
2	0.26	3.0276
2	0.27	2.9929
2	0.28	2.9584
2	0.29	2.9241
2	0.3	2.89
2	0.31	2.8561
2	0.32	2.8224
2	0.33	2.7889
2	0.34	2.7556
2	0.35	2.7225
2	0.36	2.6896
2	0.37	2.6569
2	0.38	2.6244
2	0.39	2.5921
2	0.4	2.56
2	0.41	2.5281
2	0.42	2.4964
2	0.43	2.4649
2	0.44	2.4336
2	0.45	2.4025
2	0.46	2.3716
2	0.47	2.3409
2	0.48	2.3104
2	0.49	2.2801
2	0.5	2.25
2	0.51	2.2201
2	0.52	2.1904
2	0.53	2.1609
2	0.54	2.1316
2	0.55	2.1025
2	0.56	2.0736
2	0.57	2.0449
2	0.58	2.0164
2	0.59	1.9881
2	0.6	1.96
2	0.61	1.9321
2	0.62	1.9044
2	0.63	1.8769
2	0.64	1.8496
2	0.65	1.8225
2	0.66	1.7956
2	0.67	1.7689
2	0.68	1.7424
2	0.69	1.7161
2	0.7	1.69
2	0.71	1.6641
2	0.72	1.6384
2	0.73	1.6129
2	0.74	1.5876
2	0.75	1.5625
2	0.76	1.5376
2	0.77	1.5129
2	0.78	1.4884
2	0.79	1.4641
2	0.8	1.44
2	0.81	1.4161
2	0.82	1.3924
2	0.83	1.3689
2	0.84	1.3456
2	0.85	1.3225
2	0.86	1.2996
2	0.87	1.2769
2	0.88	1.2544
2	0.89	1.2321
2	0.9	1.21
2	0.91	1.1881
2	0.92	1.1664
2	0.93	1.1449
2	0.94	1.1236
2	0.95	1.1025
2	0.96	1.0816
2	0.97	1.0609
2	0.98	1.0404
2	0.99	1.0201
2	1	1
2	1.01	0.9801
2	1.02	0.9604
2	1.03	0.9409
2	1.04	0.9216
2	1.05	0.9025
2	1.06	0.8836
2	1.07	0.8649
2	1.08	0.8464
2	1.09	0.8281
2	1.1	0.81
2	1.11	0.7921
2	1.12	0.7744
2	1.13	0.7569
2	1.14	0.7396
2	1.15	0.7225
2	1.16	0.7056
2	1.17	0.6889
2	1.18	0.6724
2	1.19	0.6561
2	1.2	0.64
2	1.21	0.6241
2	1.22	0.6084
2	1.23	0.5929
2	1.24	0.5776
2	1.25	0.5625
2	1.26	0.5476
2	1.27	0.5329
2	1.28	0.5184
2	1.29	0.5041
2	1.3	0.49
2	1.31	0.4761
2	1.32	0.4624
2	1.33	0.4489
2	1.34	0.4356
2	1.35	0.4225
2	1.36	0.4096
2	1.37	0.3969
2	1.38	0.3844
2	1.39	0.3721
2	1.4	0.36
2	1.41	0.3481
2	1.42	0.3364
2	1.43	0.3249
2	1.44	0.3136
2	1.45	0.3025
2	1.46	0.2916
2	1.47	0.2809
2	1.48	0.2704
2	1.49	0.2601
2	1.5	0.25
2	1.51	0.2401
2	1.52	0.2304
2	1.53	0.2209
2	1.54	0.2116
2	1.55	0.2025
2	1.56	0.1936
2	1.57	0.1849
2	1.58	0.1764
2	1.59	0.1681
2	1.6	0.16
2	1.61	0.1521
2	1.62	0.1444
2	1.63	0.1369
2	1.64	0.1296
2	1.65	0.1225
2	1.66	0.1156
2	1.67	0.1089
2	1.68	0.1024
2	1.69	0.0961
2	1.7	0.09
2	1.71	0.0841
2	1.72	0.0784
2	1.73	0.0729
2	1.74	0.0676
2	1.75	0.0625
2	1.76	0.0576
2	1.77	0.0529
2	1.78	0.0484
2	1.79	0.0441
2	1.8	0.04
2	1.81	0.0361
2	1.82	0.0324
2	1.83	0.0289
2	1.84	0.0256
2	1.85	0.0225
2	1.86	0.0196
2	1.87	0.0169
2	1.88	0.0144
2	1.89	0.0121
2	1.9	0.01
2	1.91	0.0081
2	1.92	0.0064
2	1.93	0.0049
2	1.94	0.0036
2	1.95	0.0025
2	1.96	0.0016
2	1.97	0.0009
2	1.98	0.0004
2	1.99	0.0001
2	2	0
