1	0	1
1	0.02	0.9604
1	0.04	0.9216
1	0.06	0.8836
1	0.08	0.8464
1	0.1	0.81
1	0.12	0.7744
1	0.14	0.7396
1	0.16	0.7056
1	0.18	0.6724
1	0.2	0.64
1	0.22	0.6084
1	0.24	0.5776
1	0.26	0.5476
1	0.28	0.5184
1	0.3	0.49
1	0.32	0.4624
1	0.34	0.4356
1	0.36	0.4096
1	0.38	0.3844
1	0.4	0.36
1	0.42	0.3364
1	0.44	0.3136
1	0.46	0.2916
1	0.48	0.2704
1	0.5	0.25
1	0.52	0.2304
1	0.54	0.2116
1	0.56	0.1936
1	0.58	0.1764
1	0.6	0.16
1	0.62	0.1444
1	0.64	0.1296
1	0.66	0.1156
1	0.68	0.1024
1	0.7	0.09
1	0.72	0.0784
1	0.74	0.0676
1	0.76	0.0576
1	0.78	0.0484
1	0.8	0.04
1	0.82	0.0324
1	0.84	0.0256
1	0.86	0.0196
1	0.88	0.0144
1	0.9	0.01
1	0.92	0.0064
1	0.94	0.0036
1	0.96	0.0016
1	0.98	0.0004
1	1	0
1	1.02	0.0004
1	1.04	0.0016
1	1.06	0.0036
1	1.08	0.0064
1	1.1	0.01
1	1.12	0.0144
1	1.14	0.0196
1	1.16	0.0256
1	1.18	0.0324
1	1.2	0.04
1	1.22	0.0484
1	1.24	0.0576
1	1.26	0.0676
1	1.28	0.0784
1	1.3	0.09
1	1.32	0.1024
1	1.34	0.1156
1	1.36	0.1296
1	1.38	0.1444
1	1.4	0.16
1	1.42	0.1764
1	1.44	0.1936
1	1.46	0.2116
1	1.48	0.2304
1	1.5	0.25
1	1.52	0.2704
1	1.54	0.2916
1	1.56	0.3136
1	1.58	0.3364
1	1.6	0.36
1	1.62	0.3844
1	1.64	0.4096
1	1.66	0.4356
1	1.68	0.4624
1	1.7	0.49
1	1.72	0.5184
1	1.74	0.5476
1	1.76	0.5776
1	1.78	0.6084
1	1.8	0.64
1	1.82	0.6724
1	1.84	0.7056
1	1.86	0.7396
1	1.88	0.7744
1	1.9	0.81
1	1.92	0.8464
1	1.94	0.8836
1	1.96	0.9216
1	1.98	0.9604
1	2	1
1.01	0	1.0201
1.01	0.02	0.980099
1.01	0.04	0.940898
1.01	0.06	0.902497
1.01	0.08	0.864896
1.01	0.1	0.828095
1.01	0.12	0.792094
1.01	0.14	0.756892
1.01	0.16	0.722491
1.01	0.18	0.68889
1.01	0.2	0.656089
1.01	0.22	0.624088
1.01	0.24	0.592887
1.01	0.26	0.562486
1.01	0.28	0.532885
1.01	0.3	0.504084
1.01	0.32	0.476084
1.01	0.34	0.448883
1.01	0.36	0.422482
1.01	0.38	0.396881
1.01	0.4	0.37208
1.01	0.42	0.348079
1.01	0.44	0.324878
1.01	0.46	0.302478
1.01	0.48	0.280877
1.01	0.5	0.260076
1.01	0.52	0.240075
1.01	0.54	0.220875
1.01	0.56	0.202474
1.01	0.58	0.184873
1.01	0.6	0.168073
1.01	0.62	0.152072
1.01	0.64	0.136872
1.01	0.66	0.122471
1.01	0.68	0.108871
1.01	0.7	0.0960703
1.01	0.72	0.0840699
1.01	0.74	0.0728695
1.01	0.76	0.0624692
1.01	0.78	0.0528689
1.01	0.8	0.0440686
1.01	0.82	0.0360683
1.01	0.84	0.0288681
1.01	0.86	0.0224679
1.01	0.88	0.0168678
1.01	0.9	0.0120676
1.01	0.92	0.00806754
1.01	0.94	0.00486749
1.01	0.96	0.00246746
1.01	0.98	0.000867466
1.01	1	6.75041e-05
1.01	1.02	6.75745e-05
1.01	1.04	0.000867677
1.01	1.06	0.00246781
1.01	1.08	0.00486798
1.01	1.1	0.00806817
1.01	1.12	0.0120684
1.01	1.14	0.0168687
1.01	1.16	0.0224689
1.01	1.18	0.0288693
1.01	1.2	0.0360696
1.01	1.22	0.04407
1.01	1.24	0.0528704
1.01	1.26	0.0624708
1.01	1.28	0.0728713
1.01	1.3	0.0840717
1.01	1.32	0.0960723
1.01	1.34	0.108873
1.01	1.36	0.122473
1.01	1.38	0.136874
1.01	1.4	0.152075
1.01	1.42	0.168075
1.01	1.44	0.184876
1.01	1.46	0.202476
1.01	1.48	0.220877
1.01	1.5	0.240078
1.01	1.52	0.260079
1.01	1.54	0.280879
1.01	1.56	0.30248
1.01	1.58	0.324881
1.01	1.6	0.348082
1.01	1.62	0.372083
1.01	1.64	0.396883
1.01	1.66	0.422484
1.01	1.68	0.448885
1.01	1.7	0.476086
1.01	1.72	0.504087
1.01	1.74	0.532888
1.01	1.76	0.562489
1.01	1.78	0.59289
1.01	1.8	0.624091
1.01	1.82	0.656091
1.01	1.84	0.688892
1.01	1.86	0.722493
1.01	1.88	0.756894
1.01	1.9	0.792095
1.01	1.92	0.828096
1.01	1.94	0.864897
1.01	1.96	0.902498
1.01	1.98	0.940899
1.01	2	0.9801
1.02	0	1.0404
1.02	0.02	0.999998
1.02	0.04	0.960396
1.02	0.06	0.921594
1.02	0.08	0.883591
1.02	0.1	0.846389
1.02	0.12	0.809987
1.02	0.14	0.774385
1.02	0.16	0.739583
1.02	0.18	0.705581
1.02	0.2	0.672379
1.02	0.22	0.639977
1.02	0.24	0.608375
1.02	0.26	0.577573
1.02	0.28	0.547571
1.02	0.3	0.518369
1.02	0.32	0.489967
1.02	0.34	0.462365
1.02	0.36	0.435564
1.02	0.38	0.409562
1.02	0.4	0.38436
1.02	0.42	0.359958
1.02	0.44	0.336357
1.02	0.46	0.313555
1.02	0.48	0.291554
1.02	0.5	0.270352
1.02	0.52	0.249951
1.02	0.54	0.23035
1.02	0.56	0.211548
1.02	0.58	0.193547
1.02	0.6	0.176346
1.02	0.62	0.159945
1.02	0.64	0.144344
1.02	0.66	0.129543
1.02	0.68	0.115542
1.02	0.7	0.102341
1.02	0.72	0.0899399
1.02	0.74	0.0783391
1.02	0.76	0.0675384
1.02	0.78	0.0575378
1.02	0.8	0.0483372
1.02	0.82	0.0399367
1.02	0.84	0.0323363
1.02	0.86	0.0255359
1.02	0.88	0.0195356
1.02	0.9	0.0143353
1.02	0.92	0.00993515
1.02	0.94	0.00633504
1.02	0.96	0.00353498
1.02	0.98	0.001535
1.02	1	0.000335072
1.02	1.02	-6.47869e-05
1.02	1.04	0.000335417
1.02	1.06	0.00153568
1.02	1.08	0.00353601
1.02	1.1	0.00633641
1.02	1.12	0.00993686
1.02	1.14	0.0143374
1.02	1.16	0.0195379
1.02	1.18	0.0255386
1.02	1.2	0.0323393
1.02	1.22	0.03994
1.02	1.24	0.0483408
1.02	1.26	0.0575417
1.02	1.28	0.0675426
1.02	1.3	0.0783435
1.02	1.32	0.0899446
1.02	1.34	0.102346
1.02	1.36	0.115547
1.02	1.38	0.129548
1.02	1.4	0.144349
1.02	1.42	0.15995
1.02	1.44	0.176352
1.02	1.46	0.193553
1.02	1.48	0.211554
1.02	1.5	0.230356
1.02	1.52	0.249957
1.02	1.54	0.270359
1.02	1.56	0.29156
1.02	1.58	0.313562
1.02	1.6	0.336364
1.02	1.62	0.359965
1.02	1.64	0.384367
1.02	1.66	0.409569
1.02	1.68	0.43557
1.02	1.7	0.462372
1.02	1.72	0.489974
1.02	1.74	0.518376
1.02	1.76	0.547577
1.02	1.78	0.577579
1.02	1.8	0.608381
1.02	1.82	0.639983
1.02	1.84	0.672385
1.02	1.86	0.705587
1.02	1.88	0.739589
1.02	1.9	0.77439
1.02	1.92	0.809992
1.02	1.94	0.846394
1.02	1.96	0.883596
1.02	1.98	0.921598
1.02	2	0.9604
1.03	0	1.0609
1.03	0.02	1.0201
1.03	0.04	0.980094
1.03	0.06	0.94089
1.03	0.08	0.902487
1.03	0.1	0.864884
1.03	0.12	0.828081
1.03	0.14	0.792078
1.03	0.16	0.756874
1.03	0.18	0.722471
1.03	0.2	0.688868
1.03	0.22	0.656065
1.03	0.24	0.624062
1.03	0.26	0.592859
1.03	0.28	0.562456
1.03	0.3	0.532854
1.03	0.32	0.504051
1.03	0.34	0.476048
1.03	0.36	0.448845
1.03	0.38	0.422443
1.03	0.4	0.39684
1.03	0.42	0.372038
1.03	0.44	0.348035
1.03	0.46	0.324833
1.03	0.48	0.302431
1.03	0.5	0.280829
1.03	0.52	0.260026
1.03	0.54	0.240024
1.03	0.56	0.220822
1.03	0.58	0.202421
1.03	0.6	0.184819
1.03	0.62	0.168017
1.03	0.64	0.152015
1.03	0.66	0.136814
1.03	0.68	0.122413
1.03	0.7	0.108811
1.03	0.72	0.09601
1.03	0.74	0.0840088
1.03	0.76	0.0728078
1.03	0.78	0.0624068
1.03	0.8	0.052806
1.03	0.82	0.0440052
1.03	0.84	0.0360045
1.03	0.86	0.028804
1.03	0.88	0.0224035
1.03	0.9	0.0168031
1.03	0.92	0.0120029
1.03	0.94	0.00800268
1.03	0.96	0.0048026
1.03	0.98	0.00240262
1.03	1	0.000802737
1.03	1.02	2.9476e-06
1.03	1.04	3.25372e-06
1.03	1.06	0.000803654
1.03	1.08	0.00240415
1.03	1.1	0.00480474
1.03	1.12	0.00800541
1.03	1.14	0.0120062
1.03	1.16	0.016807
1.03	1.18	0.022408
1.03	1.2	0.028809
1.03	1.22	0.0360101
1.03	1.24	0.0440113
1.03	1.26	0.0528126
1.03	1.28	0.062414
1.03	1.3	0.0728154
1.03	1.32	0.084017
1.03	1.34	0.0960186
1.03	1.36	0.10882
1.03	1.38	0.122422
1.03	1.4	0.136824
1.03	1.42	0.152026
1.03	1.44	0.168028
1.03	1.46	0.18483
1.03	1.48	0.202432
1.03	1.5	0.220834
1.03	1.52	0.240036
1.03	1.54	0.260038
1.03	1.56	0.280841
1.03	1.58	0.302443
1.03	1.6	0.324845
1.03	1.62	0.348048
1.03	1.64	0.37205
1.03	1.66	0.396853
1.03	1.68	0.422455
1.03	1.7	0.448858
1.03	1.72	0.476061
1.03	1.74	0.504063
1.03	1.76	0.532866
1.03	1.78	0.562469
1.03	1.8	0.592872
1.03	1.82	0.624074
1.03	1.84	0.656077
1.03	1.86	0.68888
1.03	1.88	0.722483
1.03	1.9	0.756886
1.03	1.92	0.792089
1.03	1.94	0.828091
1.03	1.96	0.864894
1.03	1.98	0.902497
1.03	2	0.9409
1.04	0	1.0816
1.04	0.02	1.0404
1.04	0.04	0.999991
1.04	0.06	0.960387
1.04	0.08	0.921583
1.04	0.1	0.883579
1.04	0.12	0.846374
1.04	0.14	0.80997
1.04	0.16	0.774366
1.04	0.18	0.739562
1.04	0.2	0.705558
1.04	0.22	0.672354
1.04	0.24	0.63995
1.04	0.26	0.608346
1.04	0.28	0.577542
1.04	0.3	0.547538
1.04	0.32	0.518334
1.04	0.34	0.489931
1.04	0.36	0.462327
1.04	0.38	0.435524
1.04	0.4	0.40952
1.04	0.42	0.384317
1.04	0.44	0.359914
1.04	0.46	0.336311
1.04	0.48	0.313508
1.04	0.5	0.291505
1.04	0.52	0.270302
1.04	0.54	0.249899
1.04	0.56	0.230297
1.04	0.58	0.211494
1.04	0.6	0.193492
1.04	0.62	0.17629
1.04	0.64	0.159887
1.04	0.66	0.144285
1.04	0.68	0.129484
1.04	0.7	0.115482
1.04	0.72	0.10228
1.04	0.74	0.0898786
1.04	0.76	0.0782772
1.04	0.78	0.067476
1.04	0.8	0.0574748
1.04	0.82	0.0482738
1.04	0.84	0.0398729
1.04	0.86	0.0322722
1.04	0.88	0.0254715
1.04	0.9	0.0194711
1.04	0.92	0.0142707
1.04	0.94	0.00987046
1.04	0.96	0.00627035
1.04	0.98	0.00347038
1.04	1	0.00147053
1.04	1.02	0.00027081
1.04	1.04	-0.000128783
1.04	1.06	0.00027175
1.04	1.08	0.00147241
1.04	1.1	0.00347319
1.04	1.12	0.00627409
1.04	1.14	0.00987512
1.04	1.16	0.0142763
1.04	1.18	0.0194775
1.04	1.2	0.0254789
1.04	1.22	0.0322804
1.04	1.24	0.039882
1.04	1.26	0.0482837
1.04	1.28	0.0574855
1.04	1.3	0.0674874
1.04	1.32	0.0782895
1.04	1.34	0.0898916
1.04	1.36	0.102294
1.04	1.38	0.115496
1.04	1.4	0.129499
1.04	1.42	0.144301
1.04	1.44	0.159904
1.04	1.46	0.176306
1.04	1.48	0.193509
1.04	1.5	0.211512
1.04	1.52	0.230315
1.04	1.54	0.249918
1.04	1.56	0.270321
1.04	1.58	0.291524
1.04	1.6	0.313527
1.04	1.62	0.336331
1.04	1.64	0.359934
1.04	1.66	0.384337
1.04	1.68	0.409541
1.04	1.7	0.435544
1.04	1.72	0.462348
1.04	1.74	0.489951
1.04	1.76	0.518355
1.04	1.78	0.547558
1.04	1.8	0.577562
1.04	1.82	0.608366
1.04	1.84	0.63997
1.04	1.86	0.672373
1.04	1.88	0.705577
1.04	1.9	0.739581
1.04	1.92	0.774385
1.04	1.94	0.809989
1.04	1.96	0.846392
1.04	1.98	0.883596
1.04	2	0.9216
1.05	0	1.1025
1.05	0.02	1.06089
1.05	0.04	1.02009
1.05	0.06	0.980084
1.05	0.08	0.940879
1.05	0.1	0.902473
1.05	0.12	0.864868
1.05	0.14	0.828063
1.05	0.16	0.792057
1.05	0.18	0.756852
1.05	0.2	0.722447
1.05	0.22	0.688842
1.05	0.24	0.656037
1.05	0.26	0.624032
1.05	0.28	0.592828
1.05	0.3	0.562423
1.05	0.32	0.532818
1.05	0.34	0.504014
1.05	0.36	0.476009
1.05	0.38	0.448805
1.05	0.4	0.422401
1.05	0.42	0.396797
1.05	0.44	0.371993
1.05	0.46	0.347989
1.05	0.48	0.324785
1.05	0.5	0.302381
1.05	0.52	0.280778
1.05	0.54	0.259974
1.05	0.56	0.239971
1.05	0.58	0.220768
1.05	0.6	0.202365
1.05	0.62	0.184762
1.05	0.64	0.16796
1.05	0.66	0.151957
1.05	0.68	0.136755
1.05	0.7	0.122353
1.05	0.72	0.10875
1.05	0.74	0.0959486
1.05	0.76	0.0839468
1.05	0.78	0.0727453
1.05	0.8	0.0623438
1.05	0.82	0.0527426
1.05	0.84	0.0439415
1.05	0.86	0.0359405
1.05	0.88	0.0287398
1.05	0.9	0.0223391
1.05	0.92	0.0167387
1.05	0.94	0.0119384
1.05	0.96	0.00793826
1.05	0.98	0.00473829
1.05	1	0.00233848
1.05	1.02	0.000738831
1.05	1.04	-6.06604e-05
1.05	1.06	-5.99952e-05
1.05	1.08	0.000740825
1.05	1.1	0.0023418
1.05	1.12	0.00474293
1.05	1.14	0.0079442
1.05	1.16	0.0119456
1.05	1.18	0.0167472
1.05	1.2	0.0223489
1.05	1.22	0.0287508
1.05	1.24	0.0359528
1.05	1.26	0.0439549
1.05	1.28	0.0527572
1.05	1.3	0.0623596
1.05	1.32	0.0727621
1.05	1.34	0.0839648
1.05	1.36	0.0959675
1.05	1.38	0.10877
1.05	1.4	0.122373
1.05	1.42	0.136777
1.05	1.44	0.15198
1.05	1.46	0.167983
1.05	1.48	0.184787
1.05	1.5	0.20239
1.05	1.52	0.220794
1.05	1.54	0.239998
1.05	1.56	0.260001
1.05	1.58	0.280805
1.05	1.6	0.302409
1.05	1.62	0.324813
1.05	1.64	0.348017
1.05	1.66	0.372022
1.05	1.68	0.396826
1.05	1.7	0.42243
1.05	1.72	0.448835
1.05	1.74	0.476039
1.05	1.76	0.504044
1.05	1.78	0.532848
1.05	1.8	0.562453
1.05	1.82	0.592857
1.05	1.84	0.624062
1.05	1.86	0.656067
1.05	1.88	0.688871
1.05	1.9	0.722476
1.05	1.92	0.756881
1.05	1.94	0.792086
1.05	1.96	0.82809
1.05	1.98	0.864895
1.05	2	0.9025
1.06	0	1.1236
1.06	0.02	1.08159
1.06	0.04	1.04039
1.06	0.06	0.999981
1.06	0.08	0.960374
1.06	0.1	0.921568
1.06	0.12	0.883562
1.06	0.14	0.846355
1.06	0.16	0.809949
1.06	0.18	0.774343
1.06	0.2	0.739537
1.06	0.22	0.705531
1.06	0.24	0.672325
1.06	0.26	0.639919
1.06	0.28	0.608313
1.06	0.3	0.577508
1.06	0.32	0.547502
1.06	0.34	0.518297
1.06	0.36	0.489891
1.06	0.38	0.462286
1.06	0.4	0.435481
1.06	0.42	0.409476
1.06	0.44	0.384271
1.06	0.46	0.359867
1.06	0.48	0.336262
1.06	0.5	0.313458
1.06	0.52	0.291454
1.06	0.54	0.27025
1.06	0.56	0.249846
1.06	0.58	0.230242
1.06	0.6	0.211438
1.06	0.62	0.193435
1.06	0.64	0.176232
1.06	0.66	0.159829
1.06	0.68	0.144226
1.06	0.7	0.129423
1.06	0.72	0.115421
1.06	0.74	0.102219
1.06	0.76	0.0898166
1.06	0.78	0.0782147
1.06	0.8	0.067413
1.06	0.82	0.0574115
1.06	0.84	0.0482102
1.06	0.86	0.0398091
1.06	0.88	0.0322081
1.06	0.9	0.0254074
1.06	0.92	0.0194069
1.06	0.94	0.0142065
1.06	0.96	0.00980636
1.06	0.98	0.0062064
1.06	1	0.00340662
1.06	1.02	0.00140704
1.06	1.04	0.000207652
1.06	1.06	-0.000191552
1.06	1.08	0.000209431
1.06	1.1	0.0014106
1.06	1.12	0.00341195
1.06	1.14	0.00621347
1.06	1.16	0.00981518
1.06	1.18	0.0142171
1.06	1.2	0.0194191
1.06	1.22	0.0254213
1.06	1.24	0.0322237
1.06	1.26	0.0398263
1.06	1.28	0.048229
1.06	1.3	0.0574319
1.06	1.32	0.0674349
1.06	1.34	0.0782381
1.06	1.36	0.0898414
1.06	1.38	0.102245
1.06	1.4	0.115448
1.06	1.42	0.129452
1.06	1.44	0.144256
1.06	1.46	0.15986
1.06	1.48	0.176264
1.06	1.5	0.193468
1.06	1.52	0.211473
1.06	1.54	0.230277
1.06	1.56	0.249882
1.06	1.58	0.270287
1.06	1.6	0.291491
1.06	1.62	0.313496
1.06	1.64	0.336301
1.06	1.66	0.359906
1.06	1.68	0.384311
1.06	1.7	0.409517
1.06	1.72	0.435522
1.06	1.74	0.462327
1.06	1.76	0.489933
1.06	1.78	0.518338
1.06	1.8	0.547543
1.06	1.82	0.577549
1.06	1.84	0.608355
1.06	1.86	0.63996
1.06	1.88	0.672366
1.06	1.9	0.705571
1.06	1.92	0.739577
1.06	1.94	0.774383
1.06	1.96	0.809989
1.06	1.98	0.846394
1.06	2	0.8836
1.07	0	1.1449
1.07	0.02	1.10249
1.07	0.04	1.06088
1.07	0.06	1.02008
1.07	0.08	0.98007
1.07	0.1	0.940863
1.07	0.12	0.902455
1.07	0.14	0.864848
1.07	0.16	0.828041
1.07	0.18	0.792034
1.07	0.2	0.756827
1.07	0.22	0.72242
1.07	0.24	0.688813
1.07	0.26	0.656006
1.07	0.28	0.623999
1.07	0.3	0.592793
1.07	0.32	0.562386
1.07	0.34	0.53278
1.07	0.36	0.503974
1.07	0.38	0.475968
1.07	0.4	0.448762
1.07	0.42	0.422356
1.07	0.44	0.39675
1.07	0.46	0.371945
1.07	0.48	0.34794
1.07	0.5	0.324735
1.07	0.52	0.30233
1.07	0.54	0.280725
1.07	0.56	0.259921
1.07	0.58	0.239916
1.07	0.6	0.220712
1.07	0.62	0.202308
1.07	0.64	0.184704
1.07	0.66	0.167901
1.07	0.68	0.151898
1.07	0.7	0.136695
1.07	0.72	0.122292
1.07	0.74	0.108689
1.07	0.76	0.0958866
1.07	0.78	0.0838844
1.07	0.8	0.0726824
1.07	0.82	0.0622807
1.07	0.84	0.0526792
1.07	0.86	0.0438778
1.07	0.88	0.0358768
1.07	0.9	0.0286759
1.07	0.92	0.0222753
1.07	0.94	0.0166749
1.07	0.96	0.0118747
1.07	0.98	0.00787472
1.07	1	0.00467499
1.07	1.02	0.00227548
1.07	1.04	0.000676186
1.07	1.06	-0.000122888
1.07	1.08	-0.000121744
1.07	1.1	0.000679613
1.07	1.12	0.00228118
1.07	1.14	0.00468296
1.07	1.16	0.00788495
1.07	1.18	0.0118871
1.07	1.2	0.0166895
1.07	1.22	0.0222921
1.07	1.24	0.0286949
1.07	1.26	0.0358979
1.07	1.28	0.043901
1.07	1.3	0.0527044
1.07	1.32	0.0623079
1.07	1.34	0.0727116
1.07	1.36	0.0839155
1.07	1.38	0.0959195
1.07	1.4	0.108724
1.07	1.42	0.122328
1.07	1.44	0.136733
1.07	1.46	0.151937
1.07	1.48	0.167942
1.07	1.5	0.184747
1.07	1.52	0.202352
1.07	1.54	0.220757
1.07	1.56	0.239963
1.07	1.58	0.259968
1.07	1.6	0.280774
1.07	1.62	0.302379
1.07	1.64	0.324785
1.07	1.66	0.347991
1.07	1.68	0.371997
1.07	1.7	0.396803
1.07	1.72	0.422409
1.07	1.74	0.448815
1.07	1.76	0.476022
1.07	1.78	0.504028
1.07	1.8	0.532834
1.07	1.82	0.562441
1.07	1.84	0.592847
1.07	1.86	0.624054
1.07	1.88	0.65606
1.07	1.9	0.688867
1.07	1.92	0.722473
1.07	1.94	0.75688
1.07	1.96	0.792087
1.07	1.98	0.828093
1.07	2	0.8649
1.08	0	1.1664
1.08	0.02	1.12359
1.08	0.04	1.08158
1.08	0.06	1.04037
1.08	0.08	0.999966
1.08	0.1	0.960357
1.08	0.12	0.921549
1.08	0.14	0.883541
1.08	0.16	0.846333
1.08	0.18	0.809924
1.08	0.2	0.774316
1.08	0.22	0.739508
1.08	0.24	0.7055
1.08	0.26	0.672293
1.08	0.28	0.639885
1.08	0.3	0.608278
1.08	0.32	0.57747
1.08	0.34	0.547463
1.08	0.36	0.518256
1.08	0.38	0.489849
1.08	0.4	0.462242
1.08	0.42	0.435436
1.08	0.44	0.409429
1.08	0.46	0.384223
1.08	0.48	0.359817
1.08	0.5	0.336212
1.08	0.52	0.313406
1.08	0.54	0.291401
1.08	0.56	0.270195
1.08	0.58	0.249791
1.08	0.6	0.230186
1.08	0.62	0.211381
1.08	0.64	0.193377
1.08	0.66	0.176173
1.08	0.68	0.159769
1.08	0.7	0.144166
1.08	0.72	0.129363
1.08	0.74	0.11536
1.08	0.76	0.102157
1.08	0.78	0.0897544
1.08	0.8	0.0781521
1.08	0.82	0.0673501
1.08	0.84	0.0573484
1.08	0.86	0.0481469
1.08	0.88	0.0397456
1.08	0.9	0.0321447
1.08	0.92	0.0253439
1.08	0.94	0.0193435
1.08	0.96	0.0141433
1.08	0.98	0.0097433
1.08	1	0.00614361
1.08	1.02	0.00334416
1.08	1.04	0.00134497
1.08	1.06	0.000146028
1.08	1.08	-0.00025267
1.08	1.1	0.000148877
1.08	1.12	0.00135066
1.08	1.14	0.00335269
1.08	1.16	0.00615495
1.08	1.18	0.00975745
1.08	1.2	0.0141602
1.08	1.22	0.0193631
1.08	1.24	0.0253663
1.08	1.26	0.0321697
1.08	1.28	0.0397733
1.08	1.3	0.0481771
1.08	1.32	0.0573811
1.08	1.34	0.0673853
1.08	1.36	0.0781897
1.08	1.38	0.0897943
1.08	1.4	0.102199
1.08	1.42	0.115404
1.08	1.44	0.129409
1.08	1.46	0.144215
1.08	1.48	0.15982
1.08	1.5	0.176226
1.08	1.52	0.193431
1.08	1.54	0.211437
1.08	1.56	0.230243
1.08	1.58	0.24985
1.08	1.6	0.270256
1.08	1.62	0.291462
1.08	1.64	0.313469
1.08	1.66	0.336276
1.08	1.68	0.359882
1.08	1.7	0.384289
1.08	1.72	0.409496
1.08	1.74	0.435503
1.08	1.76	0.462311
1.08	1.78	0.489918
1.08	1.8	0.518325
1.08	1.82	0.547532
1.08	1.84	0.57754
1.08	1.86	0.608347
1.08	1.88	0.639955
1.08	1.9	0.672362
1.08	1.92	0.70557
1.08	1.94	0.739577
1.08	1.96	0.774385
1.08	1.98	0.809992
1.08	2	0.8464
1.09	0	1.1881
1.09	0.02	1.14489
1.09	0.04	1.10248
1.09	0.06	1.06087
1.09	0.08	1.02006
1.09	0.1	0.980052
1.09	0.12	0.940843
1.09	0.14	0.902434
1.09	0.16	0.864824
1.09	0.18	0.828015
1.09	0.2	0.792006
1.09	0.22	0.756797
1.09	0.24	0.722388
1.09	0.26	0.68878
1.09	0.28	0.655971
1.09	0.3	0.623963
1.09	0.32	0.592754
1.09	0.34	0.562346
1.09	0.36	0.532739
1.09	0.38	0.503931
1.09	0.4	0.475923
1.09	0.42	0.448716
1.09	0.44	0.422309
1.09	0.46	0.396702
1.09	0.48	0.371895
1.09	0.5	0.347889
1.09	0.52	0.324682
1.09	0.54	0.302276
1.09	0.56	0.280671
1.09	0.58	0.259865
1.09	0.6	0.23986
1.09	0.62	0.220655
1.09	0.64	0.20225
1.09	0.66	0.184646
1.09	0.68	0.167841
1.09	0.7	0.151838
1.09	0.72	0.136634
1.09	0.74	0.12223
1.09	0.76	0.108627
1.09	0.78	0.0958246
1.09	0.8	0.083822
1.09	0.82	0.0726198
1.09	0.84	0.0622178
1.09	0.86	0.0526162
1.09	0.88	0.0438148
1.09	0.9	0.0358137
1.09	0.92	0.0286129
1.09	0.94	0.0222124
1.09	0.96	0.0166121
1.09	0.98	0.0118122
1.09	1	0.00781251
1.09	1.02	0.00461313
1.09	1.04	0.00221404
1.09	1.06	0.000615224
1.09	1.08	-0.000183315
1.09	1.1	-0.000181581
1.09	1.12	0.000620424
1.09	1.14	0.0022227
1.09	1.16	0.00462523
1.09	1.18	0.00782803
1.09	1.2	0.0118311
1.09	1.22	0.0166344
1.09	1.24	0.0222379
1.09	1.26	0.0286417
1.09	1.28	0.0358458
1.09	1.3	0.04385
1.09	1.32	0.0526545
1.09	1.34	0.0622593
1.09	1.36	0.0726642
1.09	1.38	0.0838694
1.09	1.4	0.0958747
1.09	1.42	0.10868
1.09	1.44	0.122286
1.09	1.46	0.136692
1.09	1.48	0.151898
1.09	1.5	0.167904
1.09	1.52	0.184711
1.09	1.54	0.202318
1.09	1.56	0.220724
1.09	1.58	0.239931
1.09	1.6	0.259939
1.09	1.62	0.280746
1.09	1.64	0.302353
1.09	1.66	0.324761
1.09	1.68	0.347968
1.09	1.7	0.371976
1.09	1.72	0.396784
1.09	1.74	0.422392
1.09	1.76	0.4488
1.09	1.78	0.476008
1.09	1.8	0.504016
1.09	1.82	0.532824
1.09	1.84	0.562432
1.09	1.86	0.592841
1.09	1.88	0.624049
1.09	1.9	0.656058
1.09	1.92	0.688866
1.09	1.94	0.722475
1.09	1.96	0.756883
1.09	1.98	0.792092
1.09	2	0.8281
1.1	0	1.21
1.1	0.02	1.16639
1.1	0.04	1.12358
1.1	0.06	1.08157
1.1	0.08	1.04036
1.1	0.1	0.999947
1.1	0.12	0.960337
1.1	0.14	0.921526
1.1	0.16	0.883516
1.1	0.18	0.846306
1.1	0.2	0.809896
1.1	0.22	0.774286
1.1	0.24	0.739476
1.1	0.26	0.705467
1.1	0.28	0.672257
1.1	0.3	0.639848
1.1	0.32	0.608239
1.1	0.34	0.57743
1.1	0.36	0.547421
1.1	0.38	0.518213
1.1	0.4	0.489804
1.1	0.42	0.462196
1.1	0.44	0.435388
1.1	0.46	0.409381
1.1	0.48	0.384173
1.1	0.5	0.359766
1.1	0.52	0.336159
1.1	0.54	0.313353
1.1	0.56	0.291346
1.1	0.58	0.27014
1.1	0.6	0.249734
1.1	0.62	0.230129
1.1	0.64	0.211323
1.1	0.66	0.193318
1.1	0.68	0.176114
1.1	0.7	0.159709
1.1	0.72	0.144105
1.1	0.74	0.129302
1.1	0.76	0.115298
1.1	0.78	0.102095
1.1	0.8	0.0896923
1.1	0.82	0.0780898
1.1	0.84	0.0672876
1.1	0.86	0.0572858
1.1	0.88	0.0480842
1.1	0.9	0.039683
1.1	0.92	0.0320821
1.1	0.94	0.0252816
1.1	0.96	0.0192813
1.1	0.98	0.0140814
1.1	1	0.00968173
1.1	1.02	0.00608242
1.1	1.04	0.00328342
1.1	1.06	0.00128473
1.1	1.08	8.63495e-05
1.1	1.1	-0.000311731
1.1	1.12	9.04887e-05
1.1	1.14	0.001293
1.1	1.16	0.00329581
1.1	1.18	0.00609891
1.1	1.2	0.00970229
1.1	1.22	0.0141059
1.1	1.24	0.0193099
1.1	1.26	0.0253141
1.1	1.28	0.0321185
1.1	1.3	0.0397233
1.1	1.32	0.0481283
1.1	1.34	0.0573335
1.1	1.36	0.067339
1.1	1.38	0.0781447
1.1	1.4	0.0897506
1.1	1.42	0.102157
1.1	1.44	0.115363
1.1	1.46	0.12937
1.1	1.48	0.144177
1.1	1.5	0.159784
1.1	1.52	0.176191
1.1	1.54	0.193398
1.1	1.56	0.211406
1.1	1.58	0.230213
1.1	1.6	0.249821
1.1	1.62	0.270229
1.1	1.64	0.291437
1.1	1.66	0.313446
1.1	1.68	0.336254
1.1	1.7	0.359863
1.1	1.72	0.384271
1.1	1.74	0.40948
1.1	1.76	0.435489
1.1	1.78	0.462298
1.1	1.8	0.489907
1.1	1.82	0.518316
1.1	1.84	0.547525
1.1	1.86	0.577534
1.1	1.88	0.608344
1.1	1.9	0.639953
1.1	1.92	0.672362
1.1	1.94	0.705572
1.1	1.96	0.739581
1.1	1.98	0.774391
1.1	2	0.81
1.11	0	1.2321
1.11	0.02	1.18809
1.11	0.04	1.14488
1.11	0.06	1.10247
1.11	0.08	1.06085
1.11	0.1	1.02004
1.11	0.12	0.980031
1.11	0.14	0.940819
1.11	0.16	0.902408
1.11	0.18	0.864797
1.11	0.2	0.827986
1.11	0.22	0.791975
1.11	0.24	0.756765
1.11	0.26	0.722354
1.11	0.28	0.688744
1.11	0.3	0.655934
1.11	0.32	0.623924
1.11	0.34	0.592714
1.11	0.36	0.562304
1.11	0.38	0.532695
1.11	0.4	0.503886
1.11	0.42	0.475877
1.11	0.44	0.448668
1.11	0.46	0.42226
1.11	0.48	0.396652
1.11	0.5	0.371844
1.11	0.52	0.347836
1.11	0.54	0.324629
1.11	0.56	0.302222
1.11	0.58	0.280615
1.11	0.6	0.259809
1.11	0.62	0.239803
1.11	0.64	0.220597
1.11	0.66	0.202192
1.11	0.68	0.184586
1.11	0.7	0.167782
1.11	0.72	0.151777
1.11	0.74	0.136573
1.11	0.76	0.122169
1.11	0.78	0.108566
1.11	0.8	0.0957629
1.11	0.82	0.0837601
1.11	0.84	0.0725578
1.11	0.86	0.0621557
1.11	0.88	0.052554
1.11	0.9	0.0437527
1.11	0.92	0.0357517
1.11	0.94	0.0285511
1.11	0.96	0.0221508
1.11	0.98	0.0165509
1.11	1	0.0117513
1.11	1.02	0.00775205
1.11	1.04	0.00455315
1.11	1.06	0.00215458
1.11	1.08	0.000556354
1.11	1.1	-0.000241542
1.11	1.12	-0.000239111
1.11	1.14	0.000563645
1.11	1.16	0.00216672
1.11	1.18	0.00457011
1.11	1.2	0.00777382
1.11	1.22	0.0117778
1.11	1.24	0.0165821
1.11	1.26	0.0221867
1.11	1.28	0.0285916
1.11	1.3	0.0357968
1.11	1.32	0.0438023
1.11	1.34	0.052608
1.11	1.36	0.062214
1.11	1.38	0.0726203
1.11	1.4	0.0838268
1.11	1.42	0.0958335
1.11	1.44	0.108641
1.11	1.46	0.122248
1.11	1.48	0.136655
1.11	1.5	0.151863
1.11	1.52	0.167871
1.11	1.54	0.184679
1.11	1.56	0.202287
1.11	1.58	0.220695
1.11	1.6	0.239904
1.11	1.62	0.259913
1.11	1.64	0.280722
1.11	1.66	0.302331
1.11	1.68	0.32474
1.11	1.7	0.34795
1.11	1.72	0.371959
1.11	1.74	0.396769
1.11	1.76	0.422378
1.11	1.78	0.448788
1.11	1.8	0.475998
1.11	1.82	0.504008
1.11	1.84	0.532818
1.11	1.86	0.562428
1.11	1.88	0.592838
1.11	1.9	0.624049
1.11	1.92	0.656059
1.11	1.94	0.688869
1.11	1.96	0.722479
1.11	1.98	0.75689
1.11	2	0.7921
1.12	0	1.2544
1.12	0.02	1.20999
1.12	0.04	1.16637
1.12	0.06	1.12356
1.12	0.08	1.08155
1.12	0.1	1.04034
1.12	0.12	0.999925
1.12	0.14	0.960312
1.12	0.16	0.9215
1.12	0.18	0.883488
1.12	0.2	0.846276
1.12	0.22	0.809865
1.12	0.24	0.774253
1.12	0.26	0.739441
1.12	0.28	0.70543
1.12	0.3	0.672219
1.12	0.32	0.639808
1.12	0.34	0.608198
1.12	0.36	0.577387
1.12	0.38	0.547377
1.12	0.4	0.518167
1.12	0.42	0.489757
1.12	0.44	0.462148
1.12	0.46	0.435339
1.12	0.48	0.40933
1.12	0.5	0.384122
1.12	0.52	0.359713
1.12	0.54	0.336105
1.12	0.56	0.313298
1.12	0.58	0.291291
1.12	0.6	0.270084
1.12	0.62	0.249677
1.12	0.64	0.230071
1.12	0.66	0.211265
1.12	0.68	0.193259
1.12	0.7	0.176054
1.12	0.72	0.159649
1.12	0.74	0.144045
1.12	0.76	0.129241
1.12	0.78	0.115237
1.12	0.8	0.102034
1.12	0.82	0.0896308
1.12	0.84	0.0780282
1.12	0.86	0.067226
1.12	0.88	0.0572242
1.12	0.9	0.0480228
1.12	0.92	0.0396217
1.12	0.94	0.032021
1.12	0.96	0.0252207
1.12	0.98	0.0192208
1.12	1	0.0140212
1.12	1.02	0.00962205
1.12	1.04	0.00602324
1.12	1.06	0.0032248
1.12	1.08	0.00122673
1.12	1.1	2.90126e-05
1.12	1.12	-0.000368346
1.12	1.14	3.46471e-05
1.12	1.16	0.00123799
1.12	1.18	0.00324167
1.12	1.2	0.00604569
1.12	1.22	0.00965005
1.12	1.24	0.0140547
1.12	1.26	0.0192597
1.12	1.28	0.025265
1.12	1.3	0.0320707
1.12	1.32	0.0396766
1.12	1.34	0.0480828
1.12	1.36	0.0572893
1.12	1.38	0.0672961
1.12	1.4	0.0781032
1.12	1.42	0.0897106
1.12	1.44	0.102118
1.12	1.46	0.115326
1.12	1.48	0.129334
1.12	1.5	0.144142
1.12	1.52	0.159751
1.12	1.54	0.17616
1.12	1.56	0.193369
1.12	1.58	0.211378
1.12	1.6	0.230187
1.12	1.62	0.249797
1.12	1.64	0.270206
1.12	1.66	0.291416
1.12	1.68	0.313426
1.12	1.7	0.336237
1.12	1.72	0.359847
1.12	1.74	0.384257
1.12	1.76	0.409468
1.12	1.78	0.435479
1.12	1.8	0.462289
1.12	1.82	0.4899
1.12	1.84	0.518311
1.12	1.86	0.547522
1.12	1.88	0.577533
1.12	1.9	0.608344
1.12	1.92	0.639955
1.12	1.94	0.672366
1.12	1.96	0.705578
1.12	1.98	0.739589
1.12	2	0.7744
1.13	0	1.2769
1.13	0.02	1.23209
1.13	0.04	1.18807
1.13	0.06	1.14486
1.13	0.08	1.10245
1.13	0.1	1.06083
1.13	0.12	1.02002
1.13	0.14	0.980006
1.13	0.16	0.940793
1.13	0.18	0.902379
1.13	0.2	0.864767
1.13	0.22	0.827954
1.13	0.24	0.791941
1.13	0.26	0.756729
1.13	0.28	0.722317
1.13	0.3	0.688705
1.13	0.32	0.655893
1.13	0.34	0.623882
1.13	0.36	0.592671
1.13	0.38	0.56226
1.13	0.4	0.532649
1.13	0.42	0.503838
1.13	0.44	0.475828
1.13	0.46	0.448619
1.13	0.48	0.422209
1.13	0.5	0.3966
1.13	0.52	0.371791
1.13	0.54	0.347782
1.13	0.56	0.324574
1.13	0.58	0.302166
1.13	0.6	0.280559
1.13	0.62	0.259752
1.13	0.64	0.239745
1.13	0.66	0.220539
1.13	0.68	0.202133
1.13	0.7	0.184527
1.13	0.72	0.167722
1.13	0.74	0.151717
1.13	0.76	0.136513
1.13	0.78	0.122109
1.13	0.8	0.108505
1.13	0.82	0.0957019
1.13	0.84	0.0836991
1.13	0.86	0.0724968
1.13	0.88	0.0620948
1.13	0.9	0.0524932
1.13	0.92	0.0436921
1.13	0.94	0.0356913
1.13	0.96	0.028491
1.13	0.98	0.0220911
1.13	1	0.0164916
1.13	1.02	0.0116925
1.13	1.04	0.00769374
1.13	1.06	0.00449542
1.13	1.08	0.0020975
1.13	1.1	0.000499963
1.13	1.12	-0.000297189
1.13	1.14	-0.000293961
1.13	1.16	0.000509641
1.13	1.18	0.00211361
1.13	1.2	0.00451795
1.13	1.22	0.00772265
1.13	1.24	0.0117277
1.13	1.26	0.0165331
1.13	1.28	0.0221388
1.13	1.3	0.0285449
1.13	1.32	0.0357513
1.13	1.34	0.043758
1.13	1.36	0.052565
1.13	1.38	0.0621723
1.13	1.4	0.07258
1.13	1.42	0.0837879
1.13	1.44	0.0957961
1.13	1.46	0.108605
1.13	1.48	0.122213
1.13	1.5	0.136622
1.13	1.52	0.151831
1.13	1.54	0.167841
1.13	1.56	0.184651
1.13	1.58	0.20226
1.13	1.6	0.220671
1.13	1.62	0.239881
1.13	1.64	0.259891
1.13	1.66	0.280702
1.13	1.68	0.302313
1.13	1.7	0.324724
1.13	1.72	0.347935
1.13	1.74	0.371946
1.13	1.76	0.396758
1.13	1.78	0.422369
1.13	1.8	0.448781
1.13	1.82	0.475992
1.13	1.84	0.504004
1.13	1.86	0.532816
1.13	1.88	0.562428
1.13	1.9	0.59284
1.13	1.92	0.624052
1.13	1.94	0.656064
1.13	1.96	0.688876
1.13	1.98	0.722488
1.13	2	0.7569
1.14	0	1.2996
1.14	0.02	1.25439
1.14	0.04	1.20997
1.14	0.06	1.16636
1.14	0.08	1.12354
1.14	0.1	1.08153
1.14	0.12	1.04031
1.14	0.14	0.999899
1.14	0.16	0.960285
1.14	0.18	0.921471
1.14	0.2	0.883457
1.14	0.22	0.846243
1.14	0.24	0.80983
1.14	0.26	0.774217
1.14	0.28	0.739404
1.14	0.3	0.705391
1.14	0.32	0.672178
1.14	0.34	0.639766
1.14	0.36	0.608154
1.14	0.38	0.577342
1.14	0.4	0.547331
1.14	0.42	0.51812
1.14	0.44	0.489709
1.14	0.46	0.462098
1.14	0.48	0.435288
1.14	0.5	0.409278
1.14	0.52	0.384069
1.14	0.54	0.35966
1.14	0.56	0.336051
1.14	0.58	0.313243
1.14	0.6	0.291235
1.14	0.62	0.270027
1.14	0.64	0.24962
1.14	0.66	0.230013
1.14	0.68	0.211206
1.14	0.7	0.1932
1.14	0.72	0.175995
1.14	0.74	0.15959
1.14	0.76	0.143985
1.14	0.78	0.129181
1.14	0.8	0.115177
1.14	0.82	0.101973
1.14	0.84	0.0895705
1.14	0.86	0.0779679
1.14	0.88	0.0671658
1.14	0.9	0.0571641
1.14	0.92	0.0479629
1.14	0.94	0.0395621
1.14	0.96	0.0319617
1.14	0.98	0.0251618
1.14	1	0.0191623
1.14	1.02	0.0139633
1.14	1.04	0.00956467
1.14	1.06	0.00596647
1.14	1.08	0.0031687
1.14	1.1	0.00117134
1.14	1.12	-2.56106e-05
1.14	1.14	-0.000422152
1.14	1.16	-1.82918e-05
1.14	1.18	0.00118596
1.14	1.2	0.00319061
1.14	1.22	0.00599564
1.14	1.24	0.00960105
1.14	1.26	0.0140068
1.14	1.28	0.019213
1.14	1.3	0.0252195
1.14	1.32	0.0320263
1.14	1.34	0.0396335
1.14	1.36	0.048041
1.14	1.38	0.0572489
1.14	1.4	0.0672571
1.14	1.42	0.0780655
1.14	1.44	0.0896743
1.14	1.46	0.102083
1.14	1.48	0.115293
1.14	1.5	0.129302
1.14	1.52	0.144112
1.14	1.54	0.159722
1.14	1.56	0.176133
1.14	1.58	0.193343
1.14	1.6	0.211354
1.14	1.62	0.230165
1.14	1.64	0.249776
1.14	1.66	0.270188
1.14	1.68	0.291399
1.14	1.7	0.313411
1.14	1.72	0.336223
1.14	1.74	0.359835
1.14	1.76	0.384247
1.14	1.78	0.40946
1.14	1.8	0.435472
1.14	1.82	0.462285
1.14	1.84	0.489897
1.14	1.86	0.51831
1.14	1.88	0.547523
1.14	1.9	0.577535
1.14	1.92	0.608348
1.14	1.94	0.639961
1.14	1.96	0.672374
1.14	1.98	0.705587
1.14	2	0.7396
1.15	0	1.3225
1.15	0.02	1.27688
1.15	0.04	1.23207
1.15	0.06	1.18805
1.15	0.08	1.14484
1.15	0.1	1.10242
1.15	0.12	1.06081
1.15	0.14	1.01999
1.15	0.16	0.979977
1.15	0.18	0.940762
1.15	0.2	0.902348
1.15	0.22	0.864733
1.15	0.24	0.827919
1.15	0.26	0.791905
1.15	0.28	0.756691
1.15	0.3	0.722277
1.15	0.32	0.688664
1.15	0.34	0.655851
1.15	0.36	0.623838
1.15	0.38	0.592625
1.15	0.4	0.562213
1.15	0.42	0.532601
1.15	0.44	0.50379
1.15	0.46	0.475779
1.15	0.48	0.448568
1.15	0.5	0.422157
1.15	0.52	0.396547
1.15	0.54	0.371737
1.15	0.56	0.347728
1.15	0.58	0.324519
1.15	0.6	0.30211
1.15	0.62	0.280502
1.15	0.64	0.259695
1.15	0.66	0.239687
1.15	0.68	0.220481
1.15	0.7	0.202074
1.15	0.72	0.184468
1.15	0.74	0.167663
1.15	0.76	0.151658
1.15	0.78	0.136453
1.15	0.8	0.122049
1.15	0.82	0.108445
1.15	0.84	0.0956422
1.15	0.86	0.0836395
1.15	0.88	0.0724373
1.15	0.9	0.0620355
1.15	0.92	0.0524342
1.15	0.94	0.0436333
1.15	0.96	0.0356329
1.15	0.98	0.028433
1.15	1	0.0220336
1.15	1.02	0.0164346
1.15	1.04	0.0116361
1.15	1.06	0.00763798
1.15	1.08	0.00444035
1.15	1.1	0.00204316
1.15	1.12	0.000446416
1.15	1.14	-0.000349898
1.15	1.16	-0.000345784
1.15	1.18	0.000458752
1.15	1.2	0.0020637
1.15	1.22	0.00446907
1.15	1.24	0.00767483
1.15	1.26	0.011681
1.15	1.28	0.0164875
1.15	1.3	0.0220944
1.15	1.32	0.0285017
1.15	1.34	0.0357094
1.15	1.36	0.0437174
1.15	1.38	0.0525258
1.15	1.4	0.0621345
1.15	1.42	0.0725436
1.15	1.44	0.0837529
1.15	1.46	0.0957626
1.15	1.48	0.108573
1.15	1.5	0.122183
1.15	1.52	0.136593
1.15	1.54	0.151804
1.15	1.56	0.167815
1.15	1.58	0.184626
1.15	1.6	0.202238
1.15	1.62	0.22065
1.15	1.64	0.239862
1.15	1.66	0.259874
1.15	1.68	0.280686
1.15	1.7	0.302299
1.15	1.72	0.324711
1.15	1.74	0.347924
1.15	1.76	0.371937
1.15	1.78	0.39675
1.15	1.8	0.422364
1.15	1.82	0.448777
1.15	1.84	0.47599
1.15	1.86	0.504004
1.15	1.88	0.532818
1.15	1.9	0.562431
1.15	1.92	0.592845
1.15	1.94	0.624059
1.15	1.96	0.656072
1.15	1.98	0.688886
1.15	2	0.7225
1.16	0	1.3456
1.16	0.02	1.29958
1.16	0.04	1.25437
1.16	0.06	1.20995
1.16	0.08	1.16633
1.16	0.1	1.12352
1.16	0.12	1.0815
1.16	0.14	1.04029
1.16	0.16	0.99987
1.16	0.18	0.960254
1.16	0.2	0.921438
1.16	0.22	0.883423
1.16	0.24	0.846208
1.16	0.26	0.809793
1.16	0.28	0.774178
1.16	0.3	0.739364
1.16	0.32	0.70535
1.16	0.34	0.672136
1.16	0.36	0.639722
1.16	0.38	0.608109
1.16	0.4	0.577296
1.16	0.42	0.547283
1.16	0.44	0.518071
1.16	0.46	0.489659
1.16	0.48	0.462048
1.16	0.5	0.435236
1.16	0.52	0.409226
1.16	0.54	0.384015
1.16	0.56	0.359605
1.16	0.58	0.335996
1.16	0.6	0.313187
1.16	0.62	0.291178
1.16	0.64	0.26997
1.16	0.66	0.249562
1.16	0.68	0.229955
1.16	0.7	0.211148
1.16	0.72	0.193142
1.16	0.74	0.175936
1.16	0.76	0.159531
1.16	0.78	0.143926
1.16	0.8	0.129122
1.16	0.82	0.115118
1.16	0.84	0.101914
1.16	0.86	0.0895116
1.16	0.88	0.0779092
1.16	0.9	0.0671073
1.16	0.92	0.0571059
1.16	0.94	0.047905
1.16	0.96	0.0395046
1.16	0.98	0.0319047
1.16	1	0.0251053
1.16	1.02	0.0191064
1.16	1.04	0.0139079
1.16	1.06	0.00950997
1.16	1.08	0.00591249
1.16	1.1	0.00311547
1.16	1.12	0.00111892
1.16	1.14	-7.71723e-05
1.16	1.16	-0.000472809
1.16	1.18	-6.7998e-05
1.16	1.2	0.00113725
1.16	1.22	0.00314294
1.16	1.24	0.00594905
1.16	1.26	0.00955558
1.16	1.28	0.0139625
1.16	1.3	0.0191699
1.16	1.32	0.0251776
1.16	1.34	0.0319857
1.16	1.36	0.0395942
1.16	1.38	0.0480031
1.16	1.4	0.0572124
1.16	1.42	0.0672219
1.16	1.44	0.0780319
1.16	1.46	0.0896421
1.16	1.48	0.102053
1.16	1.5	0.115264
1.16	1.52	0.129275
1.16	1.54	0.144086
1.16	1.56	0.159698
1.16	1.58	0.17611
1.16	1.6	0.193322
1.16	1.62	0.211335
1.16	1.64	0.230147
1.16	1.66	0.24976
1.16	1.68	0.270173
1.16	1.7	0.291387
1.16	1.72	0.3134
1.16	1.74	0.336214
1.16	1.76	0.359827
1.16	1.78	0.384241
1.16	1.8	0.409455
1.16	1.82	0.43547
1.16	1.84	0.462284
1.16	1.86	0.489898
1.16	1.88	0.518313
1.16	1.9	0.547527
1.16	1.92	0.577542
1.16	1.94	0.608356
1.16	1.96	0.639971
1.16	1.98	0.672385
1.16	2	0.7056
1.17	0	1.3689
1.17	0.02	1.32248
1.17	0.04	1.27687
1.17	0.06	1.23205
1.17	0.08	1.18803
1.17	0.1	1.14481
1.17	0.12	1.1024
1.17	0.14	1.06078
1.17	0.16	1.01996
1.17	0.18	0.979946
1.17	0.2	0.940729
1.17	0.22	0.902313
1.17	0.24	0.864697
1.17	0.26	0.827881
1.17	0.28	0.791866
1.17	0.3	0.756651
1.17	0.32	0.722236
1.17	0.34	0.688621
1.17	0.36	0.655807
1.17	0.38	0.623793
1.17	0.4	0.592579
1.17	0.42	0.562165
1.17	0.44	0.532553
1.17	0.46	0.50374
1.17	0.48	0.475728
1.17	0.5	0.448516
1.17	0.52	0.422105
1.17	0.54	0.396494
1.17	0.56	0.371683
1.17	0.58	0.347673
1.17	0.6	0.324464
1.17	0.62	0.302055
1.17	0.64	0.280446
1.17	0.66	0.259638
1.17	0.68	0.23963
1.17	0.7	0.220423
1.17	0.72	0.202016
1.17	0.74	0.18441
1.17	0.76	0.167605
1.17	0.78	0.151599
1.17	0.8	0.136395
1.17	0.82	0.121991
1.17	0.84	0.108387
1.17	0.86	0.0955842
1.17	0.88	0.0835817
1.17	0.9	0.0723797
1.17	0.92	0.0619782
1.17	0.94	0.0523773
1.17	0.96	0.0435768
1.17	0.98	0.0355769
1.17	1	0.0283775
1.17	1.02	0.0219787
1.17	1.04	0.0163803
1.17	1.06	0.0115825
1.17	1.08	0.00758513
1.17	1.1	0.00438828
1.17	1.12	0.00199192
1.17	1.14	0.000396052
1.17	1.16	-0.00039934
1.17	1.18	-0.000394259
1.17	1.2	0.000411288
1.17	1.22	0.00201729
1.17	1.24	0.00442375
1.17	1.26	0.00763064
1.17	1.28	0.011638
1.17	1.3	0.0164457
1.17	1.32	0.0220539
1.17	1.34	0.0284625
1.17	1.36	0.0356715
1.17	1.38	0.0436808
1.17	1.4	0.0524906
1.17	1.42	0.0621007
1.17	1.44	0.0725112
1.17	1.46	0.083722
1.17	1.48	0.0957332
1.17	1.5	0.108545
1.17	1.52	0.122156
1.17	1.54	0.136569
1.17	1.56	0.151781
1.17	1.58	0.167794
1.17	1.6	0.184606
1.17	1.62	0.20222
1.17	1.64	0.220633
1.17	1.66	0.239847
1.17	1.68	0.259861
1.17	1.7	0.280675
1.17	1.72	0.302289
1.17	1.74	0.324703
1.17	1.76	0.347918
1.17	1.78	0.371932
1.17	1.8	0.396747
1.17	1.82	0.422362
1.17	1.84	0.448777
1.17	1.86	0.475992
1.17	1.88	0.504008
1.17	1.9	0.532823
1.17	1.92	0.562438
1.17	1.94	0.592854
1.17	1.96	0.624069
1.17	1.98	0.656085
1.17	2	0.6889
1.18	0	1.3924
1.18	0.02	1.34558
1.18	0.04	1.29956
1.18	0.06	1.25435
1.18	0.08	1.20993
1.18	0.1	1.16631
1.18	0.12	1.12349
1.18	0.14	1.08147
1.18	0.16	1.04026
1.18	0.18	0.999838
1.18	0.2	0.960221
1.18	0.22	0.921403
1.18	0.24	0.883387
1.18	0.26	0.84617
1.18	0.28	0.809754
1.18	0.3	0.774138
1.18	0.32	0.739322
1.18	0.34	0.705306
1.18	0.36	0.672091
1.18	0.38	0.639676
1.18	0.4	0.608062
1.18	0.42	0.577248
1.18	0.44	0.547234
1.18	0.46	0.518021
1.18	0.48	0.489608
1.18	0.5	0.461996
1.18	0.52	0.435184
1.18	0.54	0.409173
1.18	0.56	0.383962
1.18	0.58	0.359551
1.18	0.6	0.335941
1.18	0.62	0.313131
1.18	0.64	0.291122
1.18	0.66	0.269914
1.18	0.68	0.249506
1.18	0.7	0.229898
1.18	0.72	0.211091
1.18	0.74	0.193085
1.18	0.76	0.175879
1.18	0.78	0.159473
1.18	0.8	0.143869
1.18	0.82	0.129064
1.18	0.84	0.115061
1.18	0.86	0.101857
1.18	0.88	0.0894547
1.18	0.9	0.0778526
1.18	0.92	0.067051
1.18	0.94	0.05705
1.18	0.96	0.0478496
1.18	0.98	0.0394496
1.18	1	0.0318503
1.18	1.02	0.0250515
1.18	1.04	0.0190533
1.18	1.06	0.0138555
1.18	1.08	0.00945831
1.18	1.1	0.00586162
1.18	1.12	0.00306546
1.18	1.14	0.0010698
1.18	1.16	-0.000125352
1.18	1.18	-0.000520007
1.18	1.2	-0.000114171
1.18	1.22	0.00109215
1.18	1.24	0.00309894
1.18	1.26	0.00590619
1.18	1.28	0.00951389
1.18	1.3	0.013922
1.18	1.32	0.0191306
1.18	1.34	0.0251397
1.18	1.36	0.0319491
1.18	1.38	0.039559
1.18	1.4	0.0479693
1.18	1.42	0.0571799
1.18	1.44	0.067191
1.18	1.46	0.0780023
1.18	1.48	0.0896141
1.18	1.5	0.102026
1.18	1.52	0.115239
1.18	1.54	0.129251
1.18	1.56	0.144064
1.18	1.58	0.159678
1.18	1.6	0.176091
1.18	1.62	0.193305
1.18	1.64	0.211319
1.18	1.66	0.230133
1.18	1.68	0.249748
1.18	1.7	0.270163
1.18	1.72	0.291378
1.18	1.74	0.313393
1.18	1.76	0.336208
1.18	1.78	0.359824
1.18	1.8	0.384239
1.18	1.82	0.409455
1.18	1.84	0.435471
1.18	1.86	0.462287
1.18	1.88	0.489903
1.18	1.9	0.518319
1.18	1.92	0.547535
1.18	1.94	0.577551
1.18	1.96	0.608368
1.18	1.98	0.639984
1.18	2	0.6724
1.19	0	1.4161
1.19	0.02	1.36888
1.19	0.04	1.32246
1.19	0.06	1.27684
1.19	0.08	1.23202
1.19	0.1	1.188
1.19	0.12	1.14479
1.19	0.14	1.10237
1.19	0.16	1.06075
1.19	0.18	1.01993
1.19	0.2	0.979912
1.19	0.22	0.940694
1.19	0.24	0.902276
1.19	0.26	0.864659
1.19	0.28	0.827842
1.19	0.3	0.791825
1.19	0.32	0.756608
1.19	0.34	0.722192
1.19	0.36	0.688576
1.19	0.38	0.655761
1.19	0.4	0.623746
1.19	0.42	0.592531
1.19	0.44	0.562117
1.19	0.46	0.532503
1.19	0.48	0.503689
1.19	0.5	0.475676
1.19	0.52	0.448464
1.19	0.54	0.422052
1.19	0.56	0.39644
1.19	0.58	0.371629
1.19	0.6	0.347619
1.19	0.62	0.324409
1.19	0.64	0.301999
1.19	0.66	0.28039
1.19	0.68	0.259582
1.19	0.7	0.239574
1.19	0.72	0.220367
1.19	0.74	0.20196
1.19	0.76	0.184354
1.19	0.78	0.167548
1.19	0.8	0.151543
1.19	0.82	0.136338
1.19	0.84	0.121934
1.19	0.86	0.108331
1.19	0.88	0.0955282
1.19	0.9	0.083526
1.19	0.92	0.0723244
1.19	0.94	0.0619234
1.19	0.96	0.0523229
1.19	0.98	0.043523
1.19	1	0.0355237
1.19	1.02	0.0283249
1.19	1.04	0.0219267
1.19	1.06	0.0163291
1.19	1.08	0.0115321
1.19	1.1	0.00753553
1.19	1.12	0.00433954
1.19	1.14	0.0019441
1.19	1.16	0.00034918
1.19	1.18	-0.000445215
1.19	1.2	-0.000439096
1.19	1.22	0.000367528
1.19	1.24	0.00197465
1.19	1.26	0.00438225
1.19	1.28	0.00759033
1.19	1.3	0.0115989
1.19	1.32	0.0164079
1.19	1.34	0.0220174
1.19	1.36	0.0284273
1.19	1.38	0.0356376
1.19	1.4	0.0436484
1.19	1.42	0.0524596
1.19	1.44	0.0620711
1.19	1.46	0.0724831
1.19	1.48	0.0836954
1.19	1.5	0.095708
1.19	1.52	0.108521
1.19	1.54	0.122134
1.19	1.56	0.136548
1.19	1.58	0.151762
1.19	1.6	0.167776
1.19	1.62	0.184591
1.19	1.64	0.202206
1.19	1.66	0.220621
1.19	1.68	0.239836
1.19	1.7	0.259851
1.19	1.72	0.280667
1.19	1.74	0.302283
1.19	1.76	0.324699
1.19	1.78	0.347915
1.19	1.8	0.371932
1.19	1.82	0.396748
1.19	1.84	0.422365
1.19	1.86	0.448781
1.19	1.88	0.475998
1.19	1.9	0.504015
1.19	1.92	0.532832
1.19	1.94	0.562449
1.19	1.96	0.592866
1.19	1.98	0.624083
1.19	2	0.6561
1.2	0	1.44
1.2	0.02	1.39238
1.2	0.04	1.34556
1.2	0.06	1.29954
1.2	0.08	1.25432
1.2	0.1	1.2099
1.2	0.12	1.16628
1.2	0.14	1.12346
1.2	0.16	1.08144
1.2	0.18	1.04022
1.2	0.2	0.999803
1.2	0.22	0.960185
1.2	0.24	0.921366
1.2	0.26	0.883348
1.2	0.28	0.84613
1.2	0.3	0.809712
1.2	0.32	0.774095
1.2	0.34	0.739278
1.2	0.36	0.705262
1.2	0.38	0.672045
1.2	0.4	0.63963
1.2	0.42	0.608014
1.2	0.44	0.577199
1.2	0.46	0.547185
1.2	0.48	0.517971
1.2	0.5	0.489557
1.2	0.52	0.461944
1.2	0.54	0.435132
1.2	0.56	0.40912
1.2	0.58	0.383908
1.2	0.6	0.359497
1.2	0.62	0.335886
1.2	0.64	0.313077
1.2	0.66	0.291067
1.2	0.68	0.269858
1.2	0.7	0.24945
1.2	0.72	0.229842
1.2	0.74	0.211035
1.2	0.76	0.193029
1.2	0.78	0.175823
1.2	0.8	0.159418
1.2	0.82	0.143813
1.2	0.84	0.129009
1.2	0.86	0.115005
1.2	0.88	0.101802
1.2	0.9	0.0894001
1.2	0.92	0.0777984
1.2	0.94	0.0669973
1.2	0.96	0.0569968
1.2	0.98	0.0477969
1.2	1	0.0393976
1.2	1.02	0.0317989
1.2	1.04	0.0250008
1.2	1.06	0.0190033
1.2	1.08	0.0138064
1.2	1.1	0.00941001
1.2	1.12	0.00581421
1.2	1.14	0.00301897
1.2	1.16	0.00102428
1.2	1.18	-0.00016986
1.2	1.2	-0.000563465
1.2	1.22	-0.000156541
1.2	1.24	0.0010509
1.2	1.26	0.00305885
1.2	1.28	0.00586729
1.2	1.3	0.00947622
1.2	1.32	0.0138856
1.2	1.34	0.0190956
1.2	1.36	0.0251059
1.2	1.38	0.0319167
1.2	1.4	0.039528
1.2	1.42	0.0479397
1.2	1.44	0.0571517
1.2	1.46	0.0671642
1.2	1.48	0.0779771
1.2	1.5	0.0895903
1.2	1.52	0.102004
1.2	1.54	0.115218
1.2	1.56	0.129232
1.2	1.58	0.144047
1.2	1.6	0.159662
1.2	1.62	0.176077
1.2	1.64	0.193292
1.2	1.66	0.211308
1.2	1.68	0.230124
1.2	1.7	0.24974
1.2	1.72	0.270156
1.2	1.74	0.291373
1.2	1.76	0.31339
1.2	1.78	0.336207
1.2	1.8	0.359824
1.2	1.82	0.384241
1.2	1.84	0.409459
1.2	1.86	0.435476
1.2	1.88	0.462294
1.2	1.9	0.489911
1.2	1.92	0.518329
1.2	1.94	0.547547
1.2	1.96	0.577564
1.2	1.98	0.608382
1.2	2	0.64
1.21	0	1.4641
1.21	0.02	1.41608
1.21	0.04	1.36886
1.21	0.06	1.32244
1.21	0.08	1.27682
1.21	0.1	1.232
1.21	0.12	1.18798
1.21	0.14	1.14475
1.21	0.16	1.10233
1.21	0.18	1.06071
1.21	0.2	1.0199
1.21	0.22	0.979876
1.21	0.24	0.940656
1.21	0.26	0.902237
1.21	0.28	0.864619
1.21	0.3	0.8278
1.21	0.32	0.791782
1.21	0.34	0.756565
1.21	0.36	0.722147
1.21	0.38	0.688531
1.21	0.4	0.655714
1.21	0.42	0.623698
1.21	0.44	0.592482
1.21	0.46	0.562067
1.21	0.48	0.532453
1.21	0.5	0.503639
1.21	0.52	0.475625
1.21	0.54	0.448412
1.21	0.56	0.421999
1.21	0.58	0.396387
1.21	0.6	0.371576
1.21	0.62	0.347565
1.21	0.64	0.324354
1.21	0.66	0.301945
1.21	0.68	0.280335
1.21	0.7	0.259527
1.21	0.72	0.239519
1.21	0.74	0.220311
1.21	0.76	0.201905
1.21	0.78	0.184299
1.21	0.8	0.167493
1.21	0.82	0.151488
1.21	0.84	0.136284
1.21	0.86	0.12188
1.21	0.88	0.108277
1.21	0.9	0.0954748
1.21	0.92	0.083473
1.21	0.94	0.0722719
1.21	0.96	0.0618714
1.21	0.98	0.0522714
1.21	1	0.0434722
1.21	1.02	0.0354736
1.21	1.04	0.0282755
1.21	1.06	0.0218781
1.21	1.08	0.0162813
1.21	1.1	0.0114851
1.21	1.12	0.00748948
1.21	1.14	0.00429444
1.21	1.16	0.00189998
1.21	1.18	0.000306082
1.21	1.2	-0.000487253
1.21	1.22	-0.000480037
1.21	1.24	0.000327719
1.21	1.26	0.001936
1.21	1.28	0.0043448
1.21	1.3	0.0075541
1.21	1.32	0.0115639
1.21	1.34	0.0163743
1.21	1.36	0.0219851
1.21	1.38	0.0283963
1.21	1.4	0.0356081
1.21	1.42	0.0436202
1.21	1.44	0.0524328
1.21	1.46	0.0620458
1.21	1.48	0.0724592
1.21	1.5	0.083673
1.21	1.52	0.0956872
1.21	1.54	0.108502
1.21	1.56	0.122117
1.21	1.58	0.136532
1.21	1.6	0.151747
1.21	1.62	0.167763
1.21	1.64	0.184579
1.21	1.66	0.202196
1.21	1.68	0.220612
1.21	1.7	0.239829
1.21	1.72	0.259846
1.21	1.74	0.280663
1.21	1.76	0.302281
1.21	1.78	0.324699
1.21	1.8	0.347916
1.21	1.82	0.371934
1.21	1.84	0.396753
1.21	1.86	0.422371
1.21	1.88	0.448789
1.21	1.9	0.476007
1.21	1.92	0.504026
1.21	1.94	0.532844
1.21	1.96	0.562463
1.21	1.98	0.592881
1.21	2	0.6241
1.22	0	1.4884
1.22	0.02	1.43998
1.22	0.04	1.39236
1.22	0.06	1.34553
1.22	0.08	1.29951
1.22	0.1	1.25429
1.22	0.12	1.20987
1.22	0.14	1.16625
1.22	0.16	1.12343
1.22	0.18	1.08141
1.22	0.2	1.04019
1.22	0.22	0.999767
1.22	0.24	0.960147
1.22	0.26	0.921327
1.22	0.28	0.883308
1.22	0.3	0.846088
1.22	0.32	0.80967
1.22	0.34	0.774051
1.22	0.36	0.739233
1.22	0.38	0.705216
1.22	0.4	0.671999
1.22	0.42	0.639582
1.22	0.44	0.607966
1.22	0.46	0.57715
1.22	0.48	0.547135
1.22	0.5	0.51792
1.22	0.52	0.489506
1.22	0.54	0.461893
1.22	0.56	0.43508
1.22	0.58	0.409067
1.22	0.6	0.383855
1.22	0.62	0.359444
1.22	0.64	0.335833
1.22	0.66	0.313023
1.22	0.68	0.291013
1.22	0.7	0.269804
1.22	0.72	0.249396
1.22	0.74	0.229788
1.22	0.76	0.210981
1.22	0.78	0.192975
1.22	0.8	0.175769
1.22	0.82	0.159364
1.22	0.84	0.14376
1.22	0.86	0.128956
1.22	0.88	0.114953
1.22	0.9	0.10175
1.22	0.92	0.0893483
1.22	0.94	0.0777471
1.22	0.96	0.0669465
1.22	0.98	0.0569466
1.22	1	0.0477474
1.22	1.02	0.0393488
1.22	1.04	0.0317509
1.22	1.06	0.0249536
1.22	1.08	0.0189569
1.22	1.1	0.0137608
1.22	1.12	0.00936538
1.22	1.14	0.00577053
1.22	1.16	0.00297629
1.22	1.18	0.000982634
1.22	1.2	-0.000210437
1.22	1.22	-0.000602937
1.22	1.24	-0.000194874
1.22	1.26	0.00101374
1.22	1.28	0.00302288
1.22	1.3	0.00583255
1.22	1.32	0.00944277
1.22	1.34	0.0138535
1.22	1.36	0.0190647
1.22	1.38	0.0250765
1.22	1.4	0.0318887
1.22	1.42	0.0395013
1.22	1.44	0.0479144
1.22	1.46	0.0571279
1.22	1.48	0.0671418
1.22	1.5	0.0779562
1.22	1.52	0.0895709
1.22	1.54	0.101986
1.22	1.56	0.115201
1.22	1.58	0.129217
1.22	1.6	0.144033
1.22	1.62	0.15965
1.22	1.64	0.176067
1.22	1.66	0.193284
1.22	1.68	0.211301
1.22	1.7	0.230118
1.22	1.72	0.249736
1.22	1.74	0.270154
1.22	1.76	0.291372
1.22	1.78	0.313391
1.22	1.8	0.336209
1.22	1.82	0.359828
1.22	1.84	0.384247
1.22	1.86	0.409466
1.22	1.88	0.435485
1.22	1.9	0.462304
1.22	1.92	0.489923
1.22	1.94	0.518342
1.22	1.96	0.547561
1.22	1.98	0.577581
1.22	2	0.6084
1.23	0	1.5129
1.23	0.02	1.46408
1.23	0.04	1.41605
1.23	0.06	1.36883
1.23	0.08	1.32241
1.23	0.1	1.27679
1.23	0.12	1.23197
1.23	0.14	1.18794
1.23	0.16	1.14472
1.23	0.18	1.1023
1.23	0.2	1.06068
1.23	0.22	1.01986
1.23	0.24	0.979837
1.23	0.26	0.940617
1.23	0.28	0.902197
1.23	0.3	0.864577
1.23	0.32	0.827758
1.23	0.34	0.791739
1.23	0.36	0.75652
1.23	0.38	0.722102
1.23	0.4	0.688484
1.23	0.42	0.655667
1.23	0.44	0.62365
1.23	0.46	0.592434
1.23	0.48	0.562018
1.23	0.5	0.532403
1.23	0.52	0.503588
1.23	0.54	0.475574
1.23	0.56	0.44836
1.23	0.58	0.421947
1.23	0.6	0.396335
1.23	0.62	0.371523
1.23	0.64	0.347512
1.23	0.66	0.324301
1.23	0.68	0.301891
1.23	0.7	0.280282
1.23	0.72	0.259474
1.23	0.74	0.239466
1.23	0.76	0.220258
1.23	0.78	0.201852
1.23	0.8	0.184246
1.23	0.82	0.16744
1.23	0.84	0.151436
1.23	0.86	0.136232
1.23	0.88	0.121829
1.23	0.9	0.108226
1.23	0.92	0.0954242
1.23	0.94	0.083423
1.23	0.96	0.0722224
1.23	0.98	0.0618225
1.23	1	0.0522233
1.23	1.02	0.0434248
1.23	1.04	0.0354269
1.23	1.06	0.0282297
1.23	1.08	0.0218331
1.23	1.1	0.0162372
1.23	1.12	0.0114419
1.23	1.14	0.00744727
1.23	1.16	0.00425324
1.23	1.18	0.00185982
1.23	1.2	0.000267003
1.23	1.22	-0.000525219
1.23	1.24	-0.000516858
1.23	1.26	0.000292071
1.23	1.28	0.00190155
1.23	1.3	0.00431158
1.23	1.32	0.00752218
1.23	1.34	0.0115333
1.23	1.36	0.016345
1.23	1.38	0.0219571
1.23	1.4	0.0283698
1.23	1.42	0.0355829
1.23	1.44	0.0435964
1.23	1.46	0.0524105
1.23	1.48	0.0620249
1.23	1.5	0.0724398
1.23	1.52	0.0836551
1.23	1.54	0.0956707
1.23	1.56	0.108487
1.23	1.58	0.122103
1.23	1.6	0.13652
1.23	1.62	0.151737
1.23	1.64	0.167754
1.23	1.66	0.184572
1.23	1.68	0.20219
1.23	1.7	0.220608
1.23	1.72	0.239826
1.23	1.74	0.259845
1.23	1.76	0.280664
1.23	1.78	0.302283
1.23	1.8	0.324702
1.23	1.82	0.347922
1.23	1.84	0.371941
1.23	1.86	0.396761
1.23	1.88	0.42238
1.23	1.9	0.4488
1.23	1.92	0.47602
1.23	1.94	0.50404
1.23	1.96	0.53286
1.23	1.98	0.56248
1.23	2	0.5929
1.24	0	1.5376
1.24	0.02	1.48838
1.24	0.04	1.43995
1.24	0.06	1.39233
1.24	0.08	1.34551
1.24	0.1	1.29948
1.24	0.12	1.25426
1.24	0.14	1.20984
1.24	0.16	1.16622
1.24	0.18	1.12339
1.24	0.2	1.08137
1.24	0.22	1.04015
1.24	0.24	0.999728
1.24	0.26	0.960107
1.24	0.28	0.921286
1.24	0.3	0.883266
1.24	0.32	0.846046
1.24	0.34	0.809626
1.24	0.36	0.774007
1.24	0.38	0.739188
1.24	0.4	0.70517
1.24	0.42	0.671952
1.24	0.44	0.639534
1.24	0.46	0.607918
1.24	0.48	0.577101
1.24	0.5	0.547085
1.24	0.52	0.51787
1.24	0.54	0.489456
1.24	0.56	0.461842
1.24	0.58	0.435028
1.24	0.6	0.409015
1.24	0.62	0.383803
1.24	0.64	0.359392
1.24	0.66	0.335781
1.24	0.68	0.31297
1.24	0.7	0.290961
1.24	0.72	0.269752
1.24	0.74	0.249344
1.24	0.76	0.229736
1.24	0.78	0.210929
1.24	0.8	0.192923
1.24	0.82	0.175718
1.24	0.84	0.159313
1.24	0.86	0.143709
1.24	0.88	0.128905
1.24	0.9	0.114903
1.24	0.92	0.101701
1.24	0.94	0.0892995
1.24	0.96	0.0776989
1.24	0.98	0.066899
1.24	1	0.0568999
1.24	1.02	0.0477014
1.24	1.04	0.0393036
1.24	1.06	0.0317065
1.24	1.08	0.02491
1.24	1.1	0.0189143
1.24	1.12	0.0137191
1.24	1.14	0.00932468
1.24	1.16	0.00573085
1.24	1.18	0.00293766
1.24	1.2	0.000945092
1.24	1.22	-0.000246861
1.24	1.24	-0.000638212
1.24	1.26	-0.000228975
1.24	1.28	0.000980832
1.24	1.3	0.00299121
1.24	1.32	0.00580218
1.24	1.34	0.0094137
1.24	1.36	0.0138258
1.24	1.38	0.0190383
1.24	1.4	0.0250514
1.24	1.42	0.031865
1.24	1.44	0.039479
1.24	1.46	0.0478935
1.24	1.48	0.0571085
1.24	1.5	0.0671239
1.24	1.52	0.0779396
1.24	1.54	0.0895558
1.24	1.56	0.101972
1.24	1.58	0.115189
1.24	1.6	0.129207
1.24	1.62	0.144024
1.24	1.64	0.159642
1.24	1.66	0.176061
1.24	1.68	0.193279
1.24	1.7	0.211298
1.24	1.72	0.230117
1.24	1.74	0.249736
1.24	1.76	0.270156
1.24	1.78	0.291375
1.24	1.8	0.313395
1.24	1.82	0.336215
1.24	1.84	0.359836
1.24	1.86	0.384256
1.24	1.88	0.409476
1.24	1.9	0.435497
1.24	1.92	0.462317
1.24	1.94	0.489938
1.24	1.96	0.518359
1.24	1.98	0.547579
1.24	2	0.5776
1.25	0	1.5625
1.25	0.02	1.51288
1.25	0.04	1.46405
1.25	0.06	1.41603
1.25	0.08	1.3688
1.25	0.1	1.32238
1.25	0.12	1.27676
1.25	0.14	1.23193
1.25	0.16	1.18791
1.25	0.18	1.14469
1.25	0.2	1.10226
1.25	0.22	1.06064
1.25	0.24	1.01982
1.25	0.26	0.979798
1.25	0.28	0.940576
1.25	0.3	0.902155
1.25	0.32	0.864534
1.25	0.34	0.827714
1.25	0.36	0.791694
1.25	0.38	0.756475
1.25	0.4	0.722056
1.25	0.42	0.688437
1.25	0.44	0.655619
1.25	0.46	0.623602
1.25	0.48	0.592385
1.25	0.5	0.561969
1.25	0.52	0.532353
1.25	0.54	0.503538
1.25	0.56	0.475523
1.25	0.58	0.44831
1.25	0.6	0.421896
1.25	0.62	0.396284
1.25	0.64	0.371472
1.25	0.66	0.347461
1.25	0.68	0.32425
1.25	0.7	0.30184
1.25	0.72	0.280231
1.25	0.74	0.259422
1.25	0.76	0.239415
1.25	0.78	0.220208
1.25	0.8	0.201801
1.25	0.82	0.184196
1.25	0.84	0.167391
1.25	0.86	0.151386
1.25	0.88	0.136183
1.25	0.9	0.12178
1.25	0.92	0.108178
1.25	0.94	0.0953768
1.25	0.96	0.0833762
1.25	0.98	0.0721763
1.25	1	0.0617772
1.25	1.02	0.0521787
1.25	1.04	0.043381
1.25	1.06	0.035384
1.25	1.08	0.0281877
1.25	1.1	0.021792
1.25	1.12	0.0161971
1.25	1.14	0.0114028
1.25	1.16	0.00740914
1.25	1.18	0.00421617
1.25	1.2	0.00182385
1.25	1.22	0.000232156
1.25	1.24	-0.000558915
1.25	1.26	-0.00054938
1.25	1.28	0.000260748
1.25	1.3	0.00187147
1.25	1.32	0.00428279
1.25	1.34	0.00749468
1.25	1.36	0.0115071
1.25	1.38	0.0163201
1.25	1.4	0.0219336
1.25	1.42	0.0283476
1.25	1.44	0.0355621
1.25	1.46	0.0435771
1.25	1.48	0.0523925
1.25	1.5	0.0620084
1.25	1.52	0.0724247
1.25	1.54	0.0836414
1.25	1.56	0.0956586
1.25	1.58	0.108476
1.25	1.6	0.122094
1.25	1.62	0.136512
1.25	1.64	0.151731
1.25	1.66	0.16775
1.25	1.68	0.184569
1.25	1.7	0.202188
1.25	1.72	0.220608
1.25	1.74	0.239828
1.25	1.76	0.259848
1.25	1.78	0.280668
1.25	1.8	0.302289
1.25	1.82	0.324709
1.25	1.84	0.34793
1.25	1.86	0.371951
1.25	1.88	0.396772
1.25	1.9	0.422393
1.25	1.92	0.448815
1.25	1.94	0.476036
1.25	1.96	0.504057
1.25	1.98	0.532879
1.25	2	0.5625
1.26	0	1.5876
1.26	0.02	1.53758
1.26	0.04	1.48835
1.26	0.06	1.43993
1.26	0.08	1.3923
1.26	0.1	1.34548
1.26	0.12	1.29945
1.26	0.14	1.25423
1.26	0.16	1.2098
1.26	0.18	1.16618
1.26	0.2	1.12336
1.26	0.22	1.08133
1.26	0.24	1.04011
1.26	0.26	0.999688
1.26	0.28	0.960066
1.26	0.3	0.921244
1.26	0.32	0.883223
1.26	0.34	0.846002
1.26	0.36	0.809582
1.26	0.38	0.773962
1.26	0.4	0.739142
1.26	0.42	0.705123
1.26	0.44	0.671905
1.26	0.46	0.639487
1.26	0.48	0.607869
1.26	0.5	0.577053
1.26	0.52	0.547036
1.26	0.54	0.517821
1.26	0.56	0.489406
1.26	0.58	0.461792
1.26	0.6	0.434978
1.26	0.62	0.408965
1.26	0.64	0.383753
1.26	0.66	0.359341
1.26	0.68	0.33573
1.26	0.7	0.31292
1.26	0.72	0.290911
1.26	0.74	0.269702
1.26	0.76	0.249294
1.26	0.78	0.229686
1.26	0.8	0.21088
1.26	0.82	0.192874
1.26	0.84	0.175669
1.26	0.86	0.159265
1.26	0.88	0.143661
1.26	0.9	0.128858
1.26	0.92	0.114856
1.26	0.94	0.101655
1.26	0.96	0.0892542
1.26	0.98	0.0776543
1.26	1	0.0668552
1.26	1.02	0.0568568
1.26	1.04	0.0476592
1.26	1.06	0.0392622
1.26	1.08	0.031666
1.26	1.1	0.0248705
1.26	1.12	0.0188757
1.26	1.14	0.0136816
1.26	1.16	0.00928814
1.26	1.18	0.00569539
1.26	1.2	0.00290329
1.26	1.22	0.000911852
1.26	1.24	-0.000278947
1.26	1.26	-0.000669122
1.26	1.28	-0.000258684
1.26	1.3	0.000952368
1.26	1.32	0.00296403
1.26	1.34	0.00577628
1.26	1.36	0.00938911
1.26	1.38	0.0138025
1.26	1.4	0.0190164
1.26	1.42	0.0250308
1.26	1.44	0.0318458
1.26	1.46	0.0394612
1.26	1.48	0.0478771
1.26	1.5	0.0570935
1.26	1.52	0.0671103
1.26	1.54	0.0779275
1.26	1.56	0.0895451
1.26	1.58	0.101963
1.26	1.6	0.115182
1.26	1.62	0.1292
1.26	1.64	0.144019
1.26	1.66	0.159639
1.26	1.68	0.176059
1.26	1.7	0.193279
1.26	1.72	0.211299
1.26	1.74	0.230119
1.26	1.76	0.24974
1.26	1.78	0.270161
1.26	1.8	0.291382
1.26	1.82	0.313404
1.26	1.84	0.336225
1.26	1.86	0.359847
1.26	1.88	0.384268
1.26	1.9	0.40949
1.26	1.92	0.435512
1.26	1.94	0.462334
1.26	1.96	0.489956
1.26	1.98	0.518378
1.26	2	0.5476
1.27	0	1.6129
1.27	0.02	1.56247
1.27	0.04	1.51285
1.27	0.06	1.46402
1.27	0.08	1.416
1.27	0.1	1.36877
1.27	0.12	1.32235
1.27	0.14	1.27672
1.27	0.16	1.2319
1.27	0.18	1.18787
1.27	0.2	1.14465
1.27	0.22	1.10223
1.27	0.24	1.0606
1.27	0.26	1.01978
1.27	0.28	0.979757
1.27	0.3	0.940534
1.27	0.32	0.902112
1.27	0.34	0.864491
1.27	0.36	0.82767
1.27	0.38	0.791649
1.27	0.4	0.756429
1.27	0.42	0.72201
1.27	0.44	0.688391
1.27	0.46	0.655572
1.27	0.48	0.623554
1.27	0.5	0.592337
1.27	0.52	0.56192
1.27	0.54	0.532304
1.27	0.56	0.503489
1.27	0.58	0.475474
1.27	0.6	0.44826
1.27	0.62	0.421847
1.27	0.64	0.396234
1.27	0.66	0.371422
1.27	0.68	0.347411
1.27	0.7	0.324201
1.27	0.72	0.301791
1.27	0.74	0.280182
1.27	0.76	0.259374
1.27	0.78	0.239366
1.27	0.8	0.220159
1.27	0.82	0.201753
1.27	0.84	0.184148
1.27	0.86	0.167344
1.27	0.88	0.15134
1.27	0.9	0.136137
1.27	0.92	0.121735
1.27	0.94	0.108134
1.27	0.96	0.095333
1.27	0.98	0.083333
1.27	1	0.072134
1.27	1.02	0.0617356
1.27	1.04	0.0521381
1.27	1.06	0.0433412
1.27	1.08	0.0353451
1.27	1.1	0.0281497
1.27	1.12	0.0217551
1.27	1.14	0.0161611
1.27	1.16	0.0113679
1.27	1.18	0.00737531
1.27	1.2	0.00418344
1.27	1.22	0.00179225
1.27	1.24	0.000201711
1.27	1.26	-0.000588184
1.27	1.28	-0.000577445
1.27	1.3	0.000233924
1.27	1.32	0.00184592
1.27	1.34	0.00425852
1.27	1.36	0.00747171
1.27	1.38	0.0114855
1.27	1.4	0.0162998
1.27	1.42	0.0219146
1.27	1.44	0.02833
1.27	1.46	0.0355458
1.27	1.48	0.0435622
1.27	1.5	0.052379
1.27	1.52	0.0619963
1.27	1.54	0.072414
1.27	1.56	0.0836322
1.27	1.58	0.0956507
1.27	1.6	0.10847
1.27	1.62	0.122089
1.27	1.64	0.136509
1.27	1.66	0.151729
1.27	1.68	0.167749
1.27	1.7	0.184569
1.27	1.72	0.20219
1.27	1.74	0.220611
1.27	1.76	0.239833
1.27	1.78	0.259854
1.27	1.8	0.280676
1.27	1.82	0.302298
1.27	1.84	0.32472
1.27	1.86	0.347942
1.27	1.88	0.371965
1.27	1.9	0.396787
1.27	1.92	0.42241
1.27	1.94	0.448832
1.27	1.96	0.476055
1.27	1.98	0.504077
1.27	2	0.5329
1.28	0	1.6384
1.28	0.02	1.58757
1.28	0.04	1.53755
1.28	0.06	1.48832
1.28	0.08	1.4399
1.28	0.1	1.39227
1.28	0.12	1.34544
1.28	0.14	1.29942
1.28	0.16	1.25419
1.28	0.18	1.20977
1.28	0.2	1.16614
1.28	0.22	1.12332
1.28	0.24	1.08129
1.28	0.26	1.04007
1.28	0.28	0.999648
1.28	0.3	0.960025
1.28	0.32	0.921202
1.28	0.34	0.88318
1.28	0.36	0.845958
1.28	0.38	0.809537
1.28	0.4	0.773917
1.28	0.42	0.739096
1.28	0.44	0.705077
1.28	0.46	0.671858
1.28	0.48	0.63944
1.28	0.5	0.607822
1.28	0.52	0.577005
1.28	0.54	0.546989
1.28	0.56	0.517773
1.28	0.58	0.489358
1.28	0.6	0.461743
1.28	0.62	0.43493
1.28	0.64	0.408917
1.28	0.66	0.383704
1.28	0.68	0.359293
1.28	0.7	0.335682
1.28	0.72	0.312872
1.28	0.74	0.290863
1.28	0.76	0.269654
1.28	0.78	0.249247
1.28	0.8	0.22964
1.28	0.82	0.210834
1.28	0.84	0.192828
1.28	0.86	0.175624
1.28	0.88	0.15922
1.28	0.9	0.143617
1.28	0.92	0.128815
1.28	0.94	0.114813
1.28	0.96	0.101613
1.28	0.98	0.0892126
1.28	1	0.0776135
1.28	1.02	0.0668153
1.28	1.04	0.0568177
1.28	1.06	0.047621
1.28	1.08	0.039225
1.28	1.1	0.0316297
1.28	1.12	0.0248352
1.28	1.14	0.0188414
1.28	1.16	0.0136483
1.28	1.18	0.00925598
1.28	1.2	0.00566432
1.28	1.22	0.00287336
1.28	1.24	0.000883077
1.28	1.26	-0.000306547
1.28	1.28	-0.000695519
1.28	1.3	-0.000283845
1.28	1.32	0.000928469
1.28	1.34	0.00294141
1.28	1.36	0.00575494
1.28	1.38	0.00936906
1.28	1.4	0.0137838
1.28	1.42	0.018999
1.28	1.44	0.0250148
1.28	1.46	0.0318311
1.28	1.48	0.0394478
1.28	1.5	0.0478651
1.28	1.52	0.0570829
1.28	1.54	0.0671011
1.28	1.56	0.0779197
1.28	1.58	0.0895387
1.28	1.6	0.101958
1.28	1.62	0.115178
1.28	1.64	0.129198
1.28	1.66	0.144019
1.28	1.68	0.15964
1.28	1.7	0.176061
1.28	1.72	0.193282
1.28	1.74	0.211304
1.28	1.76	0.230126
1.28	1.78	0.249748
1.28	1.8	0.27017
1.28	1.82	0.291393
1.28	1.84	0.313415
1.28	1.86	0.336238
1.28	1.88	0.359861
1.28	1.9	0.384284
1.28	1.92	0.409507
1.28	1.94	0.43553
1.28	1.96	0.462354
1.28	1.98	0.489977
1.28	2	0.5184
1.29	0	1.6641
1.29	0.02	1.61287
1.29	0.04	1.56245
1.29	0.06	1.51282
1.29	0.08	1.46399
1.29	0.1	1.41597
1.29	0.12	1.36874
1.29	0.14	1.32231
1.29	0.16	1.27669
1.29	0.18	1.23186
1.29	0.2	1.18784
1.29	0.22	1.14461
1.29	0.24	1.10219
1.29	0.26	1.06056
1.29	0.28	1.01974
1.29	0.3	0.979715
1.29	0.32	0.940492
1.29	0.34	0.902069
1.29	0.36	0.864447
1.29	0.38	0.827626
1.29	0.4	0.791604
1.29	0.42	0.756384
1.29	0.44	0.721964
1.29	0.46	0.688345
1.29	0.48	0.655526
1.29	0.5	0.623508
1.29	0.52	0.59229
1.29	0.54	0.561873
1.29	0.56	0.532257
1.29	0.58	0.503442
1.29	0.6	0.475427
1.29	0.62	0.448213
1.29	0.64	0.4218
1.29	0.66	0.396187
1.29	0.68	0.371375
1.29	0.7	0.347364
1.29	0.72	0.324154
1.29	0.74	0.301744
1.29	0.76	0.280136
1.29	0.78	0.259328
1.29	0.8	0.239321
1.29	0.82	0.220114
1.29	0.84	0.201709
1.29	0.86	0.184104
1.29	0.88	0.1673
1.29	0.9	0.151297
1.29	0.92	0.136095
1.29	0.94	0.121694
1.29	0.96	0.108093
1.29	0.98	0.0952929
1.29	1	0.0832939
1.29	1.02	0.0720957
1.29	1.04	0.0616982
1.29	1.06	0.0521015
1.29	1.08	0.0433056
1.29	1.1	0.0353105
1.29	1.12	0.0281161
1.29	1.14	0.0217224
1.29	1.16	0.0161296
1.29	1.18	0.0113374
1.29	1.2	0.00734595
1.29	1.22	0.00415521
1.29	1.24	0.00176517
1.29	1.26	0.000175806
1.29	1.28	-0.000612889
1.29	1.3	-0.000600921
1.29	1.32	0.000211701
1.29	1.34	0.00182496
1.29	1.36	0.00423883
1.29	1.38	0.00745331
1.29	1.4	0.0114684
1.29	1.42	0.016284
1.29	1.44	0.0219001
1.29	1.46	0.0283168
1.29	1.48	0.0355341
1.29	1.5	0.0435518
1.29	1.52	0.05237
1.29	1.54	0.0619886
1.29	1.56	0.0724077
1.29	1.58	0.0836272
1.29	1.6	0.0956471
1.29	1.62	0.108467
1.29	1.64	0.122088
1.29	1.66	0.136509
1.29	1.68	0.15173
1.29	1.7	0.167752
1.29	1.72	0.184574
1.29	1.74	0.202196
1.29	1.76	0.220619
1.29	1.78	0.239841
1.29	1.8	0.259864
1.29	1.82	0.280687
1.29	1.84	0.302311
1.29	1.86	0.324734
1.29	1.88	0.347958
1.29	1.9	0.371981
1.29	1.92	0.396805
1.29	1.94	0.422429
1.29	1.96	0.448852
1.29	1.98	0.476076
1.29	2	0.5041
1.3	0	1.69
1.3	0.02	1.63837
1.3	0.04	1.58754
1.3	0.06	1.53752
1.3	0.08	1.48829
1.3	0.1	1.43986
1.3	0.12	1.39224
1.3	0.14	1.34541
1.3	0.16	1.29938
1.3	0.18	1.25416
1.3	0.2	1.20973
1.3	0.22	1.16611
1.3	0.24	1.12328
1.3	0.26	1.08125
1.3	0.28	1.04003
1.3	0.3	0.999606
1.3	0.32	0.959983
1.3	0.34	0.921159
1.3	0.36	0.883137
1.3	0.38	0.845915
1.3	0.4	0.809493
1.3	0.42	0.773872
1.3	0.44	0.739051
1.3	0.46	0.705032
1.3	0.48	0.671812
1.3	0.5	0.639394
1.3	0.52	0.607776
1.3	0.54	0.576959
1.3	0.56	0.546942
1.3	0.58	0.517726
1.3	0.6	0.489311
1.3	0.62	0.461697
1.3	0.64	0.434883
1.3	0.66	0.40887
1.3	0.68	0.383658
1.3	0.7	0.359247
1.3	0.72	0.335636
1.3	0.74	0.312827
1.3	0.76	0.290818
1.3	0.78	0.26961
1.3	0.8	0.249202
1.3	0.82	0.229596
1.3	0.84	0.21079
1.3	0.86	0.192786
1.3	0.88	0.175582
1.3	0.9	0.159178
1.3	0.92	0.143576
1.3	0.94	0.128775
1.3	0.96	0.114774
1.3	0.98	0.101574
1.3	1	0.0891751
1.3	1.02	0.0775769
1.3	1.04	0.0667795
1.3	1.06	0.0567829
1.3	1.08	0.0475871
1.3	1.1	0.039192
1.3	1.12	0.0315978
1.3	1.14	0.0248043
1.3	1.16	0.0188116
1.3	1.18	0.0136196
1.3	1.2	0.00922834
1.3	1.22	0.00563782
1.3	1.24	0.00284801
1.3	1.26	0.000858892
1.3	1.28	-0.000329537
1.3	1.3	-0.000717288
1.3	1.32	-0.000304372
1.3	1.34	0.000909194
1.3	1.36	0.00292339
1.3	1.38	0.0057382
1.3	1.4	0.0093536
1.3	1.42	0.0137696
1.3	1.44	0.0189861
1.3	1.46	0.0250032
1.3	1.48	0.0318208
1.3	1.5	0.039439
1.3	1.52	0.0478576
1.3	1.54	0.0570767
1.3	1.56	0.0670962
1.3	1.58	0.0779162
1.3	1.6	0.0895366
1.3	1.62	0.101957
1.3	1.64	0.115178
1.3	1.66	0.1292
1.3	1.68	0.144022
1.3	1.7	0.159644
1.3	1.72	0.176066
1.3	1.74	0.193289
1.3	1.76	0.211312
1.3	1.78	0.230135
1.3	1.8	0.249759
1.3	1.82	0.270182
1.3	1.84	0.291406
1.3	1.86	0.31343
1.3	1.88	0.336254
1.3	1.9	0.359878
1.3	1.92	0.384303
1.3	1.94	0.409527
1.3	1.96	0.435551
1.3	1.98	0.462376
1.3	2	0.49
1.31	0	1.7161
1.31	0.02	1.66407
1.31	0.04	1.61284
1.31	0.06	1.56242
1.31	0.08	1.51279
1.31	0.1	1.46396
1.31	0.12	1.41593
1.31	0.14	1.36871
1.31	0.16	1.32228
1.31	0.18	1.27665
1.31	0.2	1.23182
1.31	0.22	1.1878
1.31	0.24	1.14457
1.31	0.26	1.10215
1.31	0.28	1.06052
1.31	0.3	1.0197
1.31	0.32	0.979673
1.31	0.34	0.94045
1.31	0.36	0.902027
1.31	0.38	0.864404
1.31	0.4	0.827582
1.31	0.42	0.79156
1.31	0.44	0.756339
1.31	0.46	0.721919
1.31	0.48	0.6883
1.31	0.5	0.655481
1.31	0.52	0.623462
1.31	0.54	0.592245
1.31	0.56	0.561828
1.31	0.58	0.532212
1.31	0.6	0.503396
1.31	0.62	0.475381
1.31	0.64	0.448168
1.31	0.66	0.421754
1.31	0.68	0.396142
1.31	0.7	0.371331
1.31	0.72	0.34732
1.31	0.74	0.32411
1.31	0.76	0.301701
1.31	0.78	0.280093
1.31	0.8	0.259285
1.31	0.82	0.239278
1.31	0.84	0.220073
1.31	0.86	0.201668
1.31	0.88	0.184064
1.31	0.9	0.167261
1.31	0.92	0.151258
1.31	0.94	0.136057
1.31	0.96	0.121656
1.31	0.98	0.108056
1.31	1	0.0952571
1.31	1.02	0.0832589
1.31	1.04	0.0720616
1.31	1.06	0.061665
1.31	1.08	0.0520693
1.31	1.1	0.0432744
1.31	1.12	0.0352803
1.31	1.14	0.0280869
1.31	1.16	0.0216944
1.31	1.18	0.0161026
1.31	1.2	0.0113115
1.31	1.22	0.00732119
1.31	1.24	0.0041316
1.31	1.26	0.00174273
1.31	1.28	0.000154551
1.31	1.3	-0.000632931
1.31	1.32	-0.000619734
1.31	1.34	0.000194127
1.31	1.36	0.00180863
1.31	1.38	0.00422376
1.31	1.4	0.0074395
1.31	1.42	0.0114558
1.31	1.44	0.0162727
1.31	1.46	0.0218902
1.31	1.48	0.0283082
1.31	1.5	0.0355267
1.31	1.52	0.0435457
1.31	1.54	0.0523652
1.31	1.56	0.0619852
1.31	1.58	0.0724056
1.31	1.6	0.0836264
1.31	1.62	0.0956477
1.31	1.64	0.108469
1.31	1.66	0.122091
1.31	1.68	0.136514
1.31	1.7	0.151736
1.31	1.72	0.167759
1.31	1.74	0.184582
1.31	1.76	0.202206
1.31	1.78	0.22063
1.31	1.8	0.239854
1.31	1.82	0.259878
1.31	1.84	0.280702
1.31	1.86	0.302326
1.31	1.88	0.324751
1.31	1.9	0.347976
1.31	1.92	0.372
1.31	1.94	0.396825
1.31	1.96	0.42245
1.31	1.98	0.448875
1.31	2	0.4761
1.32	0	1.7424
1.32	0.02	1.68997
1.32	0.04	1.63834
1.32	0.06	1.58751
1.32	0.08	1.53749
1.32	0.1	1.48826
1.32	0.12	1.43983
1.32	0.14	1.3922
1.32	0.16	1.34537
1.32	0.18	1.29935
1.32	0.2	1.25412
1.32	0.22	1.20969
1.32	0.24	1.16607
1.32	0.26	1.12324
1.32	0.28	1.08121
1.32	0.3	1.03999
1.32	0.32	0.999565
1.32	0.34	0.959941
1.32	0.36	0.921117
1.32	0.38	0.883094
1.32	0.4	0.845871
1.32	0.42	0.809449
1.32	0.44	0.773828
1.32	0.46	0.739007
1.32	0.48	0.704987
1.32	0.5	0.671768
1.32	0.52	0.639349
1.32	0.54	0.607731
1.32	0.56	0.576914
1.32	0.58	0.546898
1.32	0.6	0.517682
1.32	0.62	0.489267
1.32	0.64	0.461653
1.32	0.66	0.434839
1.32	0.68	0.408827
1.32	0.7	0.383615
1.32	0.72	0.359204
1.32	0.74	0.335594
1.32	0.76	0.312785
1.32	0.78	0.290776
1.32	0.8	0.269569
1.32	0.82	0.249162
1.32	0.84	0.229556
1.32	0.86	0.210751
1.32	0.88	0.192747
1.32	0.9	0.175543
1.32	0.92	0.159141
1.32	0.94	0.14354
1.32	0.96	0.128739
1.32	0.98	0.114739
1.32	1	0.10154
1.32	1.02	0.0891418
1.32	1.04	0.0775445
1.32	1.06	0.0667481
1.32	1.08	0.0567524
1.32	1.1	0.0475576
1.32	1.12	0.0391636
1.32	1.14	0.0315704
1.32	1.16	0.024778
1.32	1.18	0.0187863
1.32	1.2	0.0135955
1.32	1.22	0.00920535
1.32	1.24	0.00561597
1.32	1.26	0.00282732
1.32	1.28	0.000839391
1.32	1.3	-0.000347836
1.32	1.32	-0.000734371
1.32	1.34	-0.000320229
1.32	1.36	0.00089457
1.32	1.38	0.00291001
1.32	1.4	0.00572607
1.32	1.42	0.00934273
1.32	1.44	0.01376
1.32	1.46	0.0189778
1.32	1.48	0.0249962
1.32	1.5	0.0318151
1.32	1.52	0.0394345
1.32	1.54	0.0478544
1.32	1.56	0.0570747
1.32	1.58	0.0670956
1.32	1.6	0.0779168
1.32	1.62	0.0895385
1.32	1.64	0.101961
1.32	1.66	0.115183
1.32	1.68	0.129206
1.32	1.7	0.144029
1.32	1.72	0.159652
1.32	1.74	0.176076
1.32	1.76	0.1933
1.32	1.78	0.211324
1.32	1.8	0.230149
1.32	1.82	0.249773
1.32	1.84	0.270198
1.32	1.86	0.291423
1.32	1.88	0.313448
1.32	1.9	0.336273
1.32	1.92	0.359898
1.32	1.94	0.384324
1.32	1.96	0.409549
1.32	1.98	0.435575
1.32	2	0.4624
1.33	0	1.7689
1.33	0.02	1.71607
1.33	0.04	1.66404
1.33	0.06	1.61281
1.33	0.08	1.56238
1.33	0.1	1.51275
1.33	0.12	1.46393
1.33	0.14	1.4159
1.33	0.16	1.36867
1.33	0.18	1.32224
1.33	0.2	1.27661
1.33	0.22	1.23179
1.33	0.24	1.18776
1.33	0.26	1.14453
1.33	0.28	1.10211
1.33	0.3	1.06048
1.33	0.32	1.01966
1.33	0.34	0.979632
1.33	0.36	0.940408
1.33	0.38	0.901984
1.33	0.4	0.864361
1.33	0.42	0.827539
1.33	0.44	0.791517
1.33	0.46	0.756296
1.33	0.48	0.721876
1.33	0.5	0.688256
1.33	0.52	0.655437
1.33	0.54	0.623419
1.33	0.56	0.592201
1.33	0.58	0.561784
1.33	0.6	0.532168
1.33	0.62	0.503353
1.33	0.64	0.475338
1.33	0.66	0.448125
1.33	0.68	0.421712
1.33	0.7	0.3961
1.33	0.72	0.371289
1.33	0.74	0.347279
1.33	0.76	0.324069
1.33	0.78	0.301661
1.33	0.8	0.280053
1.33	0.82	0.259246
1.33	0.84	0.23924
1.33	0.86	0.220035
1.33	0.88	0.201631
1.33	0.9	0.184027
1.33	0.92	0.167225
1.33	0.94	0.151223
1.33	0.96	0.136023
1.33	0.98	0.121623
1.33	1	0.108024
1.33	1.02	0.0952256
1.33	1.04	0.0832283
1.33	1.06	0.0720319
1.33	1.08	0.0616364
1.33	1.1	0.0520417
1.33	1.12	0.0432478
1.33	1.14	0.0352547
1.33	1.16	0.0280624
1.33	1.18	0.0216709
1.33	1.2	0.0160802
1.33	1.22	0.0112903
1.33	1.24	0.00730113
1.33	1.26	0.0041127
1.33	1.28	0.001725
1.33	1.3	0.000138012
1.33	1.32	-0.000648268
1.33	1.34	-0.00063386
1.33	1.36	0.000181218
1.33	1.38	0.00179695
1.33	1.4	0.00421331
1.33	1.42	0.00743029
1.33	1.44	0.0114479
1.33	1.46	0.016266
1.33	1.48	0.0218847
1.33	1.5	0.028304
1.33	1.52	0.0355238
1.33	1.54	0.043544
1.33	1.56	0.0523648
1.33	1.58	0.061986
1.33	1.6	0.0724077
1.33	1.62	0.0836297
1.33	1.64	0.0956522
1.33	1.66	0.108475
1.33	1.68	0.122098
1.33	1.7	0.136522
1.33	1.72	0.151746
1.33	1.74	0.16777
1.33	1.76	0.184594
1.33	1.78	0.202219
1.33	1.8	0.220644
1.33	1.82	0.239869
1.33	1.84	0.259894
1.33	1.86	0.28072
1.33	1.88	0.302345
1.33	1.9	0.324771
1.33	1.92	0.347997
1.33	1.94	0.372022
1.33	1.96	0.396848
1.33	1.98	0.422474
1.33	2	0.4489
1.34	0	1.7956
1.34	0.02	1.74237
1.34	0.04	1.68994
1.34	0.06	1.63831
1.34	0.08	1.58748
1.34	0.1	1.53745
1.34	0.12	1.48822
1.34	0.14	1.43979
1.34	0.16	1.39217
1.34	0.18	1.34534
1.34	0.2	1.29931
1.34	0.22	1.25408
1.34	0.24	1.20965
1.34	0.26	1.16603
1.34	0.28	1.1232
1.34	0.3	1.08117
1.34	0.32	1.03995
1.34	0.34	0.999524
1.34	0.36	0.959899
1.34	0.38	0.921075
1.34	0.4	0.883052
1.34	0.42	0.845829
1.34	0.44	0.809407
1.34	0.46	0.773786
1.34	0.48	0.738965
1.34	0.5	0.704945
1.34	0.52	0.671725
1.34	0.54	0.639307
1.34	0.56	0.607689
1.34	0.58	0.576872
1.34	0.6	0.546855
1.34	0.62	0.51764
1.34	0.64	0.489225
1.34	0.66	0.461611
1.34	0.68	0.434798
1.34	0.7	0.408786
1.34	0.72	0.383575
1.34	0.74	0.359164
1.34	0.76	0.335554
1.34	0.78	0.312746
1.34	0.8	0.290738
1.34	0.82	0.269531
1.34	0.84	0.249125
1.34	0.86	0.22952
1.34	0.88	0.210715
1.34	0.9	0.192712
1.34	0.92	0.175509
1.34	0.94	0.159108
1.34	0.96	0.143507
1.34	0.98	0.128707
1.34	1	0.114708
1.34	1.02	0.10151
1.34	1.04	0.089113
1.34	1.06	0.0775167
1.34	1.08	0.0667212
1.34	1.1	0.0567266
1.34	1.12	0.0475328
1.34	1.14	0.0391398
1.34	1.16	0.0315477
1.34	1.18	0.0247564
1.34	1.2	0.0187658
1.34	1.22	0.0135761
1.34	1.24	0.00918709
1.34	1.26	0.00559886
1.34	1.28	0.00281138
1.34	1.3	0.000824625
1.34	1.32	-0.000361414
1.34	1.34	-0.000746754
1.34	1.36	-0.000331412
1.34	1.38	0.000884592
1.34	1.4	0.00290124
1.34	1.42	0.00571852
1.34	1.44	0.0093364
1.34	1.46	0.0137549
1.34	1.48	0.0189739
1.34	1.5	0.0249935
1.34	1.52	0.0318136
1.34	1.54	0.0394343
1.34	1.56	0.0478554
1.34	1.58	0.057077
1.34	1.6	0.067099
1.34	1.62	0.0779215
1.34	1.64	0.0895443
1.34	1.66	0.101968
1.34	1.68	0.115191
1.34	1.7	0.129215
1.34	1.72	0.144039
1.34	1.74	0.159664
1.34	1.76	0.176089
1.34	1.78	0.193314
1.34	1.8	0.211339
1.34	1.82	0.230165
1.34	1.84	0.249791
1.34	1.86	0.270216
1.34	1.88	0.291442
1.34	1.9	0.313469
1.34	1.92	0.336295
1.34	1.94	0.359921
1.34	1.96	0.384347
1.34	1.98	0.409574
1.34	2	0.4356
1.35	0	1.8225
1.35	0.02	1.76887
1.35	0.04	1.71604
1.35	0.06	1.66401
1.35	0.08	1.61278
1.35	0.1	1.56235
1.35	0.12	1.51272
1.35	0.14	1.46389
1.35	0.16	1.41586
1.35	0.18	1.36863
1.35	0.2	1.3222
1.35	0.22	1.27658
1.35	0.24	1.23175
1.35	0.26	1.18772
1.35	0.28	1.14449
1.35	0.3	1.10207
1.35	0.32	1.06044
1.35	0.34	1.01962
1.35	0.36	0.979591
1.35	0.38	0.940367
1.35	0.4	0.901943
1.35	0.42	0.86432
1.35	0.44	0.827497
1.35	0.46	0.791476
1.35	0.48	0.756254
1.35	0.5	0.721834
1.35	0.52	0.688214
1.35	0.54	0.655395
1.35	0.56	0.623377
1.35	0.58	0.59216
1.35	0.6	0.561743
1.35	0.62	0.532127
1.35	0.64	0.503313
1.35	0.66	0.475298
1.35	0.68	0.448085
1.35	0.7	0.421673
1.35	0.72	0.396061
1.35	0.74	0.371251
1.35	0.76	0.347241
1.35	0.78	0.324032
1.35	0.8	0.301624
1.35	0.82	0.280017
1.35	0.84	0.259211
1.35	0.86	0.239205
1.35	0.88	0.220001
1.35	0.9	0.201598
1.35	0.92	0.183995
1.35	0.94	0.167193
1.35	0.96	0.151193
1.35	0.98	0.135993
1.35	1	0.121594
1.35	1.02	0.107996
1.35	1.04	0.0951986
1.35	1.06	0.0832023
1.35	1.08	0.0720069
1.35	1.1	0.0616124
1.35	1.12	0.0520187
1.35	1.14	0.0432258
1.35	1.16	0.0352338
1.35	1.18	0.0280426
1.35	1.2	0.0216523
1.35	1.22	0.0160627
1.35	1.24	0.0112739
1.35	1.26	0.00728583
1.35	1.28	0.00409855
1.35	1.3	0.00171202
1.35	1.32	0.000126203
1.35	1.34	-0.000658899
1.35	1.36	-0.000643309
1.35	1.38	0.000172955
1.35	1.4	0.00178987
1.35	1.42	0.00420743
1.35	1.44	0.0074256
1.35	1.46	0.0114444
1.35	1.48	0.0162637
1.35	1.5	0.0218836
1.35	1.52	0.0283041
1.35	1.54	0.035525
1.35	1.56	0.0435465
1.35	1.58	0.0523685
1.35	1.6	0.0619909
1.35	1.62	0.0724137
1.35	1.64	0.0836369
1.35	1.66	0.0956606
1.35	1.68	0.108485
1.35	1.7	0.122109
1.35	1.72	0.136534
1.35	1.74	0.151759
1.35	1.76	0.167784
1.35	1.78	0.184609
1.35	1.8	0.202235
1.35	1.82	0.220661
1.35	1.84	0.239887
1.35	1.86	0.259913
1.35	1.88	0.28074
1.35	1.9	0.302366
1.35	1.92	0.324793
1.35	1.94	0.34802
1.35	1.96	0.372046
1.35	1.98	0.396873
1.35	2	0.4225
1.36	0	1.8496
1.36	0.02	1.79557
1.36	0.04	1.74234
1.36	0.06	1.68991
1.36	0.08	1.63828
1.36	0.1	1.58745
1.36	0.12	1.53742
1.36	0.14	1.48819
1.36	0.16	1.43976
1.36	0.18	1.39213
1.36	0.2	1.3453
1.36	0.22	1.29927
1.36	0.24	1.25404
1.36	0.26	1.20962
1.36	0.28	1.16599
1.36	0.3	1.12316
1.36	0.32	1.08113
1.36	0.34	1.03991
1.36	0.36	0.999483
1.36	0.38	0.959859
1.36	0.4	0.921035
1.36	0.42	0.883011
1.36	0.44	0.845788
1.36	0.46	0.809366
1.36	0.48	0.773745
1.36	0.5	0.738924
1.36	0.52	0.704904
1.36	0.54	0.671685
1.36	0.56	0.639266
1.36	0.58	0.607649
1.36	0.6	0.576832
1.36	0.62	0.546816
1.36	0.64	0.517601
1.36	0.66	0.489186
1.36	0.68	0.461573
1.36	0.7	0.43476
1.36	0.72	0.408749
1.36	0.74	0.383538
1.36	0.76	0.359128
1.36	0.78	0.335519
1.36	0.8	0.312711
1.36	0.82	0.290704
1.36	0.84	0.269497
1.36	0.86	0.249092
1.36	0.88	0.229487
1.36	0.9	0.210684
1.36	0.92	0.192681
1.36	0.94	0.17548
1.36	0.96	0.159079
1.36	0.98	0.143479
1.36	1	0.12868
1.36	1.02	0.114682
1.36	1.04	0.101485
1.36	1.06	0.0890889
1.36	1.08	0.0774935
1.36	1.1	0.0666991
1.36	1.12	0.0567055
1.36	1.14	0.0475127
1.36	1.16	0.0391208
1.36	1.18	0.0315298
1.36	1.2	0.0247395
1.36	1.22	0.0187501
1.36	1.24	0.0135615
1.36	1.26	0.00917362
1.36	1.28	0.00558653
1.36	1.3	0.0028002
1.36	1.32	0.000814596
1.36	1.34	-0.000370283
1.36	1.36	-0.00075446
1.36	1.38	-0.000337953
1.36	1.4	0.000879219
1.36	1.42	0.00289704
1.36	1.44	0.00571548
1.36	1.46	0.00933453
1.36	1.48	0.0137542
1.36	1.5	0.0189744
1.36	1.52	0.0249951
1.36	1.54	0.0318164
1.36	1.56	0.0394382
1.36	1.58	0.0478605
1.36	1.6	0.0570832
1.36	1.62	0.0671064
1.36	1.64	0.07793
1.36	1.66	0.089554
1.36	1.68	0.101978
1.36	1.7	0.115203
1.36	1.72	0.129228
1.36	1.74	0.144053
1.36	1.76	0.159679
1.36	1.78	0.176105
1.36	1.8	0.193331
1.36	1.82	0.211357
1.36	1.84	0.230184
1.36	1.86	0.249811
1.36	1.88	0.270237
1.36	1.9	0.291464
1.36	1.92	0.313491
1.36	1.94	0.336319
1.36	1.96	0.359946
1.36	1.98	0.384373
1.36	2	0.4096
1.37	0	1.8769
1.37	0.02	1.82247
1.37	0.04	1.76884
1.37	0.06	1.71601
1.37	0.08	1.66398
1.37	0.1	1.61275
1.37	0.12	1.56231
1.37	0.14	1.51268
1.37	0.16	1.46385
1.37	0.18	1.41582
1.37	0.2	1.3686
1.37	0.22	1.32217
1.37	0.24	1.27654
1.37	0.26	1.23171
1.37	0.28	1.18768
1.37	0.3	1.14445
1.37	0.32	1.10203
1.37	0.34	1.0604
1.37	0.36	1.01958
1.37	0.38	0.979551
1.37	0.4	0.940327
1.37	0.42	0.901903
1.37	0.44	0.86428
1.37	0.46	0.827457
1.37	0.48	0.791436
1.37	0.5	0.756215
1.37	0.52	0.721794
1.37	0.54	0.688175
1.37	0.56	0.655356
1.37	0.58	0.623338
1.37	0.6	0.592121
1.37	0.62	0.561705
1.37	0.64	0.53209
1.37	0.66	0.503275
1.37	0.68	0.475262
1.37	0.7	0.448049
1.37	0.72	0.421637
1.37	0.74	0.396026
1.37	0.76	0.371216
1.37	0.78	0.347207
1.37	0.8	0.323998
1.37	0.82	0.301591
1.37	0.84	0.279985
1.37	0.86	0.259179
1.37	0.88	0.239175
1.37	0.9	0.219971
1.37	0.92	0.201569
1.37	0.94	0.183967
1.37	0.96	0.167166
1.37	0.98	0.151166
1.37	1	0.135968
1.37	1.02	0.12157
1.37	1.04	0.107972
1.37	1.06	0.0951763
1.37	1.08	0.083181
1.37	1.1	0.0719866
1.37	1.12	0.0615931
1.37	1.14	0.0520005
1.37	1.16	0.0432087
1.37	1.18	0.0352178
1.37	1.2	0.0280277
1.37	1.22	0.0216384
1.37	1.24	0.0160499
1.37	1.26	0.0112622
1.37	1.28	0.00727532
1.37	1.3	0.00408918
1.37	1.32	0.00170378
1.37	1.34	0.000119104
1.37	1.36	-0.000664856
1.37	1.38	-0.000648122
1.37	1.4	0.000169285
1.37	1.42	0.00178735
1.37	1.44	0.00420605
1.37	1.46	0.00742536
1.37	1.48	0.0114453
1.37	1.5	0.0162658
1.37	1.52	0.0218868
1.37	1.54	0.0283084
1.37	1.56	0.0355305
1.37	1.58	0.043553
1.37	1.6	0.0523761
1.37	1.62	0.0619996
1.37	1.64	0.0724235
1.37	1.66	0.0836478
1.37	1.68	0.0956725
1.37	1.7	0.108498
1.37	1.72	0.122123
1.37	1.74	0.136549
1.37	1.76	0.151775
1.37	1.78	0.167801
1.37	1.8	0.184627
1.37	1.82	0.202254
1.37	1.84	0.220681
1.37	1.86	0.239908
1.37	1.88	0.259935
1.37	1.9	0.280763
1.37	1.92	0.30239
1.37	1.94	0.324817
1.37	1.96	0.348045
1.37	1.98	0.372072
1.37	2	0.3969
1.38	0	1.9044
1.38	0.02	1.84957
1.38	0.04	1.79554
1.38	0.06	1.74231
1.38	0.08	1.68987
1.38	0.1	1.63824
1.38	0.12	1.58741
1.38	0.14	1.53738
1.38	0.16	1.48815
1.38	0.18	1.43972
1.38	0.2	1.39209
1.38	0.22	1.34526
1.38	0.24	1.29923
1.38	0.26	1.254
1.38	0.28	1.20958
1.38	0.3	1.16595
1.38	0.32	1.12312
1.38	0.34	1.0811
1.38	0.36	1.03987
1.38	0.38	0.999444
1.38	0.4	0.95982
1.38	0.42	0.920996
1.38	0.44	0.882972
1.38	0.46	0.845749
1.38	0.48	0.809327
1.38	0.5	0.773706
1.38	0.52	0.738886
1.38	0.54	0.704866
1.38	0.56	0.671647
1.38	0.58	0.639229
1.38	0.6	0.607612
1.38	0.62	0.576795
1.38	0.64	0.54678
1.38	0.66	0.517565
1.38	0.68	0.489151
1.38	0.7	0.461538
1.38	0.72	0.434726
1.38	0.74	0.408715
1.38	0.76	0.383505
1.38	0.78	0.359095
1.38	0.8	0.335487
1.38	0.82	0.31268
1.38	0.84	0.290673
1.38	0.86	0.269468
1.38	0.88	0.249063
1.38	0.9	0.22946
1.38	0.92	0.210657
1.38	0.94	0.192655
1.38	0.96	0.175455
1.38	0.98	0.159055
1.38	1	0.143456
1.38	1.02	0.128658
1.38	1.04	0.114661
1.38	1.06	0.101465
1.38	1.08	0.0890695
1.38	1.1	0.0774751
1.38	1.12	0.0666817
1.38	1.14	0.0566892
1.38	1.16	0.0474975
1.38	1.18	0.0391067
1.38	1.2	0.0315167
1.38	1.22	0.0247275
1.38	1.24	0.0187392
1.38	1.26	0.0135517
1.38	1.28	0.00916494
1.38	1.3	0.00557897
1.38	1.32	0.00279375
1.38	1.34	0.000809271
1.38	1.36	-0.000374488
1.38	1.38	-0.000757544
1.38	1.4	-0.000339918
1.38	1.42	0.000878372
1.38	1.44	0.00289731
1.38	1.46	0.00571686
1.38	1.48	0.00933702
1.38	1.5	0.0137578
1.38	1.52	0.0189791
1.38	1.54	0.0250009
1.38	1.56	0.0318233
1.38	1.58	0.0394462
1.38	1.6	0.0478695
1.38	1.62	0.0570933
1.38	1.64	0.0671175
1.38	1.66	0.0779421
1.38	1.68	0.0895671
1.38	1.7	0.101993
1.38	1.72	0.115218
1.38	1.74	0.129244
1.38	1.76	0.144071
1.38	1.78	0.159697
1.38	1.8	0.176124
1.38	1.82	0.193351
1.38	1.84	0.211378
1.38	1.86	0.230206
1.38	1.88	0.249833
1.38	1.9	0.270261
1.38	1.92	0.291489
1.38	1.94	0.313516
1.38	1.96	0.336344
1.38	1.98	0.359972
1.38	2	0.3844
1.39	0	1.9321
1.39	0.02	1.87687
1.39	0.04	1.82244
1.39	0.06	1.7688
1.39	0.08	1.71597
1.39	0.1	1.66394
1.39	0.12	1.61271
1.39	0.14	1.56228
1.39	0.16	1.51265
1.39	0.18	1.46382
1.39	0.2	1.41579
1.39	0.22	1.36856
1.39	0.24	1.32213
1.39	0.26	1.2765
1.39	0.28	1.23167
1.39	0.3	1.18764
1.39	0.32	1.14442
1.39	0.34	1.10199
1.39	0.36	1.06036
1.39	0.38	1.01954
1.39	0.4	0.979513
1.39	0.42	0.940289
1.39	0.44	0.901865
1.39	0.46	0.864242
1.39	0.48	0.82742
1.39	0.5	0.791398
1.39	0.52	0.756177
1.39	0.54	0.721757
1.39	0.56	0.688138
1.39	0.58	0.65532
1.39	0.6	0.623303
1.39	0.62	0.592086
1.39	0.64	0.56167
1.39	0.66	0.532055
1.39	0.68	0.503241
1.39	0.7	0.475228
1.39	0.72	0.448016
1.39	0.74	0.421605
1.39	0.76	0.395994
1.39	0.78	0.371185
1.39	0.8	0.347177
1.39	0.82	0.323969
1.39	0.84	0.301563
1.39	0.86	0.279957
1.39	0.88	0.259153
1.39	0.9	0.239149
1.39	0.92	0.219946
1.39	0.94	0.201544
1.39	0.96	0.183944
1.39	0.98	0.167144
1.39	1	0.151145
1.39	1.02	0.135947
1.39	1.04	0.12155
1.39	1.06	0.107954
1.39	1.08	0.0951588
1.39	1.1	0.0831646
1.39	1.12	0.0719712
1.39	1.14	0.0615788
1.39	1.16	0.0519872
1.39	1.18	0.0431965
1.39	1.2	0.0352066
1.39	1.22	0.0280176
1.39	1.24	0.0216294
1.39	1.26	0.016042
1.39	1.28	0.0112554
1.39	1.3	0.00726958
1.39	1.32	0.00408453
1.39	1.34	0.00170023
1.39	1.36	0.000116654
1.39	1.38	-0.000666209
1.39	1.4	-0.000648382
1.39	1.42	0.000170117
1.39	1.44	0.00178927
1.39	1.46	0.00420905
1.39	1.48	0.00742944
1.39	1.5	0.0114504
1.39	1.52	0.016272
1.39	1.54	0.0218941
1.39	1.56	0.0283167
1.39	1.58	0.0355398
1.39	1.6	0.0435634
1.39	1.62	0.0523875
1.39	1.64	0.062012
1.39	1.66	0.0724369
1.39	1.68	0.0836622
1.39	1.7	0.0956878
1.39	1.72	0.108514
1.39	1.74	0.12214
1.39	1.76	0.136567
1.39	1.78	0.151794
1.39	1.8	0.167821
1.39	1.82	0.184648
1.39	1.84	0.202276
1.39	1.86	0.220703
1.39	1.88	0.239931
1.39	1.9	0.259959
1.39	1.92	0.280787
1.39	1.94	0.302415
1.39	1.96	0.324844
1.39	1.98	0.348072
1.39	2	0.3721
1.4	0	1.96
1.4	0.02	1.90437
1.4	0.04	1.84954
1.4	0.06	1.7955
1.4	0.08	1.74227
1.4	0.1	1.68984
1.4	0.12	1.63821
1.4	0.14	1.58738
1.4	0.16	1.53735
1.4	0.18	1.48812
1.4	0.2	1.43968
1.4	0.22	1.39206
1.4	0.24	1.34523
1.4	0.26	1.2992
1.4	0.28	1.25397
1.4	0.3	1.20954
1.4	0.32	1.16591
1.4	0.34	1.12308
1.4	0.36	1.08106
1.4	0.38	1.03983
1.4	0.4	0.999407
1.4	0.42	0.959782
1.4	0.44	0.920958
1.4	0.46	0.882935
1.4	0.48	0.845713
1.4	0.5	0.809291
1.4	0.52	0.77367
1.4	0.54	0.73885
1.4	0.56	0.704831
1.4	0.58	0.671612
1.4	0.6	0.639194
1.4	0.62	0.607578
1.4	0.64	0.576762
1.4	0.66	0.546747
1.4	0.68	0.517532
1.4	0.7	0.489119
1.4	0.72	0.461507
1.4	0.74	0.434696
1.4	0.76	0.408685
1.4	0.78	0.383476
1.4	0.8	0.359067
1.4	0.82	0.33546
1.4	0.84	0.312653
1.4	0.86	0.290647
1.4	0.88	0.269443
1.4	0.9	0.249039
1.4	0.92	0.229436
1.4	0.94	0.210635
1.4	0.96	0.192634
1.4	0.98	0.175434
1.4	1	0.159035
1.4	1.02	0.143437
1.4	1.04	0.12864
1.4	1.06	0.114644
1.4	1.08	0.101449
1.4	1.1	0.0890549
1.4	1.12	0.0774616
1.4	1.14	0.0666693
1.4	1.16	0.0566778
1.4	1.18	0.0474871
1.4	1.2	0.0390974
1.4	1.22	0.0315085
1.4	1.24	0.0247204
1.4	1.26	0.0187331
1.4	1.28	0.0135467
1.4	1.3	0.00916102
1.4	1.32	0.00557612
1.4	1.34	0.00279198
1.4	1.36	0.000808577
1.4	1.38	-0.00037411
1.4	1.4	-0.000756099
1.4	1.42	-0.000337411
1.4	1.44	0.000881937
1.4	1.46	0.00290192
1.4	1.48	0.00572252
1.4	1.5	0.00934372
1.4	1.52	0.0137655
1.4	1.54	0.0189878
1.4	1.56	0.0250107
1.4	1.58	0.031834
1.4	1.6	0.0394579
1.4	1.62	0.0478822
1.4	1.64	0.0571069
1.4	1.66	0.0671321
1.4	1.68	0.0779577
1.4	1.7	0.0895836
1.4	1.72	0.10201
1.4	1.74	0.115236
1.4	1.76	0.129263
1.4	1.78	0.14409
1.4	1.8	0.159718
1.4	1.82	0.176146
1.4	1.84	0.193373
1.4	1.86	0.211401
1.4	1.88	0.230229
1.4	1.9	0.249858
1.4	1.92	0.270286
1.4	1.94	0.291515
1.4	1.96	0.313543
1.4	1.98	0.336371
1.4	2	0.36
1.41	0	1.9881
1.41	0.02	1.93207
1.41	0.04	1.87684
1.41	0.06	1.8224
1.41	0.08	1.76877
1.41	0.1	1.71594
1.41	0.12	1.66391
1.41	0.14	1.61268
1.41	0.16	1.56224
1.41	0.18	1.51261
1.41	0.2	1.46378
1.41	0.22	1.41575
1.41	0.24	1.36852
1.41	0.26	1.32209
1.41	0.28	1.27646
1.41	0.3	1.23164
1.41	0.32	1.18761
1.41	0.34	1.14438
1.41	0.36	1.10195
1.41	0.38	1.06033
1.41	0.4	1.0195
1.41	0.42	0.979477
1.41	0.44	0.940252
1.41	0.46	0.901829
1.41	0.48	0.864206
1.41	0.5	0.827384
1.41	0.52	0.791363
1.41	0.54	0.756143
1.41	0.56	0.721723
1.41	0.58	0.688105
1.41	0.6	0.655287
1.41	0.62	0.62327
1.41	0.64	0.592054
1.41	0.66	0.561639
1.41	0.68	0.532024
1.41	0.7	0.503211
1.41	0.72	0.475199
1.41	0.74	0.447987
1.41	0.76	0.421577
1.41	0.78	0.395967
1.41	0.8	0.371159
1.41	0.82	0.347151
1.41	0.84	0.323944
1.41	0.86	0.301539
1.41	0.88	0.279934
1.41	0.9	0.25913
1.41	0.92	0.239128
1.41	0.94	0.219926
1.41	0.96	0.201525
1.41	0.98	0.183925
1.41	1	0.167126
1.41	1.02	0.151128
1.41	1.04	0.135931
1.41	1.06	0.121535
1.41	1.08	0.10794
1.41	1.1	0.0951462
1.41	1.12	0.083153
1.41	1.14	0.0719607
1.41	1.16	0.0615693
1.41	1.18	0.0519787
1.41	1.2	0.0431891
1.41	1.22	0.0352003
1.41	1.24	0.0280123
1.41	1.26	0.0216252
1.41	1.28	0.0160388
1.41	1.3	0.0112533
1.41	1.32	0.00726854
1.41	1.34	0.00408454
1.41	1.36	0.00170129
1.41	1.38	0.00011876
1.41	1.4	-0.000663064
1.41	1.42	-0.000644203
1.41	1.44	0.000175322
1.41	1.46	0.00179549
1.41	1.48	0.00421628
1.41	1.5	0.00743767
1.41	1.52	0.0114596
1.41	1.54	0.0162822
1.41	1.56	0.0219052
1.41	1.58	0.0283288
1.41	1.6	0.0355529
1.41	1.62	0.0435774
1.41	1.64	0.0524024
1.41	1.66	0.0620278
1.41	1.68	0.0724536
1.41	1.7	0.0836798
1.41	1.72	0.0957063
1.41	1.74	0.108533
1.41	1.76	0.12216
1.41	1.78	0.136588
1.41	1.8	0.151815
1.41	1.82	0.167843
1.41	1.84	0.184671
1.41	1.86	0.202299
1.41	1.88	0.220728
1.41	1.9	0.239956
1.41	1.92	0.259985
1.41	1.94	0.280814
1.41	1.96	0.302442
1.41	1.98	0.324871
1.41	2	0.3481
1.42	0	2.0164
1.42	0.02	1.95997
1.42	0.04	1.90433
1.42	0.06	1.8495
1.42	0.08	1.79547
1.42	0.1	1.74224
1.42	0.12	1.68981
1.42	0.14	1.63817
1.42	0.16	1.58734
1.42	0.18	1.53731
1.42	0.2	1.48808
1.42	0.22	1.43965
1.42	0.24	1.39202
1.42	0.26	1.34519
1.42	0.28	1.29916
1.42	0.3	1.25393
1.42	0.32	1.2095
1.42	0.34	1.16588
1.42	0.36	1.12305
1.42	0.38	1.08102
1.42	0.4	1.0398
1.42	0.42	0.999372
1.42	0.44	0.959747
1.42	0.46	0.920924
1.42	0.48	0.882901
1.42	0.5	0.845679
1.42	0.52	0.809257
1.42	0.54	0.773637
1.42	0.56	0.738817
1.42	0.58	0.704798
1.42	0.6	0.67158
1.42	0.62	0.639163
1.42	0.64	0.607547
1.42	0.66	0.576732
1.42	0.68	0.546717
1.42	0.7	0.517504
1.42	0.72	0.489091
1.42	0.74	0.46148
1.42	0.76	0.434669
1.42	0.78	0.40866
1.42	0.8	0.383451
1.42	0.82	0.359043
1.42	0.84	0.335437
1.42	0.86	0.312631
1.42	0.88	0.290626
1.42	0.9	0.269422
1.42	0.92	0.24902
1.42	0.94	0.229418
1.42	0.96	0.210617
1.42	0.98	0.192617
1.42	1	0.175418
1.42	1.02	0.15902
1.42	1.04	0.143424
1.42	1.06	0.128628
1.42	1.08	0.114633
1.42	1.1	0.101438
1.42	1.12	0.0890453
1.42	1.14	0.0774531
1.42	1.16	0.0666617
1.42	1.18	0.0566713
1.42	1.2	0.0474817
1.42	1.22	0.039093
1.42	1.24	0.0315051
1.42	1.26	0.024718
1.42	1.28	0.0187318
1.42	1.3	0.0135464
1.42	1.32	0.00916178
1.42	1.34	0.00557791
1.42	1.36	0.00279479
1.42	1.38	0.000812408
1.42	1.4	-0.000369269
1.42	1.42	-0.000750255
1.42	1.44	-0.000330572
1.42	1.46	0.000889761
1.42	1.48	0.00291072
1.42	1.5	0.00573229
1.42	1.52	0.00935444
1.42	1.54	0.0137772
1.42	1.56	0.0190004
1.42	1.58	0.0250242
1.42	1.6	0.0318484
1.42	1.62	0.0394732
1.42	1.64	0.0478983
1.42	1.66	0.0571239
1.42	1.68	0.06715
1.42	1.7	0.0779763
1.42	1.72	0.0896031
1.42	1.74	0.10203
1.42	1.76	0.115257
1.42	1.78	0.129285
1.42	1.8	0.144113
1.42	1.82	0.159741
1.42	1.84	0.176169
1.42	1.86	0.193398
1.42	1.88	0.211426
1.42	1.9	0.230255
1.42	1.92	0.249884
1.42	1.94	0.270313
1.42	1.96	0.291542
1.42	1.98	0.313571
1.42	2	0.3364
1.43	0	2.0449
1.43	0.02	1.98807
1.43	0.04	1.93203
1.43	0.06	1.8768
1.43	0.08	1.82237
1.43	0.1	1.76874
1.43	0.12	1.7159
1.43	0.14	1.66387
1.43	0.16	1.61264
1.43	0.18	1.56221
1.43	0.2	1.51258
1.43	0.22	1.46375
1.43	0.24	1.41572
1.43	0.26	1.36849
1.43	0.28	1.32206
1.43	0.3	1.27643
1.43	0.32	1.2316
1.43	0.34	1.18757
1.43	0.36	1.14434
1.43	0.38	1.10192
1.43	0.4	1.06029
1.43	0.42	1.01947
1.43	0.44	0.979443
1.43	0.46	0.940219
1.43	0.48	0.901796
1.43	0.5	0.864174
1.43	0.52	0.827352
1.43	0.54	0.791331
1.43	0.56	0.756112
1.43	0.58	0.721693
1.43	0.6	0.688075
1.43	0.62	0.655257
1.43	0.64	0.623241
1.43	0.66	0.592026
1.43	0.68	0.561611
1.43	0.7	0.531998
1.43	0.72	0.503185
1.43	0.74	0.475173
1.43	0.76	0.447963
1.43	0.78	0.421553
1.43	0.8	0.395944
1.43	0.82	0.371137
1.43	0.84	0.34713
1.43	0.86	0.323924
1.43	0.88	0.301519
1.43	0.9	0.279915
1.43	0.92	0.259113
1.43	0.94	0.239111
1.43	0.96	0.21991
1.43	0.98	0.20151
1.43	1	0.183911
1.43	1.02	0.167114
1.43	1.04	0.151117
1.43	1.06	0.135921
1.43	1.08	0.121526
1.43	1.1	0.107932
1.43	1.12	0.0951386
1.43	1.14	0.0831464
1.43	1.16	0.0719551
1.43	1.18	0.0615647
1.43	1.2	0.0519752
1.43	1.22	0.0431865
1.43	1.24	0.0351988
1.43	1.26	0.0280118
1.43	1.28	0.0216257
1.43	1.3	0.0160404
1.43	1.32	0.0112558
1.43	1.34	0.0072721
1.43	1.36	0.0040891
1.43	1.38	0.00170684
1.43	1.4	0.000125291
1.43	1.42	-0.000655561
1.43	1.44	-0.000635739
1.43	1.46	0.000184737
1.43	1.48	0.00180585
1.43	1.5	0.00422756
1.43	1.52	0.00744987
1.43	1.54	0.0114727
1.43	1.56	0.0162962
1.43	1.58	0.0219201
1.43	1.6	0.0283445
1.43	1.62	0.0355694
1.43	1.64	0.0435948
1.43	1.66	0.0524206
1.43	1.68	0.0620468
1.43	1.7	0.0724733
1.43	1.72	0.0837002
1.43	1.74	0.0957275
1.43	1.76	0.108555
1.43	1.78	0.122183
1.43	1.8	0.136611
1.43	1.82	0.151839
1.43	1.84	0.167868
1.43	1.86	0.184696
1.43	1.88	0.202325
1.43	1.9	0.220754
1.43	1.92	0.239983
1.43	1.94	0.260012
1.43	1.96	0.280842
1.43	1.98	0.302471
1.43	2	0.3249
1.44	0	2.0736
1.44	0.02	2.01637
1.44	0.04	1.95993
1.44	0.06	1.9043
1.44	0.08	1.84947
1.44	0.1	1.79544
1.44	0.12	1.7422
1.44	0.14	1.68977
1.44	0.16	1.63814
1.44	0.18	1.58731
1.44	0.2	1.53728
1.44	0.22	1.48804
1.44	0.24	1.43961
1.44	0.26	1.39198
1.44	0.28	1.34515
1.44	0.3	1.29913
1.44	0.32	1.2539
1.44	0.34	1.20947
1.44	0.36	1.16584
1.44	0.38	1.12301
1.44	0.4	1.08099
1.44	0.42	1.03976
1.44	0.44	0.999339
1.44	0.46	0.959715
1.44	0.48	0.920892
1.44	0.5	0.882869
1.44	0.52	0.845648
1.44	0.54	0.809227
1.44	0.56	0.773607
1.44	0.58	0.738788
1.44	0.6	0.70477
1.44	0.62	0.671552
1.44	0.64	0.639136
1.44	0.66	0.60752
1.44	0.68	0.576706
1.44	0.7	0.546692
1.44	0.72	0.517479
1.44	0.74	0.489068
1.44	0.76	0.461457
1.44	0.78	0.434647
1.44	0.8	0.408639
1.44	0.82	0.383431
1.44	0.84	0.359024
1.44	0.86	0.335418
1.44	0.88	0.312613
1.44	0.9	0.29061
1.44	0.92	0.269407
1.44	0.94	0.249005
1.44	0.96	0.229404
1.44	0.98	0.210604
1.44	1	0.192605
1.44	1.02	0.175408
1.44	1.04	0.159011
1.44	1.06	0.143415
1.44	1.08	0.12862
1.44	1.1	0.114626
1.44	1.12	0.101433
1.44	1.14	0.0890406
1.44	1.16	0.0774494
1.44	1.18	0.0666591
1.44	1.2	0.0566696
1.44	1.22	0.047481
1.44	1.24	0.0390933
1.44	1.26	0.0315065
1.44	1.28	0.0247204
1.44	1.3	0.0187352
1.44	1.32	0.0135508
1.44	1.34	0.00916711
1.44	1.36	0.00558421
1.44	1.38	0.00280206
1.44	1.4	0.000820621
1.44	1.42	-0.000360117
1.44	1.44	-0.000740175
1.44	1.46	-0.000319576
1.44	1.48	0.000901659
1.44	1.5	0.00292351
1.44	1.52	0.00574595
1.44	1.54	0.00936896
1.44	1.56	0.0137925
1.44	1.58	0.0190166
1.44	1.6	0.0250412
1.44	1.62	0.0318662
1.44	1.64	0.0394917
1.44	1.66	0.0479177
1.44	1.68	0.057144
1.44	1.7	0.0671708
1.44	1.72	0.0779978
1.44	1.74	0.0896252
1.44	1.76	0.102053
1.44	1.78	0.115281
1.44	1.8	0.129309
1.44	1.82	0.144138
1.44	1.84	0.159766
1.44	1.86	0.176195
1.44	1.88	0.193424
1.44	1.9	0.211453
1.44	1.92	0.230283
1.44	1.94	0.249912
1.44	1.96	0.270341
1.44	1.98	0.291571
1.44	2	0.3136
1.45	0	2.1025
1.45	0.02	2.04487
1.45	0.04	1.98803
1.45	0.06	1.932
1.45	0.08	1.87677
1.45	0.1	1.82233
1.45	0.12	1.7687
1.45	0.14	1.71587
1.45	0.16	1.66384
1.45	0.18	1.61261
1.45	0.2	1.56217
1.45	0.22	1.51254
1.45	0.24	1.46371
1.45	0.26	1.41568
1.45	0.28	1.36845
1.45	0.3	1.32202
1.45	0.32	1.27639
1.45	0.34	1.23157
1.45	0.36	1.18754
1.45	0.38	1.14431
1.45	0.4	1.10189
1.45	0.42	1.06026
1.45	0.44	1.01944
1.45	0.46	0.979411
1.45	0.48	0.940188
1.45	0.5	0.901766
1.45	0.52	0.864144
1.45	0.54	0.827323
1.45	0.56	0.791303
1.45	0.58	0.756084
1.45	0.6	0.721665
1.45	0.62	0.688048
1.45	0.64	0.655232
1.45	0.66	0.623216
1.45	0.68	0.592001
1.45	0.7	0.561588
1.45	0.72	0.531975
1.45	0.74	0.503163
1.45	0.76	0.475152
1.45	0.78	0.447943
1.45	0.8	0.421534
1.45	0.82	0.395926
1.45	0.84	0.371119
1.45	0.86	0.347113
1.45	0.88	0.323908
1.45	0.9	0.301505
1.45	0.92	0.279902
1.45	0.94	0.2591
1.45	0.96	0.239099
1.45	0.98	0.219899
1.45	1	0.201501
1.45	1.02	0.183903
1.45	1.04	0.167106
1.45	1.06	0.15111
1.45	1.08	0.135915
1.45	1.1	0.121521
1.45	1.12	0.107928
1.45	1.14	0.0951358
1.45	1.16	0.0831446
1.45	1.18	0.0719543
1.45	1.2	0.061565
1.45	1.22	0.0519764
1.45	1.24	0.0431888
1.45	1.26	0.035202
1.45	1.28	0.028016
1.45	1.3	0.0216309
1.45	1.32	0.0160465
1.45	1.34	0.0112629
1.45	1.36	0.00728013
1.45	1.38	0.00409807
1.45	1.4	0.00171672
1.45	1.42	0.000136082
1.45	1.44	-0.000643877
1.45	1.46	-0.000623175
1.45	1.48	0.000198165
1.45	1.5	0.00182012
1.45	1.52	0.00424268
1.45	1.54	0.00746581
1.45	1.56	0.0114895
1.45	1.58	0.0163137
1.45	1.6	0.0219384
1.45	1.62	0.0283636
1.45	1.64	0.0355892
1.45	1.66	0.0436153
1.45	1.68	0.0524418
1.45	1.7	0.0620686
1.45	1.72	0.0724958
1.45	1.74	0.0837234
1.45	1.76	0.0957512
1.45	1.78	0.108579
1.45	1.8	0.122208
1.45	1.82	0.136636
1.45	1.84	0.151865
1.45	1.86	0.167894
1.45	1.88	0.184723
1.45	1.9	0.202353
1.45	1.92	0.220782
1.45	1.94	0.240011
1.45	1.96	0.260041
1.45	1.98	0.28087
1.45	2	0.3025
1.46	0	2.1316
1.46	0.02	2.07357
1.46	0.04	2.01633
1.46	0.06	1.9599
1.46	0.08	1.90427
1.46	0.1	1.84943
1.46	0.12	1.7954
1.46	0.14	1.74217
1.46	0.16	1.68974
1.46	0.18	1.6381
1.46	0.2	1.58727
1.46	0.22	1.53724
1.46	0.24	1.48801
1.46	0.26	1.43958
1.46	0.28	1.39195
1.46	0.3	1.34512
1.46	0.32	1.29909
1.46	0.34	1.25386
1.46	0.36	1.20944
1.46	0.38	1.16581
1.46	0.4	1.12298
1.46	0.42	1.08096
1.46	0.44	1.03973
1.46	0.46	0.999309
1.46	0.48	0.959685
1.46	0.5	0.920863
1.46	0.52	0.882841
1.46	0.54	0.84562
1.46	0.56	0.8092
1.46	0.58	0.77358
1.46	0.6	0.738762
1.46	0.62	0.704745
1.46	0.64	0.671528
1.46	0.66	0.639112
1.46	0.68	0.607498
1.46	0.7	0.576684
1.46	0.72	0.546671
1.46	0.74	0.517459
1.46	0.76	0.489049
1.46	0.78	0.461439
1.46	0.8	0.43463
1.46	0.82	0.408622
1.46	0.84	0.383415
1.46	0.86	0.359009
1.46	0.88	0.335404
1.46	0.9	0.312601
1.46	0.92	0.290598
1.46	0.94	0.269396
1.46	0.96	0.248995
1.46	0.98	0.229395
1.46	1	0.210597
1.46	1.02	0.192599
1.46	1.04	0.175402
1.46	1.06	0.159006
1.46	1.08	0.143411
1.46	1.1	0.128617
1.46	1.12	0.114624
1.46	1.14	0.101432
1.46	1.16	0.0890408
1.46	1.18	0.0774506
1.46	1.2	0.0666612
1.46	1.22	0.0566728
1.46	1.24	0.0474852
1.46	1.26	0.0390984
1.46	1.28	0.0315125
1.46	1.3	0.0247274
1.46	1.32	0.0187431
1.46	1.34	0.0135596
1.46	1.36	0.00917687
1.46	1.38	0.00559487
1.46	1.4	0.0028136
1.46	1.42	0.000833038
1.46	1.44	-0.000346842
1.46	1.46	-0.000726058
1.46	1.48	-0.000304632
1.46	1.5	0.000917414
1.46	1.52	0.00294006
1.46	1.54	0.00576328
1.46	1.56	0.00938705
1.46	1.58	0.0138113
1.46	1.6	0.0190361
1.46	1.62	0.0250614
1.46	1.64	0.0318872
1.46	1.66	0.0395133
1.46	1.68	0.0479399
1.46	1.7	0.0571669
1.46	1.72	0.0671942
1.46	1.74	0.0780219
1.46	1.76	0.0896498
1.46	1.78	0.102078
1.46	1.8	0.115307
1.46	1.82	0.129335
1.46	1.84	0.144164
1.46	1.86	0.159793
1.46	1.88	0.176223
1.46	1.9	0.193452
1.46	1.92	0.211482
1.46	1.94	0.230311
1.46	1.96	0.249941
1.46	1.98	0.27037
1.46	2	0.2916
1.47	0	2.1609
1.47	0.02	2.10247
1.47	0.04	2.04483
1.47	0.06	1.988
1.47	0.08	1.93197
1.47	0.1	1.87673
1.47	0.12	1.8223
1.47	0.14	1.76867
1.47	0.16	1.71584
1.47	0.18	1.6638
1.47	0.2	1.61257
1.47	0.22	1.56214
1.47	0.24	1.51251
1.47	0.26	1.46368
1.47	0.28	1.41565
1.47	0.3	1.36842
1.47	0.32	1.32199
1.47	0.34	1.27636
1.47	0.36	1.23153
1.47	0.38	1.18751
1.47	0.4	1.14428
1.47	0.42	1.10186
1.47	0.44	1.06023
1.47	0.46	1.01941
1.47	0.48	0.979383
1.47	0.5	0.94016
1.47	0.52	0.901739
1.47	0.54	0.864118
1.47	0.56	0.827297
1.47	0.58	0.791278
1.47	0.6	0.75606
1.47	0.62	0.721642
1.47	0.64	0.688025
1.47	0.66	0.65521
1.47	0.68	0.623195
1.47	0.7	0.591981
1.47	0.72	0.561568
1.47	0.74	0.531957
1.47	0.76	0.503146
1.47	0.78	0.475136
1.47	0.8	0.447927
1.47	0.82	0.421519
1.47	0.84	0.395912
1.47	0.86	0.371106
1.47	0.88	0.347102
1.47	0.9	0.323898
1.47	0.92	0.301495
1.47	0.94	0.279893
1.47	0.96	0.259092
1.47	0.98	0.239092
1.47	1	0.219894
1.47	1.02	0.201496
1.47	1.04	0.183899
1.47	1.06	0.167103
1.47	1.08	0.151108
1.47	1.1	0.135914
1.47	1.12	0.121521
1.47	1.14	0.107929
1.47	1.16	0.095138
1.47	1.18	0.0831478
1.47	1.2	0.0719584
1.47	1.22	0.06157
1.47	1.24	0.0519824
1.47	1.26	0.0431957
1.47	1.28	0.0352099
1.47	1.3	0.0280248
1.47	1.32	0.0216406
1.47	1.34	0.0160571
1.47	1.36	0.0112744
1.47	1.38	0.00729247
1.47	1.4	0.00411126
1.47	1.42	0.00173075
1.47	1.44	0.000150933
1.47	1.46	-0.000628222
1.47	1.48	-0.000606732
1.47	1.5	0.000215379
1.47	1.52	0.00183809
1.47	1.54	0.00426138
1.47	1.56	0.00748522
1.47	1.58	0.0115096
1.47	1.6	0.0163345
1.47	1.62	0.0219598
1.47	1.64	0.0283856
1.47	1.66	0.0356119
1.47	1.68	0.0436386
1.47	1.7	0.0524656
1.47	1.72	0.062093
1.47	1.74	0.0725207
1.47	1.76	0.0837488
1.47	1.78	0.0957771
1.47	1.8	0.108606
1.47	1.82	0.122235
1.47	1.84	0.136664
1.47	1.86	0.151893
1.47	1.88	0.167922
1.47	1.9	0.184752
1.47	1.92	0.202381
1.47	1.94	0.220811
1.47	1.96	0.240041
1.47	1.98	0.26007
1.47	2	0.2809
1.48	0	2.1904
1.48	0.02	2.13157
1.48	0.04	2.07353
1.48	0.06	2.0163
1.48	0.08	1.95987
1.48	0.1	1.90423
1.48	0.12	1.8494
1.48	0.14	1.79537
1.48	0.16	1.74213
1.48	0.18	1.6897
1.48	0.2	1.63807
1.48	0.22	1.58724
1.48	0.24	1.53721
1.48	0.26	1.48798
1.48	0.28	1.43955
1.48	0.3	1.39192
1.48	0.32	1.34509
1.48	0.34	1.29906
1.48	0.36	1.25383
1.48	0.38	1.20941
1.48	0.4	1.16578
1.48	0.42	1.12295
1.48	0.44	1.08093
1.48	0.46	1.03971
1.48	0.48	0.999282
1.48	0.5	0.959659
1.48	0.52	0.920837
1.48	0.54	0.882816
1.48	0.56	0.845596
1.48	0.58	0.809176
1.48	0.6	0.773558
1.48	0.62	0.73874
1.48	0.64	0.704724
1.48	0.66	0.671508
1.48	0.68	0.639093
1.48	0.7	0.607479
1.48	0.72	0.576667
1.48	0.74	0.546655
1.48	0.76	0.517444
1.48	0.78	0.489034
1.48	0.8	0.461425
1.48	0.82	0.434617
1.48	0.84	0.40861
1.48	0.86	0.383404
1.48	0.88	0.359
1.48	0.9	0.335396
1.48	0.92	0.312593
1.48	0.94	0.290591
1.48	0.96	0.26939
1.48	0.98	0.24899
1.48	1	0.229392
1.48	1.02	0.210594
1.48	1.04	0.192597
1.48	1.06	0.175401
1.48	1.08	0.159006
1.48	1.1	0.143412
1.48	1.12	0.128619
1.48	1.14	0.114627
1.48	1.16	0.101436
1.48	1.18	0.0890459
1.48	1.2	0.0774566
1.48	1.22	0.0666682
1.48	1.24	0.0566806
1.48	1.26	0.0474939
1.48	1.28	0.0391081
1.48	1.3	0.0315231
1.48	1.32	0.0247389
1.48	1.34	0.0187554
1.48	1.36	0.0135728
1.48	1.38	0.00919088
1.48	1.4	0.0056097
1.48	1.42	0.00282923
1.48	1.44	0.000849449
1.48	1.46	-0.000329665
1.48	1.48	-0.000708133
1.48	1.5	-0.000285978
1.48	1.52	0.000936777
1.48	1.54	0.00296011
1.48	1.56	0.005784
1.48	1.58	0.00940842
1.48	1.6	0.0138333
1.48	1.62	0.0190587
1.48	1.64	0.0250846
1.48	1.66	0.0319109
1.48	1.68	0.0395376
1.48	1.7	0.0479647
1.48	1.72	0.0571922
1.48	1.74	0.06722
1.48	1.76	0.0780481
1.48	1.78	0.0896765
1.48	1.8	0.102105
1.48	1.82	0.115334
1.48	1.84	0.129363
1.48	1.86	0.144192
1.48	1.88	0.159822
1.48	1.9	0.176251
1.48	1.92	0.193481
1.48	1.94	0.211511
1.48	1.96	0.23034
1.48	1.98	0.24997
1.48	2	0.2704
1.49	0	2.2201
1.49	0.02	2.16087
1.49	0.04	2.10243
1.49	0.06	2.0448
1.49	0.08	1.98797
1.49	0.1	1.93193
1.49	0.12	1.8767
1.49	0.14	1.82227
1.49	0.16	1.76863
1.49	0.18	1.7158
1.49	0.2	1.66377
1.49	0.22	1.61254
1.49	0.24	1.56211
1.49	0.26	1.51248
1.49	0.28	1.46365
1.49	0.3	1.41562
1.49	0.32	1.36839
1.49	0.34	1.32196
1.49	0.36	1.27633
1.49	0.38	1.23151
1.49	0.4	1.18748
1.49	0.42	1.14425
1.49	0.44	1.10183
1.49	0.46	1.0602
1.49	0.48	1.01938
1.49	0.5	0.979358
1.49	0.52	0.940136
1.49	0.54	0.901715
1.49	0.56	0.864095
1.49	0.58	0.827276
1.49	0.6	0.791257
1.49	0.62	0.75604
1.49	0.64	0.721623
1.49	0.66	0.688007
1.49	0.68	0.655192
1.49	0.7	0.623179
1.49	0.72	0.591966
1.49	0.74	0.561554
1.49	0.76	0.531943
1.49	0.78	0.503133
1.49	0.8	0.475124
1.49	0.82	0.447916
1.49	0.84	0.421509
1.49	0.86	0.395903
1.49	0.88	0.371099
1.49	0.9	0.347095
1.49	0.92	0.323892
1.49	0.94	0.30149
1.49	0.96	0.279889
1.49	0.98	0.259089
1.49	1	0.239091
1.49	1.02	0.219893
1.49	1.04	0.201496
1.49	1.06	0.1839
1.49	1.08	0.167105
1.49	1.1	0.151111
1.49	1.12	0.135918
1.49	1.14	0.121526
1.49	1.16	0.107935
1.49	1.18	0.0951449
1.49	1.2	0.0831556
1.49	1.22	0.0719672
1.49	1.24	0.0615797
1.49	1.26	0.051993
1.49	1.28	0.0432072
1.49	1.3	0.0352222
1.49	1.32	0.028038
1.49	1.34	0.0216546
1.49	1.36	0.016072
1.49	1.38	0.0112901
1.49	1.4	0.00730892
1.49	1.42	0.00412847
1.49	1.44	0.00174871
1.49	1.46	0.000169613
1.49	1.48	-0.000608834
1.49	1.5	-0.000586658
1.49	1.52	0.00023612
1.49	1.54	0.00185948
1.49	1.56	0.00428339
1.49	1.58	0.00750783
1.49	1.6	0.0115328
1.49	1.62	0.0163582
1.49	1.64	0.0219841
1.49	1.66	0.0284104
1.49	1.68	0.0356372
1.49	1.7	0.0436643
1.49	1.72	0.0524918
1.49	1.74	0.0621196
1.49	1.76	0.0725477
1.49	1.78	0.0837762
1.49	1.8	0.0958048
1.49	1.82	0.108634
1.49	1.84	0.122263
1.49	1.86	0.136692
1.49	1.88	0.151922
1.49	1.9	0.167951
1.49	1.92	0.184781
1.49	1.94	0.202411
1.49	1.96	0.22084
1.49	1.98	0.24007
1.49	2	0.2601
1.5	0	2.25
1.5	0.02	2.19037
1.5	0.04	2.13153
1.5	0.06	2.0735
1.5	0.08	2.01627
1.5	0.1	1.95983
1.5	0.12	1.9042
1.5	0.14	1.84937
1.5	0.16	1.79533
1.5	0.18	1.7421
1.5	0.2	1.68967
1.5	0.22	1.63804
1.5	0.24	1.58721
1.5	0.26	1.53718
1.5	0.28	1.48795
1.5	0.3	1.43952
1.5	0.32	1.39189
1.5	0.34	1.34506
1.5	0.36	1.29903
1.5	0.38	1.25381
1.5	0.4	1.20938
1.5	0.42	1.16575
1.5	0.44	1.12293
1.5	0.46	1.0809
1.5	0.48	1.03968
1.5	0.5	0.999258
1.5	0.52	0.959636
1.5	0.54	0.920815
1.5	0.56	0.882795
1.5	0.58	0.845576
1.5	0.6	0.809157
1.5	0.62	0.77354
1.5	0.64	0.738723
1.5	0.66	0.704707
1.5	0.68	0.671492
1.5	0.7	0.639079
1.5	0.72	0.607466
1.5	0.74	0.576654
1.5	0.76	0.546643
1.5	0.78	0.517433
1.5	0.8	0.489024
1.5	0.82	0.461416
1.5	0.84	0.434609
1.5	0.86	0.408603
1.5	0.88	0.383399
1.5	0.9	0.358995
1.5	0.92	0.335392
1.5	0.94	0.31259
1.5	0.96	0.290589
1.5	0.98	0.269389
1.5	1	0.248991
1.5	1.02	0.229393
1.5	1.04	0.210596
1.5	1.06	0.1926
1.5	1.08	0.175405
1.5	1.1	0.159011
1.5	1.12	0.143418
1.5	1.14	0.128626
1.5	1.16	0.114635
1.5	1.18	0.101445
1.5	1.2	0.0890556
1.5	1.22	0.0774672
1.5	1.24	0.0666797
1.5	1.26	0.056693
1.5	1.28	0.0475072
1.5	1.3	0.0391222
1.5	1.32	0.031538
1.5	1.34	0.0247546
1.5	1.36	0.018772
1.5	1.38	0.0135901
1.5	1.4	0.00920892
1.5	1.42	0.00562847
1.5	1.44	0.00284871
1.5	1.46	0.000869612
1.5	1.48	-0.000308835
1.5	1.5	-0.000686659
1.5	1.52	-0.000263881
1.5	1.54	0.000959475
1.5	1.56	0.00298339
1.5	1.58	0.00580783
1.5	1.6	0.00943278
1.5	1.62	0.0138582
1.5	1.64	0.0190841
1.5	1.66	0.0251104
1.5	1.68	0.0319372
1.5	1.7	0.0395643
1.5	1.72	0.0479918
1.5	1.74	0.0572196
1.5	1.76	0.0672477
1.5	1.78	0.0780761
1.5	1.8	0.0897048
1.5	1.82	0.102134
1.5	1.84	0.115363
1.5	1.86	0.129392
1.5	1.88	0.144222
1.5	1.9	0.159851
1.5	1.92	0.176281
1.5	1.94	0.193511
1.5	1.96	0.21154
1.5	1.98	0.23037
1.5	2	0.25
1.51	0	2.2801
1.51	0.02	2.22007
1.51	0.04	2.16083
1.51	0.06	2.1024
1.51	0.08	2.04477
1.51	0.1	1.98793
1.51	0.12	1.9319
1.51	0.14	1.87667
1.51	0.16	1.82223
1.51	0.18	1.7686
1.51	0.2	1.71577
1.51	0.22	1.66374
1.51	0.24	1.61251
1.51	0.26	1.56208
1.51	0.28	1.51245
1.51	0.3	1.46362
1.51	0.32	1.41559
1.51	0.34	1.36836
1.51	0.36	1.32193
1.51	0.38	1.27631
1.51	0.4	1.23148
1.51	0.42	1.18745
1.51	0.44	1.14423
1.51	0.46	1.10181
1.51	0.48	1.06018
1.51	0.5	1.01936
1.51	0.52	0.979337
1.51	0.54	0.940116
1.51	0.56	0.901696
1.51	0.58	0.864076
1.51	0.6	0.827258
1.51	0.62	0.79124
1.51	0.64	0.756024
1.51	0.66	0.721608
1.51	0.68	0.687993
1.51	0.7	0.655179
1.51	0.72	0.623167
1.51	0.74	0.591955
1.51	0.76	0.561544
1.51	0.78	0.531934
1.51	0.8	0.503125
1.51	0.82	0.475117
1.51	0.84	0.44791
1.51	0.86	0.421504
1.51	0.88	0.3959
1.51	0.9	0.371096
1.51	0.92	0.347093
1.51	0.94	0.323891
1.51	0.96	0.30149
1.51	0.98	0.27989
1.51	1	0.259092
1.51	1.02	0.239094
1.51	1.04	0.219897
1.51	1.06	0.201501
1.51	1.08	0.183906
1.51	1.1	0.167112
1.51	1.12	0.151119
1.51	1.14	0.135927
1.51	1.16	0.121536
1.51	1.18	0.107946
1.51	1.2	0.0951566
1.51	1.22	0.0831682
1.51	1.24	0.0719806
1.51	1.26	0.0615939
1.51	1.28	0.0520081
1.51	1.3	0.0432231
1.51	1.32	0.0352389
1.51	1.34	0.0280554
1.51	1.36	0.0216728
1.51	1.38	0.0160909
1.51	1.4	0.0113097
1.51	1.42	0.00732923
1.51	1.44	0.00414945
1.51	1.46	0.00177033
1.51	1.48	0.000191863
1.51	1.5	-0.000585983
1.51	1.52	-0.000563228
1.51	1.54	0.000260105
1.51	1.56	0.00188399
1.51	1.58	0.00430841
1.51	1.6	0.00753334
1.51	1.62	0.0115587
1.51	1.64	0.0163846
1.51	1.66	0.0220109
1.51	1.68	0.0284376
1.51	1.7	0.0356647
1.51	1.72	0.0436922
1.51	1.74	0.05252
1.51	1.76	0.0621481
1.51	1.78	0.0725765
1.51	1.8	0.0838051
1.51	1.82	0.095834
1.51	1.84	0.108663
1.51	1.86	0.122292
1.51	1.88	0.136722
1.51	1.9	0.151951
1.51	1.92	0.167981
1.51	1.94	0.184811
1.51	1.96	0.20244
1.51	1.98	0.22087
1.51	2	0.2401
1.52	0	2.3104
1.52	0.02	2.24997
1.52	0.04	2.19033
1.52	0.06	2.1315
1.52	0.08	2.07347
1.52	0.1	2.01623
1.52	0.12	1.9598
1.52	0.14	1.90417
1.52	0.16	1.84934
1.52	0.18	1.7953
1.52	0.2	1.74207
1.52	0.22	1.68964
1.52	0.24	1.63801
1.52	0.26	1.58718
1.52	0.28	1.53715
1.52	0.3	1.48792
1.52	0.32	1.43949
1.52	0.34	1.39186
1.52	0.36	1.34503
1.52	0.38	1.29901
1.52	0.4	1.25378
1.52	0.42	1.20936
1.52	0.44	1.16573
1.52	0.46	1.12291
1.52	0.48	1.08088
1.52	0.5	1.03966
1.52	0.52	0.999239
1.52	0.54	0.959618
1.52	0.56	0.920797
1.52	0.58	0.882778
1.52	0.6	0.84556
1.52	0.62	0.809142
1.52	0.64	0.773526
1.52	0.66	0.73871
1.52	0.68	0.704695
1.52	0.7	0.671481
1.52	0.72	0.639068
1.52	0.74	0.607457
1.52	0.76	0.576646
1.52	0.78	0.546636
1.52	0.8	0.517427
1.52	0.82	0.489019
1.52	0.84	0.461412
1.52	0.86	0.434606
1.52	0.88	0.408602
1.52	0.9	0.383398
1.52	0.92	0.358995
1.52	0.94	0.335393
1.52	0.96	0.312592
1.52	0.98	0.290592
1.52	1	0.269394
1.52	1.02	0.248996
1.52	1.04	0.229399
1.52	1.06	0.210603
1.52	1.08	0.192608
1.52	1.1	0.175414
1.52	1.12	0.159021
1.52	1.14	0.143429
1.52	1.16	0.128638
1.52	1.18	0.114648
1.52	1.2	0.101458
1.52	1.22	0.08907
1.52	1.24	0.0774824
1.52	1.26	0.0666957
1.52	1.28	0.0567099
1.52	1.3	0.0475248
1.52	1.32	0.0391406
1.52	1.34	0.0315571
1.52	1.36	0.0247744
1.52	1.38	0.0187925
1.52	1.4	0.0136113
1.52	1.42	0.00923075
1.52	1.44	0.00565093
1.52	1.46	0.00287177
1.52	1.48	0.000893258
1.52	1.5	-0.000284631
1.52	1.52	-0.000661921
1.52	1.54	-0.000238635
1.52	1.56	0.000985206
1.52	1.58	0.00300958
1.52	1.6	0.00583445
1.52	1.62	0.00945981
1.52	1.64	0.0138856
1.52	1.66	0.0191119
1.52	1.68	0.0251385
1.52	1.7	0.0319656
1.52	1.72	0.039593
1.52	1.74	0.0480207
1.52	1.76	0.0572488
1.52	1.78	0.0672771
1.52	1.8	0.0781057
1.52	1.82	0.0897345
1.52	1.84	0.102164
1.52	1.86	0.115393
1.52	1.88	0.129422
1.52	1.9	0.144252
1.52	1.92	0.159881
1.52	1.94	0.176311
1.52	1.96	0.193541
1.52	1.98	0.21157
1.52	2	0.2304
1.53	0	2.3409
1.53	0.02	2.28007
1.53	0.04	2.22003
1.53	0.06	2.1608
1.53	0.08	2.10237
1.53	0.1	2.04473
1.53	0.12	1.9879
1.53	0.14	1.93187
1.53	0.16	1.87664
1.53	0.18	1.8222
1.53	0.2	1.76857
1.53	0.22	1.71574
1.53	0.24	1.66371
1.53	0.26	1.61248
1.53	0.28	1.56205
1.53	0.3	1.51242
1.53	0.32	1.46359
1.53	0.34	1.41556
1.53	0.36	1.36834
1.53	0.38	1.32191
1.53	0.4	1.27628
1.53	0.42	1.23146
1.53	0.44	1.18743
1.53	0.46	1.14421
1.53	0.48	1.10179
1.53	0.5	1.06016
1.53	0.52	1.01934
1.53	0.54	0.97932
1.53	0.56	0.9401
1.53	0.58	0.901681
1.53	0.6	0.864062
1.53	0.62	0.827245
1.53	0.64	0.791228
1.53	0.66	0.756012
1.53	0.68	0.721598
1.53	0.7	0.687984
1.53	0.72	0.655171
1.53	0.74	0.623159
1.53	0.76	0.591949
1.53	0.78	0.561539
1.53	0.8	0.53193
1.53	0.82	0.503122
1.53	0.84	0.475115
1.53	0.86	0.447909
1.53	0.88	0.421505
1.53	0.9	0.395901
1.53	0.92	0.371098
1.53	0.94	0.347096
1.53	0.96	0.323895
1.53	0.98	0.301495
1.53	1	0.279897
1.53	1.02	0.259099
1.53	1.04	0.239102
1.53	1.06	0.219906
1.53	1.08	0.201511
1.53	1.1	0.183917
1.53	1.12	0.167124
1.53	1.14	0.151132
1.53	1.16	0.135941
1.53	1.18	0.121551
1.53	1.2	0.107961
1.53	1.22	0.0951728
1.53	1.24	0.0831852
1.53	1.26	0.0719984
1.53	1.28	0.0616125
1.53	1.3	0.0520274
1.53	1.32	0.0432431
1.53	1.34	0.0352596
1.53	1.36	0.0280769
1.53	1.38	0.0216949
1.53	1.4	0.0161136
1.53	1.42	0.011333
1.53	1.44	0.00735314
1.53	1.46	0.00417393
1.53	1.48	0.00179535
1.53	1.5	0.000217394
1.53	1.52	-0.000559963
1.53	1.54	-0.000536745
1.53	1.56	0.000287024
1.53	1.58	0.00191132
1.53	1.6	0.00433612
1.53	1.62	0.00756141
1.53	1.64	0.0115871
1.53	1.66	0.0164133
1.53	1.68	0.0220399
1.53	1.7	0.0284669
1.53	1.72	0.0356942
1.53	1.74	0.0437218
1.53	1.76	0.0525498
1.53	1.78	0.0621781
1.53	1.8	0.0726066
1.53	1.82	0.0838353
1.53	1.84	0.0958642
1.53	1.86	0.108693
1.53	1.88	0.122323
1.53	1.9	0.136752
1.53	1.92	0.151982
1.53	1.94	0.168011
1.53	1.96	0.184841
1.53	1.98	0.20247
1.53	2	0.2209
1.54	0	2.3716
1.54	0.02	2.31037
1.54	0.04	2.24993
1.54	0.06	2.1903
1.54	0.08	2.13147
1.54	0.1	2.07343
1.54	0.12	2.0162
1.54	0.14	1.95977
1.54	0.16	1.90414
1.54	0.18	1.84931
1.54	0.2	1.79527
1.54	0.22	1.74204
1.54	0.24	1.68961
1.54	0.26	1.63798
1.54	0.28	1.58715
1.54	0.3	1.53712
1.54	0.32	1.48789
1.54	0.34	1.43947
1.54	0.36	1.39184
1.54	0.38	1.34501
1.54	0.4	1.29899
1.54	0.42	1.25376
1.54	0.44	1.20934
1.54	0.46	1.16571
1.54	0.48	1.12289
1.54	0.5	1.08087
1.54	0.52	1.03964
1.54	0.54	0.999223
1.54	0.56	0.959603
1.54	0.58	0.920784
1.54	0.6	0.882765
1.54	0.62	0.845548
1.54	0.64	0.809132
1.54	0.66	0.773516
1.54	0.68	0.738701
1.54	0.7	0.704688
1.54	0.72	0.671475
1.54	0.74	0.639063
1.54	0.76	0.607452
1.54	0.78	0.576643
1.54	0.8	0.546634
1.54	0.82	0.517426
1.54	0.84	0.489019
1.54	0.86	0.461413
1.54	0.88	0.434608
1.54	0.9	0.408605
1.54	0.92	0.383402
1.54	0.94	0.359
1.54	0.96	0.335399
1.54	0.98	0.312599
1.54	1	0.290601
1.54	1.02	0.269403
1.54	1.04	0.249006
1.54	1.06	0.22941
1.54	1.08	0.210615
1.54	1.1	0.192621
1.54	1.12	0.175428
1.54	1.14	0.159036
1.54	1.16	0.143445
1.54	1.18	0.128654
1.54	1.2	0.114665
1.54	1.22	0.101476
1.54	1.24	0.0890888
1.54	1.26	0.077502
1.54	1.28	0.066716
1.54	1.3	0.0567309
1.54	1.32	0.0475465
1.54	1.34	0.0391629
1.54	1.36	0.0315801
1.54	1.38	0.024798
1.54	1.4	0.0188167
1.54	1.42	0.0136361
1.54	1.44	0.00925609
1.54	1.46	0.00567679
1.54	1.48	0.00289813
1.54	1.5	0.000920091
1.54	1.52	-0.000257356
1.54	1.54	-0.00063423
1.54	1.56	-0.000210554
1.54	1.58	0.00101365
1.54	1.6	0.00303835
1.54	1.62	0.00586354
1.54	1.64	0.00948918
1.54	1.66	0.0139152
1.54	1.68	0.0191417
1.54	1.7	0.0251686
1.54	1.72	0.0319958
1.54	1.74	0.0396233
1.54	1.76	0.0480512
1.54	1.78	0.0572793
1.54	1.8	0.0673077
1.54	1.82	0.0781363
1.54	1.84	0.0897652
1.54	1.86	0.102194
1.54	1.88	0.115423
1.54	1.9	0.129453
1.54	1.92	0.144282
1.54	1.94	0.159911
1.54	1.96	0.176341
1.54	1.98	0.19357
1.54	2	0.2116
1.55	0	2.4025
1.55	0.02	2.34087
1.55	0.04	2.28003
1.55	0.06	2.22
1.55	0.08	2.16077
1.55	0.1	2.10234
1.55	0.12	2.0447
1.55	0.14	1.98787
1.55	0.16	1.93184
1.55	0.18	1.87661
1.55	0.2	1.82218
1.55	0.22	1.76854
1.55	0.24	1.71571
1.55	0.26	1.66368
1.55	0.28	1.61245
1.55	0.3	1.56203
1.55	0.32	1.5124
1.55	0.34	1.46357
1.55	0.36	1.41554
1.55	0.38	1.36831
1.55	0.4	1.32189
1.55	0.42	1.27626
1.55	0.44	1.23144
1.55	0.46	1.18741
1.55	0.48	1.14419
1.55	0.5	1.10177
1.55	0.52	1.06015
1.55	0.54	1.01933
1.55	0.56	0.979307
1.55	0.58	0.940088
1.55	0.6	0.90167
1.55	0.62	0.864052
1.55	0.64	0.827236
1.55	0.66	0.79122
1.55	0.68	0.756006
1.55	0.7	0.721592
1.55	0.72	0.68798
1.55	0.74	0.655168
1.55	0.76	0.623157
1.55	0.78	0.591947
1.55	0.8	0.561539
1.55	0.82	0.531931
1.55	0.84	0.503124
1.55	0.86	0.475118
1.55	0.88	0.447913
1.55	0.9	0.42151
1.55	0.92	0.395907
1.55	0.94	0.371105
1.55	0.96	0.347104
1.55	0.98	0.323904
1.55	1	0.301506
1.55	1.02	0.279908
1.55	1.04	0.259111
1.55	1.06	0.239115
1.55	1.08	0.21992
1.55	1.1	0.201526
1.55	1.12	0.183933
1.55	1.14	0.167141
1.55	1.16	0.151149
1.55	1.18	0.135959
1.55	1.2	0.12157
1.55	1.22	0.107981
1.55	1.24	0.0951933
1.55	1.26	0.0832064
1.55	1.28	0.0720204
1.55	1.3	0.0616352
1.55	1.32	0.0520507
1.55	1.34	0.0432671
1.55	1.36	0.0352842
1.55	1.38	0.028102
1.55	1.4	0.0217206
1.55	1.42	0.0161398
1.55	1.44	0.0113598
1.55	1.46	0.00738037
1.55	1.48	0.00420161
1.55	1.5	0.00182346
1.55	1.52	0.000245898
1.55	1.54	-0.000531091
1.55	1.56	-0.000507533
1.55	1.58	0.000316549
1.55	1.6	0.00194113
1.55	1.62	0.00436619
1.55	1.64	0.0075917
1.55	1.66	0.0116176
1.55	1.68	0.016444
1.55	1.7	0.0220707
1.55	1.72	0.0284978
1.55	1.74	0.0357252
1.55	1.76	0.0437529
1.55	1.78	0.0525809
1.55	1.8	0.0622092
1.55	1.82	0.0726376
1.55	1.84	0.0838663
1.55	1.86	0.0958952
1.55	1.88	0.108724
1.55	1.9	0.122353
1.55	1.92	0.136783
1.55	1.94	0.152012
1.55	1.96	0.168041
1.55	1.98	0.184871
1.55	2	0.2025
1.56	0	2.4336
1.56	0.02	2.37157
1.56	0.04	2.31033
1.56	0.06	2.2499
1.56	0.08	2.19027
1.56	0.1	2.13144
1.56	0.12	2.0734
1.56	0.14	2.01617
1.56	0.16	1.95974
1.56	0.18	1.90411
1.56	0.2	1.84928
1.56	0.22	1.79525
1.56	0.24	1.74202
1.56	0.26	1.68959
1.56	0.28	1.63796
1.56	0.3	1.58713
1.56	0.32	1.5371
1.56	0.34	1.48787
1.56	0.36	1.43944
1.56	0.38	1.39182
1.56	0.4	1.34499
1.56	0.42	1.29897
1.56	0.44	1.25374
1.56	0.46	1.20932
1.56	0.48	1.1657
1.56	0.5	1.12287
1.56	0.52	1.08085
1.56	0.54	1.03963
1.56	0.56	0.999212
1.56	0.58	0.959593
1.56	0.6	0.920775
1.56	0.62	0.882757
1.56	0.64	0.845541
1.56	0.66	0.809126
1.56	0.68	0.773511
1.56	0.7	0.738698
1.56	0.72	0.704685
1.56	0.74	0.671473
1.56	0.76	0.639063
1.56	0.78	0.607453
1.56	0.8	0.576644
1.56	0.82	0.546637
1.56	0.84	0.51743
1.56	0.86	0.489024
1.56	0.88	0.461419
1.56	0.9	0.434616
1.56	0.92	0.408613
1.56	0.94	0.383411
1.56	0.96	0.35901
1.56	0.98	0.33541
1.56	1	0.312611
1.56	1.02	0.290614
1.56	1.04	0.269417
1.56	1.06	0.249021
1.56	1.08	0.229426
1.56	1.1	0.210632
1.56	1.12	0.192639
1.56	1.14	0.175446
1.56	1.16	0.159055
1.56	1.18	0.143465
1.56	1.2	0.128675
1.56	1.22	0.114686
1.56	1.24	0.101499
1.56	1.26	0.0891118
1.56	1.28	0.0775256
1.56	1.3	0.0667403
1.56	1.32	0.0567558
1.56	1.34	0.047572
1.56	1.36	0.039189
1.56	1.38	0.0316068
1.56	1.4	0.0248252
1.56	1.42	0.0188444
1.56	1.44	0.0136642
1.56	1.46	0.00928466
1.56	1.48	0.00570577
1.56	1.5	0.00292749
1.56	1.52	0.000949793
1.56	1.54	-0.000227333
1.56	1.56	-0.000603916
1.56	1.58	-0.000179977
1.56	1.6	0.00104446
1.56	1.62	0.00306937
1.56	1.64	0.00589473
1.56	1.66	0.00952052
1.56	1.68	0.0139467
1.56	1.7	0.0191733
1.56	1.72	0.0252002
1.56	1.74	0.0320274
1.56	1.76	0.039655
1.56	1.78	0.0480828
1.56	1.8	0.0573109
1.56	1.82	0.0673392
1.56	1.84	0.0781677
1.56	1.86	0.0897964
1.56	1.88	0.102225
1.56	1.9	0.115454
1.56	1.92	0.129483
1.56	1.94	0.144312
1.56	1.96	0.159942
1.56	1.98	0.176371
1.56	2	0.1936
1.57	0	2.4649
1.57	0.02	2.40247
1.57	0.04	2.34083
1.57	0.06	2.28
1.57	0.08	2.21997
1.57	0.1	2.16074
1.57	0.12	2.10231
1.57	0.14	2.04467
1.57	0.16	1.98784
1.57	0.18	1.93181
1.57	0.2	1.87658
1.57	0.22	1.82215
1.57	0.24	1.76852
1.57	0.26	1.71569
1.57	0.28	1.66366
1.57	0.3	1.61243
1.57	0.32	1.562
1.57	0.34	1.51238
1.57	0.36	1.46355
1.57	0.38	1.41552
1.57	0.4	1.3683
1.57	0.42	1.32187
1.57	0.44	1.27625
1.57	0.46	1.23142
1.57	0.48	1.1874
1.57	0.5	1.14418
1.57	0.52	1.10176
1.57	0.54	1.06014
1.57	0.56	1.01932
1.57	0.58	0.979298
1.57	0.6	0.94008
1.57	0.62	0.901663
1.57	0.64	0.864047
1.57	0.66	0.827232
1.57	0.68	0.791217
1.57	0.7	0.756004
1.57	0.72	0.721591
1.57	0.74	0.68798
1.57	0.76	0.655169
1.57	0.78	0.62316
1.57	0.8	0.591951
1.57	0.82	0.561543
1.57	0.84	0.531937
1.57	0.86	0.503131
1.57	0.88	0.475126
1.57	0.9	0.447922
1.57	0.92	0.42152
1.57	0.94	0.395918
1.57	0.96	0.371117
1.57	0.98	0.347117
1.57	1	0.323918
1.57	1.02	0.30152
1.57	1.04	0.279924
1.57	1.06	0.259128
1.57	1.08	0.239133
1.57	1.1	0.219938
1.57	1.12	0.201545
1.57	1.14	0.183953
1.57	1.16	0.167162
1.57	1.18	0.151171
1.57	1.2	0.135982
1.57	1.22	0.121593
1.57	1.24	0.108005
1.57	1.26	0.0952179
1.57	1.28	0.0832317
1.57	1.3	0.0720463
1.57	1.32	0.0616617
1.57	1.34	0.0520778
1.57	1.36	0.0432947
1.57	1.38	0.0353123
1.57	1.4	0.0281306
1.57	1.42	0.0217496
1.57	1.44	0.0161693
1.57	1.46	0.0113896
1.57	1.48	0.00741061
1.57	1.5	0.00423217
1.57	1.52	0.00185433
1.57	1.54	0.00027704
1.57	1.56	-0.000499706
1.57	1.58	-0.000475934
1.57	1.6	0.000348331
1.57	1.62	0.00197307
1.57	1.64	0.00439825
1.57	1.66	0.00762386
1.57	1.68	0.0116499
1.57	1.7	0.0164762
1.57	1.72	0.022103
1.57	1.74	0.02853
1.57	1.76	0.0357574
1.57	1.78	0.043785
1.57	1.8	0.0526129
1.57	1.82	0.062241
1.57	1.84	0.0726693
1.57	1.86	0.0838978
1.57	1.88	0.0959265
1.57	1.9	0.108755
1.57	1.92	0.122384
1.57	1.94	0.136813
1.57	1.96	0.152042
1.57	1.98	0.168071
1.57	2	0.1849
1.58	0	2.4964
1.58	0.02	2.43357
1.58	0.04	2.37154
1.58	0.06	2.3103
1.58	0.08	2.24987
1.58	0.1	2.19024
1.58	0.12	2.13141
1.58	0.14	2.07338
1.58	0.16	2.01614
1.58	0.18	1.95971
1.58	0.2	1.90408
1.58	0.22	1.84925
1.58	0.24	1.79522
1.58	0.26	1.74199
1.58	0.28	1.68956
1.58	0.3	1.63794
1.58	0.32	1.58711
1.58	0.34	1.53708
1.58	0.36	1.48785
1.58	0.38	1.43943
1.58	0.4	1.3918
1.58	0.42	1.34498
1.58	0.44	1.29895
1.58	0.46	1.25373
1.58	0.48	1.20931
1.58	0.5	1.16568
1.58	0.52	1.12286
1.58	0.54	1.08084
1.58	0.56	1.03962
1.58	0.58	0.999205
1.58	0.6	0.959587
1.58	0.62	0.92077
1.58	0.64	0.882754
1.58	0.66	0.845539
1.58	0.68	0.809124
1.58	0.7	0.773511
1.58	0.72	0.738699
1.58	0.74	0.704687
1.58	0.76	0.671477
1.58	0.78	0.639067
1.58	0.8	0.607459
1.58	0.82	0.576651
1.58	0.84	0.546644
1.58	0.86	0.517439
1.58	0.88	0.489034
1.58	0.9	0.46143
1.58	0.92	0.434627
1.58	0.94	0.408626
1.58	0.96	0.383425
1.58	0.98	0.359025
1.58	1	0.335426
1.58	1.02	0.312628
1.58	1.04	0.290631
1.58	1.06	0.269435
1.58	1.08	0.24904
1.58	1.1	0.229446
1.58	1.12	0.210653
1.58	1.14	0.192661
1.58	1.16	0.175469
1.58	1.18	0.159079
1.58	1.2	0.143489
1.58	1.22	0.1287
1.58	1.24	0.114712
1.58	1.26	0.101525
1.58	1.28	0.0891387
1.58	1.3	0.0775531
1.58	1.32	0.0667684
1.58	1.34	0.0567844
1.58	1.36	0.0476011
1.58	1.38	0.0392186
1.58	1.4	0.0316368
1.58	1.42	0.0248556
1.58	1.44	0.0188752
1.58	1.46	0.0136953
1.58	1.48	0.00931612
1.58	1.5	0.00573752
1.58	1.52	0.00295949
1.58	1.54	0.000982023
1.58	1.56	-0.000194909
1.58	1.58	-0.000571327
1.58	1.6	-0.000147256
1.58	1.62	0.00107728
1.58	1.64	0.00310226
1.58	1.66	0.00592767
1.58	1.68	0.00955346
1.58	1.7	0.0139796
1.58	1.72	0.0192062
1.58	1.74	0.025233
1.58	1.76	0.0320601
1.58	1.78	0.0396875
1.58	1.8	0.0481152
1.58	1.82	0.0573431
1.58	1.84	0.0673712
1.58	1.86	0.0781994
1.58	1.88	0.0898278
1.58	1.9	0.102256
1.58	1.92	0.115485
1.58	1.94	0.129514
1.58	1.96	0.144342
1.58	1.98	0.159971
1.58	2	0.1764
1.59	0	2.5281
1.59	0.02	2.46487
1.59	0.04	2.40244
1.59	0.06	2.3408
1.59	0.08	2.27997
1.59	0.1	2.21994
1.59	0.12	2.16071
1.59	0.14	2.10228
1.59	0.16	2.04465
1.59	0.18	1.98782
1.59	0.2	1.93178
1.59	0.22	1.87656
1.59	0.24	1.82213
1.59	0.26	1.7685
1.59	0.28	1.71567
1.59	0.3	1.66364
1.59	0.32	1.61241
1.59	0.34	1.56198
1.59	0.36	1.51236
1.59	0.38	1.46353
1.59	0.4	1.41551
1.59	0.42	1.36828
1.59	0.44	1.32186
1.59	0.46	1.27624
1.59	0.48	1.23141
1.59	0.5	1.18739
1.59	0.52	1.14417
1.59	0.54	1.10175
1.59	0.56	1.06013
1.59	0.58	1.01931
1.59	0.6	0.979294
1.59	0.62	0.940077
1.59	0.64	0.901662
1.59	0.66	0.864047
1.59	0.68	0.827232
1.59	0.7	0.791219
1.59	0.72	0.756007
1.59	0.74	0.721596
1.59	0.76	0.687985
1.59	0.78	0.655176
1.59	0.8	0.623167
1.59	0.82	0.59196
1.59	0.84	0.561553
1.59	0.86	0.531947
1.59	0.88	0.503143
1.59	0.9	0.475139
1.59	0.92	0.447936
1.59	0.94	0.421535
1.59	0.96	0.395934
1.59	0.98	0.371134
1.59	1	0.347135
1.59	1.02	0.323937
1.59	1.04	0.30154
1.59	1.06	0.279944
1.59	1.08	0.259149
1.59	1.1	0.239155
1.59	1.12	0.219961
1.59	1.14	0.201569
1.59	1.16	0.183978
1.59	1.18	0.167187
1.59	1.2	0.151197
1.59	1.22	0.136008
1.59	1.24	0.12162
1.59	1.26	0.108033
1.59	1.28	0.0952465
1.59	1.3	0.0832608
1.59	1.32	0.0720759
1.59	1.34	0.0616918
1.59	1.36	0.0521084
1.59	1.38	0.0433257
1.59	1.4	0.0353437
1.59	1.42	0.0281624
1.59	1.44	0.0217817
1.59	1.46	0.0162017
1.59	1.48	0.0114223
1.59	1.5	0.00744351
1.59	1.52	0.00426528
1.59	1.54	0.00188761
1.59	1.56	0.000310471
1.59	1.58	-0.000466161
1.59	1.6	-0.000442307
1.59	1.62	0.000382009
1.59	1.64	0.00200677
1.59	1.66	0.00443194
1.59	1.68	0.0076575
1.59	1.7	0.0116834
1.59	1.72	0.0165097
1.59	1.74	0.0221363
1.59	1.76	0.0285632
1.59	1.78	0.0357904
1.59	1.8	0.0438178
1.59	1.82	0.0526454
1.59	1.84	0.0622732
1.59	1.86	0.0727012
1.59	1.88	0.0839294
1.59	1.9	0.0959577
1.59	1.92	0.108786
1.59	1.94	0.122414
1.59	1.96	0.136843
1.59	1.98	0.152071
1.59	2	0.1681
1.6	0	2.56
1.6	0.02	2.49637
1.6	0.04	2.43354
1.6	0.06	2.3715
1.6	0.08	2.31027
1.6	0.1	2.24984
1.6	0.12	2.19021
1.6	0.14	2.13138
1.6	0.16	2.07335
1.6	0.18	2.01612
1.6	0.2	1.95969
1.6	0.22	1.90406
1.6	0.24	1.84923
1.6	0.26	1.7952
1.6	0.28	1.74197
1.6	0.3	1.68954
1.6	0.32	1.63792
1.6	0.34	1.58709
1.6	0.36	1.53706
1.6	0.38	1.48784
1.6	0.4	1.43941
1.6	0.42	1.39179
1.6	0.44	1.34496
1.6	0.46	1.29894
1.6	0.48	1.25372
1.6	0.5	1.2093
1.6	0.52	1.16568
1.6	0.54	1.12286
1.6	0.56	1.08084
1.6	0.58	1.03962
1.6	0.6	0.999202
1.6	0.62	0.959586
1.6	0.64	0.92077
1.6	0.66	0.882755
1.6	0.68	0.845541
1.6	0.7	0.809128
1.6	0.72	0.773516
1.6	0.74	0.738705
1.6	0.76	0.704694
1.6	0.78	0.671485
1.6	0.8	0.639077
1.6	0.82	0.607469
1.6	0.84	0.576663
1.6	0.86	0.546657
1.6	0.88	0.517452
1.6	0.9	0.489049
1.6	0.92	0.461446
1.6	0.94	0.434644
1.6	0.96	0.408643
1.6	0.98	0.383444
1.6	1	0.359045
1.6	1.02	0.335447
1.6	1.04	0.31265
1.6	1.06	0.290654
1.6	1.08	0.269459
1.6	1.1	0.249064
1.6	1.12	0.229471
1.6	1.14	0.210678
1.6	1.16	0.192687
1.6	1.18	0.175496
1.6	1.2	0.159106
1.6	1.22	0.143517
1.6	1.24	0.128729
1.6	1.26	0.114742
1.6	1.28	0.101555
1.6	1.3	0.0891693
1.6	1.32	0.0775842
1.6	1.34	0.0667999
1.6	1.36	0.0568164
1.6	1.38	0.0476335
1.6	1.4	0.0392513
1.6	1.42	0.0316698
1.6	1.44	0.024889
1.6	1.46	0.0189088
1.6	1.48	0.0137292
1.6	1.5	0.00935014
1.6	1.52	0.0057717
1.6	1.54	0.0029938
1.6	1.56	0.00101643
1.6	1.58	-0.000160442
1.6	1.6	-0.000536829
1.6	1.62	-0.000112758
1.6	1.64	0.00111175
1.6	1.66	0.00313667
1.6	1.68	0.00596197
1.6	1.7	0.00958764
1.6	1.72	0.0140137
1.6	1.74	0.01924
1.6	1.76	0.0252666
1.6	1.78	0.0320935
1.6	1.8	0.0397206
1.6	1.82	0.048148
1.6	1.84	0.0573755
1.6	1.86	0.0674033
1.6	1.88	0.0782311
1.6	1.9	0.0898591
1.6	1.92	0.102287
1.6	1.94	0.115515
1.6	1.96	0.129544
1.6	1.98	0.144372
1.6	2	0.16
1.61	0	2.5921
1.61	0.02	2.52807
1.61	0.04	2.46484
1.61	0.06	2.40241
1.61	0.08	2.34077
1.61	0.1	2.27994
1.61	0.12	2.21991
1.61	0.14	2.16068
1.61	0.16	2.10225
1.61	0.18	2.04462
1.61	0.2	1.98779
1.61	0.22	1.93176
1.61	0.24	1.87653
1.61	0.26	1.8221
1.61	0.28	1.76848
1.61	0.3	1.71565
1.61	0.32	1.66362
1.61	0.34	1.6124
1.61	0.36	1.56197
1.61	0.38	1.51234
1.61	0.4	1.46352
1.61	0.42	1.4155
1.61	0.44	1.36827
1.61	0.46	1.32185
1.61	0.48	1.27623
1.61	0.5	1.23141
1.61	0.52	1.18739
1.61	0.54	1.14417
1.61	0.56	1.10175
1.61	0.58	1.06013
1.61	0.6	1.01931
1.61	0.62	0.979295
1.61	0.64	0.940079
1.61	0.66	0.901665
1.61	0.68	0.864051
1.61	0.7	0.827238
1.61	0.72	0.791226
1.61	0.74	0.756015
1.61	0.76	0.721604
1.61	0.78	0.687995
1.61	0.8	0.655187
1.61	0.82	0.623179
1.61	0.84	0.591973
1.61	0.86	0.561568
1.61	0.88	0.531963
1.61	0.9	0.503159
1.61	0.92	0.475157
1.61	0.94	0.447955
1.61	0.96	0.421554
1.61	0.98	0.395954
1.61	1	0.371155
1.61	1.02	0.347157
1.61	1.04	0.32396
1.61	1.06	0.301564
1.61	1.08	0.279969
1.61	1.1	0.259175
1.61	1.12	0.239181
1.61	1.14	0.219989
1.61	1.16	0.201597
1.61	1.18	0.184006
1.61	1.2	0.167216
1.61	1.22	0.151227
1.61	1.24	0.136039
1.61	1.26	0.121651
1.61	1.28	0.108065
1.61	1.3	0.0952786
1.61	1.32	0.0832934
1.61	1.34	0.0721089
1.61	1.36	0.0617251
1.61	1.38	0.0521421
1.61	1.4	0.0433597
1.61	1.42	0.035378
1.61	1.44	0.0281969
1.61	1.46	0.0218165
1.61	1.48	0.0162367
1.61	1.5	0.0114574
1.61	1.52	0.00747872
1.61	1.54	0.00430058
1.61	1.56	0.00192295
1.61	1.58	0.000345825
1.61	1.6	-0.000430826
1.61	1.62	-0.000407025
1.61	1.64	0.000417207
1.61	1.66	0.00204185
1.61	1.68	0.00446687
1.61	1.7	0.00769225
1.61	1.72	0.011718
1.61	1.74	0.016544
1.61	1.76	0.0221703
1.61	1.78	0.0285969
1.61	1.8	0.0358238
1.61	1.82	0.0438508
1.61	1.84	0.052678
1.61	1.86	0.0623055
1.61	1.88	0.072733
1.61	1.9	0.0839607
1.61	1.92	0.0959884
1.61	1.94	0.108816
1.61	1.96	0.122444
1.61	1.98	0.136872
1.61	2	0.1521
1.62	0	2.6244
1.62	0.02	2.55997
1.62	0.04	2.49634
1.62	0.06	2.43351
1.62	0.08	2.37148
1.62	0.1	2.31025
1.62	0.12	2.24981
1.62	0.14	2.19018
1.62	0.16	2.13135
1.62	0.18	2.07332
1.62	0.2	2.0161
1.62	0.22	1.95967
1.62	0.24	1.90404
1.62	0.26	1.84921
1.62	0.28	1.79518
1.62	0.3	1.74195
1.62	0.32	1.68953
1.62	0.34	1.6379
1.62	0.36	1.58708
1.62	0.38	1.53705
1.62	0.4	1.48783
1.62	0.42	1.4394
1.62	0.44	1.39178
1.62	0.46	1.34496
1.62	0.48	1.29894
1.62	0.5	1.25371
1.62	0.52	1.20929
1.62	0.54	1.16567
1.62	0.56	1.12286
1.62	0.58	1.08084
1.62	0.6	1.03962
1.62	0.62	0.999205
1.62	0.64	0.959589
1.62	0.66	0.920775
1.62	0.68	0.882761
1.62	0.7	0.845548
1.62	0.72	0.809137
1.62	0.74	0.773526
1.62	0.76	0.738716
1.62	0.78	0.704706
1.62	0.8	0.671498
1.62	0.82	0.639091
1.62	0.84	0.607484
1.62	0.86	0.576679
1.62	0.88	0.546674
1.62	0.9	0.517471
1.62	0.92	0.489068
1.62	0.94	0.461467
1.62	0.96	0.434666
1.62	0.98	0.408666
1.62	1	0.383467
1.62	1.02	0.359069
1.62	1.04	0.335472
1.62	1.06	0.312676
1.62	1.08	0.290681
1.62	1.1	0.269486
1.62	1.12	0.249093
1.62	1.14	0.2295
1.62	1.16	0.210708
1.62	1.18	0.192717
1.62	1.2	0.175527
1.62	1.22	0.159138
1.62	1.24	0.143549
1.62	1.26	0.128762
1.62	1.28	0.114775
1.62	1.3	0.101589
1.62	1.32	0.0892033
1.62	1.34	0.0776186
1.62	1.36	0.0668346
1.62	1.38	0.0568514
1.62	1.4	0.0476688
1.62	1.42	0.0392869
1.62	1.44	0.0317056
1.62	1.46	0.0249249
1.62	1.48	0.0189448
1.62	1.5	0.0137653
1.62	1.52	0.00938635
1.62	1.54	0.00580794
1.62	1.56	0.00303004
1.62	1.58	0.00105263
1.62	1.6	-0.000124306
1.62	1.62	-0.000500797
1.62	1.64	-7.68629e-05
1.62	1.66	0.00114747
1.62	1.68	0.00317219
1.62	1.7	0.00599726
1.62	1.72	0.00962267
1.62	1.74	0.0140484
1.62	1.76	0.0192744
1.62	1.78	0.0253006
1.62	1.8	0.0321271
1.62	1.82	0.0397539
1.62	1.84	0.0481808
1.62	1.86	0.0574078
1.62	1.88	0.0674351
1.62	1.9	0.0782624
1.62	1.92	0.0898898
1.62	1.94	0.102317
1.62	1.96	0.115545
1.62	1.98	0.129572
1.62	2	0.1444
1.63	0	2.6569
1.63	0.02	2.59207
1.63	0.04	2.52804
1.63	0.06	2.46481
1.63	0.08	2.40238
1.63	0.1	2.34075
1.63	0.12	2.27992
1.63	0.14	2.21989
1.63	0.16	2.16066
1.63	0.18	2.10223
1.63	0.2	2.0446
1.63	0.22	1.98777
1.63	0.24	1.93174
1.63	0.26	1.87651
1.63	0.28	1.82209
1.63	0.3	1.76846
1.63	0.32	1.71563
1.63	0.34	1.66361
1.63	0.36	1.61238
1.63	0.38	1.56196
1.63	0.4	1.51233
1.63	0.42	1.46351
1.63	0.44	1.41549
1.63	0.46	1.36827
1.63	0.48	1.32184
1.63	0.5	1.27622
1.63	0.52	1.2314
1.63	0.54	1.18738
1.63	0.56	1.14417
1.63	0.58	1.10175
1.63	0.6	1.06013
1.63	0.62	1.01932
1.63	0.64	0.9793
1.63	0.66	0.940086
1.63	0.68	0.901672
1.63	0.7	0.86406
1.63	0.72	0.827248
1.63	0.74	0.791237
1.63	0.76	0.756027
1.63	0.78	0.721618
1.63	0.8	0.68801
1.63	0.82	0.655203
1.63	0.84	0.623197
1.63	0.86	0.591991
1.63	0.88	0.561587
1.63	0.9	0.531983
1.63	0.92	0.503181
1.63	0.94	0.475179
1.63	0.96	0.447978
1.63	0.98	0.421579
1.63	1	0.39598
1.63	1.02	0.371182
1.63	1.04	0.347184
1.63	1.06	0.323988
1.63	1.08	0.301593
1.63	1.1	0.279998
1.63	1.12	0.259205
1.63	1.14	0.239212
1.63	1.16	0.22002
1.63	1.18	0.201629
1.63	1.2	0.184039
1.63	1.22	0.167249
1.63	1.24	0.151261
1.63	1.26	0.136073
1.63	1.28	0.121686
1.63	1.3	0.1081
1.63	1.32	0.095314
1.63	1.34	0.0833291
1.63	1.36	0.0721449
1.63	1.38	0.0617614
1.63	1.4	0.0521786
1.63	1.42	0.0433964
1.63	1.44	0.0354149
1.63	1.46	0.0282339
1.63	1.48	0.0218536
1.63	1.5	0.0162738
1.63	1.52	0.0114946
1.63	1.54	0.00751588
1.63	1.56	0.00433768
1.63	1.58	0.00195997
1.63	1.6	0.000382726
1.63	1.62	-0.000394081
1.63	1.64	-0.000370468
1.63	1.66	0.000453542
1.63	1.68	0.00207793
1.63	1.7	0.00450266
1.63	1.72	0.00772773
1.63	1.74	0.0117531
1.63	1.76	0.0165787
1.63	1.78	0.0222047
1.63	1.8	0.0286308
1.63	1.82	0.0358572
1.63	1.84	0.0438837
1.63	1.86	0.0527104
1.63	1.88	0.0623373
1.63	1.9	0.0727642
1.63	1.92	0.0839913
1.63	1.94	0.0960184
1.63	1.96	0.108846
1.63	1.98	0.122473
1.63	2	0.1369
1.64	0	2.6896
1.64	0.02	2.62437
1.64	0.04	2.55994
1.64	0.06	2.49631
1.64	0.08	2.43348
1.64	0.1	2.37145
1.64	0.12	2.31022
1.64	0.14	2.24979
1.64	0.16	2.19016
1.64	0.18	2.13133
1.64	0.2	2.0733
1.64	0.22	2.01608
1.64	0.24	1.95965
1.64	0.26	1.90402
1.64	0.28	1.84919
1.64	0.3	1.79517
1.64	0.32	1.74194
1.64	0.34	1.68952
1.64	0.36	1.63789
1.64	0.38	1.58707
1.64	0.4	1.53704
1.64	0.42	1.48782
1.64	0.44	1.4394
1.64	0.46	1.39178
1.64	0.48	1.34495
1.64	0.5	1.29893
1.64	0.52	1.25371
1.64	0.54	1.20929
1.64	0.56	1.16568
1.64	0.58	1.12286
1.64	0.6	1.08084
1.64	0.62	1.03963
1.64	0.64	0.999212
1.64	0.66	0.959598
1.64	0.68	0.920785
1.64	0.7	0.882772
1.64	0.72	0.845561
1.64	0.74	0.80915
1.64	0.76	0.77354
1.64	0.78	0.738731
1.64	0.8	0.704723
1.64	0.82	0.671516
1.64	0.84	0.63911
1.64	0.86	0.607505
1.64	0.88	0.5767
1.64	0.9	0.546697
1.64	0.92	0.517494
1.64	0.94	0.489093
1.64	0.96	0.461492
1.64	0.98	0.434692
1.64	1	0.408693
1.64	1.02	0.383495
1.64	1.04	0.359098
1.64	1.06	0.335502
1.64	1.08	0.312706
1.64	1.1	0.290712
1.64	1.12	0.269518
1.64	1.14	0.249125
1.64	1.16	0.229533
1.64	1.18	0.210742
1.64	1.2	0.192751
1.64	1.22	0.175562
1.64	1.24	0.159173
1.64	1.26	0.143585
1.64	1.28	0.128798
1.64	1.3	0.114811
1.64	1.32	0.101625
1.64	1.34	0.0892403
1.64	1.36	0.0776559
1.64	1.38	0.0668722
1.64	1.4	0.0568891
1.64	1.42	0.0477067
1.64	1.44	0.0393249
1.64	1.46	0.0317436
1.64	1.48	0.024963
1.64	1.5	0.0189829
1.64	1.52	0.0138034
1.64	1.54	0.00942439
1.64	1.56	0.00584588
1.64	1.58	0.00306784
1.64	1.6	0.00109026
1.64	1.62	-8.68841e-05
1.64	1.64	-0.000463615
1.64	1.66	-3.99553e-05
1.64	1.68	0.00118407
1.64	1.7	0.00320845
1.64	1.72	0.00603315
1.64	1.74	0.00965815
1.64	1.76	0.0140834
1.64	1.78	0.019309
1.64	1.8	0.0253347
1.64	1.82	0.0321607
1.64	1.84	0.0397869
1.64	1.86	0.0482132
1.64	1.88	0.0574396
1.64	1.9	0.0674662
1.64	1.92	0.0782929
1.64	1.94	0.0899196
1.64	1.96	0.102346
1.64	1.98	0.115573
1.64	2	0.1296
1.65	0	2.7225
1.65	0.02	2.65687
1.65	0.04	2.59204
1.65	0.06	2.52801
1.65	0.08	2.46478
1.65	0.1	2.40235
1.65	0.12	2.34072
1.65	0.14	2.27989
1.65	0.16	2.21987
1.65	0.18	2.16064
1.65	0.2	2.10221
1.65	0.22	2.04458
1.65	0.24	1.98775
1.65	0.26	1.93173
1.65	0.28	1.8765
1.65	0.3	1.82207
1.65	0.32	1.76845
1.65	0.34	1.71562
1.65	0.36	1.6636
1.65	0.38	1.61237
1.65	0.4	1.56195
1.65	0.42	1.51233
1.65	0.44	1.46351
1.65	0.46	1.41548
1.65	0.48	1.36826
1.65	0.5	1.32184
1.65	0.52	1.27622
1.65	0.54	1.23141
1.65	0.56	1.18739
1.65	0.58	1.14417
1.65	0.6	1.10175
1.65	0.62	1.06014
1.65	0.64	1.01932
1.65	0.66	0.97931
1.65	0.68	0.940097
1.65	0.7	0.901685
1.65	0.72	0.864074
1.65	0.74	0.827263
1.65	0.76	0.791254
1.65	0.78	0.756045
1.65	0.8	0.721637
1.65	0.82	0.68803
1.65	0.84	0.655224
1.65	0.86	0.623219
1.65	0.88	0.592014
1.65	0.9	0.561611
1.65	0.92	0.532008
1.65	0.94	0.503207
1.65	0.96	0.475206
1.65	0.98	0.448006
1.65	1	0.421607
1.65	1.02	0.396009
1.65	1.04	0.371212
1.65	1.06	0.347216
1.65	1.08	0.32402
1.65	1.1	0.301626
1.65	1.12	0.280032
1.65	1.14	0.259239
1.65	1.16	0.239247
1.65	1.18	0.220055
1.65	1.2	0.201665
1.65	1.22	0.184075
1.65	1.24	0.167286
1.65	1.26	0.151298
1.65	1.28	0.13611
1.65	1.3	0.121724
1.65	1.32	0.108138
1.65	1.34	0.0953523
1.65	1.36	0.0833676
1.65	1.38	0.0721837
1.65	1.4	0.0618003
1.65	1.42	0.0522176
1.65	1.44	0.0434355
1.65	1.46	0.035454
1.65	1.48	0.028273
1.65	1.5	0.0218927
1.65	1.52	0.0163128
1.65	1.54	0.0115335
1.65	1.56	0.00755461
1.65	1.58	0.00437622
1.65	1.6	0.00199829
1.65	1.62	0.000420786
1.65	1.64	-0.000356312
1.65	1.66	-0.000333025
1.65	1.68	0.000490626
1.65	1.7	0.00211462
1.65	1.72	0.00453893
1.65	1.74	0.00776353
1.65	1.76	0.0117884
1.65	1.78	0.0166135
1.65	1.8	0.0222389
1.65	1.82	0.0286645
1.65	1.84	0.0358902
1.65	1.86	0.0439161
1.65	1.88	0.0527422
1.65	1.9	0.0623683
1.65	1.92	0.0727946
1.65	1.94	0.0840209
1.65	1.96	0.0960472
1.65	1.98	0.108874
1.65	2	0.1225
1.66	0	2.7556
1.66	0.02	2.68957
1.66	0.04	2.62434
1.66	0.06	2.55991
1.66	0.08	2.49628
1.66	0.1	2.43345
1.66	0.12	2.37143
1.66	0.14	2.3102
1.66	0.16	2.24977
1.66	0.18	2.19014
1.66	0.2	2.13131
1.66	0.22	2.07329
1.66	0.24	2.01606
1.66	0.26	1.95963
1.66	0.28	1.90401
1.66	0.3	1.84918
1.66	0.32	1.79516
1.66	0.34	1.74193
1.66	0.36	1.68951
1.66	0.38	1.63788
1.66	0.4	1.58706
1.66	0.42	1.53704
1.66	0.44	1.48782
1.66	0.46	1.4394
1.66	0.48	1.39177
1.66	0.5	1.34496
1.66	0.52	1.29894
1.66	0.54	1.25372
1.66	0.56	1.2093
1.66	0.58	1.16568
1.66	0.6	1.12287
1.66	0.62	1.08085
1.66	0.64	1.03964
1.66	0.66	0.999224
1.66	0.68	0.959611
1.66	0.7	0.920799
1.66	0.72	0.882788
1.66	0.74	0.845578
1.66	0.76	0.809168
1.66	0.78	0.773559
1.66	0.8	0.738752
1.66	0.82	0.704745
1.66	0.84	0.671539
1.66	0.86	0.639134
1.66	0.88	0.607529
1.66	0.9	0.576726
1.66	0.92	0.546724
1.66	0.94	0.517522
1.66	0.96	0.489121
1.66	0.98	0.461521
1.66	1	0.434722
1.66	1.02	0.408724
1.66	1.04	0.383527
1.66	1.06	0.359131
1.66	1.08	0.335535
1.66	1.1	0.31274
1.66	1.12	0.290746
1.66	1.14	0.269553
1.66	1.16	0.249161
1.66	1.18	0.22957
1.66	1.2	0.210779
1.66	1.22	0.192789
1.66	1.24	0.1756
1.66	1.26	0.159211
1.66	1.28	0.143624
1.66	1.3	0.128837
1.66	1.32	0.114851
1.66	1.34	0.101665
1.66	1.36	0.0892801
1.66	1.38	0.0776958
1.66	1.4	0.0669122
1.66	1.42	0.0569292
1.66	1.44	0.0477468
1.66	1.46	0.039365
1.66	1.48	0.0317837
1.66	1.5	0.025003
1.66	1.52	0.0190228
1.66	1.54	0.0138431
1.66	1.56	0.00946387
1.66	1.58	0.00588512
1.66	1.6	0.00310681
1.66	1.62	0.00112892
1.66	1.64	-4.85656e-05
1.66	1.66	-0.000425674
1.66	1.68	-2.42487e-06
1.66	1.7	0.00122116
1.66	1.72	0.00324506
1.66	1.74	0.00606924
1.66	1.76	0.0096937
1.66	1.78	0.0141184
1.66	1.8	0.0193433
1.66	1.82	0.0253685
1.66	1.84	0.0321938
1.66	1.86	0.0398192
1.66	1.88	0.0482448
1.66	1.9	0.0574706
1.66	1.92	0.0674964
1.66	1.94	0.0783222
1.66	1.96	0.0899481
1.66	1.98	0.102374
1.66	2	0.1156
1.67	0	2.7889
1.67	0.02	2.72247
1.67	0.04	2.65684
1.67	0.06	2.59201
1.67	0.08	2.52799
1.67	0.1	2.46476
1.67	0.12	2.40233
1.67	0.14	2.3407
1.67	0.16	2.27987
1.67	0.18	2.21985
1.67	0.2	2.16062
1.67	0.22	2.10219
1.67	0.24	2.04457
1.67	0.26	1.98774
1.67	0.28	1.93171
1.67	0.3	1.87649
1.67	0.32	1.82206
1.67	0.34	1.76844
1.67	0.36	1.71562
1.67	0.38	1.66359
1.67	0.4	1.61237
1.67	0.42	1.56195
1.67	0.44	1.51233
1.67	0.46	1.46351
1.67	0.48	1.41549
1.67	0.5	1.36827
1.67	0.52	1.32185
1.67	0.54	1.27623
1.67	0.56	1.23141
1.67	0.58	1.1874
1.67	0.6	1.14418
1.67	0.62	1.10177
1.67	0.64	1.06015
1.67	0.66	1.01934
1.67	0.68	0.979325
1.67	0.7	0.940114
1.67	0.72	0.901703
1.67	0.74	0.864093
1.67	0.76	0.827283
1.67	0.78	0.791275
1.67	0.8	0.756067
1.67	0.82	0.72166
1.67	0.84	0.688055
1.67	0.86	0.65525
1.67	0.88	0.623245
1.67	0.9	0.592042
1.67	0.92	0.56164
1.67	0.94	0.532038
1.67	0.96	0.503237
1.67	0.98	0.475237
1.67	1	0.448038
1.67	1.02	0.42164
1.67	1.04	0.396043
1.67	1.06	0.371247
1.67	1.08	0.347251
1.67	1.1	0.324056
1.67	1.12	0.301662
1.67	1.14	0.280069
1.67	1.16	0.259276
1.67	1.18	0.239285
1.67	1.2	0.220094
1.67	1.22	0.201704
1.67	1.24	0.184114
1.67	1.26	0.167326
1.67	1.28	0.151338
1.67	1.3	0.136151
1.67	1.32	0.121764
1.67	1.34	0.108178
1.67	1.36	0.0953932
1.67	1.38	0.0834087
1.67	1.4	0.0722247
1.67	1.42	0.0618414
1.67	1.44	0.0522587
1.67	1.46	0.0434765
1.67	1.48	0.0354949
1.67	1.5	0.0283139
1.67	1.52	0.0219333
1.67	1.54	0.0163532
1.67	1.56	0.0115736
1.67	1.58	0.00759451
1.67	1.6	0.0044158
1.67	1.62	0.00203751
1.67	1.64	0.000459616
1.67	1.66	-0.00031791
1.67	1.68	-0.000295085
1.67	1.7	0.000528069
1.67	1.72	0.00215153
1.67	1.74	0.00457528
1.67	1.76	0.00779929
1.67	1.78	0.0118235
1.67	1.8	0.016648
1.67	1.82	0.0222727
1.67	1.84	0.0286975
1.67	1.86	0.0359225
1.67	1.88	0.0439477
1.67	1.9	0.0527729
1.67	1.92	0.0623982
1.67	1.94	0.0728236
1.67	1.96	0.0840491
1.67	1.98	0.0960745
1.67	2	0.1089
1.68	0	2.8224
1.68	0.02	2.75557
1.68	0.04	2.68954
1.68	0.06	2.62432
1.68	0.08	2.55989
1.68	0.1	2.49626
1.68	0.12	2.43343
1.68	0.14	2.3714
1.68	0.16	2.31018
1.68	0.18	2.24975
1.68	0.2	2.19012
1.68	0.22	2.1313
1.68	0.24	2.07327
1.68	0.26	2.01605
1.68	0.28	1.95962
1.68	0.3	1.904
1.68	0.32	1.84917
1.68	0.34	1.79515
1.68	0.36	1.74193
1.68	0.38	1.6895
1.68	0.4	1.63788
1.68	0.42	1.58706
1.68	0.44	1.53704
1.68	0.46	1.48782
1.68	0.48	1.4394
1.68	0.5	1.39178
1.68	0.52	1.34496
1.68	0.54	1.29894
1.68	0.56	1.25373
1.68	0.58	1.20931
1.68	0.6	1.16569
1.68	0.62	1.12288
1.68	0.64	1.08087
1.68	0.66	1.03965
1.68	0.68	0.999241
1.68	0.7	0.959629
1.68	0.72	0.920818
1.68	0.74	0.882808
1.68	0.76	0.845599
1.68	0.78	0.809191
1.68	0.8	0.773583
1.68	0.82	0.738777
1.68	0.84	0.704771
1.68	0.86	0.671566
1.68	0.88	0.639162
1.68	0.9	0.607559
1.68	0.92	0.576756
1.68	0.94	0.546755
1.68	0.96	0.517554
1.68	0.98	0.489154
1.68	1	0.461555
1.68	1.02	0.434757
1.68	1.04	0.40876
1.68	1.06	0.383563
1.68	1.08	0.359168
1.68	1.1	0.335573
1.68	1.12	0.312778
1.68	1.14	0.290785
1.68	1.16	0.269593
1.68	1.18	0.249201
1.68	1.2	0.22961
1.68	1.22	0.210819
1.68	1.24	0.19283
1.68	1.26	0.175641
1.68	1.28	0.159253
1.68	1.3	0.143665
1.68	1.32	0.128879
1.68	1.34	0.114893
1.68	1.36	0.101707
1.68	1.38	0.0893222
1.68	1.4	0.0777379
1.68	1.42	0.0669543
1.68	1.44	0.0569712
1.68	1.46	0.0477887
1.68	1.48	0.0394068
1.68	1.5	0.0318253
1.68	1.52	0.0250444
1.68	1.54	0.0190639
1.68	1.56	0.0138839
1.68	1.58	0.00950439
1.68	1.6	0.00592527
1.68	1.62	0.00314655
1.68	1.64	0.00116822
1.68	1.66	-9.74164e-06
1.68	1.68	-0.000387363
1.68	1.7	3.53383e-05
1.68	1.72	0.00125834
1.68	1.74	0.00328162
1.68	1.76	0.00610517
1.68	1.78	0.00972895
1.68	1.8	0.0141529
1.68	1.82	0.0193771
1.68	1.84	0.0254015
1.68	1.86	0.032226
1.68	1.88	0.0398506
1.68	1.9	0.0482754
1.68	1.92	0.0575002
1.68	1.94	0.0675251
1.68	1.96	0.0783501
1.68	1.98	0.089975
1.68	2	0.1024
1.69	0	2.8561
1.69	0.02	2.78887
1.69	0.04	2.72244
1.69	0.06	2.65682
1.69	0.08	2.59199
1.69	0.1	2.52796
1.69	0.12	2.46474
1.69	0.14	2.40231
1.69	0.16	2.34068
1.69	0.18	2.27986
1.69	0.2	2.21983
1.69	0.22	2.1606
1.69	0.24	2.10218
1.69	0.26	2.04455
1.69	0.28	1.98773
1.69	0.3	1.93171
1.69	0.32	1.87648
1.69	0.34	1.82206
1.69	0.36	1.76844
1.69	0.38	1.71561
1.69	0.4	1.66359
1.69	0.42	1.61237
1.69	0.44	1.56195
1.69	0.46	1.51233
1.69	0.48	1.46351
1.69	0.5	1.41549
1.69	0.52	1.36827
1.69	0.54	1.32186
1.69	0.56	1.27624
1.69	0.58	1.23142
1.69	0.6	1.18741
1.69	0.62	1.1442
1.69	0.64	1.10178
1.69	0.66	1.06017
1.69	0.68	1.01936
1.69	0.7	0.979345
1.69	0.72	0.940135
1.69	0.74	0.901725
1.69	0.76	0.864116
1.69	0.78	0.827308
1.69	0.8	0.791301
1.69	0.82	0.756094
1.69	0.84	0.721688
1.69	0.86	0.688084
1.69	0.88	0.65528
1.69	0.9	0.623276
1.69	0.92	0.592074
1.69	0.94	0.561673
1.69	0.96	0.532072
1.69	0.98	0.503272
1.69	1	0.475273
1.69	1.02	0.448075
1.69	1.04	0.421677
1.69	1.06	0.396081
1.69	1.08	0.371285
1.69	1.1	0.34729
1.69	1.12	0.324096
1.69	1.14	0.301702
1.69	1.16	0.280109
1.69	1.18	0.259317
1.69	1.2	0.239326
1.69	1.22	0.220136
1.69	1.24	0.201746
1.69	1.26	0.184157
1.69	1.28	0.167368
1.69	1.3	0.151381
1.69	1.32	0.136194
1.69	1.34	0.121807
1.69	1.36	0.108222
1.69	1.38	0.0954363
1.69	1.4	0.0834518
1.69	1.42	0.0722678
1.69	1.44	0.0618844
1.69	1.46	0.0523015
1.69	1.48	0.0435192
1.69	1.5	0.0355373
1.69	1.52	0.028356
1.69	1.54	0.0219751
1.69	1.56	0.0163947
1.69	1.58	0.0116147
1.69	1.6	0.00763519
1.69	1.62	0.00445603
1.69	1.64	0.00207725
1.69	1.66	0.000498823
1.69	1.68	-0.000279266
1.69	1.7	-0.000257039
1.69	1.72	0.000565483
1.69	1.74	0.00218828
1.69	1.76	0.00461133
1.69	1.78	0.00783461
1.69	1.8	0.0118581
1.69	1.82	0.0166818
1.69	1.84	0.0223056
1.69	1.86	0.0287296
1.69	1.88	0.0359538
1.69	1.9	0.043978
1.69	1.92	0.0528023
1.69	1.94	0.0624267
1.69	1.96	0.0728511
1.69	1.98	0.0840756
1.69	2	0.0961
1.7	0	2.89
1.7	0.02	2.82237
1.7	0.04	2.75555
1.7	0.06	2.68952
1.7	0.08	2.62429
1.7	0.1	2.55987
1.7	0.12	2.49624
1.7	0.14	2.43341
1.7	0.16	2.37139
1.7	0.18	2.31016
1.7	0.2	2.24974
1.7	0.22	2.19011
1.7	0.24	2.13129
1.7	0.26	2.07326
1.7	0.28	2.01604
1.7	0.3	1.95961
1.7	0.32	1.90399
1.7	0.34	1.84917
1.7	0.36	1.79515
1.7	0.38	1.74192
1.7	0.4	1.6895
1.7	0.42	1.63788
1.7	0.44	1.58706
1.7	0.46	1.53704
1.7	0.48	1.48782
1.7	0.5	1.43941
1.7	0.52	1.39179
1.7	0.54	1.34497
1.7	0.56	1.29896
1.7	0.58	1.25374
1.7	0.6	1.20932
1.7	0.62	1.16571
1.7	0.64	1.1229
1.7	0.66	1.08088
1.7	0.68	1.03967
1.7	0.7	0.999262
1.7	0.72	0.959652
1.7	0.74	0.920842
1.7	0.76	0.882833
1.7	0.78	0.845626
1.7	0.8	0.809218
1.7	0.82	0.773612
1.7	0.84	0.738807
1.7	0.86	0.704802
1.7	0.88	0.671598
1.7	0.9	0.639195
1.7	0.92	0.607593
1.7	0.94	0.576791
1.7	0.96	0.54679
1.7	0.98	0.517591
1.7	1	0.489191
1.7	1.02	0.461593
1.7	1.04	0.434796
1.7	1.06	0.408799
1.7	1.08	0.383603
1.7	1.1	0.359208
1.7	1.12	0.335614
1.7	1.14	0.31282
1.7	1.16	0.290827
1.7	1.18	0.269635
1.7	1.2	0.249244
1.7	1.22	0.229653
1.7	1.24	0.210863
1.7	1.26	0.192873
1.7	1.28	0.175685
1.7	1.3	0.159297
1.7	1.32	0.143709
1.7	1.34	0.128923
1.7	1.36	0.114937
1.7	1.38	0.101751
1.7	1.4	0.0893662
1.7	1.42	0.0777819
1.7	1.44	0.0669981
1.7	1.46	0.0570149
1.7	1.48	0.0478321
1.7	1.5	0.0394499
1.7	1.52	0.0318681
1.7	1.54	0.0250868
1.7	1.56	0.019106
1.7	1.58	0.0139256
1.7	1.6	0.00954556
1.7	1.62	0.00596594
1.7	1.64	0.00318668
1.7	1.66	0.00120777
1.7	1.68	2.91967e-05
1.7	1.7	-0.000349072
1.7	1.72	7.2947e-05
1.7	1.74	0.00129523
1.7	1.76	0.00331777
1.7	1.78	0.00614053
1.7	1.8	0.0097635
1.7	1.82	0.0141867
1.7	1.84	0.01941
1.7	1.86	0.0254334
1.7	1.88	0.032257
1.7	1.9	0.0398807
1.7	1.92	0.0483045
1.7	1.94	0.0575283
1.7	1.96	0.0675522
1.7	1.98	0.0783761
1.7	2	0.09
1.71	0	2.9241
1.71	0.02	2.85607
1.71	0.04	2.78885
1.71	0.06	2.72242
1.71	0.08	2.6568
1.71	0.1	2.59197
1.71	0.12	2.52794
1.71	0.14	2.46472
1.71	0.16	2.40229
1.71	0.18	2.34067
1.71	0.2	2.27984
1.71	0.22	2.21982
1.71	0.24	2.16059
1.71	0.26	2.10217
1.71	0.28	2.04455
1.71	0.3	1.98772
1.71	0.32	1.9317
1.71	0.34	1.87648
1.71	0.36	1.82206
1.71	0.38	1.76844
1.71	0.4	1.71561
1.71	0.42	1.66359
1.71	0.44	1.61238
1.71	0.46	1.56196
1.71	0.48	1.51234
1.71	0.5	1.46352
1.71	0.52	1.4155
1.71	0.54	1.36829
1.71	0.56	1.32187
1.71	0.58	1.27626
1.71	0.6	1.23144
1.71	0.62	1.18743
1.71	0.64	1.14421
1.71	0.66	1.1018
1.71	0.68	1.06019
1.71	0.7	1.01938
1.71	0.72	0.97937
1.71	0.74	0.94016
1.71	0.76	0.901752
1.71	0.78	0.864144
1.71	0.8	0.827337
1.71	0.82	0.791331
1.71	0.84	0.756125
1.71	0.86	0.721721
1.71	0.88	0.688117
1.71	0.9	0.655314
1.71	0.92	0.623312
1.71	0.94	0.59211
1.71	0.96	0.56171
1.71	0.98	0.53211
1.71	1	0.503311
1.71	1.02	0.475312
1.71	1.04	0.448115
1.71	1.06	0.421718
1.71	1.08	0.396122
1.71	1.1	0.371327
1.71	1.12	0.347332
1.71	1.14	0.324139
1.71	1.16	0.301745
1.71	1.18	0.280153
1.71	1.2	0.259362
1.71	1.22	0.239371
1.71	1.24	0.22018
1.71	1.26	0.201791
1.71	1.28	0.184202
1.71	1.3	0.167414
1.71	1.32	0.151426
1.71	1.34	0.136239
1.71	1.36	0.121852
1.71	1.38	0.108267
1.71	1.4	0.0954813
1.71	1.42	0.0834966
1.71	1.44	0.0723124
1.71	1.46	0.0619288
1.71	1.48	0.0523456
1.71	1.5	0.043563
1.71	1.52	0.0355808
1.71	1.54	0.0283991
1.71	1.56	0.0220178
1.71	1.58	0.0164369
1.71	1.6	0.0116564
1.71	1.62	0.00767626
1.71	1.64	0.00449651
1.71	1.66	0.0021171
1.71	1.68	0.000538017
1.71	1.7	-0.000240769
1.71	1.72	-0.000219273
1.71	1.74	0.000602484
1.71	1.76	0.00222448
1.71	1.78	0.00464671
1.71	1.8	0.00786913
1.71	1.82	0.0118917
1.71	1.84	0.0167145
1.71	1.86	0.0223374
1.71	1.88	0.0287604
1.71	1.9	0.0359836
1.71	1.92	0.0440068
1.71	1.94	0.05283
1.71	1.96	0.0624533
1.71	1.98	0.0728767
1.71	2	0.0841
1.72	0	2.9584
1.72	0.02	2.88997
1.72	0.04	2.82235
1.72	0.06	2.75552
1.72	0.08	2.6895
1.72	0.1	2.62427
1.72	0.12	2.55985
1.72	0.14	2.49622
1.72	0.16	2.4334
1.72	0.18	2.37137
1.72	0.2	2.31015
1.72	0.22	2.24973
1.72	0.24	2.1901
1.72	0.26	2.13128
1.72	0.28	2.07326
1.72	0.3	2.01603
1.72	0.32	1.95961
1.72	0.34	1.90399
1.72	0.36	1.84917
1.72	0.38	1.79515
1.72	0.4	1.74193
1.72	0.42	1.68951
1.72	0.44	1.63789
1.72	0.46	1.58707
1.72	0.48	1.53705
1.72	0.5	1.48783
1.72	0.52	1.43942
1.72	0.54	1.3918
1.72	0.56	1.34499
1.72	0.58	1.29897
1.72	0.6	1.25376
1.72	0.62	1.20934
1.72	0.64	1.16573
1.72	0.66	1.12292
1.72	0.68	1.08091
1.72	0.7	1.0397
1.72	0.72	0.999288
1.72	0.74	0.959679
1.72	0.76	0.920871
1.72	0.78	0.882863
1.72	0.8	0.845656
1.72	0.82	0.80925
1.72	0.84	0.773645
1.72	0.86	0.738841
1.72	0.88	0.704837
1.72	0.9	0.671634
1.72	0.92	0.639232
1.72	0.94	0.60763
1.72	0.96	0.57683
1.72	0.98	0.54683
1.72	1	0.517631
1.72	1.02	0.489232
1.72	1.04	0.461635
1.72	1.06	0.434838
1.72	1.08	0.408842
1.72	1.1	0.383646
1.72	1.12	0.359252
1.72	1.14	0.335658
1.72	1.16	0.312865
1.72	1.18	0.290872
1.72	1.2	0.26968
1.72	1.22	0.249289
1.72	1.24	0.229699
1.72	1.26	0.210909
1.72	1.28	0.19292
1.72	1.3	0.175731
1.72	1.32	0.159343
1.72	1.34	0.143756
1.72	1.36	0.128969
1.72	1.38	0.114983
1.72	1.4	0.101797
1.72	1.42	0.0894119
1.72	1.44	0.0778273
1.72	1.46	0.0670433
1.72	1.48	0.0570597
1.72	1.5	0.0478766
1.72	1.52	0.0394939
1.72	1.54	0.0319117
1.72	1.56	0.02513
1.72	1.58	0.0191486
1.72	1.6	0.0139676
1.72	1.62	0.009587
1.72	1.64	0.00600673
1.72	1.66	0.0032268
1.72	1.68	0.00124719
1.72	1.7	6.78618e-05
1.72	1.72	-0.000311187
1.72	1.74	0.000110019
1.72	1.76	0.00133146
1.72	1.78	0.00335312
1.72	1.8	0.00617498
1.72	1.82	0.00979701
1.72	1.84	0.0142192
1.72	1.86	0.0194415
1.72	1.88	0.025464
1.72	1.9	0.0322865
1.72	1.92	0.0399091
1.72	1.94	0.0483318
1.72	1.96	0.0575545
1.72	1.98	0.0675773
1.72	2	0.0784
1.73	0	2.9929
1.73	0.02	2.92408
1.73	0.04	2.85605
1.73	0.06	2.78883
1.73	0.08	2.7224
1.73	0.1	2.65678
1.73	0.12	2.59195
1.73	0.14	2.52793
1.73	0.16	2.4647
1.73	0.18	2.40228
1.73	0.2	2.34066
1.73	0.22	2.27983
1.73	0.24	2.21981
1.73	0.26	2.16059
1.73	0.28	2.10216
1.73	0.3	2.04454
1.73	0.32	1.98772
1.73	0.34	1.9317
1.73	0.36	1.87648
1.73	0.38	1.82206
1.73	0.4	1.76844
1.73	0.42	1.71562
1.73	0.44	1.6636
1.73	0.46	1.61238
1.73	0.48	1.56197
1.73	0.5	1.51235
1.73	0.52	1.46353
1.73	0.54	1.41552
1.73	0.56	1.3683
1.73	0.58	1.32189
1.73	0.6	1.27628
1.73	0.62	1.23146
1.73	0.64	1.18745
1.73	0.66	1.14424
1.73	0.68	1.10183
1.73	0.7	1.06022
1.73	0.72	1.01941
1.73	0.74	0.979398
1.73	0.76	0.94019
1.73	0.78	0.901783
1.73	0.8	0.864176
1.73	0.82	0.827371
1.73	0.84	0.791365
1.73	0.86	0.756161
1.73	0.88	0.721757
1.73	0.9	0.688155
1.73	0.92	0.655352
1.73	0.94	0.623351
1.73	0.96	0.59215
1.73	0.98	0.561751
1.73	1	0.532151
1.73	1.02	0.503353
1.73	1.04	0.475355
1.73	1.06	0.448158
1.73	1.08	0.421762
1.73	1.1	0.396167
1.73	1.12	0.371372
1.73	1.14	0.347378
1.73	1.16	0.324184
1.73	1.18	0.301792
1.73	1.2	0.2802
1.73	1.22	0.259408
1.73	1.24	0.239417
1.73	1.26	0.220227
1.73	1.28	0.201838
1.73	1.3	0.184249
1.73	1.32	0.167461
1.73	1.34	0.151473
1.73	1.36	0.136286
1.73	1.38	0.121899
1.73	1.4	0.108313
1.73	1.42	0.0955278
1.73	1.44	0.0835428
1.73	1.46	0.0723583
1.73	1.48	0.0619742
1.73	1.5	0.0523907
1.73	1.52	0.0436076
1.73	1.54	0.0356249
1.73	1.56	0.0284426
1.73	1.58	0.0220608
1.73	1.6	0.0164793
1.73	1.62	0.0116981
1.73	1.64	0.00771733
1.73	1.66	0.00453686
1.73	1.68	0.00215669
1.73	1.7	0.000576811
1.73	1.72	-0.000202802
1.73	1.74	-0.000182167
1.73	1.76	0.000638697
1.73	1.78	0.00225977
1.73	1.8	0.00468104
1.73	1.82	0.00790248
1.73	1.84	0.0119241
1.73	1.86	0.0167458
1.73	1.88	0.0223676
1.73	1.9	0.0287896
1.73	1.92	0.0360116
1.73	1.94	0.0440336
1.73	1.96	0.0528558
1.73	1.98	0.0624779
1.73	2	0.0729
1.74	0	3.0276
1.74	0.02	2.95838
1.74	0.04	2.88995
1.74	0.06	2.82233
1.74	0.08	2.7555
1.74	0.1	2.68948
1.74	0.12	2.62426
1.74	0.14	2.55983
1.74	0.16	2.49621
1.74	0.18	2.43339
1.74	0.2	2.37136
1.74	0.22	2.31014
1.74	0.24	2.24972
1.74	0.26	2.1901
1.74	0.28	2.13127
1.74	0.3	2.07325
1.74	0.32	2.01603
1.74	0.34	1.95961
1.74	0.36	1.90399
1.74	0.38	1.84917
1.74	0.4	1.79515
1.74	0.42	1.74193
1.74	0.44	1.68952
1.74	0.46	1.6379
1.74	0.48	1.58708
1.74	0.5	1.53707
1.74	0.52	1.48785
1.74	0.54	1.43943
1.74	0.56	1.39182
1.74	0.58	1.34501
1.74	0.6	1.29899
1.74	0.62	1.25378
1.74	0.64	1.20937
1.74	0.66	1.16576
1.74	0.68	1.12295
1.74	0.7	1.08094
1.74	0.72	1.03973
1.74	0.74	0.999319
1.74	0.76	0.959711
1.74	0.78	0.920904
1.74	0.8	0.882897
1.74	0.82	0.845691
1.74	0.84	0.809286
1.74	0.86	0.773682
1.74	0.88	0.738879
1.74	0.9	0.704876
1.74	0.92	0.671674
1.74	0.94	0.639273
1.74	0.96	0.607672
1.74	0.98	0.576872
1.74	1	0.546873
1.74	1.02	0.517674
1.74	1.04	0.489277
1.74	1.06	0.46168
1.74	1.08	0.434883
1.74	1.1	0.408888
1.74	1.12	0.383693
1.74	1.14	0.359299
1.74	1.16	0.335705
1.74	1.18	0.312912
1.74	1.2	0.29092
1.74	1.22	0.269728
1.74	1.24	0.249337
1.74	1.26	0.229747
1.74	1.28	0.210957
1.74	1.3	0.192968
1.74	1.32	0.175779
1.74	1.34	0.159391
1.74	1.36	0.143803
1.74	1.38	0.129017
1.74	1.4	0.11503
1.74	1.42	0.101844
1.74	1.44	0.0894587
1.74	1.46	0.0778738
1.74	1.48	0.0670893
1.74	1.5	0.0571053
1.74	1.52	0.0479217
1.74	1.54	0.0395385
1.74	1.56	0.0319557
1.74	1.58	0.0251733
1.74	1.6	0.0191913
1.74	1.62	0.0140096
1.74	1.64	0.00962829
1.74	1.66	0.00604726
1.74	1.68	0.00326653
1.74	1.7	0.00128607
1.74	1.72	0.000105872
1.74	1.74	-0.000274084
1.74	1.76	0.000146183
1.74	1.78	0.00136665
1.74	1.8	0.00338731
1.74	1.82	0.00620814
1.74	1.84	0.00982911
1.74	1.86	0.0142502
1.74	1.88	0.0194714
1.74	1.9	0.0254927
1.74	1.92	0.0323141
1.74	1.94	0.0399355
1.74	1.96	0.048357
1.74	1.98	0.0575785
1.74	2	0.0676
1.75	0	3.0625
1.75	0.02	2.99288
1.75	0.04	2.92405
1.75	0.06	2.85603
1.75	0.08	2.78881
1.75	0.1	2.72238
1.75	0.12	2.65676
1.75	0.14	2.59194
1.75	0.16	2.52791
1.75	0.18	2.46469
1.75	0.2	2.40227
1.75	0.22	2.34065
1.75	0.24	2.27983
1.75	0.26	2.21981
1.75	0.28	2.16058
1.75	0.3	2.10216
1.75	0.32	2.04454
1.75	0.34	1.98772
1.75	0.36	1.9317
1.75	0.38	1.87649
1.75	0.4	1.82207
1.75	0.42	1.76845
1.75	0.44	1.71563
1.75	0.46	1.66361
1.75	0.48	1.6124
1.75	0.5	1.56198
1.75	0.52	1.51237
1.75	0.54	1.46355
1.75	0.56	1.41554
1.75	0.58	1.36832
1.75	0.6	1.32191
1.75	0.62	1.2763
1.75	0.64	1.23149
1.75	0.66	1.18748
1.75	0.68	1.14427
1.75	0.7	1.10186
1.75	0.72	1.06025
1.75	0.74	1.01944
1.75	0.76	0.979432
1.75	0.78	0.940225
1.75	0.8	0.901819
1.75	0.82	0.864213
1.75	0.84	0.827408
1.75	0.86	0.791404
1.75	0.88	0.756201
1.75	0.9	0.721798
1.75	0.92	0.688196
1.75	0.94	0.655395
1.75	0.96	0.623394
1.75	0.98	0.592194
1.75	1	0.561795
1.75	1.02	0.532197
1.75	1.04	0.503399
1.75	1.06	0.475402
1.75	1.08	0.448205
1.75	1.1	0.421809
1.75	1.12	0.396214
1.75	1.14	0.37142
1.75	1.16	0.347426
1.75	1.18	0.324233
1.75	1.2	0.30184
1.75	1.22	0.280249
1.75	1.24	0.259457
1.75	1.26	0.239467
1.75	1.28	0.220276
1.75	1.3	0.201887
1.75	1.32	0.184298
1.75	1.34	0.16751
1.75	1.36	0.151522
1.75	1.38	0.136334
1.75	1.4	0.121947
1.75	1.42	0.108361
1.75	1.44	0.0955752
1.75	1.46	0.0835898
1.75	1.48	0.0724049
1.75	1.5	0.0620204
1.75	1.52	0.0524363
1.75	1.54	0.0436526
1.75	1.56	0.0356693
1.75	1.58	0.0284863
1.75	1.6	0.0221038
1.75	1.62	0.0165215
1.75	1.64	0.0117396
1.75	1.66	0.007758
1.75	1.68	0.00457668
1.75	1.7	0.00219563
1.75	1.72	0.000614827
1.75	1.74	-0.000165739
1.75	1.76	-0.000146089
1.75	1.78	0.000673758
1.75	1.8	0.00229379
1.75	1.82	0.00471398
1.75	1.84	0.00793431
1.75	1.86	0.0119548
1.75	1.88	0.0167753
1.75	1.9	0.022396
1.75	1.92	0.0288167
1.75	1.94	0.0360375
1.75	1.96	0.0440583
1.75	1.98	0.0528792
1.75	2	0.0625
1.76	0	3.0976
1.76	0.02	3.02758
1.76	0.04	2.95835
1.76	0.06	2.88993
1.76	0.08	2.82231
1.76	0.1	2.75549
1.76	0.12	2.68946
1.76	0.14	2.62424
1.76	0.16	2.55982
1.76	0.18	2.4962
1.76	0.2	2.43338
1.76	0.22	2.37136
1.76	0.24	2.31014
1.76	0.26	2.24971
1.76	0.28	2.19009
1.76	0.3	2.13127
1.76	0.32	2.07325
1.76	0.34	2.01604
1.76	0.36	1.95962
1.76	0.38	1.904
1.76	0.4	1.84918
1.76	0.42	1.79516
1.76	0.44	1.74195
1.76	0.46	1.68953
1.76	0.48	1.63791
1.76	0.5	1.5871
1.76	0.52	1.53708
1.76	0.54	1.48787
1.76	0.56	1.43946
1.76	0.58	1.39184
1.76	0.6	1.34503
1.76	0.62	1.29902
1.76	0.64	1.25381
1.76	0.66	1.2094
1.76	0.68	1.16579
1.76	0.7	1.12298
1.76	0.72	1.08097
1.76	0.74	1.03976
1.76	0.76	0.999353
1.76	0.78	0.959747
1.76	0.8	0.920941
1.76	0.82	0.882935
1.76	0.84	0.845731
1.76	0.86	0.809327
1.76	0.88	0.773723
1.76	0.9	0.738921
1.76	0.92	0.704919
1.76	0.94	0.671718
1.76	0.96	0.639317
1.76	0.98	0.607717
1.76	1	0.576918
1.76	1.02	0.546919
1.76	1.04	0.517721
1.76	1.06	0.489324
1.76	1.08	0.461728
1.76	1.1	0.434932
1.76	1.12	0.408937
1.76	1.14	0.383742
1.76	1.16	0.359348
1.76	1.18	0.335755
1.76	1.2	0.312962
1.76	1.22	0.29097
1.76	1.24	0.269778
1.76	1.26	0.249387
1.76	1.28	0.229797
1.76	1.3	0.211007
1.76	1.32	0.193017
1.76	1.34	0.175829
1.76	1.36	0.15944
1.76	1.38	0.143853
1.76	1.4	0.129065
1.76	1.42	0.115079
1.76	1.44	0.101892
1.76	1.46	0.0895063
1.76	1.48	0.0779209
1.76	1.5	0.0671359
1.76	1.52	0.0571513
1.76	1.54	0.0479671
1.76	1.56	0.0395832
1.76	1.58	0.0319997
1.76	1.6	0.0252166
1.76	1.62	0.0192338
1.76	1.64	0.0140513
1.76	1.66	0.00966907
1.76	1.68	0.00608714
1.76	1.7	0.00330548
1.76	1.72	0.00132405
1.76	1.74	0.000142859
1.76	1.76	-0.000238127
1.76	1.78	0.000181078
1.76	1.8	0.00140046
1.76	1.82	0.00342
1.76	1.84	0.00623967
1.76	1.86	0.00985947
1.76	1.88	0.0142794
1.76	1.9	0.0194994
1.76	1.92	0.0255194
1.76	1.94	0.0323395
1.76	1.96	0.0399597
1.76	1.98	0.0483798
1.76	2	0.0576
1.77	0	3.1329
1.77	0.02	3.06248
1.77	0.04	2.99286
1.77	0.06	2.92403
1.77	0.08	2.85601
1.77	0.1	2.78879
1.77	0.12	2.72237
1.77	0.14	2.65675
1.77	0.16	2.59193
1.77	0.18	2.52791
1.77	0.2	2.46469
1.77	0.22	2.40226
1.77	0.24	2.34064
1.77	0.26	2.27982
1.77	0.28	2.2198
1.77	0.3	2.16059
1.77	0.32	2.10217
1.77	0.34	2.04455
1.77	0.36	1.98773
1.77	0.38	1.93171
1.77	0.4	1.8765
1.77	0.42	1.82208
1.77	0.44	1.76846
1.77	0.46	1.71565
1.77	0.48	1.66363
1.77	0.5	1.61242
1.77	0.52	1.562
1.77	0.54	1.51239
1.77	0.56	1.46357
1.77	0.58	1.41556
1.77	0.6	1.36835
1.77	0.62	1.32194
1.77	0.64	1.27633
1.77	0.66	1.23152
1.77	0.68	1.18751
1.77	0.7	1.1443
1.77	0.72	1.10189
1.77	0.74	1.06028
1.77	0.76	1.01948
1.77	0.78	0.979469
1.77	0.8	0.940263
1.77	0.82	0.901858
1.77	0.84	0.864254
1.77	0.86	0.82745
1.77	0.88	0.791447
1.77	0.9	0.756244
1.77	0.92	0.721842
1.77	0.94	0.688241
1.77	0.96	0.65544
1.77	0.98	0.623441
1.77	1	0.592241
1.77	1.02	0.561843
1.77	1.04	0.532245
1.77	1.06	0.503448
1.77	1.08	0.475451
1.77	1.1	0.448255
1.77	1.12	0.421859
1.77	1.14	0.396265
1.77	1.16	0.37147
1.77	1.18	0.347477
1.77	1.2	0.324284
1.77	1.22	0.301891
1.77	1.24	0.280299
1.77	1.26	0.259508
1.77	1.28	0.239517
1.77	1.3	0.220327
1.77	1.32	0.201937
1.77	1.34	0.184348
1.77	1.36	0.16756
1.77	1.38	0.151571
1.77	1.4	0.136384
1.77	1.42	0.121996
1.77	1.44	0.10841
1.77	1.46	0.0956233
1.77	1.48	0.0836374
1.77	1.5	0.0724519
1.77	1.52	0.0620667
1.77	1.54	0.052482
1.77	1.56	0.0436976
1.77	1.58	0.0357135
1.77	1.6	0.0285298
1.77	1.62	0.0221464
1.77	1.64	0.0165633
1.77	1.66	0.0117805
1.77	1.68	0.0077979
1.77	1.7	0.00461561
1.77	1.72	0.00223354
1.77	1.74	0.000651702
1.77	1.76	-0.000129938
1.77	1.78	-0.000111393
1.77	1.8	0.000707321
1.77	1.82	0.00232619
1.77	1.84	0.00474519
1.77	1.86	0.0079643
1.77	1.88	0.0119835
1.77	1.9	0.0168028
1.77	1.92	0.0224222
1.77	1.94	0.0288416
1.77	1.96	0.0360611
1.77	1.98	0.0440805
1.77	2	0.0529
1.78	0	3.1684
1.78	0.02	3.09758
1.78	0.04	3.02756
1.78	0.06	2.95834
1.78	0.08	2.88992
1.78	0.1	2.82229
1.78	0.12	2.75547
1.78	0.14	2.68945
1.78	0.16	2.62423
1.78	0.18	2.55981
1.78	0.2	2.49619
1.78	0.22	2.43337
1.78	0.24	2.37135
1.78	0.26	2.31013
1.78	0.28	2.24972
1.78	0.3	2.1901
1.78	0.32	2.13128
1.78	0.34	2.07326
1.78	0.36	2.01604
1.78	0.38	1.95963
1.78	0.4	1.90401
1.78	0.42	1.84919
1.78	0.44	1.79518
1.78	0.46	1.74196
1.78	0.48	1.68955
1.78	0.5	1.63793
1.78	0.52	1.58712
1.78	0.54	1.53711
1.78	0.56	1.48789
1.78	0.58	1.43948
1.78	0.6	1.39187
1.78	0.62	1.34506
1.78	0.64	1.29905
1.78	0.66	1.25384
1.78	0.68	1.20943
1.78	0.7	1.16582
1.78	0.72	1.12301
1.78	0.74	1.08101
1.78	0.76	1.0398
1.78	0.78	0.999392
1.78	0.8	0.959787
1.78	0.82	0.920982
1.78	0.84	0.882977
1.78	0.86	0.845774
1.78	0.88	0.809371
1.78	0.9	0.773768
1.78	0.92	0.738966
1.78	0.94	0.704965
1.78	0.96	0.671765
1.78	0.98	0.639365
1.78	1	0.607765
1.78	1.02	0.576967
1.78	1.04	0.546969
1.78	1.06	0.517771
1.78	1.08	0.489375
1.78	1.1	0.461778
1.78	1.12	0.434983
1.78	1.14	0.408988
1.78	1.16	0.383793
1.78	1.18	0.3594
1.78	1.2	0.335806
1.78	1.22	0.313014
1.78	1.24	0.291021
1.78	1.26	0.26983
1.78	1.28	0.249439
1.78	1.3	0.229848
1.78	1.32	0.211058
1.78	1.34	0.193068
1.78	1.36	0.175879
1.78	1.38	0.159491
1.78	1.4	0.143903
1.78	1.42	0.129115
1.78	1.44	0.115128
1.78	1.46	0.101941
1.78	1.48	0.0895543
1.78	1.5	0.0779683
1.78	1.52	0.0671826
1.78	1.54	0.0571973
1.78	1.56	0.0480123
1.78	1.58	0.0396276
1.78	1.6	0.0320433
1.78	1.62	0.0252593
1.78	1.64	0.0192756
1.78	1.66	0.0140921
1.78	1.68	0.00970895
1.78	1.7	0.00612601
1.78	1.72	0.00334329
1.78	1.74	0.00136078
1.78	1.76	0.00017847
1.78	1.78	-0.000203663
1.78	1.8	0.000214367
1.78	1.82	0.00143254
1.78	1.84	0.00345085
1.78	1.86	0.00626927
1.78	1.88	0.00988778
1.78	1.9	0.0143064
1.78	1.92	0.019525
1.78	1.94	0.0255437
1.78	1.96	0.0323625
1.78	1.98	0.0399812
1.78	2	0.0484
1.79	0	3.2041
1.79	0.02	3.13288
1.79	0.04	3.06246
1.79	0.06	2.99284
1.79	0.08	2.92402
1.79	0.1	2.856
1.79	0.12	2.78878
1.79	0.14	2.72236
1.79	0.16	2.65674
1.79	0.18	2.59192
1.79	0.2	2.5279
1.79	0.22	2.46468
1.79	0.24	2.40226
1.79	0.26	2.34064
1.79	0.28	2.27983
1.79	0.3	2.21981
1.79	0.32	2.16059
1.79	0.34	2.10217
1.79	0.36	2.04456
1.79	0.38	1.98774
1.79	0.4	1.93173
1.79	0.42	1.87651
1.79	0.44	1.82209
1.79	0.46	1.76848
1.79	0.48	1.71567
1.79	0.5	1.66365
1.79	0.52	1.61244
1.79	0.54	1.56203
1.79	0.56	1.51241
1.79	0.58	1.4636
1.79	0.6	1.41559
1.79	0.62	1.36838
1.79	0.64	1.32197
1.79	0.66	1.27636
1.79	0.68	1.23155
1.79	0.7	1.18754
1.79	0.72	1.14434
1.79	0.74	1.10193
1.79	0.76	1.06032
1.79	0.78	1.01952
1.79	0.8	0.979511
1.79	0.82	0.940306
1.79	0.84	0.901902
1.79	0.86	0.864298
1.79	0.88	0.827495
1.79	0.9	0.791493
1.79	0.92	0.756291
1.79	0.94	0.72189
1.79	0.96	0.688289
1.79	0.98	0.655489
1.79	1	0.62349
1.79	1.02	0.592291
1.79	1.04	0.561893
1.79	1.06	0.532296
1.79	1.08	0.503499
1.79	1.1	0.475503
1.79	1.12	0.448307
1.79	1.14	0.421912
1.79	1.16	0.396317
1.79	1.18	0.371523
1.79	1.2	0.347529
1.79	1.22	0.324336
1.79	1.24	0.301944
1.79	1.26	0.280352
1.79	1.28	0.259561
1.79	1.3	0.23957
1.79	1.32	0.220379
1.79	1.34	0.201989
1.79	1.36	0.1844
1.79	1.38	0.167611
1.79	1.4	0.151622
1.79	1.42	0.136434
1.79	1.44	0.122046
1.79	1.46	0.108459
1.79	1.48	0.0956717
1.79	1.5	0.0836851
1.79	1.52	0.0724988
1.79	1.54	0.0621129
1.79	1.56	0.0525274
1.79	1.58	0.0437421
1.79	1.6	0.0357572
1.79	1.62	0.0285726
1.79	1.64	0.0221882
1.79	1.66	0.0166041
1.79	1.68	0.0118203
1.79	1.7	0.00783667
1.79	1.72	0.00465328
1.79	1.74	0.00227009
1.79	1.76	0.00068709
1.79	1.78	-9.57384e-05
1.79	1.8	-7.84106e-05
1.79	1.82	0.000739058
1.79	1.84	0.00235665
1.79	1.86	0.00477435
1.79	1.88	0.00799215
1.79	1.9	0.01201
1.79	1.92	0.016828
1.79	1.94	0.0224459
1.79	1.96	0.0288639
1.79	1.98	0.036082
1.79	2	0.0441
1.8	0	3.24
1.8	0.02	3.16838
1.8	0.04	3.09756
1.8	0.06	3.02754
1.8	0.08	2.95832
1.8	0.1	2.8899
1.8	0.12	2.82228
1.8	0.14	2.75547
1.8	0.16	2.68945
1.8	0.18	2.62423
1.8	0.2	2.55981
1.8	0.22	2.49619
1.8	0.24	2.43337
1.8	0.26	2.37136
1.8	0.28	2.31014
1.8	0.3	2.24972
1.8	0.32	2.1901
1.8	0.34	2.13129
1.8	0.36	2.07327
1.8	0.38	2.01606
1.8	0.4	1.95964
1.8	0.42	1.90403
1.8	0.44	1.84921
1.8	0.46	1.7952
1.8	0.48	1.74198
1.8	0.5	1.68957
1.8	0.52	1.63796
1.8	0.54	1.58715
1.8	0.56	1.53713
1.8	0.58	1.48792
1.8	0.6	1.43951
1.8	0.62	1.3919
1.8	0.64	1.34509
1.8	0.66	1.29908
1.8	0.68	1.25387
1.8	0.7	1.20947
1.8	0.72	1.16586
1.8	0.74	1.12305
1.8	0.76	1.08105
1.8	0.78	1.03984
1.8	0.8	0.999435
1.8	0.82	0.95983
1.8	0.84	0.921026
1.8	0.86	0.883023
1.8	0.88	0.84582
1.8	0.9	0.809418
1.8	0.92	0.773816
1.8	0.94	0.739015
1.8	0.96	0.705015
1.8	0.98	0.671815
1.8	1	0.639415
1.8	1.02	0.607817
1.8	1.04	0.577019
1.8	1.06	0.547021
1.8	1.08	0.517824
1.8	1.1	0.489427
1.8	1.12	0.461831
1.8	1.14	0.435036
1.8	1.16	0.409041
1.8	1.18	0.383847
1.8	1.2	0.359453
1.8	1.22	0.33586
1.8	1.24	0.313067
1.8	1.26	0.291075
1.8	1.28	0.269883
1.8	1.3	0.249492
1.8	1.32	0.229901
1.8	1.34	0.21111
1.8	1.36	0.19312
1.8	1.38	0.175931
1.8	1.4	0.159542
1.8	1.42	0.143953
1.8	1.44	0.129165
1.8	1.46	0.115177
1.8	1.48	0.101989
1.8	1.5	0.0896023
1.8	1.52	0.0780155
1.8	1.54	0.067229
1.8	1.56	0.0572428
1.8	1.58	0.048057
1.8	1.6	0.0396714
1.8	1.62	0.0320861
1.8	1.64	0.0253011
1.8	1.66	0.0193164
1.8	1.68	0.0141319
1.8	1.7	0.00974758
1.8	1.72	0.0061635
1.8	1.74	0.00337962
1.8	1.76	0.00139591
1.8	1.78	0.000212372
1.8	1.8	-0.000171018
1.8	1.82	0.000245727
1.8	1.84	0.00146259
1.8	1.86	0.00347956
1.8	1.88	0.00629662
1.8	1.9	0.00991375
1.8	1.92	0.0143309
1.8	1.94	0.0195482
1.8	1.96	0.0255654
1.8	1.98	0.0323827
1.8	2	0.04
1.81	0	3.2761
1.81	0.02	3.20408
1.81	0.04	3.13286
1.81	0.06	3.06244
1.81	0.08	2.99283
1.81	0.1	2.92401
1.81	0.12	2.85599
1.81	0.14	2.78877
1.81	0.16	2.72235
1.81	0.18	2.65674
1.81	0.2	2.59192
1.81	0.22	2.5279
1.81	0.24	2.46468
1.81	0.26	2.40227
1.81	0.28	2.34065
1.81	0.3	2.27983
1.81	0.32	2.21982
1.81	0.34	2.1606
1.81	0.36	2.10219
1.81	0.38	2.04457
1.81	0.4	1.98776
1.81	0.42	1.93174
1.81	0.44	1.87653
1.81	0.46	1.82212
1.81	0.48	1.7685
1.81	0.5	1.71569
1.81	0.52	1.66368
1.81	0.54	1.61247
1.81	0.56	1.56205
1.81	0.58	1.51244
1.81	0.6	1.46363
1.81	0.62	1.41562
1.81	0.64	1.36841
1.81	0.66	1.32201
1.81	0.68	1.2764
1.81	0.7	1.23159
1.81	0.72	1.18758
1.81	0.74	1.14438
1.81	0.76	1.10197
1.81	0.78	1.06036
1.81	0.8	1.01956
1.81	0.82	0.979556
1.81	0.84	0.940352
1.81	0.86	0.901948
1.81	0.88	0.864346
1.81	0.9	0.827544
1.81	0.92	0.791542
1.81	0.94	0.756341
1.81	0.96	0.721941
1.81	0.98	0.688341
1.81	1	0.655541
1.81	1.02	0.623542
1.81	1.04	0.592344
1.81	1.06	0.561947
1.81	1.08	0.532349
1.81	1.1	0.503553
1.81	1.12	0.475557
1.81	1.14	0.448361
1.81	1.16	0.421966
1.81	1.18	0.396371
1.81	1.2	0.371577
1.81	1.22	0.347584
1.81	1.24	0.324391
1.81	1.26	0.301998
1.81	1.28	0.280406
1.81	1.3	0.259614
1.81	1.32	0.239623
1.81	1.34	0.220432
1.81	1.36	0.202042
1.81	1.38	0.184452
1.81	1.4	0.167662
1.81	1.42	0.151673
1.81	1.44	0.136484
1.81	1.46	0.122096
1.81	1.48	0.108508
1.81	1.5	0.0957198
1.81	1.52	0.0837324
1.81	1.54	0.0725454
1.81	1.56	0.0621586
1.81	1.58	0.0525721
1.81	1.6	0.0437859
1.81	1.62	0.0358
1.81	1.64	0.0286143
1.81	1.66	0.0222289
1.81	1.68	0.0166437
1.81	1.7	0.0118587
1.81	1.72	0.00787395
1.81	1.74	0.00468935
1.81	1.76	0.00230493
1.81	1.78	0.000720662
1.81	1.8	-6.34625e-05
1.81	1.82	-4.74579e-05
1.81	1.84	0.000768661
1.81	1.86	0.00238488
1.81	1.88	0.00480118
1.81	1.9	0.00801756
1.81	1.92	0.012034
1.81	1.94	0.0168505
1.81	1.96	0.022467
1.81	1.98	0.0288835
1.81	2	0.0361
1.82	0	3.3124
1.82	0.02	3.23998
1.82	0.04	3.16836
1.82	0.06	3.09755
1.82	0.08	3.02753
1.82	0.1	2.95831
1.82	0.12	2.88989
1.82	0.14	2.82228
1.82	0.16	2.75546
1.82	0.18	2.68944
1.82	0.2	2.62423
1.82	0.22	2.55981
1.82	0.24	2.49619
1.82	0.26	2.43338
1.82	0.28	2.37136
1.82	0.3	2.31015
1.82	0.32	2.24973
1.82	0.34	2.19012
1.82	0.36	2.1313
1.82	0.38	2.07329
1.82	0.4	2.01607
1.82	0.42	1.95966
1.82	0.44	1.90405
1.82	0.46	1.84923
1.82	0.48	1.79522
1.82	0.5	1.74201
1.82	0.52	1.6896
1.82	0.54	1.63799
1.82	0.56	1.58718
1.82	0.58	1.53717
1.82	0.6	1.48796
1.82	0.62	1.43955
1.82	0.64	1.39194
1.82	0.66	1.34513
1.82	0.68	1.29912
1.82	0.7	1.25391
1.82	0.72	1.20951
1.82	0.74	1.1659
1.82	0.76	1.1231
1.82	0.78	1.08109
1.82	0.8	1.03989
1.82	0.82	0.999481
1.82	0.84	0.959878
1.82	0.86	0.921074
1.82	0.88	0.883072
1.82	0.9	0.84587
1.82	0.92	0.809468
1.82	0.94	0.773867
1.82	0.96	0.739067
1.82	0.98	0.705067
1.82	1	0.671868
1.82	1.02	0.639469
1.82	1.04	0.60787
1.82	1.06	0.577073
1.82	1.08	0.547075
1.82	1.1	0.517879
1.82	1.12	0.489482
1.82	1.14	0.461886
1.82	1.16	0.435091
1.82	1.18	0.409096
1.82	1.2	0.383902
1.82	1.22	0.359508
1.82	1.24	0.335915
1.82	1.26	0.313122
1.82	1.28	0.291129
1.82	1.3	0.269937
1.82	1.32	0.249545
1.82	1.34	0.229954
1.82	1.36	0.211163
1.82	1.38	0.193173
1.82	1.4	0.175983
1.82	1.42	0.159593
1.82	1.44	0.144004
1.82	1.46	0.129215
1.82	1.48	0.115226
1.82	1.5	0.102038
1.82	1.52	0.0896498
1.82	1.54	0.0780621
1.82	1.56	0.0672747
1.82	1.58	0.0572876
1.82	1.6	0.0481008
1.82	1.62	0.0397142
1.82	1.64	0.0321278
1.82	1.66	0.0253417
1.82	1.68	0.0193558
1.82	1.7	0.0141701
1.82	1.72	0.00978461
1.82	1.74	0.00619929
1.82	1.76	0.00341413
1.82	1.78	0.00142912
1.82	1.8	0.000244248
1.82	1.82	-0.000140502
1.82	1.84	0.000274856
1.82	1.86	0.00149031
1.82	1.88	0.00350585
1.82	1.9	0.00632145
1.82	1.92	0.00993711
1.82	1.94	0.0143528
1.82	1.96	0.0195685
1.82	1.98	0.0255843
1.82	2	0.0324
1.83	0	3.3489
1.83	0.02	3.27608
1.83	0.04	3.20407
1.83	0.06	3.13285
1.83	0.08	3.06243
1.83	0.1	2.99282
1.83	0.12	2.924
1.83	0.14	2.85598
1.83	0.16	2.78877
1.83	0.18	2.72235
1.83	0.2	2.65674
1.83	0.22	2.59192
1.83	0.24	2.5279
1.83	0.26	2.46469
1.83	0.28	2.40227
1.83	0.3	2.34066
1.83	0.32	2.27984
1.83	0.34	2.21983
1.83	0.36	2.16062
1.83	0.38	2.1022
1.83	0.4	2.04459
1.83	0.42	1.98778
1.83	0.44	1.93176
1.83	0.46	1.87655
1.83	0.48	1.82214
1.83	0.5	1.76853
1.83	0.52	1.71572
1.83	0.54	1.66371
1.83	0.56	1.6125
1.83	0.58	1.56209
1.83	0.6	1.51248
1.83	0.62	1.46367
1.83	0.64	1.41566
1.83	0.66	1.36845
1.83	0.68	1.32205
1.83	0.7	1.27644
1.83	0.72	1.23163
1.83	0.74	1.18763
1.83	0.76	1.14442
1.83	0.78	1.10202
1.83	0.8	1.06041
1.83	0.82	1.01961
1.83	0.84	0.979604
1.83	0.86	0.940401
1.83	0.88	0.901999
1.83	0.9	0.864397
1.83	0.92	0.827595
1.83	0.94	0.791594
1.83	0.96	0.756394
1.83	0.98	0.721994
1.83	1	0.688395
1.83	1.02	0.655596
1.83	1.04	0.623597
1.83	1.06	0.592399
1.83	1.08	0.562002
1.83	1.1	0.532405
1.83	1.12	0.503608
1.83	1.14	0.475612
1.83	1.16	0.448417
1.83	1.18	0.422022
1.83	1.2	0.396427
1.83	1.22	0.371633
1.83	1.24	0.347639
1.83	1.26	0.324446
1.83	1.28	0.302053
1.83	1.3	0.28046
1.83	1.32	0.259668
1.83	1.34	0.239677
1.83	1.36	0.220485
1.83	1.38	0.202094
1.83	1.4	0.184504
1.83	1.42	0.167714
1.83	1.44	0.151724
1.83	1.46	0.136534
1.83	1.48	0.122145
1.83	1.5	0.108556
1.83	1.52	0.0957675
1.83	1.54	0.0837792
1.83	1.56	0.0725911
1.83	1.58	0.0622034
1.83	1.6	0.0526158
1.83	1.62	0.0438286
1.83	1.64	0.0358415
1.83	1.66	0.0286547
1.83	1.68	0.0222681
1.83	1.7	0.0166817
1.83	1.72	0.0118955
1.83	1.74	0.00790941
1.83	1.76	0.00472351
1.83	1.78	0.00233774
1.83	1.8	0.000752105
1.83	1.82	-3.34143e-05
1.83	1.84	-1.88306e-05
1.83	1.86	0.000795844
1.83	1.88	0.00241059
1.83	1.9	0.00482541
1.83	1.92	0.00804028
1.83	1.94	0.0120552
1.83	1.96	0.0168701
1.83	1.98	0.0224851
1.83	2	0.0289
1.84	0	3.3856
1.84	0.02	3.31238
1.84	0.04	3.23997
1.84	0.06	3.16835
1.84	0.08	3.09754
1.84	0.1	3.02752
1.84	0.12	2.95831
1.84	0.14	2.88989
1.84	0.16	2.82227
1.84	0.18	2.75546
1.84	0.2	2.68944
1.84	0.22	2.62423
1.84	0.24	2.55981
1.84	0.26	2.4962
1.84	0.28	2.43339
1.84	0.3	2.37137
1.84	0.32	2.31016
1.84	0.34	2.24974
1.84	0.36	2.19013
1.84	0.38	2.13132
1.84	0.4	2.07331
1.84	0.42	2.01609
1.84	0.44	1.95968
1.84	0.46	1.90407
1.84	0.48	1.84926
1.84	0.5	1.79525
1.84	0.52	1.74204
1.84	0.54	1.68963
1.84	0.56	1.63802
1.84	0.58	1.58721
1.84	0.6	1.5372
1.84	0.62	1.48799
1.84	0.64	1.43958
1.84	0.66	1.39198
1.84	0.68	1.34517
1.84	0.7	1.29916
1.84	0.72	1.25396
1.84	0.74	1.20955
1.84	0.76	1.16595
1.84	0.78	1.12314
1.84	0.8	1.08114
1.84	0.82	1.03993
1.84	0.84	0.999531
1.84	0.86	0.959928
1.84	0.88	0.921126
1.84	0.9	0.883124
1.84	0.92	0.845922
1.84	0.94	0.809522
1.84	0.96	0.773921
1.84	0.98	0.739121
1.84	1	0.705122
1.84	1.02	0.671923
1.84	1.04	0.639524
1.84	1.06	0.607926
1.84	1.08	0.577129
1.84	1.1	0.547132
1.84	1.12	0.517935
1.84	1.14	0.489539
1.84	1.16	0.461943
1.84	1.18	0.435148
1.84	1.2	0.409153
1.84	1.22	0.383958
1.84	1.24	0.359564
1.84	1.26	0.33597
1.84	1.28	0.313177
1.84	1.3	0.291184
1.84	1.32	0.269992
1.84	1.34	0.249599
1.84	1.36	0.230008
1.84	1.38	0.211216
1.84	1.4	0.193225
1.84	1.42	0.176034
1.84	1.44	0.159644
1.84	1.46	0.144054
1.84	1.48	0.129264
1.84	1.5	0.115275
1.84	1.52	0.102085
1.84	1.54	0.0896965
1.84	1.56	0.0781078
1.84	1.58	0.0673194
1.84	1.6	0.0573312
1.84	1.62	0.0481433
1.84	1.64	0.0397555
1.84	1.66	0.032168
1.84	1.68	0.0253807
1.84	1.7	0.0193935
1.84	1.72	0.0142065
1.84	1.74	0.00981972
1.84	1.76	0.00623305
1.84	1.78	0.00344651
1.84	1.8	0.0014601
1.84	1.82	0.000273799
1.84	1.84	-0.000112406
1.84	1.86	0.000301475
1.84	1.88	0.00151543
1.84	1.9	0.00352944
1.84	1.92	0.00634351
1.84	1.94	0.00995761
1.84	1.96	0.0143717
1.84	1.98	0.0195859
1.84	2	0.0256
1.85	0	3.4225
1.85	0.02	3.34888
1.85	0.04	3.27607
1.85	0.06	3.20406
1.85	0.08	3.13284
1.85	0.1	3.06243
1.85	0.12	2.99281
1.85	0.14	2.924
1.85	0.16	2.85598
1.85	0.18	2.78877
1.85	0.2	2.72235
1.85	0.22	2.65674
1.85	0.24	2.59193
1.85	0.26	2.52791
1.85	0.28	2.4647
1.85	0.3	2.40229
1.85	0.32	2.34067
1.85	0.34	2.27986
1.85	0.36	2.21985
1.85	0.38	2.16064
1.85	0.4	2.10222
1.85	0.42	2.04461
1.85	0.44	1.9878
1.85	0.46	1.93179
1.85	0.48	1.87658
1.85	0.5	1.82217
1.85	0.52	1.76856
1.85	0.54	1.71575
1.85	0.56	1.66374
1.85	0.58	1.61253
1.85	0.6	1.56212
1.85	0.62	1.51252
1.85	0.64	1.46371
1.85	0.66	1.4157
1.85	0.68	1.3685
1.85	0.7	1.32209
1.85	0.72	1.27648
1.85	0.74	1.23168
1.85	0.76	1.18767
1.85	0.78	1.14447
1.85	0.8	1.10206
1.85	0.82	1.06046
1.85	0.84	1.01966
1.85	0.86	0.979655
1.85	0.88	0.940453
1.85	0.9	0.902052
1.85	0.92	0.86445
1.85	0.94	0.827649
1.85	0.96	0.791649
1.85	0.98	0.756449
1.85	1	0.72205
1.85	1.02	0.688451
1.85	1.04	0.655652
1.85	1.06	0.623654
1.85	1.08	0.592456
1.85	1.1	0.562059
1.85	1.12	0.532462
1.85	1.14	0.503665
1.85	1.16	0.475669
1.85	1.18	0.448474
1.85	1.2	0.422079
1.85	1.22	0.396484
1.85	1.24	0.371689
1.85	1.26	0.347695
1.85	1.28	0.324502
1.85	1.3	0.302108
1.85	1.32	0.280515
1.85	1.34	0.259723
1.85	1.36	0.23973
1.85	1.38	0.220539
1.85	1.4	0.202147
1.85	1.42	0.184556
1.85	1.44	0.167765
1.85	1.46	0.151774
1.85	1.48	0.136584
1.85	1.5	0.122194
1.85	1.52	0.108604
1.85	1.54	0.0958141
1.85	1.56	0.0838248
1.85	1.58	0.0726357
1.85	1.6	0.0622468
1.85	1.62	0.0526582
1.85	1.64	0.0438697
1.85	1.66	0.0358815
1.85	1.68	0.0286934
1.85	1.7	0.0223055
1.85	1.72	0.0167178
1.85	1.74	0.0119302
1.85	1.76	0.00794275
1.85	1.78	0.00475543
1.85	1.8	0.00236823
1.85	1.82	0.000781131
1.85	1.84	-5.87559e-06
1.85	1.86	7.19867e-06
1.85	1.88	0.000820342
1.85	1.9	0.00243354
1.85	1.92	0.00484679
1.85	1.94	0.00806007
1.85	1.96	0.0120734
1.85	1.98	0.0168867
1.85	2	0.0225
1.86	0	3.4596
1.86	0.02	3.38559
1.86	0.04	3.31237
1.86	0.06	3.23996
1.86	0.08	3.16834
1.86	0.1	3.09753
1.86	0.12	3.02752
1.86	0.14	2.9583
1.86	0.16	2.88989
1.86	0.18	2.82228
1.86	0.2	2.75546
1.86	0.22	2.68945
1.86	0.24	2.62424
1.86	0.26	2.55982
1.86	0.28	2.49621
1.86	0.3	2.4334
1.86	0.32	2.37139
1.86	0.34	2.31017
1.86	0.36	2.24976
1.86	0.38	2.19015
1.86	0.4	2.13134
1.86	0.42	2.07333
1.86	0.44	2.01612
1.86	0.46	1.95971
1.86	0.48	1.9041
1.86	0.5	1.84929
1.86	0.52	1.79528
1.86	0.54	1.74207
1.86	0.56	1.68966
1.86	0.58	1.63806
1.86	0.6	1.58725
1.86	0.62	1.53724
1.86	0.64	1.48803
1.86	0.66	1.43963
1.86	0.68	1.39202
1.86	0.7	1.34521
1.86	0.72	1.29921
1.86	0.74	1.254
1.86	0.76	1.2096
1.86	0.78	1.166
1.86	0.8	1.12319
1.86	0.82	1.08119
1.86	0.84	1.03999
1.86	0.86	0.999583
1.86	0.88	0.959981
1.86	0.9	0.92118
1.86	0.92	0.883178
1.86	0.94	0.845978
1.86	0.96	0.809577
1.86	0.98	0.773977
1.86	1	0.739178
1.86	1.02	0.705179
1.86	1.04	0.67198
1.86	1.06	0.639582
1.86	1.08	0.607984
1.86	1.1	0.577186
1.86	1.12	0.547189
1.86	1.14	0.517993
1.86	1.16	0.489596
1.86	1.18	0.462001
1.86	1.2	0.435205
1.86	1.22	0.40921
1.86	1.24	0.384015
1.86	1.26	0.359621
1.86	1.28	0.336027
1.86	1.3	0.313233
1.86	1.32	0.291239
1.86	1.34	0.270046
1.86	1.36	0.249654
1.86	1.38	0.230061
1.86	1.4	0.211269
1.86	1.42	0.193277
1.86	1.44	0.176086
1.86	1.46	0.159694
1.86	1.48	0.144103
1.86	1.5	0.129313
1.86	1.52	0.115322
1.86	1.54	0.102132
1.86	1.56	0.089742
1.86	1.58	0.0781522
1.86	1.6	0.0673627
1.86	1.62	0.0573733
1.86	1.64	0.0481841
1.86	1.66	0.0397951
1.86	1.68	0.0322063
1.86	1.7	0.0254177
1.86	1.72	0.0194292
1.86	1.74	0.0142408
1.86	1.76	0.00985259
1.86	1.78	0.00626448
1.86	1.8	0.00347648
1.86	1.82	0.00148857
1.86	1.84	0.000300753
1.86	1.86	-8.69916e-05
1.86	1.88	0.000325329
1.86	1.9	0.0015377
1.86	1.92	0.00355012
1.86	1.94	0.00636257
1.86	1.96	0.00997504
1.86	1.98	0.0143875
1.86	2	0.0196
1.87	0	3.4969
1.87	0.02	3.42249
1.87	0.04	3.34887
1.87	0.06	3.27606
1.87	0.08	3.20405
1.87	0.1	3.13283
1.87	0.12	3.06242
1.87	0.14	2.99281
1.87	0.16	2.924
1.87	0.18	2.85598
1.87	0.2	2.78877
1.87	0.22	2.72236
1.87	0.24	2.65675
1.87	0.26	2.59194
1.87	0.28	2.52792
1.87	0.3	2.46471
1.87	0.32	2.4023
1.87	0.34	2.34069
1.87	0.36	2.27988
1.87	0.38	2.21987
1.87	0.4	2.16066
1.87	0.42	2.10225
1.87	0.44	2.04464
1.87	0.46	1.98783
1.87	0.48	1.93182
1.87	0.5	1.87661
1.87	0.52	1.8222
1.87	0.54	1.76859
1.87	0.56	1.71579
1.87	0.58	1.66378
1.87	0.6	1.61257
1.87	0.62	1.56216
1.87	0.64	1.51256
1.87	0.66	1.46375
1.87	0.68	1.41575
1.87	0.7	1.36854
1.87	0.72	1.32214
1.87	0.74	1.27653
1.87	0.76	1.23173
1.87	0.78	1.18772
1.87	0.8	1.14452
1.87	0.82	1.10212
1.87	0.84	1.06051
1.87	0.86	1.01971
1.87	0.88	0.97971
1.87	0.9	0.940508
1.87	0.92	0.902107
1.87	0.94	0.864506
1.87	0.96	0.827706
1.87	0.98	0.791706
1.87	1	0.756506
1.87	1.02	0.722107
1.87	1.04	0.688508
1.87	1.06	0.65571
1.87	1.08	0.623712
1.87	1.1	0.592514
1.87	1.12	0.562117
1.87	1.14	0.53252
1.87	1.16	0.503724
1.87	1.18	0.475728
1.87	1.2	0.448532
1.87	1.22	0.422136
1.87	1.24	0.396541
1.87	1.26	0.371746
1.87	1.28	0.347752
1.87	1.3	0.324558
1.87	1.32	0.302164
1.87	1.34	0.28057
1.87	1.36	0.259777
1.87	1.38	0.239784
1.87	1.4	0.220591
1.87	1.42	0.202199
1.87	1.44	0.184607
1.87	1.46	0.167815
1.87	1.48	0.151824
1.87	1.5	0.136632
1.87	1.52	0.122241
1.87	1.54	0.10865
1.87	1.56	0.0958595
1.87	1.58	0.083869
1.87	1.6	0.0726787
1.87	1.62	0.0622887
1.87	1.64	0.0526988
1.87	1.66	0.043909
1.87	1.68	0.0359194
1.87	1.7	0.02873
1.87	1.72	0.0223407
1.87	1.74	0.0167516
1.87	1.76	0.0119626
1.87	1.78	0.00797366
1.87	1.8	0.00478484
1.87	1.82	0.00239612
1.87	1.84	0.000807472
1.87	1.86	1.88983e-05
1.87	1.88	3.03844e-05
1.87	1.9	0.000841921
1.87	1.92	0.0024535
1.87	1.94	0.0048651
1.87	1.96	0.00807673
1.87	1.98	0.0120884
1.87	2	0.0169
1.88	0	3.5344
1.88	0.02	3.45959
1.88	0.04	3.38558
1.88	0.06	3.31236
1.88	0.08	3.23995
1.88	0.1	3.16834
1.88	0.12	3.09753
1.88	0.14	3.02752
1.88	0.16	2.9583
1.88	0.18	2.88989
1.88	0.2	2.82228
1.88	0.22	2.75547
1.88	0.24	2.68946
1.88	0.26	2.62425
1.88	0.28	2.55984
1.88	0.3	2.49623
1.88	0.32	2.43342
1.88	0.34	2.37141
1.88	0.36	2.3102
1.88	0.38	2.24979
1.88	0.4	2.19018
1.88	0.42	2.13137
1.88	0.44	2.07336
1.88	0.46	2.01615
1.88	0.48	1.95974
1.88	0.5	1.90413
1.88	0.52	1.84932
1.88	0.54	1.79532
1.88	0.56	1.74211
1.88	0.58	1.6897
1.88	0.6	1.6381
1.88	0.62	1.58729
1.88	0.64	1.53728
1.88	0.66	1.48808
1.88	0.68	1.43967
1.88	0.7	1.39207
1.88	0.72	1.34526
1.88	0.74	1.29926
1.88	0.76	1.25405
1.88	0.78	1.20965
1.88	0.8	1.16605
1.88	0.82	1.12324
1.88	0.84	1.08124
1.88	0.86	1.04004
1.88	0.88	0.999638
1.88	0.9	0.960037
1.88	0.92	0.921236
1.88	0.94	0.883235
1.88	0.96	0.846035
1.88	0.98	0.809635
1.88	1	0.774035
1.88	1.02	0.739236
1.88	1.04	0.705237
1.88	1.06	0.672039
1.88	1.08	0.639641
1.88	1.1	0.608043
1.88	1.12	0.577245
1.88	1.14	0.547248
1.88	1.16	0.518051
1.88	1.18	0.489655
1.88	1.2	0.462059
1.88	1.22	0.435263
1.88	1.24	0.409267
1.88	1.26	0.384072
1.88	1.28	0.359677
1.88	1.3	0.336083
1.88	1.32	0.313289
1.88	1.34	0.291295
1.88	1.36	0.270101
1.88	1.38	0.249707
1.88	1.4	0.230114
1.88	1.42	0.211321
1.88	1.44	0.193329
1.88	1.46	0.176136
1.88	1.48	0.159744
1.88	1.5	0.144152
1.88	1.52	0.12936
1.88	1.54	0.115369
1.88	1.56	0.102177
1.88	1.58	0.089786
1.88	1.6	0.078195
1.88	1.62	0.0674042
1.88	1.64	0.0574136
1.88	1.66	0.0482231
1.88	1.68	0.0398327
1.88	1.7	0.0322425
1.88	1.72	0.0254525
1.88	1.74	0.0194625
1.88	1.76	0.0142727
1.88	1.78	0.00988295
1.88	1.8	0.00629331
1.88	1.82	0.00350376
1.88	1.84	0.00151428
1.88	1.86	0.000324862
1.88	1.88	-6.44962e-05
1.88	1.9	0.000346192
1.88	1.92	0.00155692
1.88	1.94	0.00356767
1.88	1.96	0.00637844
1.88	1.98	0.00998922
1.88	2	0.0144
1.89	0	3.5721
1.89	0.02	3.49689
1.89	0.04	3.42248
1.89	0.06	3.34887
1.89	0.08	3.27606
1.89	0.1	3.20404
1.89	0.12	3.13283
1.89	0.14	3.06242
1.89	0.16	2.99281
1.89	0.18	2.924
1.89	0.2	2.85599
1.89	0.22	2.78878
1.89	0.24	2.72237
1.89	0.26	2.65676
1.89	0.28	2.59195
1.89	0.3	2.52794
1.89	0.32	2.46473
1.89	0.34	2.40232
1.89	0.36	2.34071
1.89	0.38	2.2799
1.89	0.4	2.21989
1.89	0.42	2.16069
1.89	0.44	2.10228
1.89	0.46	2.04467
1.89	0.48	1.98786
1.89	0.5	1.93185
1.89	0.52	1.87665
1.89	0.54	1.82224
1.89	0.56	1.76863
1.89	0.58	1.71583
1.89	0.6	1.66382
1.89	0.62	1.61261
1.89	0.64	1.56221
1.89	0.66	1.5126
1.89	0.68	1.4638
1.89	0.7	1.41579
1.89	0.72	1.36859
1.89	0.74	1.32219
1.89	0.76	1.27658
1.89	0.78	1.23178
1.89	0.8	1.18778
1.89	0.82	1.14457
1.89	0.84	1.10217
1.89	0.86	1.06057
1.89	0.88	1.01977
1.89	0.9	0.979766
1.89	0.92	0.940565
1.89	0.94	0.902164
1.89	0.96	0.864564
1.89	0.98	0.827764
1.89	1	0.791765
1.89	1.02	0.756565
1.89	1.04	0.722166
1.89	1.06	0.688568
1.89	1.08	0.655769
1.89	1.1	0.623771
1.89	1.12	0.592574
1.89	1.14	0.562176
1.89	1.16	0.532579
1.89	1.18	0.503783
1.89	1.2	0.475786
1.89	1.22	0.44859
1.89	1.24	0.422194
1.89	1.26	0.396599
1.89	1.28	0.371803
1.89	1.3	0.347808
1.89	1.32	0.324614
1.89	1.34	0.302219
1.89	1.36	0.280625
1.89	1.38	0.259831
1.89	1.4	0.239837
1.89	1.42	0.220644
1.89	1.44	0.20225
1.89	1.46	0.184657
1.89	1.48	0.167864
1.89	1.5	0.151872
1.89	1.52	0.136679
1.89	1.54	0.122287
1.89	1.56	0.108695
1.89	1.58	0.0959032
1.89	1.6	0.0839115
1.89	1.62	0.0727199
1.89	1.64	0.0623285
1.89	1.66	0.0527373
1.89	1.68	0.0439462
1.89	1.7	0.0359552
1.89	1.72	0.0287643
1.89	1.74	0.0223736
1.89	1.76	0.0167829
1.89	1.78	0.0119923
1.89	1.8	0.00800188
1.89	1.82	0.00481148
1.89	1.84	0.00242116
1.89	1.86	0.000830895
1.89	1.88	4.06818e-05
1.89	1.9	5.05114e-05
1.89	1.92	0.000860375
1.89	1.94	0.00247026
1.89	1.96	0.00488017
1.89	1.98	0.00809009
1.89	2	0.0121
1.9	0	3.61
1.9	0.02	3.53439
1.9	0.04	3.45958
1.9	0.06	3.38557
1.9	0.08	3.31236
1.9	0.1	3.23995
1.9	0.12	3.16834
1.9	0.14	3.09753
1.9	0.16	3.02752
1.9	0.18	2.95831
1.9	0.2	2.8899
1.9	0.22	2.82229
1.9	0.24	2.75548
1.9	0.26	2.68947
1.9	0.28	2.62426
1.9	0.3	2.55985
1.9	0.32	2.49625
1.9	0.34	2.43344
1.9	0.36	2.37143
1.9	0.38	2.31022
1.9	0.4	2.24981
1.9	0.42	2.1902
1.9	0.44	2.1314
1.9	0.46	2.07339
1.9	0.48	2.01618
1.9	0.5	1.95978
1.9	0.52	1.90417
1.9	0.54	1.84936
1.9	0.56	1.79536
1.9	0.58	1.74215
1.9	0.6	1.68974
1.9	0.62	1.63814
1.9	0.64	1.58733
1.9	0.66	1.53733
1.9	0.68	1.48813
1.9	0.7	1.43972
1.9	0.72	1.39212
1.9	0.74	1.34531
1.9	0.76	1.29931
1.9	0.78	1.25411
1.9	0.8	1.2097
1.9	0.82	1.1661
1.9	0.84	1.1233
1.9	0.86	1.0813
1.9	0.88	1.0401
1.9	0.9	0.999695
1.9	0.92	0.960095
1.9	0.94	0.921294
1.9	0.96	0.883294
1.9	0.98	0.846094
1.9	1	0.809694
1.9	1.02	0.774095
1.9	1.04	0.739296
1.9	1.06	0.705297
1.9	1.08	0.672099
1.9	1.1	0.6397
1.9	1.12	0.608103
1.9	1.14	0.577305
1.9	1.16	0.547308
1.9	1.18	0.518111
1.9	1.2	0.489714
1.9	1.22	0.462117
1.9	1.24	0.435321
1.9	1.26	0.409325
1.9	1.28	0.384129
1.9	1.3	0.359734
1.9	1.32	0.336139
1.9	1.34	0.313344
1.9	1.36	0.291349
1.9	1.38	0.270155
1.9	1.4	0.24976
1.9	1.42	0.230166
1.9	1.44	0.211372
1.9	1.46	0.193379
1.9	1.48	0.176185
1.9	1.5	0.159792
1.9	1.52	0.144199
1.9	1.54	0.129406
1.9	1.56	0.115413
1.9	1.58	0.102221
1.9	1.6	0.0898281
1.9	1.62	0.0782358
1.9	1.64	0.0674436
1.9	1.66	0.0574516
1.9	1.68	0.0482597
1.9	1.7	0.0398679
1.9	1.72	0.0322763
1.9	1.74	0.0254847
1.9	1.76	0.0194932
1.9	1.78	0.0143018
1.9	1.8	0.00991053
1.9	1.82	0.00631929
1.9	1.84	0.00352811
1.9	1.86	0.00153699
1.9	1.88	0.000345913
1.9	1.9	-4.51242e-05
1.9	1.92	0.000363869
1.9	1.94	0.00157289
1.9	1.96	0.00358192
1.9	1.98	0.00639096
1.9	2	0.01
1.91	0	3.6481
1.91	0.02	3.57209
1.91	0.04	3.49688
1.91	0.06	3.42247
1.91	0.08	3.34886
1.91	0.1	3.27605
1.91	0.12	3.20405
1.91	0.14	3.13284
1.91	0.16	3.06243
1.91	0.18	2.99282
1.91	0.2	2.92401
1.91	0.22	2.856
1.91	0.24	2.78879
1.91	0.26	2.72238
1.91	0.28	2.65678
1.91	0.3	2.59197
1.91	0.32	2.52796
1.91	0.34	2.46475
1.91	0.36	2.40235
1.91	0.38	2.34074
1.91	0.4	2.27993
1.91	0.42	2.21992
1.91	0.44	2.16072
1.91	0.46	2.10231
1.91	0.48	2.0447
1.91	0.5	1.9879
1.91	0.52	1.93189
1.91	0.54	1.87669
1.91	0.56	1.82228
1.91	0.58	1.76867
1.91	0.6	1.71587
1.91	0.62	1.66386
1.91	0.64	1.61266
1.91	0.66	1.56226
1.91	0.68	1.51265
1.91	0.7	1.46385
1.91	0.72	1.41584
1.91	0.74	1.36864
1.91	0.76	1.32224
1.91	0.78	1.27664
1.91	0.8	1.23183
1.91	0.82	1.18783
1.91	0.84	1.14463
1.91	0.86	1.10223
1.91	0.88	1.06063
1.91	0.9	1.01983
1.91	0.92	0.979824
1.91	0.94	0.940624
1.91	0.96	0.902224
1.91	0.98	0.864624
1.91	1	0.827824
1.91	1.02	0.791825
1.91	1.04	0.756625
1.91	1.06	0.722227
1.91	1.08	0.688628
1.91	1.1	0.65583
1.91	1.12	0.623832
1.91	1.14	0.592634
1.91	1.16	0.562236
1.91	1.18	0.532639
1.91	1.2	0.503842
1.91	1.22	0.475845
1.91	1.24	0.448648
1.91	1.26	0.422252
1.91	1.28	0.396656
1.91	1.3	0.37186
1.91	1.32	0.347864
1.91	1.34	0.324669
1.91	1.36	0.302274
1.91	1.38	0.280679
1.91	1.4	0.259884
1.91	1.42	0.239889
1.91	1.44	0.220695
1.91	1.46	0.2023
1.91	1.48	0.184706
1.91	1.5	0.167912
1.91	1.52	0.151918
1.91	1.54	0.136725
1.91	1.56	0.122331
1.91	1.58	0.108738
1.91	1.6	0.0959449
1.91	1.62	0.0839518
1.91	1.64	0.0727589
1.91	1.66	0.0623661
1.91	1.68	0.0527734
1.91	1.7	0.0439808
1.91	1.72	0.0359883
1.91	1.74	0.028796
1.91	1.76	0.0224037
1.91	1.78	0.0168114
1.91	1.8	0.0120193
1.91	1.82	0.00802717
1.91	1.84	0.00483513
1.91	1.86	0.00244314
1.91	1.88	0.000851193
1.91	1.9	5.92804e-05
1.91	1.92	6.73958e-05
1.91	1.94	0.000875532
1.91	1.96	0.00248368
1.91	1.98	0.00489184
1.91	2	0.0081
1.92	0	3.6864
1.92	0.02	3.60999
1.92	0.04	3.53438
1.92	0.06	3.45958
1.92	0.08	3.38557
1.92	0.1	3.31236
1.92	0.12	3.23995
1.92	0.14	3.16834
1.92	0.16	3.09754
1.92	0.18	3.02753
1.92	0.2	2.95832
1.92	0.22	2.88991
1.92	0.24	2.8223
1.92	0.26	2.7555
1.92	0.28	2.68949
1.92	0.3	2.62428
1.92	0.32	2.55988
1.92	0.34	2.49627
1.92	0.36	2.43346
1.92	0.38	2.37146
1.92	0.4	2.31025
1.92	0.42	2.24984
1.92	0.44	2.19024
1.92	0.46	2.13143
1.92	0.48	2.07342
1.92	0.5	2.01622
1.92	0.52	1.95981
1.92	0.54	1.90421
1.92	0.56	1.8494
1.92	0.58	1.7954
1.92	0.6	1.74219
1.92	0.62	1.68979
1.92	0.64	1.63819
1.92	0.66	1.58738
1.92	0.68	1.53738
1.92	0.7	1.48818
1.92	0.72	1.43977
1.92	0.74	1.39217
1.92	0.76	1.34537
1.92	0.78	1.29936
1.92	0.8	1.25416
1.92	0.82	1.20976
1.92	0.84	1.16616
1.92	0.86	1.12336
1.92	0.88	1.08136
1.92	0.9	1.04016
1.92	0.92	0.999754
1.92	0.94	0.960154
1.92	0.96	0.921354
1.92	0.98	0.883354
1.92	1	0.846154
1.92	1.02	0.809755
1.92	1.04	0.774155
1.92	1.06	0.739356
1.92	1.08	0.705358
1.92	1.1	0.672159
1.92	1.12	0.639761
1.92	1.14	0.608163
1.92	1.16	0.577365
1.92	1.18	0.547367
1.92	1.2	0.51817
1.92	1.22	0.489773
1.92	1.24	0.462176
1.92	1.26	0.435379
1.92	1.28	0.409383
1.92	1.3	0.384186
1.92	1.32	0.35979
1.92	1.34	0.336194
1.92	1.36	0.313398
1.92	1.38	0.291403
1.92	1.4	0.270207
1.92	1.42	0.249812
1.92	1.44	0.230217
1.92	1.46	0.211422
1.92	1.48	0.193427
1.92	1.5	0.176233
1.92	1.52	0.159838
1.92	1.54	0.144244
1.92	1.56	0.12945
1.92	1.58	0.115456
1.92	1.6	0.102262
1.92	1.62	0.089868
1.92	1.64	0.0782743
1.92	1.66	0.0674807
1.92	1.68	0.0574872
1.92	1.7	0.0482938
1.92	1.72	0.0399005
1.92	1.74	0.0323073
1.92	1.76	0.0255142
1.92	1.78	0.0195211
1.92	1.8	0.0143281
1.92	1.82	0.00993511
1.92	1.84	0.0063422
1.92	1.86	0.00354934
1.92	1.88	0.00155651
1.92	1.9	0.000363721
1.92	1.92	-2.9049e-05
1.92	1.94	0.000378199
1.92	1.96	0.00158546
1.92	1.98	0.00359273
1.92	2	0.0064
1.93	0	3.7249
1.93	0.02	3.64809
1.93	0.04	3.57209
1.93	0.06	3.49688
1.93	0.08	3.42247
1.93	0.1	3.34886
1.93	0.12	3.27606
1.93	0.14	3.20405
1.93	0.16	3.13284
1.93	0.18	3.06244
1.93	0.2	2.99283
1.93	0.22	2.92402
1.93	0.24	2.85602
1.93	0.26	2.78881
1.93	0.28	2.7224
1.93	0.3	2.6568
1.93	0.32	2.59199
1.93	0.34	2.52798
1.93	0.36	2.46478
1.93	0.38	2.40237
1.93	0.4	2.34077
1.93	0.42	2.27996
1.93	0.44	2.21996
1.93	0.46	2.16075
1.93	0.48	2.10235
1.93	0.5	2.04474
1.93	0.52	1.98794
1.93	0.54	1.93193
1.93	0.56	1.87673
1.93	0.58	1.82232
1.93	0.6	1.76872
1.93	0.62	1.71592
1.93	0.64	1.66391
1.93	0.66	1.61271
1.93	0.68	1.56231
1.93	0.7	1.5127
1.93	0.72	1.4639
1.93	0.74	1.4159
1.93	0.76	1.3687
1.93	0.78	1.32229
1.93	0.8	1.27669
1.93	0.82	1.23189
1.93	0.84	1.18789
1.93	0.86	1.14469
1.93	0.88	1.10229
1.93	0.9	1.06069
1.93	0.92	1.01988
1.93	0.94	0.979884
1.93	0.96	0.940684
1.93	0.98	0.902284
1.93	1	0.864684
1.93	1.02	0.827885
1.93	1.04	0.791886
1.93	1.06	0.756686
1.93	1.08	0.722288
1.93	1.1	0.688689
1.93	1.12	0.65589
1.93	1.14	0.623892
1.93	1.16	0.592694
1.93	1.18	0.562296
1.93	1.2	0.532698
1.93	1.22	0.503901
1.93	1.24	0.475903
1.93	1.26	0.448706
1.93	1.28	0.422309
1.93	1.3	0.396713
1.93	1.32	0.371916
1.93	1.34	0.347919
1.93	1.36	0.324723
1.93	1.38	0.302327
1.93	1.4	0.280731
1.93	1.42	0.259935
1.93	1.44	0.23994
1.93	1.46	0.220744
1.93	1.48	0.202349
1.93	1.5	0.184753
1.93	1.52	0.167958
1.93	1.54	0.151963
1.93	1.56	0.136768
1.93	1.58	0.122373
1.93	1.6	0.108779
1.93	1.62	0.0959843
1.93	1.64	0.0839898
1.93	1.66	0.0727954
1.93	1.68	0.0624011
1.93	1.7	0.0528069
1.93	1.72	0.0440128
1.93	1.74	0.0360187
1.93	1.76	0.0288247
1.93	1.78	0.0224308
1.93	1.8	0.0168369
1.93	1.82	0.0120431
1.93	1.84	0.00804933
1.93	1.86	0.00485558
1.93	1.88	0.00246187
1.93	1.9	0.000868193
1.93	1.92	7.45316e-05
1.93	1.94	8.08859e-05
1.93	1.96	0.000887254
1.93	1.98	0.00249363
1.93	2	0.0049
1.94	0	3.7636
1.94	0.02	3.68639
1.94	0.04	3.60999
1.94	0.06	3.53438
1.94	0.08	3.45958
1.94	0.1	3.38557
1.94	0.12	3.31236
1.94	0.14	3.23996
1.94	0.16	3.16835
1.94	0.18	3.09755
1.94	0.2	3.02754
1.94	0.22	2.95833
1.94	0.24	2.88993
1.94	0.26	2.82232
1.94	0.28	2.75552
1.94	0.3	2.68951
1.94	0.32	2.62431
1.94	0.34	2.5599
1.94	0.36	2.4963
1.94	0.38	2.43349
1.94	0.4	2.37149
1.94	0.42	2.31028
1.94	0.44	2.24988
1.94	0.46	2.19027
1.94	0.48	2.13147
1.94	0.5	2.07346
1.94	0.52	2.01626
1.94	0.54	1.95986
1.94	0.56	1.90425
1.94	0.58	1.84945
1.94	0.6	1.79545
1.94	0.62	1.74224
1.94	0.64	1.68984
1.94	0.66	1.63824
1.94	0.68	1.58743
1.94	0.7	1.53743
1.94	0.72	1.48823
1.94	0.74	1.43983
1.94	0.76	1.39222
1.94	0.78	1.34542
1.94	0.8	1.29942
1.94	0.82	1.25422
1.94	0.84	1.20982
1.94	0.86	1.16622
1.94	0.88	1.12342
1.94	0.9	1.08142
1.94	0.92	1.04022
1.94	0.94	0.999815
1.94	0.96	0.960215
1.94	0.98	0.921415
1.94	1	0.883415
1.94	1.02	0.846215
1.94	1.04	0.809816
1.94	1.06	0.774217
1.94	1.08	0.739418
1.94	1.1	0.705419
1.94	1.12	0.67222
1.94	1.14	0.639821
1.94	1.16	0.608223
1.94	1.18	0.577425
1.94	1.2	0.547427
1.94	1.22	0.518229
1.94	1.24	0.489831
1.94	1.26	0.462234
1.94	1.28	0.435436
1.94	1.3	0.409439
1.94	1.32	0.384242
1.94	1.34	0.359845
1.94	1.36	0.336248
1.94	1.38	0.313451
1.94	1.4	0.291455
1.94	1.42	0.270259
1.94	1.44	0.249862
1.94	1.46	0.230266
1.94	1.48	0.21147
1.94	1.5	0.193474
1.94	1.52	0.176278
1.94	1.54	0.159883
1.94	1.56	0.144287
1.94	1.58	0.129491
1.94	1.6	0.115496
1.94	1.62	0.102301
1.94	1.64	0.0899054
1.94	1.66	0.0783102
1.94	1.68	0.0675151
1.94	1.7	0.0575201
1.94	1.72	0.0483251
1.94	1.74	0.0399302
1.94	1.76	0.0323354
1.94	1.78	0.0255406
1.94	1.8	0.0195459
1.94	1.82	0.0143512
1.94	1.84	0.00995649
1.94	1.86	0.00636187
1.94	1.88	0.00356727
1.94	1.9	0.00157269
1.94	1.92	0.000378134
1.94	1.94	-1.6411e-05
1.94	1.96	0.000389056
1.94	1.98	0.00159453
1.94	2	0.0036
1.95	0	3.8025
1.95	0.02	3.72489
1.95	0.04	3.64809
1.95	0.06	3.57208
1.95	0.08	3.49688
1.95	0.1	3.42247
1.95	0.12	3.34887
1.95	0.14	3.27606
1.95	0.16	3.20406
1.95	0.18	3.13285
1.95	0.2	3.06245
1.95	0.22	2.99284
1.95	0.24	2.92404
1.95	0.26	2.85604
1.95	0.28	2.78883
1.95	0.3	2.72243
1.95	0.32	2.65682
1.95	0.34	2.59202
1.95	0.36	2.52801
1.95	0.38	2.46481
1.95	0.4	2.40241
1.95	0.42	2.3408
1.95	0.44	2.28
1.95	0.46	2.21999
1.95	0.48	2.16079
1.95	0.5	2.10239
1.95	0.52	2.04478
1.95	0.54	1.98798
1.95	0.56	1.93198
1.95	0.58	1.87677
1.95	0.6	1.82237
1.95	0.62	1.76877
1.95	0.64	1.71597
1.95	0.66	1.66396
1.95	0.68	1.61276
1.95	0.7	1.56236
1.95	0.72	1.51276
1.95	0.74	1.46396
1.95	0.76	1.41595
1.95	0.78	1.36875
1.95	0.8	1.32235
1.95	0.82	1.27675
1.95	0.84	1.23195
1.95	0.86	1.18795
1.95	0.88	1.14475
1.95	0.9	1.10235
1.95	0.92	1.06075
1.95	0.94	1.01995
1.95	0.96	0.979945
1.95	0.98	0.940745
1.95	1	0.902346
1.95	1.02	0.864746
1.95	1.04	0.827946
1.95	1.06	0.791947
1.95	1.08	0.756748
1.95	1.1	0.722349
1.95	1.12	0.68875
1.95	1.14	0.655951
1.95	1.16	0.623952
1.95	1.18	0.592754
1.95	1.2	0.562355
1.95	1.22	0.532757
1.95	1.24	0.503959
1.95	1.26	0.475961
1.95	1.28	0.448763
1.95	1.3	0.422366
1.95	1.32	0.396768
1.95	1.34	0.371971
1.95	1.36	0.347973
1.95	1.38	0.324776
1.95	1.4	0.302379
1.95	1.42	0.280782
1.95	1.44	0.259985
1.95	1.46	0.239988
1.95	1.48	0.220792
1.95	1.5	0.202395
1.95	1.52	0.184798
1.95	1.54	0.168002
1.95	1.56	0.152006
1.95	1.58	0.136809
1.95	1.6	0.122413
1.95	1.62	0.108817
1.95	1.64	0.096021
1.95	1.66	0.0840251
1.95	1.68	0.0728292
1.95	1.7	0.0624333
1.95	1.72	0.0528375
1.95	1.74	0.0440418
1.95	1.76	0.0360461
1.95	1.78	0.0288504
1.95	1.8	0.0224548
1.95	1.82	0.0168592
1.95	1.84	0.0120637
1.95	1.86	0.00806818
1.95	1.88	0.00487269
1.95	1.9	0.00247721
1.95	1.92	0.000881754
1.95	1.94	8.63059e-05
1.95	1.96	9.0868e-05
1.95	1.98	0.000895434
1.95	2	0.0025
1.96	0	3.8416
1.96	0.02	3.7636
1.96	0.04	3.68639
1.96	0.06	3.60999
1.96	0.08	3.53438
1.96	0.1	3.45958
1.96	0.12	3.38558
1.96	0.14	3.31237
1.96	0.16	3.23997
1.96	0.18	3.16836
1.96	0.2	3.09756
1.96	0.22	3.02756
1.96	0.24	2.95835
1.96	0.26	2.88995
1.96	0.28	2.82234
1.96	0.3	2.75554
1.96	0.32	2.68954
1.96	0.34	2.62433
1.96	0.36	2.55993
1.96	0.38	2.49633
1.96	0.4	2.43352
1.96	0.42	2.37152
1.96	0.44	2.31032
1.96	0.46	2.24991
1.96	0.48	2.19031
1.96	0.5	2.13151
1.96	0.52	2.07351
1.96	0.54	2.0163
1.96	0.56	1.9599
1.96	0.58	1.9043
1.96	0.6	1.8495
1.96	0.62	1.79549
1.96	0.64	1.74229
1.96	0.66	1.68989
1.96	0.68	1.63829
1.96	0.7	1.58749
1.96	0.72	1.53749
1.96	0.74	1.48828
1.96	0.76	1.43988
1.96	0.78	1.39228
1.96	0.8	1.34548
1.96	0.82	1.29948
1.96	0.84	1.25428
1.96	0.86	1.20988
1.96	0.88	1.16628
1.96	0.9	1.12348
1.96	0.92	1.08148
1.96	0.94	1.04028
1.96	0.96	0.999876
1.96	0.98	0.960276
1.96	1	0.921476
1.96	1.02	0.883477
1.96	1.04	0.846277
1.96	1.06	0.809877
1.96	1.08	0.774278
1.96	1.1	0.739479
1.96	1.12	0.70548
1.96	1.14	0.672281
1.96	1.16	0.639882
1.96	1.18	0.608283
1.96	1.2	0.577484
1.96	1.22	0.547486
1.96	1.24	0.518287
1.96	1.26	0.489889
1.96	1.28	0.462291
1.96	1.3	0.435492
1.96	1.32	0.409494
1.96	1.34	0.384296
1.96	1.36	0.359899
1.96	1.38	0.336301
1.96	1.4	0.313503
1.96	1.42	0.291505
1.96	1.44	0.270308
1.96	1.46	0.24991
1.96	1.48	0.230313
1.96	1.5	0.211516
1.96	1.52	0.193519
1.96	1.54	0.176321
1.96	1.56	0.159924
1.96	1.58	0.144327
1.96	1.6	0.12953
1.96	1.62	0.115534
1.96	1.64	0.102337
1.96	1.66	0.08994
1.96	1.68	0.0783433
1.96	1.7	0.0675466
1.96	1.72	0.05755
1.96	1.74	0.0483534
1.96	1.76	0.0399568
1.96	1.78	0.0323603
1.96	1.8	0.0255638
1.96	1.82	0.0195674
1.96	1.84	0.0143709
1.96	1.86	0.00997452
1.96	1.88	0.00637813
1.96	1.9	0.00358175
1.96	1.92	0.00158539
1.96	1.94	0.000389034
1.96	1.96	-7.31288e-06
1.96	1.98	0.000396344
1.96	2	0.0016
1.97	0	3.8809
1.97	0.02	3.8025
1.97	0.04	3.72489
1.97	0.06	3.64809
1.97	0.08	3.57209
1.97	0.1	3.49688
1.97	0.12	3.42248
1.97	0.14	3.34888
1.97	0.16	3.27608
1.97	0.18	3.20407
1.97	0.2	3.13287
1.97	0.22	3.06247
1.97	0.24	2.99286
1.97	0.26	2.92406
1.97	0.28	2.85606
1.97	0.3	2.78886
1.97	0.32	2.72245
1.97	0.34	2.65685
1.97	0.36	2.59205
1.97	0.38	2.52805
1.97	0.4	2.46484
1.97	0.42	2.40244
1.97	0.44	2.34084
1.97	0.46	2.28004
1.97	0.48	2.22003
1.97	0.5	2.16083
1.97	0.52	2.10243
1.97	0.54	2.04483
1.97	0.56	1.98803
1.97	0.58	1.93202
1.97	0.6	1.87682
1.97	0.62	1.82242
1.97	0.64	1.76882
1.97	0.66	1.71602
1.97	0.68	1.66402
1.97	0.7	1.61282
1.97	0.72	1.56241
1.97	0.74	1.51281
1.97	0.76	1.46401
1.97	0.78	1.41601
1.97	0.8	1.36881
1.97	0.82	1.32241
1.97	0.84	1.27681
1.97	0.86	1.23201
1.97	0.88	1.18801
1.97	0.9	1.14481
1.97	0.92	1.10241
1.97	0.94	1.06081
1.97	0.96	1.02001
1.97	0.98	0.980007
1.97	1	0.940807
1.97	1.02	0.902407
1.97	1.04	0.864808
1.97	1.06	0.828008
1.97	1.08	0.792009
1.97	1.1	0.756809
1.97	1.12	0.72241
1.97	1.14	0.68881
1.97	1.16	0.656011
1.97	1.18	0.624012
1.97	1.2	0.592813
1.97	1.22	0.562414
1.97	1.24	0.532815
1.97	1.26	0.504017
1.97	1.28	0.476018
1.97	1.3	0.448819
1.97	1.32	0.422421
1.97	1.34	0.396822
1.97	1.36	0.372024
1.97	1.38	0.348026
1.97	1.4	0.324827
1.97	1.42	0.302429
1.97	1.44	0.280831
1.97	1.46	0.260033
1.97	1.48	0.240035
1.97	1.5	0.220837
1.97	1.52	0.202439
1.97	1.54	0.184841
1.97	1.56	0.168043
1.97	1.58	0.152046
1.97	1.6	0.136848
1.97	1.62	0.12245
1.97	1.64	0.108853
1.97	1.66	0.096055
1.97	1.68	0.0840574
1.97	1.7	0.0728599
1.97	1.72	0.0624624
1.97	1.74	0.052865
1.97	1.76	0.0440676
1.97	1.78	0.0360702
1.97	1.8	0.0288728
1.97	1.82	0.0224755
1.97	1.84	0.0168782
1.97	1.86	0.0120809
1.97	1.88	0.00808358
1.97	1.9	0.0048863
1.97	1.92	0.00248903
1.97	1.94	0.00089177
1.97	1.96	9.45117e-05
1.97	1.98	9.7256e-05
1.97	2	0.0009
1.98	0	3.9204
1.98	0.02	3.8416
1.98	0.04	3.7636
1.98	0.06	3.68639
1.98	0.08	3.60999
1.98	0.1	3.53439
1.98	0.12	3.45959
1.98	0.14	3.38559
1.98	0.16	3.31238
1.98	0.18	3.23998
1.98	0.2	3.16838
1.98	0.22	3.09758
1.98	0.24	3.02758
1.98	0.26	2.95837
1.98	0.28	2.88997
1.98	0.3	2.82237
1.98	0.32	2.75557
1.98	0.34	2.68957
1.98	0.36	2.62437
1.98	0.38	2.55996
1.98	0.4	2.49636
1.98	0.42	2.43356
1.98	0.44	2.37156
1.98	0.46	2.31036
1.98	0.48	2.24996
1.98	0.5	2.19035
1.98	0.52	2.13155
1.98	0.54	2.07355
1.98	0.56	2.01635
1.98	0.58	1.95995
1.98	0.6	1.90435
1.98	0.62	1.84955
1.98	0.64	1.79555
1.98	0.66	1.74235
1.98	0.68	1.68994
1.98	0.7	1.63834
1.98	0.72	1.58754
1.98	0.74	1.53754
1.98	0.76	1.48834
1.98	0.78	1.43994
1.98	0.8	1.39234
1.98	0.82	1.34554
1.98	0.84	1.29954
1.98	0.86	1.25434
1.98	0.88	1.20994
1.98	0.9	1.16634
1.98	0.92	1.12354
1.98	0.94	1.08154
1.98	0.96	1.04034
1.98	0.98	0.999938
1.98	1	0.960338
1.98	1.02	0.921538
1.98	1.04	0.883538
1.98	1.06	0.846339
1.98	1.08	0.809939
1.98	1.1	0.774339
1.98	1.12	0.73954
1.98	1.14	0.70554
1.98	1.16	0.672341
1.98	1.18	0.639941
1.98	1.2	0.608342
1.98	1.22	0.577543
1.98	1.24	0.547544
1.98	1.26	0.518344
1.98	1.28	0.489945
1.98	1.3	0.462346
1.98	1.32	0.435547
1.98	1.34	0.409548
1.98	1.36	0.384349
1.98	1.38	0.35995
1.98	1.4	0.336351
1.98	1.42	0.313553
1.98	1.44	0.291554
1.98	1.46	0.270355
1.98	1.48	0.249957
1.98	1.5	0.230358
1.98	1.52	0.211559
1.98	1.54	0.193561
1.98	1.56	0.176362
1.98	1.58	0.159964
1.98	1.6	0.144365
1.98	1.62	0.129567
1.98	1.64	0.115568
1.98	1.66	0.10237
1.98	1.68	0.0899716
1.98	1.7	0.0783733
1.98	1.72	0.067575
1.98	1.74	0.0575767
1.98	1.76	0.0483784
1.98	1.78	0.0399801
1.98	1.8	0.0323819
1.98	1.82	0.0255837
1.98	1.84	0.0195854
1.98	1.86	0.0143872
1.98	1.88	0.00998905
1.98	1.9	0.00639087
1.98	1.92	0.00359269
1.98	1.94	0.00159451
1.98	1.96	0.00039634
1.98	1.98	-1.82999e-06
1.98	2	0.0004
1.99	0	3.9601
1.99	0.02	3.8809
1.99	0.04	3.8025
1.99	0.06	3.7249
1.99	0.08	3.6481
1.99	0.1	3.57209
1.99	0.12	3.49689
1.99	0.14	3.42249
1.99	0.16	3.34889
1.99	0.18	3.27609
1.99	0.2	3.20409
1.99	0.22	3.13289
1.99	0.24	3.06249
1.99	0.26	2.99289
1.99	0.28	2.92409
1.99	0.3	2.85609
1.99	0.32	2.78888
1.99	0.34	2.72248
1.99	0.36	2.65688
1.99	0.38	2.59208
1.99	0.4	2.52808
1.99	0.42	2.46488
1.99	0.44	2.40248
1.99	0.46	2.34088
1.99	0.48	2.28008
1.99	0.5	2.22008
1.99	0.52	2.16088
1.99	0.54	2.10248
1.99	0.56	2.04488
1.99	0.58	1.98807
1.99	0.6	1.93207
1.99	0.62	1.87687
1.99	0.64	1.82247
1.99	0.66	1.76887
1.99	0.68	1.71607
1.99	0.7	1.66407
1.99	0.72	1.61287
1.99	0.74	1.56247
1.99	0.76	1.51287
1.99	0.78	1.46407
1.99	0.8	1.41607
1.99	0.82	1.36887
1.99	0.84	1.32247
1.99	0.86	1.27687
1.99	0.88	1.23207
1.99	0.9	1.18807
1.99	0.92	1.14487
1.99	0.94	1.10247
1.99	0.96	1.06087
1.99	0.98	1.02007
1.99	1	0.980069
1.99	1.02	0.940869
1.99	1.04	0.902469
1.99	1.06	0.864869
1.99	1.08	0.828069
1.99	1.1	0.79207
1.99	1.12	0.75687
1.99	1.14	0.72247
1.99	1.16	0.68887
1.99	1.18	0.656071
1.99	1.2	0.624071
1.99	1.22	0.592871
1.99	1.24	0.562472
1.99	1.26	0.532872
1.99	1.28	0.504073
1.99	1.3	0.476073
1.99	1.32	0.448874
1.99	1.34	0.422474
1.99	1.36	0.396875
1.99	1.38	0.372075
1.99	1.4	0.348076
1.99	1.42	0.324876
1.99	1.44	0.302477
1.99	1.46	0.280878
1.99	1.48	0.260078
1.99	1.5	0.240079
1.99	1.52	0.22088
1.99	1.54	0.20248
1.99	1.56	0.184881
1.99	1.58	0.168082
1.99	1.6	0.152083
1.99	1.62	0.136883
1.99	1.64	0.122484
1.99	1.66	0.108885
1.99	1.68	0.0960858
1.99	1.7	0.0840866
1.99	1.72	0.0728875
1.99	1.74	0.0624883
1.99	1.76	0.0528892
1.99	1.78	0.0440901
1.99	1.8	0.0360909
1.99	1.82	0.0288918
1.99	1.84	0.0224927
1.99	1.86	0.0168936
1.99	1.88	0.0120945
1.99	1.9	0.00809543
1.99	1.92	0.00489634
1.99	1.94	0.00249726
1.99	1.96	0.00089817
1.99	1.98	9.9085e-05
1.99	2	0.0001
2	0	4
2	0.02	3.9204
2	0.04	3.8416
2	0.06	3.7636
2	0.08	3.6864
2	0.1	3.61
2	0.12	3.5344
2	0.14	3.4596
2	0.16	3.3856
2	0.18	3.3124
2	0.2	3.24
2	0.22	3.1684
2	0.24	3.0976
2	0.26	3.0276
2	0.28	2.9584
2	0.3	2.89
2	0.32	2.8224
2	0.34	2.7556
2	0.36	2.6896
2	0.38	2.6244
2	0.4	2.56
2	0.42	2.4964
2	0.44	2.4336
2	0.46	2.3716
2	0.48	2.3104
2	0.5	2.25
2	0.52	2.1904
2	0.54	2.1316
2	0.56	2.0736
2	0.58	2.0164
2	0.6	1.96
2	0.62	1.9044
2	0.64	1.8496
2	0.66	1.7956
2	0.68	1.7424
2	0.7	1.69
2	0.72	1.6384
2	0.74	1.5876
2	0.76	1.5376
2	0.78	1.4884
2	0.8	1.44
2	0.82	1.3924
2	0.84	1.3456
2	0.86	1.2996
2	0.88	1.2544
2	0.9	1.21
2	0.92	1.1664
2	0.94	1.1236
2	0.96	1.0816
2	0.98	1.0404
2	1	1
2	1.02	0.9604
2	1.04	0.9216
2	1.06	0.8836
2	1.08	0.8464
2	1.1	0.81
2	1.12	0.7744
2	1.14	0.7396
2	1.16	0.7056
2	1.18	0.6724
2	1.2	0.64
2	1.22	0.6084
2	1.24	0.5776
2	1.26	0.5476
2	1.28	0.5184
2	1.3	0.49
2	1.32	0.4624
2	1.34	0.4356
2	1.36	0.4096
2	1.38	0.3844
2	1.4	0.36
2	1.42	0.3364
2	1.44	0.3136
2	1.46	0.2916
2	1.48	0.2704
2	1.5	0.25
2	1.52	0.2304
2	1.54	0.2116
2	1.56	0.1936
2	1.58	0.1764
2	1.6	0.16
2	1.62	0.1444
2	1.64	0.1296
2	1.66	0.1156
2	1.68	0.1024
2	1.7	0.09
2	1.72	0.0784
2	1.74	0.0676
2	1.76	0.0576
2	1.78	0.0484
2	1.8	0.04
2	1.82	0.0324
2	1.84	0.0256
2	1.86	0.0196
2	1.88	0.0144
2	1.9	0.01
2	1.92	0.0064
2	1.94	0.0036
2	1.96	0.0016
2	1.98	0.0004
2	2	0
