1	0	1
1	0.01	0.9801
1	0.02	0.9604
1	0.03	0.9409
1	0.04	0.9216
1	0.05	0.9025
1	0.06	0.8836
1	0.07	0.8649
1	0.08	0.8464
1	0.09	0.8281
1	0.1	0.81
1	0.11	0.7921
1	0.12	0.7744
1	0.13	0.7569
1	0.14	0.7396
1	0.15	0.7225
1	0.16	0.7056
1	0.17	0.6889
1	0.18	0.6724
1	0.19	0.6561
1	0.2	0.64
1	0.21	0.6241
1	0.22	0.6084
1	0.23	0.5929
1	0.24	0.5776
1	0.25	0.5625
1	0.26	0.5476
1	0.27	0.5329
1	0.28	0.5184
1	0.29	0.5041
1	0.3	0.49
1	0.31	0.4761
1	0.32	0.4624
1	0.33	0.4489
1	0.34	0.4356
1	0.35	0.4225
1	0.36	0.4096
1	0.37	0.3969
1	0.38	0.3844
1	0.39	0.3721
1	0.4	0.36
1	0.41	0.3481
1	0.42	0.3364
1	0.43	0.3249
1	0.44	0.3136
1	0.45	0.3025
1	0.46	0.2916
1	0.47	0.2809
1	0.48	0.2704
1	0.49	0.2601
1	0.5	0.25
1	0.51	0.2401
1	0.52	0.2304
1	0.53	0.2209
1	0.54	0.2116
1	0.55	0.2025
1	0.56	0.1936
1	0.57	0.1849
1	0.58	0.1764
1	0.59	0.1681
1	0.6	0.16
1	0.61	0.1521
1	0.62	0.1444
1	0.63	0.1369
1	0.64	0.1296
1	0.65	0.1225
1	0.66	0.1156
1	0.67	0.1089
1	0.68	0.1024
1	0.69	0.0961
1	0.7	0.09
1	0.71	0.0841
1	0.72	0.0784
1	0.73	0.0729
1	0.74	0.0676
1	0.75	0.0625
1	0.76	0.0576
1	0.77	0.0529
1	0.78	0.0484
1	0.79	0.0441
1	0.8	0.04
1	0.81	0.0361
1	0.82	0.0324
1	0.83	0.0289
1	0.84	0.0256
1	0.85	0.0225
1	0.86	0.0196
1	0.87	0.0169
1	0.88	0.0144
1	0.89	0.0121
1	0.9	0.01
1	0.91	0.0081
1	0.92	0.0064
1	0.93	0.0049
1	0.94	0.0036
1	0.95	0.0025
1	0.96	0.0016
1	0.97	0.0009
1	0.98	0.0004
1	0.99	0.0001
1	1	0
1	1.01	0.0001
1	1.02	0.0004
1	1.03	0.0009
1	1.04	0.0016
1	1.05	0.0025
1	1.06	0.0036
1	1.07	0.0049
1	1.08	0.0064
1	1.09	0.0081
1	1.1	0.01
1	1.11	0.0121
1	1.12	0.0144
1	1.13	0.0169
1	1.14	0.0196
1	1.15	0.0225
1	1.16	0.0256
1	1.17	0.0289
1	1.18	0.0324
1	1.19	0.0361
1	1.2	0.04
1	1.21	0.0441
1	1.22	0.0484
1	1.23	0.0529
1	1.24	0.0576
1	1.25	0.0625
1	1.26	0.0676
1	1.27	0.0729
1	1.28	0.0784
1	1.29	0.0841
1	1.3	0.09
1	1.31	0.0961
1	1.32	0.1024
1	1.33	0.1089
1	1.34	0.1156
1	1.35	0.1225
1	1.36	0.1296
1	1.37	0.1369
1	1.38	0.1444
1	1.39	0.1521
1	1.4	0.16
1	1.41	0.1681
1	1.42	0.1764
1	1.43	0.1849
1	1.44	0.1936
1	1.45	0.2025
1	1.46	0.2116
1	1.47	0.2209
1	1.48	0.2304
1	1.49	0.2401
1	1.5	0.25
1	1.51	0.2601
1	1.52	0.2704
1	1.53	0.2809
1	1.54	0.2916
1	1.55	0.3025
1	1.56	0.3136
1	1.57	0.3249
1	1.58	0.3364
1	1.59	0.3481
1	1.6	0.36
1	1.61	0.3721
1	1.62	0.3844
1	1.63	0.3969
1	1.64	0.4096
1	1.65	0.4225
1	1.66	0.4356
1	1.67	0.4489
1	1.68	0.4624
1	1.69	0.4761
1	1.7	0.49
1	1.71	0.5041
1	1.72	0.5184
1	1.73	0.5329
1	1.74	0.5476
1	1.75	0.5625
1	1.76	0.5776
1	1.77	0.5929
1	1.78	0.6084
1	1.79	0.6241
1	1.8	0.64
1	1.81	0.6561
1	1.82	0.6724
1	1.83	0.6889
1	1.84	0.7056
1	1.85	0.7225
1	1.86	0.7396
1	1.87	0.7569
1	1.88	0.7744
1	1.89	0.7921
1	1.9	0.81
1	1.91	0.8281
1	1.92	0.8464
1	1.93	0.8649
1	1.94	0.8836
1	1.95	0.9025
1	1.96	0.9216
1	1.97	0.9409
1	1.98	0.9604
1	1.99	0.9801
1	2	1
1.005	0	1.01002
1.005	0.01	0.990024
1.005	0.02	0.970223
1.005	0.03	0.950622
1.005	0.04	0.931221
1.005	0.05	0.91202
1.005	0.06	0.893018
1.005	0.07	0.874217
1.005	0.08	0.855616
1.005	0.09	0.837215
1.005	0.1	0.819014
1.005	0.11	0.801013
1.005	0.12	0.783212
1.005	0.13	0.765611
1.005	0.14	0.74821
1.005	0.15	0.731009
1.005	0.16	0.714008
1.005	0.17	0.697207
1.005	0.18	0.680606
1.005	0.19	0.664205
1.005	0.2	0.648004
1.005	0.21	0.632003
1.005	0.22	0.616202
1.005	0.23	0.600601
1.005	0.24	0.5852
1.005	0.25	0.569999
1.005	0.26	0.554998
1.005	0.27	0.540197
1.005	0.28	0.525596
1.005	0.29	0.511195
1.005	0.3	0.496994
1.005	0.31	0.482993
1.005	0.32	0.469192
1.005	0.33	0.455591
1.005	0.34	0.44219
1.005	0.35	0.428989
1.005	0.36	0.415988
1.005	0.37	0.403188
1.005	0.38	0.390587
1.005	0.39	0.378186
1.005	0.4	0.365985
1.005	0.41	0.353984
1.005	0.42	0.342183
1.005	0.43	0.330583
1.005	0.44	0.319182
1.005	0.45	0.307981
1.005	0.46	0.29698
1.005	0.47	0.28618
1.005	0.48	0.275579
1.005	0.49	0.265178
1.005	0.5	0.254977
1.005	0.51	0.244977
1.005	0.52	0.235176
1.005	0.53	0.225575
1.005	0.54	0.216175
1.005	0.55	0.206974
1.005	0.56	0.197973
1.005	0.57	0.189173
1.005	0.58	0.180572
1.005	0.59	0.172172
1.005	0.6	0.163971
1.005	0.61	0.155971
1.005	0.62	0.14817
1.005	0.63	0.140569
1.005	0.64	0.133169
1.005	0.65	0.125968
1.005	0.66	0.118968
1.005	0.67	0.112168
1.005	0.68	0.105567
1.005	0.69	0.0991667
1.005	0.7	0.0929663
1.005	0.71	0.0869659
1.005	0.72	0.0811655
1.005	0.73	0.0755652
1.005	0.74	0.0701648
1.005	0.75	0.0649645
1.005	0.76	0.0599642
1.005	0.77	0.0551639
1.005	0.78	0.0505636
1.005	0.79	0.0461634
1.005	0.8	0.0419631
1.005	0.81	0.0379629
1.005	0.82	0.0341627
1.005	0.83	0.0305625
1.005	0.84	0.0271623
1.005	0.85	0.0239622
1.005	0.86	0.020962
1.005	0.87	0.0181619
1.005	0.88	0.0155618
1.005	0.89	0.0131617
1.005	0.9	0.0109616
1.005	0.91	0.00896153
1.005	0.92	0.00716149
1.005	0.93	0.00556146
1.005	0.94	0.00416144
1.005	0.95	0.00296144
1.005	0.96	0.00196146
1.005	0.97	0.00116149
1.005	0.98	0.000561544
1.005	0.99	0.000161609
1.005	1	-3.8311e-05
1.005	1.01	-3.8215e-05
1.005	1.02	0.000161896
1.005	1.03	0.000562023
1.005	1.04	0.00116217
1.005	1.05	0.00196232
1.005	1.06	0.0029625
1.005	1.07	0.00416268
1.005	1.08	0.00556289
1.005	1.09	0.0071631
1.005	1.1	0.00896333
1.005	1.11	0.0109636
1.005	1.12	0.0131638
1.005	1.13	0.0155641
1.005	1.14	0.0181644
1.005	1.15	0.0209647
1.005	1.16	0.023965
1.005	1.17	0.0271654
1.005	1.18	0.0305657
1.005	1.19	0.0341661
1.005	1.2	0.0379664
1.005	1.21	0.0419668
1.005	1.22	0.0461672
1.005	1.23	0.0505676
1.005	1.24	0.0551681
1.005	1.25	0.0599685
1.005	1.26	0.0649689
1.005	1.27	0.0701694
1.005	1.28	0.0755699
1.005	1.29	0.0811704
1.005	1.3	0.0869709
1.005	1.31	0.0929714
1.005	1.32	0.0991719
1.005	1.33	0.105572
1.005	1.34	0.112173
1.005	1.35	0.118974
1.005	1.36	0.125974
1.005	1.37	0.133175
1.005	1.38	0.140575
1.005	1.39	0.148176
1.005	1.4	0.155976
1.005	1.41	0.163977
1.005	1.42	0.172178
1.005	1.43	0.180578
1.005	1.44	0.189179
1.005	1.45	0.19798
1.005	1.46	0.20698
1.005	1.47	0.216181
1.005	1.48	0.225582
1.005	1.49	0.235182
1.005	1.5	0.244983
1.005	1.51	0.254984
1.005	1.52	0.265184
1.005	1.53	0.275585
1.005	1.54	0.286186
1.005	1.55	0.296987
1.005	1.56	0.307987
1.005	1.57	0.319188
1.005	1.58	0.330589
1.005	1.59	0.34219
1.005	1.6	0.35399
1.005	1.61	0.365991
1.005	1.62	0.378192
1.005	1.63	0.390593
1.005	1.64	0.403194
1.005	1.65	0.415994
1.005	1.66	0.428995
1.005	1.67	0.442196
1.005	1.68	0.455597
1.005	1.69	0.469198
1.005	1.7	0.482999
1.005	1.71	0.496999
1.005	1.72	0.5112
1.005	1.73	0.525601
1.005	1.74	0.540202
1.005	1.75	0.555003
1.005	1.76	0.570004
1.005	1.77	0.585205
1.005	1.78	0.600605
1.005	1.79	0.616206
1.005	1.8	0.632007
1.005	1.81	0.648008
1.005	1.82	0.664209
1.005	1.83	0.68061
1.005	1.84	0.697211
1.005	1.85	0.714012
1.005	1.86	0.731012
1.005	1.87	0.748213
1.005	1.88	0.765614
1.005	1.89	0.783215
1.005	1.9	0.801016
1.005	1.91	0.819017
1.005	1.92	0.837218
1.005	1.93	0.855619
1.005	1.94	0.87422
1.005	1.95	0.89302
1.005	1.96	0.912021
1.005	1.97	0.931222
1.005	1.98	0.950623
1.005	1.99	0.970224
1.005	2	0.990025
1.01	0	1.0201
1.01	0.01	0.999998
1.01	0.02	0.980096
1.01	0.03	0.960393
1.01	0.04	0.940891
1.01	0.05	0.921589
1.01	0.06	0.902487
1.01	0.07	0.883585
1.01	0.08	0.864883
1.01	0.09	0.84638
1.01	0.1	0.828078
1.01	0.11	0.809976
1.01	0.12	0.792074
1.01	0.13	0.774372
1.01	0.14	0.75687
1.01	0.15	0.739568
1.01	0.16	0.722466
1.01	0.17	0.705564
1.01	0.18	0.688861
1.01	0.19	0.672359
1.01	0.2	0.656057
1.01	0.21	0.639955
1.01	0.22	0.624053
1.01	0.23	0.608351
1.01	0.24	0.592849
1.01	0.25	0.577547
1.01	0.26	0.562445
1.01	0.27	0.547543
1.01	0.28	0.532842
1.01	0.29	0.51834
1.01	0.3	0.504038
1.01	0.31	0.489936
1.01	0.32	0.476034
1.01	0.33	0.462332
1.01	0.34	0.44883
1.01	0.35	0.435529
1.01	0.36	0.422427
1.01	0.37	0.409525
1.01	0.38	0.396823
1.01	0.39	0.384322
1.01	0.4	0.37202
1.01	0.41	0.359918
1.01	0.42	0.348017
1.01	0.43	0.336315
1.01	0.44	0.324814
1.01	0.45	0.313512
1.01	0.46	0.302411
1.01	0.47	0.291509
1.01	0.48	0.280808
1.01	0.49	0.270306
1.01	0.5	0.260005
1.01	0.51	0.249903
1.01	0.52	0.240002
1.01	0.53	0.230301
1.01	0.54	0.220799
1.01	0.55	0.211498
1.01	0.56	0.202397
1.01	0.57	0.193496
1.01	0.58	0.184794
1.01	0.59	0.176293
1.01	0.6	0.167992
1.01	0.61	0.159891
1.01	0.62	0.15199
1.01	0.63	0.144289
1.01	0.64	0.136788
1.01	0.65	0.129487
1.01	0.66	0.122386
1.01	0.67	0.115485
1.01	0.68	0.108784
1.01	0.69	0.102283
1.01	0.7	0.0959826
1.01	0.71	0.0898818
1.01	0.72	0.0839811
1.01	0.73	0.0782804
1.01	0.74	0.0727797
1.01	0.75	0.067479
1.01	0.76	0.0623784
1.01	0.77	0.0574778
1.01	0.78	0.0527773
1.01	0.79	0.0482768
1.01	0.8	0.0439763
1.01	0.81	0.0398758
1.01	0.82	0.0359754
1.01	0.83	0.032275
1.01	0.84	0.0287747
1.01	0.85	0.0254743
1.01	0.86	0.0223741
1.01	0.87	0.0194738
1.01	0.88	0.0167736
1.01	0.89	0.0142734
1.01	0.9	0.0119732
1.01	0.91	0.0098731
1.01	0.92	0.00797301
1.01	0.93	0.00627295
1.01	0.94	0.00477292
1.01	0.95	0.00347292
1.01	0.96	0.00237295
1.01	0.97	0.00147302
1.01	0.98	0.000773119
1.01	0.99	0.000273248
1.01	1	-2.6591e-05
1.01	1.01	-0.000126399
1.01	1.02	-2.61763e-05
1.01	1.03	0.000274077
1.01	1.04	0.000774361
1.01	1.05	0.00147468
1.01	1.06	0.00237502
1.01	1.07	0.0034754
1.01	1.08	0.0047758
1.01	1.09	0.00627623
1.01	1.1	0.0079767
1.01	1.11	0.00987719
1.01	1.12	0.0119777
1.01	1.13	0.0142783
1.01	1.14	0.0167788
1.01	1.15	0.0194794
1.01	1.16	0.0223801
1.01	1.17	0.0254807
1.01	1.18	0.0287814
1.01	1.19	0.0322822
1.01	1.2	0.0359829
1.01	1.21	0.0398837
1.01	1.22	0.0439845
1.01	1.23	0.0482853
1.01	1.24	0.0527861
1.01	1.25	0.057487
1.01	1.26	0.0623879
1.01	1.27	0.0674888
1.01	1.28	0.0727898
1.01	1.29	0.0782907
1.01	1.3	0.0839917
1.01	1.31	0.0898928
1.01	1.32	0.0959938
1.01	1.33	0.102295
1.01	1.34	0.108796
1.01	1.35	0.115497
1.01	1.36	0.122398
1.01	1.37	0.129499
1.01	1.38	0.136801
1.01	1.39	0.144302
1.01	1.4	0.152003
1.01	1.41	0.159904
1.01	1.42	0.168005
1.01	1.43	0.176307
1.01	1.44	0.184808
1.01	1.45	0.193509
1.01	1.46	0.202411
1.01	1.47	0.211512
1.01	1.48	0.220813
1.01	1.49	0.230315
1.01	1.5	0.240016
1.01	1.51	0.249918
1.01	1.52	0.260019
1.01	1.53	0.27032
1.01	1.54	0.280822
1.01	1.55	0.291523
1.01	1.56	0.302425
1.01	1.57	0.313526
1.01	1.58	0.324828
1.01	1.59	0.336329
1.01	1.6	0.348031
1.01	1.61	0.359933
1.01	1.62	0.372034
1.01	1.63	0.384336
1.01	1.64	0.396837
1.01	1.65	0.409539
1.01	1.66	0.422441
1.01	1.67	0.435542
1.01	1.68	0.448844
1.01	1.69	0.462345
1.01	1.7	0.476047
1.01	1.71	0.489949
1.01	1.72	0.504051
1.01	1.73	0.518352
1.01	1.74	0.532854
1.01	1.75	0.547556
1.01	1.76	0.562457
1.01	1.77	0.577559
1.01	1.78	0.592861
1.01	1.79	0.608363
1.01	1.8	0.624064
1.01	1.81	0.639966
1.01	1.82	0.656068
1.01	1.83	0.67237
1.01	1.84	0.688871
1.01	1.85	0.705573
1.01	1.86	0.722475
1.01	1.87	0.739577
1.01	1.88	0.756878
1.01	1.89	0.77438
1.01	1.9	0.792082
1.01	1.91	0.809984
1.01	1.92	0.828086
1.01	1.93	0.846387
1.01	1.94	0.864889
1.01	1.95	0.883591
1.01	1.96	0.902493
1.01	1.97	0.921595
1.01	1.98	0.940896
1.01	1.99	0.960398
1.01	2	0.9801
1.015	0	1.03022
1.015	0.01	1.01002
1.015	0.02	0.990018
1.015	0.03	0.970215
1.015	0.04	0.950612
1.015	0.05	0.931209
1.015	0.06	0.912005
1.015	0.07	0.893002
1.015	0.08	0.874199
1.015	0.09	0.855596
1.015	0.1	0.837192
1.015	0.11	0.818989
1.015	0.12	0.800986
1.015	0.13	0.783183
1.015	0.14	0.76558
1.015	0.15	0.748177
1.015	0.16	0.730973
1.015	0.17	0.71397
1.015	0.18	0.697167
1.015	0.19	0.680564
1.015	0.2	0.664161
1.015	0.21	0.647958
1.015	0.22	0.631955
1.015	0.23	0.616152
1.015	0.24	0.600549
1.015	0.25	0.585146
1.015	0.26	0.569943
1.015	0.27	0.55494
1.015	0.28	0.540137
1.015	0.29	0.525534
1.015	0.3	0.511132
1.015	0.31	0.496929
1.015	0.32	0.482926
1.015	0.33	0.469123
1.015	0.34	0.455521
1.015	0.35	0.442118
1.015	0.36	0.428915
1.015	0.37	0.415913
1.015	0.38	0.40311
1.015	0.39	0.390508
1.015	0.4	0.378105
1.015	0.41	0.365903
1.015	0.42	0.3539
1.015	0.43	0.342098
1.015	0.44	0.330495
1.015	0.45	0.319093
1.015	0.46	0.307891
1.015	0.47	0.296889
1.015	0.48	0.286086
1.015	0.49	0.275484
1.015	0.5	0.265082
1.015	0.51	0.25488
1.015	0.52	0.244878
1.015	0.53	0.235076
1.015	0.54	0.225474
1.015	0.55	0.216072
1.015	0.56	0.20687
1.015	0.57	0.197868
1.015	0.58	0.189067
1.015	0.59	0.180465
1.015	0.6	0.172063
1.015	0.61	0.163862
1.015	0.62	0.15586
1.015	0.63	0.148058
1.015	0.64	0.140457
1.015	0.65	0.133056
1.015	0.66	0.125854
1.015	0.67	0.118853
1.015	0.68	0.112051
1.015	0.69	0.10545
1.015	0.7	0.099049
1.015	0.71	0.0928478
1.015	0.72	0.0868467
1.015	0.73	0.0810456
1.015	0.74	0.0754446
1.015	0.75	0.0700436
1.015	0.76	0.0648427
1.015	0.77	0.0598418
1.015	0.78	0.055041
1.015	0.79	0.0504402
1.015	0.8	0.0460395
1.015	0.81	0.0418388
1.015	0.82	0.0378382
1.015	0.83	0.0340376
1.015	0.84	0.0304371
1.015	0.85	0.0270366
1.015	0.86	0.0238361
1.015	0.87	0.0208358
1.015	0.88	0.0180354
1.015	0.89	0.0154351
1.015	0.9	0.0130349
1.015	0.91	0.0108347
1.015	0.92	0.00883457
1.015	0.93	0.00703448
1.015	0.94	0.00543444
1.015	0.95	0.00403444
1.015	0.96	0.00283449
1.015	0.97	0.00183459
1.015	0.98	0.00103474
1.015	0.99	0.000434888
1.015	1	3.5129e-05
1.015	1.01	-0.000164583
1.015	1.02	-0.000164249
1.015	1.03	3.61312e-05
1.015	1.04	0.000436557
1.015	1.05	0.00103703
1.015	1.06	0.00183755
1.015	1.07	0.00283811
1.015	1.08	0.00403872
1.015	1.09	0.00543937
1.015	1.1	0.00704006
1.015	1.11	0.0088408
1.015	1.12	0.0108416
1.015	1.13	0.0130424
1.015	1.14	0.0154433
1.015	1.15	0.0180442
1.015	1.16	0.0208451
1.015	1.17	0.0238461
1.015	1.18	0.0270472
1.015	1.19	0.0304482
1.015	1.2	0.0340494
1.015	1.21	0.0378505
1.015	1.22	0.0418517
1.015	1.23	0.0460529
1.015	1.24	0.0504542
1.015	1.25	0.0550555
1.015	1.26	0.0598569
1.015	1.27	0.0648583
1.015	1.28	0.0700597
1.015	1.29	0.0754611
1.015	1.3	0.0810626
1.015	1.31	0.0868642
1.015	1.32	0.0928657
1.015	1.33	0.0990673
1.015	1.34	0.105469
1.015	1.35	0.112071
1.015	1.36	0.118872
1.015	1.37	0.125874
1.015	1.38	0.133076
1.015	1.39	0.140478
1.015	1.4	0.148079
1.015	1.41	0.155881
1.015	1.42	0.163883
1.015	1.43	0.172085
1.015	1.44	0.180487
1.015	1.45	0.189089
1.015	1.46	0.197891
1.015	1.47	0.206893
1.015	1.48	0.216095
1.015	1.49	0.225497
1.015	1.5	0.235099
1.015	1.51	0.244901
1.015	1.52	0.254903
1.015	1.53	0.265106
1.015	1.54	0.275508
1.015	1.55	0.28611
1.015	1.56	0.296912
1.015	1.57	0.307915
1.015	1.58	0.319117
1.015	1.59	0.330519
1.015	1.6	0.342121
1.015	1.61	0.353924
1.015	1.62	0.365926
1.015	1.63	0.378129
1.015	1.64	0.390531
1.015	1.65	0.403133
1.015	1.66	0.415936
1.015	1.67	0.428938
1.015	1.68	0.442141
1.015	1.69	0.455543
1.015	1.7	0.469146
1.015	1.71	0.482948
1.015	1.72	0.496951
1.015	1.73	0.511153
1.015	1.74	0.525556
1.015	1.75	0.540158
1.015	1.76	0.554961
1.015	1.77	0.569964
1.015	1.78	0.585166
1.015	1.79	0.600569
1.015	1.8	0.616171
1.015	1.81	0.631974
1.015	1.82	0.647977
1.015	1.83	0.664179
1.015	1.84	0.680582
1.015	1.85	0.697185
1.015	1.86	0.713987
1.015	1.87	0.73099
1.015	1.88	0.748193
1.015	1.89	0.765595
1.015	1.9	0.783198
1.015	1.91	0.801001
1.015	1.92	0.819003
1.015	1.93	0.837206
1.015	1.94	0.855609
1.015	1.95	0.874211
1.015	1.96	0.893014
1.015	1.97	0.912017
1.015	1.98	0.93122
1.015	1.99	0.950622
1.015	2	0.970225
1.02	0	1.0404
1.02	0.01	1.0201
1.02	0.02	0.999991
1.02	0.03	0.980087
1.02	0.04	0.960383
1.02	0.05	0.940878
1.02	0.06	0.921574
1.02	0.07	0.90247
1.02	0.08	0.883565
1.02	0.09	0.864861
1.02	0.1	0.846357
1.02	0.11	0.828052
1.02	0.12	0.809948
1.02	0.13	0.792044
1.02	0.14	0.77434
1.02	0.15	0.756835
1.02	0.16	0.739531
1.02	0.17	0.722427
1.02	0.18	0.705523
1.02	0.19	0.688819
1.02	0.2	0.672315
1.02	0.21	0.656011
1.02	0.22	0.639907
1.02	0.23	0.624003
1.02	0.24	0.608299
1.02	0.25	0.592795
1.02	0.26	0.577491
1.02	0.27	0.562387
1.02	0.28	0.547483
1.02	0.29	0.532779
1.02	0.3	0.518276
1.02	0.31	0.503972
1.02	0.32	0.489868
1.02	0.33	0.475964
1.02	0.34	0.462261
1.02	0.35	0.448757
1.02	0.36	0.435454
1.02	0.37	0.42235
1.02	0.38	0.409447
1.02	0.39	0.396743
1.02	0.4	0.38424
1.02	0.41	0.371937
1.02	0.42	0.359834
1.02	0.43	0.34793
1.02	0.44	0.336227
1.02	0.45	0.324724
1.02	0.46	0.313421
1.02	0.47	0.302318
1.02	0.48	0.291415
1.02	0.49	0.280712
1.02	0.5	0.27021
1.02	0.51	0.259907
1.02	0.52	0.249804
1.02	0.53	0.239901
1.02	0.54	0.230199
1.02	0.55	0.220696
1.02	0.56	0.211394
1.02	0.57	0.202291
1.02	0.58	0.193389
1.02	0.59	0.184687
1.02	0.6	0.176184
1.02	0.61	0.167882
1.02	0.62	0.15978
1.02	0.63	0.151878
1.02	0.64	0.144176
1.02	0.65	0.136674
1.02	0.66	0.129372
1.02	0.67	0.12227
1.02	0.68	0.115369
1.02	0.69	0.108667
1.02	0.7	0.102165
1.02	0.71	0.0958638
1.02	0.72	0.0897623
1.02	0.73	0.0838608
1.02	0.74	0.0781595
1.02	0.75	0.0726582
1.02	0.76	0.067357
1.02	0.77	0.0622558
1.02	0.78	0.0573547
1.02	0.79	0.0526536
1.02	0.8	0.0481527
1.02	0.81	0.0438518
1.02	0.82	0.0397509
1.02	0.83	0.0358502
1.02	0.84	0.0321494
1.02	0.85	0.0286488
1.02	0.86	0.0253482
1.02	0.87	0.0222477
1.02	0.88	0.0193473
1.02	0.89	0.0166469
1.02	0.9	0.0141466
1.02	0.91	0.0118463
1.02	0.92	0.00974614
1.02	0.93	0.00784602
1.02	0.94	0.00614596
1.02	0.95	0.00464596
1.02	0.96	0.00334603
1.02	0.97	0.00224617
1.02	0.98	0.00134636
1.02	0.99	0.000646621
1.02	1	0.000146942
1.02	1.01	-0.000152675
1.02	1.02	-0.000252229
1.02	1.03	-0.000151722
1.02	1.04	0.000148846
1.02	1.05	0.000649474
1.02	1.06	0.00135016
1.02	1.07	0.00225091
1.02	1.08	0.00335172
1.02	1.09	0.00465259
1.02	1.1	0.00615352
1.02	1.11	0.0078545
1.02	1.12	0.00975554
1.02	1.13	0.0118566
1.02	1.14	0.0141578
1.02	1.15	0.016659
1.02	1.16	0.0193603
1.02	1.17	0.0222616
1.02	1.18	0.025363
1.02	1.19	0.0286644
1.02	1.2	0.0321659
1.02	1.21	0.0358674
1.02	1.22	0.039769
1.02	1.23	0.0438707
1.02	1.24	0.0481724
1.02	1.25	0.0526741
1.02	1.26	0.0573759
1.02	1.27	0.0622778
1.02	1.28	0.0673797
1.02	1.29	0.0726816
1.02	1.3	0.0781836
1.02	1.31	0.0838856
1.02	1.32	0.0897877
1.02	1.33	0.0958898
1.02	1.34	0.102192
1.02	1.35	0.108694
1.02	1.36	0.115396
1.02	1.37	0.122299
1.02	1.38	0.129401
1.02	1.39	0.136704
1.02	1.4	0.144206
1.02	1.41	0.151908
1.02	1.42	0.159811
1.02	1.43	0.167913
1.02	1.44	0.176216
1.02	1.45	0.184719
1.02	1.46	0.193421
1.02	1.47	0.202324
1.02	1.48	0.211427
1.02	1.49	0.22073
1.02	1.5	0.230232
1.02	1.51	0.239935
1.02	1.52	0.249838
1.02	1.53	0.259941
1.02	1.54	0.270244
1.02	1.55	0.280747
1.02	1.56	0.29145
1.02	1.57	0.302353
1.02	1.58	0.313456
1.02	1.59	0.324759
1.02	1.6	0.336262
1.02	1.61	0.347965
1.02	1.62	0.359868
1.02	1.63	0.371971
1.02	1.64	0.384275
1.02	1.65	0.396778
1.02	1.66	0.409481
1.02	1.67	0.422384
1.02	1.68	0.435488
1.02	1.69	0.448791
1.02	1.7	0.462294
1.02	1.71	0.475998
1.02	1.72	0.489901
1.02	1.73	0.504004
1.02	1.74	0.518308
1.02	1.75	0.532811
1.02	1.76	0.547515
1.02	1.77	0.562418
1.02	1.78	0.577522
1.02	1.79	0.592825
1.02	1.8	0.608329
1.02	1.81	0.624032
1.02	1.82	0.639936
1.02	1.83	0.656039
1.02	1.84	0.672343
1.02	1.85	0.688846
1.02	1.86	0.70555
1.02	1.87	0.722453
1.02	1.88	0.739557
1.02	1.89	0.75686
1.02	1.9	0.774364
1.02	1.91	0.792068
1.02	1.92	0.809971
1.02	1.93	0.828075
1.02	1.94	0.846378
1.02	1.95	0.864882
1.02	1.96	0.883586
1.02	1.97	0.902489
1.02	1.98	0.921593
1.02	1.99	0.940896
1.02	2	0.9604
1.025	0	1.05062
1.025	0.01	1.03022
1.025	0.02	1.01001
1.025	0.03	0.990009
1.025	0.04	0.970203
1.025	0.05	0.950598
1.025	0.06	0.931192
1.025	0.07	0.911987
1.025	0.08	0.892982
1.025	0.09	0.874176
1.025	0.1	0.855571
1.025	0.11	0.837166
1.025	0.12	0.81896
1.025	0.13	0.800955
1.025	0.14	0.78315
1.025	0.15	0.765544
1.025	0.16	0.748139
1.025	0.17	0.730934
1.025	0.18	0.713929
1.025	0.19	0.697124
1.025	0.2	0.680519
1.025	0.21	0.664113
1.025	0.22	0.647908
1.025	0.23	0.631903
1.025	0.24	0.616098
1.025	0.25	0.600494
1.025	0.26	0.585089
1.025	0.27	0.569884
1.025	0.28	0.554879
1.025	0.29	0.540074
1.025	0.3	0.52547
1.025	0.31	0.511065
1.025	0.32	0.49686
1.025	0.33	0.482856
1.025	0.34	0.469051
1.025	0.35	0.455447
1.025	0.36	0.442042
1.025	0.37	0.428838
1.025	0.38	0.415834
1.025	0.39	0.403029
1.025	0.4	0.390425
1.025	0.41	0.378021
1.025	0.42	0.365817
1.025	0.43	0.353813
1.025	0.44	0.342009
1.025	0.45	0.330405
1.025	0.46	0.319002
1.025	0.47	0.307798
1.025	0.48	0.296794
1.025	0.49	0.285991
1.025	0.5	0.275387
1.025	0.51	0.264984
1.025	0.52	0.25478
1.025	0.53	0.244777
1.025	0.54	0.234974
1.025	0.55	0.22537
1.025	0.56	0.215967
1.025	0.57	0.206764
1.025	0.58	0.197761
1.025	0.59	0.188958
1.025	0.6	0.180356
1.025	0.61	0.171953
1.025	0.62	0.16375
1.025	0.63	0.155748
1.025	0.64	0.147945
1.025	0.65	0.140343
1.025	0.66	0.13294
1.025	0.67	0.125738
1.025	0.68	0.118736
1.025	0.69	0.111934
1.025	0.7	0.105332
1.025	0.71	0.0989299
1.025	0.72	0.092728
1.025	0.73	0.0867262
1.025	0.74	0.0809245
1.025	0.75	0.0753229
1.025	0.76	0.0699213
1.025	0.77	0.0647199
1.025	0.78	0.0597185
1.025	0.79	0.0549172
1.025	0.8	0.050316
1.025	0.81	0.0459149
1.025	0.82	0.0417138
1.025	0.83	0.0377129
1.025	0.84	0.033912
1.025	0.85	0.0303112
1.025	0.86	0.0269104
1.025	0.87	0.0237098
1.025	0.88	0.0207092
1.025	0.89	0.0179088
1.025	0.9	0.0153084
1.025	0.91	0.0129081
1.025	0.92	0.0107078
1.025	0.93	0.00870768
1.025	0.94	0.0069076
1.025	0.95	0.00530761
1.025	0.96	0.0039077
1.025	0.97	0.00270786
1.025	0.98	0.00170811
1.025	0.99	0.000908431
1.025	1	0.000308832
1.025	1.01	-9.06887e-05
1.025	1.02	-0.000290132
1.025	1.03	-0.000289499
1.025	1.04	-8.87896e-05
1.025	1.05	0.000311996
1.025	1.06	0.000912857
1.025	1.07	0.00171379
1.025	1.08	0.0027148
1.025	1.09	0.00391589
1.025	1.1	0.00531705
1.025	1.11	0.00691828
1.025	1.12	0.00871958
1.025	1.13	0.010721
1.025	1.14	0.0129224
1.025	1.15	0.0153239
1.025	1.16	0.0179255
1.025	1.17	0.0207272
1.025	1.18	0.0237289
1.025	1.19	0.0269307
1.025	1.2	0.0303325
1.025	1.21	0.0339345
1.025	1.22	0.0377364
1.025	1.23	0.0417385
1.025	1.24	0.0459406
1.025	1.25	0.0503428
1.025	1.26	0.054945
1.025	1.27	0.0597473
1.025	1.28	0.0647497
1.025	1.29	0.0699521
1.025	1.3	0.0753546
1.025	1.31	0.0809572
1.025	1.32	0.0867598
1.025	1.33	0.0927624
1.025	1.34	0.0989651
1.025	1.35	0.105368
1.025	1.36	0.111971
1.025	1.37	0.118774
1.025	1.38	0.125777
1.025	1.39	0.13298
1.025	1.4	0.140383
1.025	1.41	0.147986
1.025	1.42	0.155789
1.025	1.43	0.163792
1.025	1.44	0.171995
1.025	1.45	0.180398
1.025	1.46	0.189002
1.025	1.47	0.197805
1.025	1.48	0.206809
1.025	1.49	0.216012
1.025	1.5	0.225416
1.025	1.51	0.235019
1.025	1.52	0.244823
1.025	1.53	0.254826
1.025	1.54	0.26503
1.025	1.55	0.275434
1.025	1.56	0.286037
1.025	1.57	0.296841
1.025	1.58	0.307845
1.025	1.59	0.319049
1.025	1.6	0.330453
1.025	1.61	0.342057
1.025	1.62	0.35386
1.025	1.63	0.365864
1.025	1.64	0.378068
1.025	1.65	0.390472
1.025	1.66	0.403077
1.025	1.67	0.415881
1.025	1.68	0.428885
1.025	1.69	0.442089
1.025	1.7	0.455493
1.025	1.71	0.469097
1.025	1.72	0.482901
1.025	1.73	0.496906
1.025	1.74	0.51111
1.025	1.75	0.525514
1.025	1.76	0.540118
1.025	1.77	0.554923
1.025	1.78	0.569927
1.025	1.79	0.585131
1.025	1.8	0.600536
1.025	1.81	0.61614
1.025	1.82	0.631945
1.025	1.83	0.647949
1.025	1.84	0.664153
1.025	1.85	0.680558
1.025	1.86	0.697162
1.025	1.87	0.713967
1.025	1.88	0.730971
1.025	1.89	0.748176
1.025	1.9	0.76558
1.025	1.91	0.783185
1.025	1.92	0.800989
1.025	1.93	0.818993
1.025	1.94	0.837198
1.025	1.95	0.855602
1.025	1.96	0.874207
1.025	1.97	0.893011
1.025	1.98	0.912016
1.025	1.99	0.93122
1.025	2	0.950625
1.03	0	1.0609
1.03	0.01	1.04039
1.03	0.02	1.02009
1.03	0.03	0.99998
1.03	0.04	0.980074
1.03	0.05	0.960367
1.03	0.06	0.940861
1.03	0.07	0.921554
1.03	0.08	0.902448
1.03	0.09	0.883541
1.03	0.1	0.864835
1.03	0.11	0.846329
1.03	0.12	0.828022
1.03	0.13	0.809916
1.03	0.14	0.79201
1.03	0.15	0.774303
1.03	0.16	0.756797
1.03	0.17	0.739491
1.03	0.18	0.722385
1.03	0.19	0.705478
1.03	0.2	0.688772
1.03	0.21	0.672266
1.03	0.22	0.65596
1.03	0.23	0.639854
1.03	0.24	0.623948
1.03	0.25	0.608242
1.03	0.26	0.592736
1.03	0.27	0.577431
1.03	0.28	0.562325
1.03	0.29	0.547419
1.03	0.3	0.532713
1.03	0.31	0.518208
1.03	0.32	0.503902
1.03	0.33	0.489797
1.03	0.34	0.475891
1.03	0.35	0.462186
1.03	0.36	0.448681
1.03	0.37	0.435376
1.03	0.38	0.422271
1.03	0.39	0.409365
1.03	0.4	0.39666
1.03	0.41	0.384155
1.03	0.42	0.371851
1.03	0.43	0.359746
1.03	0.44	0.347841
1.03	0.45	0.336136
1.03	0.46	0.324632
1.03	0.47	0.313327
1.03	0.48	0.302223
1.03	0.49	0.291319
1.03	0.5	0.280614
1.03	0.51	0.27011
1.03	0.52	0.259806
1.03	0.53	0.249702
1.03	0.54	0.239798
1.03	0.55	0.230095
1.03	0.56	0.220591
1.03	0.57	0.211287
1.03	0.58	0.202184
1.03	0.59	0.19328
1.03	0.6	0.184577
1.03	0.61	0.176074
1.03	0.62	0.16777
1.03	0.63	0.159667
1.03	0.64	0.151764
1.03	0.65	0.144061
1.03	0.66	0.136559
1.03	0.67	0.129256
1.03	0.68	0.122153
1.03	0.69	0.115251
1.03	0.7	0.108548
1.03	0.71	0.102046
1.03	0.72	0.0957437
1.03	0.73	0.0896416
1.03	0.74	0.0837395
1.03	0.75	0.0780376
1.03	0.76	0.0725357
1.03	0.77	0.067234
1.03	0.78	0.0621323
1.03	0.79	0.0572308
1.03	0.8	0.0525293
1.03	0.81	0.048028
1.03	0.82	0.0437267
1.03	0.83	0.0396255
1.03	0.84	0.0357245
1.03	0.85	0.0320235
1.03	0.86	0.0285227
1.03	0.87	0.0252219
1.03	0.88	0.0221212
1.03	0.89	0.0192206
1.03	0.9	0.0165202
1.03	0.91	0.0140198
1.03	0.92	0.0117195
1.03	0.93	0.00961934
1.03	0.94	0.00771925
1.03	0.95	0.00601926
1.03	0.96	0.00451936
1.03	0.97	0.00321956
1.03	0.98	0.00211985
1.03	0.99	0.00122024
1.03	1	0.000520722
1.03	1.01	2.12971e-05
1.03	1.02	-0.000278036
1.03	1.03	-0.000377276
1.03	1.04	-0.000276425
1.03	1.05	2.45178e-05
1.03	1.06	0.000525551
1.03	1.07	0.00122667
1.03	1.08	0.00212789
1.03	1.09	0.00322919
1.03	1.1	0.00453058
1.03	1.11	0.00603205
1.03	1.12	0.00773362
1.03	1.13	0.00963526
1.03	1.14	0.011737
1.03	1.15	0.0140388
1.03	1.16	0.0165407
1.03	1.17	0.0192427
1.03	1.18	0.0221448
1.03	1.19	0.0252469
1.03	1.2	0.0285491
1.03	1.21	0.0320515
1.03	1.22	0.0357538
1.03	1.23	0.0396563
1.03	1.24	0.0437588
1.03	1.25	0.0480615
1.03	1.26	0.0525642
1.03	1.27	0.0572669
1.03	1.28	0.0621698
1.03	1.29	0.0672727
1.03	1.3	0.0725757
1.03	1.31	0.0780787
1.03	1.32	0.0837818
1.03	1.33	0.089685
1.03	1.34	0.0957883
1.03	1.35	0.102092
1.03	1.36	0.108595
1.03	1.37	0.115298
1.03	1.38	0.122202
1.03	1.39	0.129306
1.03	1.4	0.136609
1.03	1.41	0.144113
1.03	1.42	0.151817
1.03	1.43	0.15972
1.03	1.44	0.167824
1.03	1.45	0.176128
1.03	1.46	0.184632
1.03	1.47	0.193336
1.03	1.48	0.20224
1.03	1.49	0.211345
1.03	1.5	0.220649
1.03	1.51	0.230153
1.03	1.52	0.239857
1.03	1.53	0.249762
1.03	1.54	0.259866
1.03	1.55	0.27017
1.03	1.56	0.280675
1.03	1.57	0.291379
1.03	1.58	0.302284
1.03	1.59	0.313389
1.03	1.6	0.324693
1.03	1.61	0.336198
1.03	1.62	0.347903
1.03	1.63	0.359807
1.03	1.64	0.371912
1.03	1.65	0.384217
1.03	1.66	0.396722
1.03	1.67	0.409427
1.03	1.68	0.422332
1.03	1.69	0.435437
1.03	1.7	0.448742
1.03	1.71	0.462247
1.03	1.72	0.475952
1.03	1.73	0.489857
1.03	1.74	0.503962
1.03	1.75	0.518267
1.03	1.76	0.532772
1.03	1.77	0.547477
1.03	1.78	0.562383
1.03	1.79	0.577488
1.03	1.8	0.592793
1.03	1.81	0.608298
1.03	1.82	0.624003
1.03	1.83	0.639909
1.03	1.84	0.656014
1.03	1.85	0.672319
1.03	1.86	0.688825
1.03	1.87	0.70553
1.03	1.88	0.722435
1.03	1.89	0.739541
1.03	1.9	0.756846
1.03	1.91	0.774351
1.03	1.92	0.792057
1.03	1.93	0.809962
1.03	1.94	0.828068
1.03	1.95	0.846373
1.03	1.96	0.864878
1.03	1.97	0.883584
1.03	1.98	0.902489
1.03	1.99	0.921595
1.03	2	0.9409
1.035	0	1.07122
1.035	0.01	1.05062
1.035	0.02	1.03021
1.035	0.03	1.01
1.035	0.04	0.989995
1.035	0.05	0.970187
1.035	0.06	0.950579
1.035	0.07	0.931172
1.035	0.08	0.911964
1.035	0.09	0.892957
1.035	0.1	0.874149
1.035	0.11	0.855542
1.035	0.12	0.837134
1.035	0.13	0.818927
1.035	0.14	0.80092
1.035	0.15	0.783112
1.035	0.16	0.765505
1.035	0.17	0.748098
1.035	0.18	0.73089
1.035	0.19	0.713883
1.035	0.2	0.697076
1.035	0.21	0.680469
1.035	0.22	0.664062
1.035	0.23	0.647855
1.035	0.24	0.631848
1.035	0.25	0.616041
1.035	0.26	0.600434
1.035	0.27	0.585027
1.035	0.28	0.569821
1.035	0.29	0.554814
1.035	0.3	0.540008
1.035	0.31	0.525401
1.035	0.32	0.510995
1.035	0.33	0.496788
1.035	0.34	0.482782
1.035	0.35	0.468976
1.035	0.36	0.45537
1.035	0.37	0.441963
1.035	0.38	0.428757
1.035	0.39	0.415752
1.035	0.4	0.402946
1.035	0.41	0.39034
1.035	0.42	0.377934
1.035	0.43	0.365729
1.035	0.44	0.353723
1.035	0.45	0.341918
1.035	0.46	0.330312
1.035	0.47	0.318907
1.035	0.48	0.307702
1.035	0.49	0.296697
1.035	0.5	0.285892
1.035	0.51	0.275287
1.035	0.52	0.264883
1.035	0.53	0.254678
1.035	0.54	0.244673
1.035	0.55	0.234869
1.035	0.56	0.225265
1.035	0.57	0.21586
1.035	0.58	0.206656
1.035	0.59	0.197652
1.035	0.6	0.188848
1.035	0.61	0.180244
1.035	0.62	0.171841
1.035	0.63	0.163637
1.035	0.64	0.155634
1.035	0.65	0.14783
1.035	0.66	0.140227
1.035	0.67	0.132824
1.035	0.68	0.125621
1.035	0.69	0.118618
1.035	0.7	0.111815
1.035	0.71	0.105212
1.035	0.72	0.0988096
1.035	0.73	0.0926071
1.035	0.74	0.0866047
1.035	0.75	0.0808025
1.035	0.76	0.0752003
1.035	0.77	0.0697983
1.035	0.78	0.0645963
1.035	0.79	0.0595945
1.035	0.8	0.0547928
1.035	0.81	0.0501912
1.035	0.82	0.0457898
1.035	0.83	0.0415884
1.035	0.84	0.0375872
1.035	0.85	0.0337861
1.035	0.86	0.030185
1.035	0.87	0.0267842
1.035	0.88	0.0235834
1.035	0.89	0.0205827
1.035	0.9	0.0177822
1.035	0.91	0.0151817
1.035	0.92	0.0127814
1.035	0.93	0.0105812
1.035	0.94	0.00858108
1.035	0.95	0.00678109
1.035	0.96	0.00518121
1.035	0.97	0.00378144
1.035	0.98	0.00258179
1.035	0.99	0.00158224
1.035	1	0.000782798
1.035	1.01	0.000183468
1.035	1.02	-0.000215754
1.035	1.03	-0.000414868
1.035	1.04	-0.000413876
1.035	1.05	-0.000212777
1.035	1.06	0.000188427
1.035	1.07	0.000789736
1.035	1.08	0.00159115
1.035	1.09	0.00259267
1.035	1.1	0.00379429
1.035	1.11	0.00519601
1.035	1.12	0.00679783
1.035	1.13	0.00859975
1.035	1.14	0.0106018
1.035	1.15	0.0128039
1.035	1.16	0.0152061
1.035	1.17	0.0178084
1.035	1.18	0.0206108
1.035	1.19	0.0236133
1.035	1.2	0.0268159
1.035	1.21	0.0302186
1.035	1.22	0.0338214
1.035	1.23	0.0376243
1.035	1.24	0.0416272
1.035	1.25	0.0458303
1.035	1.26	0.0502334
1.035	1.27	0.0548367
1.035	1.28	0.05964
1.035	1.29	0.0646434
1.035	1.3	0.0698468
1.035	1.31	0.0752504
1.035	1.32	0.080854
1.035	1.33	0.0866578
1.035	1.34	0.0926616
1.035	1.35	0.0988654
1.035	1.36	0.105269
1.035	1.37	0.111873
1.035	1.38	0.118678
1.035	1.39	0.125682
1.035	1.4	0.132886
1.035	1.41	0.14029
1.035	1.42	0.147895
1.035	1.43	0.155699
1.035	1.44	0.163704
1.035	1.45	0.171908
1.035	1.46	0.180313
1.035	1.47	0.188918
1.035	1.48	0.197722
1.035	1.49	0.206727
1.035	1.5	0.215932
1.035	1.51	0.225337
1.035	1.52	0.234942
1.035	1.53	0.244747
1.035	1.54	0.254752
1.035	1.55	0.264957
1.035	1.56	0.275363
1.035	1.57	0.285968
1.035	1.58	0.296773
1.035	1.59	0.307779
1.035	1.6	0.318984
1.035	1.61	0.330389
1.035	1.62	0.341995
1.035	1.63	0.3538
1.035	1.64	0.365806
1.035	1.65	0.378012
1.035	1.66	0.390417
1.035	1.67	0.403023
1.035	1.68	0.415829
1.035	1.69	0.428835
1.035	1.7	0.44204
1.035	1.71	0.455446
1.035	1.72	0.469052
1.035	1.73	0.482858
1.035	1.74	0.496864
1.035	1.75	0.51107
1.035	1.76	0.525476
1.035	1.77	0.540082
1.035	1.78	0.554888
1.035	1.79	0.569894
1.035	1.8	0.5851
1.035	1.81	0.600506
1.035	1.82	0.616112
1.035	1.83	0.631919
1.035	1.84	0.647925
1.035	1.85	0.664131
1.035	1.86	0.680537
1.035	1.87	0.697143
1.035	1.88	0.71395
1.035	1.89	0.730956
1.035	1.9	0.748162
1.035	1.91	0.765568
1.035	1.92	0.783175
1.035	1.93	0.800981
1.035	1.94	0.818987
1.035	1.95	0.837193
1.035	1.96	0.8556
1.035	1.97	0.874206
1.035	1.98	0.893012
1.035	1.99	0.912019
1.035	2	0.931225
1.04	0	1.0816
1.04	0.01	1.06089
1.04	0.02	1.04038
1.04	0.03	1.02007
1.04	0.04	0.999965
1.04	0.05	0.980057
1.04	0.06	0.960348
1.04	0.07	0.940839
1.04	0.08	0.921531
1.04	0.09	0.902422
1.04	0.1	0.883514
1.04	0.11	0.864805
1.04	0.12	0.846296
1.04	0.13	0.827988
1.04	0.14	0.80988
1.04	0.15	0.791971
1.04	0.16	0.774263
1.04	0.17	0.756755
1.04	0.18	0.739446
1.04	0.19	0.722338
1.04	0.2	0.70543
1.04	0.21	0.688722
1.04	0.22	0.672214
1.04	0.23	0.655906
1.04	0.24	0.639798
1.04	0.25	0.62389
1.04	0.26	0.608182
1.04	0.27	0.592674
1.04	0.28	0.577367
1.04	0.29	0.562259
1.04	0.3	0.547352
1.04	0.31	0.532644
1.04	0.32	0.518137
1.04	0.33	0.50383
1.04	0.34	0.489722
1.04	0.35	0.475815
1.04	0.36	0.462108
1.04	0.37	0.448601
1.04	0.38	0.435294
1.04	0.39	0.422188
1.04	0.4	0.409281
1.04	0.41	0.396574
1.04	0.42	0.384068
1.04	0.43	0.371762
1.04	0.44	0.359655
1.04	0.45	0.347749
1.04	0.46	0.336043
1.04	0.47	0.324537
1.04	0.48	0.313231
1.04	0.49	0.302126
1.04	0.5	0.29122
1.04	0.51	0.280514
1.04	0.52	0.270009
1.04	0.53	0.259704
1.04	0.54	0.249598
1.04	0.55	0.239693
1.04	0.56	0.229988
1.04	0.57	0.220484
1.04	0.58	0.211179
1.04	0.59	0.202074
1.04	0.6	0.19317
1.04	0.61	0.184465
1.04	0.62	0.175961
1.04	0.63	0.167657
1.04	0.64	0.159553
1.04	0.65	0.151649
1.04	0.66	0.143945
1.04	0.67	0.136442
1.04	0.68	0.129138
1.04	0.69	0.122035
1.04	0.7	0.115132
1.04	0.71	0.108429
1.04	0.72	0.101926
1.04	0.73	0.0956228
1.04	0.74	0.08952
1.04	0.75	0.0836175
1.04	0.76	0.077915
1.04	0.77	0.0724127
1.04	0.78	0.0671105
1.04	0.79	0.0620084
1.04	0.8	0.0571065
1.04	0.81	0.0524046
1.04	0.82	0.047903
1.04	0.83	0.0436014
1.04	0.84	0.0395
1.04	0.85	0.0355987
1.04	0.86	0.0318976
1.04	0.87	0.0283966
1.04	0.88	0.0250957
1.04	0.89	0.0219949
1.04	0.9	0.0190943
1.04	0.91	0.0163938
1.04	0.92	0.0138934
1.04	0.93	0.0115932
1.04	0.94	0.00949291
1.04	0.95	0.00759292
1.04	0.96	0.00589306
1.04	0.97	0.00439333
1.04	0.98	0.00309372
1.04	0.99	0.00199423
1.04	1	0.00109487
1.04	1.01	0.000395639
1.04	1.02	-0.000103472
1.04	1.03	-0.00040246
1.04	1.04	-0.000501327
1.04	1.05	-0.000400072
1.04	1.06	-9.8696e-05
1.04	1.07	0.000402799
1.04	1.08	0.00110441
1.04	1.09	0.00200615
1.04	1.1	0.003108
1.04	1.11	0.00440996
1.04	1.12	0.00591204
1.04	1.13	0.00761424
1.04	1.14	0.00951655
1.04	1.15	0.011619
1.04	1.16	0.0139215
1.04	1.17	0.0164241
1.04	1.18	0.0191269
1.04	1.19	0.0220298
1.04	1.2	0.0251327
1.04	1.21	0.0284358
1.04	1.22	0.031939
1.04	1.23	0.0356423
1.04	1.24	0.0395456
1.04	1.25	0.0436491
1.04	1.26	0.0479527
1.04	1.27	0.0524564
1.04	1.28	0.0571602
1.04	1.29	0.0620641
1.04	1.3	0.067168
1.04	1.31	0.0724721
1.04	1.32	0.0779763
1.04	1.33	0.0836805
1.04	1.34	0.0895848
1.04	1.35	0.0956893
1.04	1.36	0.101994
1.04	1.37	0.108498
1.04	1.38	0.115203
1.04	1.39	0.122108
1.04	1.4	0.129213
1.04	1.41	0.136518
1.04	1.42	0.144023
1.04	1.43	0.151728
1.04	1.44	0.159633
1.04	1.45	0.167738
1.04	1.46	0.176043
1.04	1.47	0.184549
1.04	1.48	0.193254
1.04	1.49	0.20216
1.04	1.5	0.211265
1.04	1.51	0.220571
1.04	1.52	0.230077
1.04	1.53	0.239782
1.04	1.54	0.249688
1.04	1.55	0.259794
1.04	1.56	0.2701
1.04	1.57	0.280606
1.04	1.58	0.291312
1.04	1.59	0.302218
1.04	1.6	0.313325
1.04	1.61	0.324631
1.04	1.62	0.336137
1.04	1.63	0.347843
1.04	1.64	0.35975
1.04	1.65	0.371856
1.04	1.66	0.384163
1.04	1.67	0.396669
1.04	1.68	0.409376
1.04	1.69	0.422282
1.04	1.7	0.435389
1.04	1.71	0.448696
1.04	1.72	0.462203
1.04	1.73	0.475909
1.04	1.74	0.489816
1.04	1.75	0.503923
1.04	1.76	0.51823
1.04	1.77	0.532737
1.04	1.78	0.547444
1.04	1.79	0.56235
1.04	1.8	0.577457
1.04	1.81	0.592764
1.04	1.82	0.608271
1.04	1.83	0.623978
1.04	1.84	0.639886
1.04	1.85	0.655993
1.04	1.86	0.6723
1.04	1.87	0.688807
1.04	1.88	0.705514
1.04	1.89	0.722421
1.04	1.9	0.739528
1.04	1.91	0.756835
1.04	1.92	0.774342
1.04	1.93	0.79205
1.04	1.94	0.809957
1.04	1.95	0.828064
1.04	1.96	0.846371
1.04	1.97	0.864878
1.04	1.98	0.883586
1.04	1.99	0.902493
1.04	2	0.9216
1.045	0	1.09202
1.045	0.01	1.07122
1.045	0.02	1.05061
1.045	0.03	1.0302
1.045	0.04	1.00999
1.045	0.05	0.989976
1.045	0.06	0.970166
1.045	0.07	0.950557
1.045	0.08	0.931147
1.045	0.09	0.911937
1.045	0.1	0.892928
1.045	0.11	0.874118
1.045	0.12	0.855509
1.045	0.13	0.837099
1.045	0.14	0.81889
1.045	0.15	0.80088
1.045	0.16	0.783071
1.045	0.17	0.765461
1.045	0.18	0.748052
1.045	0.19	0.730843
1.045	0.2	0.713834
1.045	0.21	0.697025
1.045	0.22	0.680416
1.045	0.23	0.664007
1.045	0.24	0.647798
1.045	0.25	0.631789
1.045	0.26	0.61598
1.045	0.27	0.600371
1.045	0.28	0.584963
1.045	0.29	0.569754
1.045	0.3	0.554746
1.045	0.31	0.539937
1.045	0.32	0.525329
1.045	0.33	0.510921
1.045	0.34	0.496713
1.045	0.35	0.482705
1.045	0.36	0.468897
1.045	0.37	0.455289
1.045	0.38	0.441881
1.045	0.39	0.428674
1.045	0.4	0.415666
1.045	0.41	0.402859
1.045	0.42	0.390252
1.045	0.43	0.377845
1.045	0.44	0.365637
1.045	0.45	0.353631
1.045	0.46	0.341824
1.045	0.47	0.330217
1.045	0.48	0.31881
1.045	0.49	0.307604
1.045	0.5	0.296598
1.045	0.51	0.285791
1.045	0.52	0.275185
1.045	0.53	0.264779
1.045	0.54	0.254573
1.045	0.55	0.244568
1.045	0.56	0.234762
1.045	0.57	0.225157
1.045	0.58	0.215751
1.045	0.59	0.206546
1.045	0.6	0.197541
1.045	0.61	0.188736
1.045	0.62	0.180132
1.045	0.63	0.171727
1.045	0.64	0.163522
1.045	0.65	0.155518
1.045	0.66	0.147714
1.045	0.67	0.14011
1.045	0.68	0.132706
1.045	0.69	0.125502
1.045	0.7	0.118498
1.045	0.71	0.111695
1.045	0.72	0.105092
1.045	0.73	0.0986884
1.045	0.74	0.0924854
1.045	0.75	0.0864824
1.045	0.76	0.0806797
1.045	0.77	0.0750771
1.045	0.78	0.0696746
1.045	0.79	0.0644723
1.045	0.8	0.0594701
1.045	0.81	0.054668
1.045	0.82	0.0500662
1.045	0.83	0.0456644
1.045	0.84	0.0414628
1.045	0.85	0.0374614
1.045	0.86	0.0336601
1.045	0.87	0.0300589
1.045	0.88	0.0266579
1.045	0.89	0.0234571
1.045	0.9	0.0204564
1.045	0.91	0.0176558
1.045	0.92	0.0150554
1.045	0.93	0.0126551
1.045	0.94	0.010455
1.045	0.95	0.00845501
1.045	0.96	0.00665516
1.045	0.97	0.00505546
1.045	0.98	0.0036559
1.045	0.99	0.00245648
1.045	1	0.0014572
1.045	1.01	0.000658058
1.045	1.02	5.90565e-05
1.045	1.03	-0.000339807
1.045	1.04	-0.000538532
1.045	1.05	-0.000537122
1.045	1.06	-0.000335576
1.045	1.07	6.61053e-05
1.045	1.08	0.00066792
1.045	1.09	0.00146987
1.045	1.1	0.00247195
1.045	1.11	0.00367416
1.045	1.12	0.0050765
1.045	1.13	0.00667896
1.045	1.14	0.00848156
1.045	1.15	0.0104843
1.045	1.16	0.0126871
1.045	1.17	0.0150901
1.045	1.18	0.0176932
1.045	1.19	0.0204964
1.045	1.2	0.0234997
1.045	1.21	0.0267032
1.045	1.22	0.0301068
1.045	1.23	0.0337105
1.045	1.24	0.0375143
1.045	1.25	0.0415182
1.045	1.26	0.0457222
1.045	1.27	0.0501264
1.045	1.28	0.0547306
1.045	1.29	0.059535
1.045	1.3	0.0645394
1.045	1.31	0.069744
1.045	1.32	0.0751487
1.045	1.33	0.0807534
1.045	1.34	0.0865583
1.045	1.35	0.0925633
1.045	1.36	0.0987684
1.045	1.37	0.105174
1.045	1.38	0.111779
1.045	1.39	0.118584
1.045	1.4	0.12559
1.045	1.41	0.132795
1.045	1.42	0.140201
1.045	1.43	0.147806
1.045	1.44	0.155612
1.045	1.45	0.163618
1.045	1.46	0.171824
1.045	1.47	0.18023
1.045	1.48	0.188836
1.045	1.49	0.197643
1.045	1.5	0.206649
1.045	1.51	0.215855
1.045	1.52	0.225262
1.045	1.53	0.234868
1.045	1.54	0.244675
1.045	1.55	0.254681
1.045	1.56	0.264888
1.045	1.57	0.275295
1.045	1.58	0.285902
1.045	1.59	0.296709
1.045	1.6	0.307715
1.045	1.61	0.318922
1.045	1.62	0.33033
1.045	1.63	0.341937
1.045	1.64	0.353744
1.045	1.65	0.365751
1.045	1.66	0.377958
1.045	1.67	0.390366
1.045	1.68	0.402973
1.045	1.69	0.41578
1.045	1.7	0.428788
1.045	1.71	0.441995
1.045	1.72	0.455403
1.045	1.73	0.469011
1.045	1.74	0.482818
1.045	1.75	0.496826
1.045	1.76	0.511034
1.045	1.77	0.525441
1.045	1.78	0.540049
1.045	1.79	0.554857
1.045	1.8	0.569865
1.045	1.81	0.585073
1.045	1.82	0.60048
1.045	1.83	0.616088
1.045	1.84	0.631896
1.045	1.85	0.647904
1.045	1.86	0.664112
1.045	1.87	0.68052
1.045	1.88	0.697128
1.045	1.89	0.713936
1.045	1.9	0.730944
1.045	1.91	0.748152
1.045	1.92	0.76556
1.045	1.93	0.783168
1.045	1.94	0.800976
1.045	1.95	0.818985
1.045	1.96	0.837193
1.045	1.97	0.855601
1.045	1.98	0.874209
1.045	1.99	0.893017
1.045	2	0.912025
1.05	0	1.1025
1.05	0.01	1.08159
1.05	0.02	1.06088
1.05	0.03	1.04037
1.05	0.04	1.02006
1.05	0.05	0.999946
1.05	0.06	0.980035
1.05	0.07	0.960324
1.05	0.08	0.940813
1.05	0.09	0.921503
1.05	0.1	0.902392
1.05	0.11	0.883481
1.05	0.12	0.864771
1.05	0.13	0.84626
1.05	0.14	0.82795
1.05	0.15	0.809839
1.05	0.16	0.791929
1.05	0.17	0.774218
1.05	0.18	0.756708
1.05	0.19	0.739398
1.05	0.2	0.722288
1.05	0.21	0.705378
1.05	0.22	0.688668
1.05	0.23	0.672158
1.05	0.24	0.655848
1.05	0.25	0.639738
1.05	0.26	0.623828
1.05	0.27	0.608118
1.05	0.28	0.592609
1.05	0.29	0.577299
1.05	0.3	0.56219
1.05	0.31	0.547281
1.05	0.32	0.532572
1.05	0.33	0.518062
1.05	0.34	0.503753
1.05	0.35	0.489645
1.05	0.36	0.475736
1.05	0.37	0.462027
1.05	0.38	0.448519
1.05	0.39	0.43521
1.05	0.4	0.422102
1.05	0.41	0.409194
1.05	0.42	0.396486
1.05	0.43	0.383978
1.05	0.44	0.37167
1.05	0.45	0.359562
1.05	0.46	0.347655
1.05	0.47	0.335947
1.05	0.48	0.32444
1.05	0.49	0.313133
1.05	0.5	0.302026
1.05	0.51	0.291119
1.05	0.52	0.280412
1.05	0.53	0.269905
1.05	0.54	0.259599
1.05	0.55	0.249492
1.05	0.56	0.239586
1.05	0.57	0.22988
1.05	0.58	0.220374
1.05	0.59	0.211069
1.05	0.6	0.201963
1.05	0.61	0.193057
1.05	0.62	0.184352
1.05	0.63	0.175847
1.05	0.64	0.167542
1.05	0.65	0.159437
1.05	0.66	0.151533
1.05	0.67	0.143828
1.05	0.68	0.136324
1.05	0.69	0.12902
1.05	0.7	0.121915
1.05	0.71	0.115012
1.05	0.72	0.108308
1.05	0.73	0.101804
1.05	0.74	0.0955009
1.05	0.75	0.0893977
1.05	0.76	0.0834946
1.05	0.77	0.0777917
1.05	0.78	0.072289
1.05	0.79	0.0669864
1.05	0.8	0.061884
1.05	0.81	0.0569817
1.05	0.82	0.0522796
1.05	0.83	0.0477777
1.05	0.84	0.0434759
1.05	0.85	0.0393743
1.05	0.86	0.0354729
1.05	0.87	0.0317716
1.05	0.88	0.0282705
1.05	0.89	0.0249696
1.05	0.9	0.0218688
1.05	0.91	0.0189681
1.05	0.92	0.0162677
1.05	0.93	0.0137674
1.05	0.94	0.0114672
1.05	0.95	0.00936724
1.05	0.96	0.00746742
1.05	0.97	0.00576775
1.05	0.98	0.00426823
1.05	0.99	0.00296888
1.05	1	0.00186968
1.05	1.01	0.00097063
1.05	1.02	0.000271739
1.05	1.03	-0.000226999
1.05	1.04	-0.000525585
1.05	1.05	-0.000624019
1.05	1.06	-0.000522303
1.05	1.07	-0.000220437
1.05	1.08	0.000281577
1.05	1.09	0.000983739
1.05	1.1	0.00188605
1.05	1.11	0.0029885
1.05	1.12	0.0042911
1.05	1.13	0.00579384
1.05	1.14	0.00749672
1.05	1.15	0.00939974
1.05	1.16	0.0115029
1.05	1.17	0.0138062
1.05	1.18	0.0163096
1.05	1.19	0.0190132
1.05	1.2	0.0219169
1.05	1.21	0.0250207
1.05	1.22	0.0283247
1.05	1.23	0.0318288
1.05	1.24	0.035533
1.05	1.25	0.0394374
1.05	1.26	0.0435418
1.05	1.27	0.0478464
1.05	1.28	0.0523512
1.05	1.29	0.057056
1.05	1.3	0.061961
1.05	1.31	0.067066
1.05	1.32	0.0723712
1.05	1.33	0.0778765
1.05	1.34	0.0835819
1.05	1.35	0.0894875
1.05	1.36	0.0955931
1.05	1.37	0.101899
1.05	1.38	0.108405
1.05	1.39	0.115111
1.05	1.4	0.122017
1.05	1.41	0.129123
1.05	1.42	0.136429
1.05	1.43	0.143935
1.05	1.44	0.151642
1.05	1.45	0.159548
1.05	1.46	0.167655
1.05	1.47	0.175962
1.05	1.48	0.184469
1.05	1.49	0.193175
1.05	1.5	0.202082
1.05	1.51	0.211189
1.05	1.52	0.220497
1.05	1.53	0.230004
1.05	1.54	0.239711
1.05	1.55	0.249618
1.05	1.56	0.259726
1.05	1.57	0.270033
1.05	1.58	0.280541
1.05	1.59	0.291249
1.05	1.6	0.302156
1.05	1.61	0.313264
1.05	1.62	0.324572
1.05	1.63	0.33608
1.05	1.64	0.347788
1.05	1.65	0.359696
1.05	1.66	0.371804
1.05	1.67	0.384112
1.05	1.68	0.39662
1.05	1.69	0.409329
1.05	1.7	0.422237
1.05	1.71	0.435345
1.05	1.72	0.448654
1.05	1.73	0.462162
1.05	1.74	0.47587
1.05	1.75	0.489779
1.05	1.76	0.503888
1.05	1.77	0.518196
1.05	1.78	0.532705
1.05	1.79	0.547413
1.05	1.8	0.562322
1.05	1.81	0.577431
1.05	1.82	0.59274
1.05	1.83	0.608248
1.05	1.84	0.623957
1.05	1.85	0.639866
1.05	1.86	0.655975
1.05	1.87	0.672284
1.05	1.88	0.688793
1.05	1.89	0.705501
1.05	1.9	0.72241
1.05	1.91	0.739519
1.05	1.92	0.756828
1.05	1.93	0.774337
1.05	1.94	0.792046
1.05	1.95	0.809955
1.05	1.96	0.828064
1.05	1.97	0.846373
1.05	1.98	0.864882
1.05	1.99	0.883591
1.05	2	0.9025
1.055	0	1.11302
1.055	0.01	1.09201
1.055	0.02	1.0712
1.055	0.03	1.05059
1.055	0.04	1.03018
1.055	0.05	1.00997
1.055	0.06	0.989954
1.055	0.07	0.970142
1.055	0.08	0.95053
1.055	0.09	0.931118
1.055	0.1	0.911906
1.055	0.11	0.892895
1.055	0.12	0.874083
1.055	0.13	0.855471
1.055	0.14	0.83706
1.055	0.15	0.818848
1.055	0.16	0.800837
1.055	0.17	0.783025
1.055	0.18	0.765414
1.055	0.19	0.748003
1.055	0.2	0.730792
1.055	0.21	0.713781
1.055	0.22	0.696969
1.055	0.23	0.680359
1.055	0.24	0.663948
1.055	0.25	0.647737
1.055	0.26	0.631726
1.055	0.27	0.615916
1.055	0.28	0.600305
1.055	0.29	0.584895
1.055	0.3	0.569684
1.055	0.31	0.554674
1.055	0.32	0.539864
1.055	0.33	0.525254
1.055	0.34	0.510844
1.055	0.35	0.496634
1.055	0.36	0.482625
1.055	0.37	0.468815
1.055	0.38	0.455206
1.055	0.39	0.441797
1.055	0.4	0.428587
1.055	0.41	0.415578
1.055	0.42	0.402769
1.055	0.43	0.390161
1.055	0.44	0.377752
1.055	0.45	0.365544
1.055	0.46	0.353535
1.055	0.47	0.341727
1.055	0.48	0.330119
1.055	0.49	0.318711
1.055	0.5	0.307503
1.055	0.51	0.296496
1.055	0.52	0.285688
1.055	0.53	0.275081
1.055	0.54	0.264674
1.055	0.55	0.254467
1.055	0.56	0.24446
1.055	0.57	0.234654
1.055	0.58	0.225047
1.055	0.59	0.215641
1.055	0.6	0.206435
1.055	0.61	0.197429
1.055	0.62	0.188623
1.055	0.63	0.180017
1.055	0.64	0.171612
1.055	0.65	0.163406
1.055	0.66	0.155401
1.055	0.67	0.147596
1.055	0.68	0.139992
1.055	0.69	0.132587
1.055	0.7	0.125383
1.055	0.71	0.118378
1.055	0.72	0.111574
1.055	0.73	0.10497
1.055	0.74	0.0985665
1.055	0.75	0.092363
1.055	0.76	0.0863596
1.055	0.77	0.0805564
1.055	0.78	0.0749534
1.055	0.79	0.0695505
1.055	0.8	0.0643479
1.055	0.81	0.0593454
1.055	0.82	0.0545431
1.055	0.83	0.049941
1.055	0.84	0.045539
1.055	0.85	0.0413373
1.055	0.86	0.0373357
1.055	0.87	0.0335343
1.055	0.88	0.0299331
1.055	0.89	0.026532
1.055	0.9	0.0233312
1.055	0.91	0.0203305
1.055	0.92	0.01753
1.055	0.93	0.0149296
1.055	0.94	0.0125295
1.055	0.95	0.0103295
1.055	0.96	0.00832967
1.055	0.97	0.00653003
1.055	0.98	0.00493057
1.055	0.99	0.00353127
1.055	1	0.00233215
1.055	1.01	0.0013332
1.055	1.02	0.000534421
1.055	1.03	-6.41919e-05
1.055	1.04	-0.000462637
1.055	1.05	-0.000660916
1.055	1.06	-0.00065903
1.055	1.07	-0.000456979
1.055	1.08	-5.47649e-05
1.055	1.09	0.000547611
1.055	1.1	0.00135015
1.055	1.11	0.00235284
1.055	1.12	0.0035557
1.055	1.13	0.00495871
1.055	1.14	0.00656188
1.055	1.15	0.0083652
1.055	1.16	0.0103687
1.055	1.17	0.0125723
1.055	1.18	0.0149761
1.055	1.19	0.01758
1.055	1.2	0.0203841
1.055	1.21	0.0233883
1.055	1.22	0.0265926
1.055	1.23	0.0299971
1.055	1.24	0.0336018
1.055	1.25	0.0374066
1.055	1.26	0.0414115
1.055	1.27	0.0456165
1.055	1.28	0.0500217
1.055	1.29	0.054627
1.055	1.3	0.0594325
1.055	1.31	0.0644381
1.055	1.32	0.0696438
1.055	1.33	0.0750496
1.055	1.34	0.0806555
1.055	1.35	0.0864616
1.055	1.36	0.0924678
1.055	1.37	0.0986741
1.055	1.38	0.105081
1.055	1.39	0.111687
1.055	1.4	0.118494
1.055	1.41	0.1255
1.055	1.42	0.132707
1.055	1.43	0.140114
1.055	1.44	0.147721
1.055	1.45	0.155529
1.055	1.46	0.163536
1.055	1.47	0.171743
1.055	1.48	0.180151
1.055	1.49	0.188758
1.055	1.5	0.197566
1.055	1.51	0.206574
1.055	1.52	0.215782
1.055	1.53	0.225189
1.055	1.54	0.234798
1.055	1.55	0.244606
1.055	1.56	0.254614
1.055	1.57	0.264822
1.055	1.58	0.27523
1.055	1.59	0.285839
1.055	1.6	0.296647
1.055	1.61	0.307656
1.055	1.62	0.318864
1.055	1.63	0.330273
1.055	1.64	0.341882
1.055	1.65	0.353691
1.055	1.66	0.3657
1.055	1.67	0.377909
1.055	1.68	0.390318
1.055	1.69	0.402927
1.055	1.7	0.415736
1.055	1.71	0.428745
1.055	1.72	0.441954
1.055	1.73	0.455363
1.055	1.74	0.468973
1.055	1.75	0.482782
1.055	1.76	0.496791
1.055	1.77	0.511001
1.055	1.78	0.52541
1.055	1.79	0.54002
1.055	1.8	0.554829
1.055	1.81	0.569839
1.055	1.82	0.585049
1.055	1.83	0.600458
1.055	1.84	0.616068
1.055	1.85	0.631878
1.055	1.86	0.647887
1.055	1.87	0.664097
1.055	1.88	0.680507
1.055	1.89	0.697117
1.055	1.9	0.713926
1.055	1.91	0.730936
1.055	1.92	0.748146
1.055	1.93	0.765556
1.055	1.94	0.783166
1.055	1.95	0.800976
1.055	1.96	0.818986
1.055	1.97	0.837195
1.055	1.98	0.855605
1.055	1.99	0.874215
1.055	2	0.893025
1.06	0	1.1236
1.06	0.01	1.10249
1.06	0.02	1.08157
1.06	0.03	1.06086
1.06	0.04	1.04035
1.06	0.05	1.02004
1.06	0.06	0.999922
1.06	0.07	0.980009
1.06	0.08	0.960296
1.06	0.09	0.940784
1.06	0.1	0.921471
1.06	0.11	0.902358
1.06	0.12	0.883445
1.06	0.13	0.864733
1.06	0.14	0.84622
1.06	0.15	0.827907
1.06	0.16	0.809795
1.06	0.17	0.791883
1.06	0.18	0.77417
1.06	0.19	0.756658
1.06	0.2	0.739346
1.06	0.21	0.722234
1.06	0.22	0.705322
1.06	0.23	0.68861
1.06	0.24	0.672098
1.06	0.25	0.655786
1.06	0.26	0.639674
1.06	0.27	0.623763
1.06	0.28	0.608051
1.06	0.29	0.59254
1.06	0.3	0.577229
1.06	0.31	0.562118
1.06	0.32	0.547207
1.06	0.33	0.532496
1.06	0.34	0.517985
1.06	0.35	0.503674
1.06	0.36	0.489564
1.06	0.37	0.475653
1.06	0.38	0.461943
1.06	0.39	0.448433
1.06	0.4	0.435123
1.06	0.41	0.422013
1.06	0.42	0.409104
1.06	0.43	0.396394
1.06	0.44	0.383885
1.06	0.45	0.371575
1.06	0.46	0.359466
1.06	0.47	0.347557
1.06	0.48	0.335849
1.06	0.49	0.32434
1.06	0.5	0.313032
1.06	0.51	0.301923
1.06	0.52	0.291015
1.06	0.53	0.280307
1.06	0.54	0.2698
1.06	0.55	0.259492
1.06	0.56	0.249385
1.06	0.57	0.239477
1.06	0.58	0.22977
1.06	0.59	0.220263
1.06	0.6	0.210957
1.06	0.61	0.20185
1.06	0.62	0.192944
1.06	0.63	0.184238
1.06	0.64	0.175732
1.06	0.65	0.167426
1.06	0.66	0.15932
1.06	0.67	0.151415
1.06	0.68	0.14371
1.06	0.69	0.136205
1.06	0.7	0.1289
1.06	0.71	0.121795
1.06	0.72	0.114891
1.06	0.73	0.108186
1.06	0.74	0.101682
1.06	0.75	0.0953786
1.06	0.76	0.0892749
1.06	0.77	0.0833714
1.06	0.78	0.0776681
1.06	0.79	0.072165
1.06	0.8	0.0668621
1.06	0.81	0.0617594
1.06	0.82	0.0568569
1.06	0.83	0.0521546
1.06	0.84	0.0476525
1.06	0.85	0.0433506
1.06	0.86	0.0392488
1.06	0.87	0.0353473
1.06	0.88	0.031646
1.06	0.89	0.0281448
1.06	0.9	0.0248439
1.06	0.91	0.0217431
1.06	0.92	0.0188426
1.06	0.93	0.0161422
1.06	0.94	0.013642
1.06	0.95	0.0113421
1.06	0.96	0.00924226
1.06	0.97	0.00734266
1.06	0.98	0.00564324
1.06	0.99	0.00414401
1.06	1	0.00284497
1.06	1.01	0.00174611
1.06	1.02	0.000847442
1.06	1.03	0.000148953
1.06	1.04	-0.000349353
1.06	1.05	-0.000647478
1.06	1.06	-0.000745422
1.06	1.07	-0.000643188
1.06	1.08	-0.000340775
1.06	1.09	0.000161814
1.06	1.1	0.000864578
1.06	1.11	0.00176752
1.06	1.12	0.00287063
1.06	1.13	0.00417391
1.06	1.14	0.00567736
1.06	1.15	0.00738098
1.06	1.16	0.00928477
1.06	1.17	0.0113887
1.06	1.18	0.0136928
1.06	1.19	0.0161971
1.06	1.2	0.0189015
1.06	1.21	0.0218061
1.06	1.22	0.0249109
1.06	1.23	0.0282158
1.06	1.24	0.0317208
1.06	1.25	0.0354261
1.06	1.26	0.0393314
1.06	1.27	0.0434369
1.06	1.28	0.0477426
1.06	1.29	0.0522484
1.06	1.3	0.0569543
1.06	1.31	0.0618604
1.06	1.32	0.0669666
1.06	1.33	0.0722729
1.06	1.34	0.0777794
1.06	1.35	0.083486
1.06	1.36	0.0893928
1.06	1.37	0.0954997
1.06	1.38	0.101807
1.06	1.39	0.108314
1.06	1.4	0.115021
1.06	1.41	0.121928
1.06	1.42	0.129036
1.06	1.43	0.136343
1.06	1.44	0.143851
1.06	1.45	0.151559
1.06	1.46	0.159467
1.06	1.47	0.167575
1.06	1.48	0.175883
1.06	1.49	0.184391
1.06	1.5	0.1931
1.06	1.51	0.202008
1.06	1.52	0.211117
1.06	1.53	0.220425
1.06	1.54	0.229934
1.06	1.55	0.239643
1.06	1.56	0.249552
1.06	1.57	0.259661
1.06	1.58	0.26997
1.06	1.59	0.280479
1.06	1.6	0.291188
1.06	1.61	0.302098
1.06	1.62	0.313207
1.06	1.63	0.324517
1.06	1.64	0.336026
1.06	1.65	0.347736
1.06	1.66	0.359645
1.06	1.67	0.371755
1.06	1.68	0.384065
1.06	1.69	0.396575
1.06	1.7	0.409285
1.06	1.71	0.422195
1.06	1.72	0.435305
1.06	1.73	0.448615
1.06	1.74	0.462125
1.06	1.75	0.475835
1.06	1.76	0.489746
1.06	1.77	0.503856
1.06	1.78	0.518166
1.06	1.79	0.532676
1.06	1.8	0.547387
1.06	1.81	0.562297
1.06	1.82	0.577408
1.06	1.83	0.592718
1.06	1.84	0.608229
1.06	1.85	0.623939
1.06	1.86	0.63985
1.06	1.87	0.655961
1.06	1.88	0.672271
1.06	1.89	0.688782
1.06	1.9	0.705493
1.06	1.91	0.722403
1.06	1.92	0.739514
1.06	1.93	0.756825
1.06	1.94	0.774335
1.06	1.95	0.792046
1.06	1.96	0.809957
1.06	1.97	0.828068
1.06	1.98	0.846378
1.06	1.99	0.864889
1.06	2	0.8836
1.065	0	1.13422
1.065	0.01	1.11301
1.065	0.02	1.092
1.065	0.03	1.07118
1.065	0.04	1.05057
1.065	0.05	1.03015
1.065	0.06	1.00994
1.065	0.07	0.989927
1.065	0.08	0.970113
1.065	0.09	0.950499
1.065	0.1	0.931085
1.065	0.11	0.911871
1.065	0.12	0.892858
1.065	0.13	0.874044
1.065	0.14	0.85543
1.065	0.15	0.837017
1.065	0.16	0.818803
1.065	0.17	0.80079
1.065	0.18	0.782976
1.065	0.19	0.765363
1.065	0.2	0.74795
1.065	0.21	0.730737
1.065	0.22	0.713724
1.065	0.23	0.696911
1.065	0.24	0.680298
1.065	0.25	0.663885
1.065	0.26	0.647673
1.065	0.27	0.63166
1.065	0.28	0.615848
1.065	0.29	0.600235
1.065	0.3	0.584823
1.065	0.31	0.569611
1.065	0.32	0.554599
1.065	0.33	0.539788
1.065	0.34	0.525176
1.065	0.35	0.510764
1.065	0.36	0.496553
1.065	0.37	0.482542
1.065	0.38	0.468731
1.065	0.39	0.45512
1.065	0.4	0.441709
1.065	0.41	0.428498
1.065	0.42	0.415488
1.065	0.43	0.402678
1.065	0.44	0.390067
1.065	0.45	0.377657
1.065	0.46	0.365448
1.065	0.47	0.353438
1.065	0.48	0.341628
1.065	0.49	0.330019
1.065	0.5	0.31861
1.065	0.51	0.307401
1.065	0.52	0.296392
1.065	0.53	0.285584
1.065	0.54	0.274975
1.065	0.55	0.264567
1.065	0.56	0.254359
1.065	0.57	0.244351
1.065	0.58	0.234544
1.065	0.59	0.224936
1.065	0.6	0.215529
1.065	0.61	0.206322
1.065	0.62	0.197315
1.065	0.63	0.188508
1.065	0.64	0.179902
1.065	0.65	0.171496
1.065	0.66	0.16329
1.065	0.67	0.155284
1.065	0.68	0.147478
1.065	0.69	0.139873
1.065	0.7	0.132467
1.065	0.71	0.125262
1.065	0.72	0.118258
1.065	0.73	0.111453
1.065	0.74	0.104849
1.065	0.75	0.0984443
1.065	0.76	0.0922404
1.065	0.77	0.0862366
1.065	0.78	0.080433
1.065	0.79	0.0748297
1.065	0.8	0.0694265
1.065	0.81	0.0642236
1.065	0.82	0.0592209
1.065	0.83	0.0544184
1.065	0.84	0.0498161
1.065	0.85	0.045414
1.065	0.86	0.0412122
1.065	0.87	0.0372105
1.065	0.88	0.0334091
1.065	0.89	0.0298076
1.065	0.9	0.0264066
1.065	0.91	0.0232058
1.065	0.92	0.0202052
1.065	0.93	0.0174048
1.065	0.94	0.0148046
1.065	0.95	0.0124046
1.065	0.96	0.0102049
1.065	0.97	0.00820529
1.065	0.98	0.00640592
1.065	0.99	0.00480675
1.065	1	0.00340779
1.065	1.01	0.00220903
1.065	1.02	0.00121046
1.065	1.03	0.000412098
1.065	1.04	-0.000186069
1.065	1.05	-0.000584039
1.065	1.06	-0.000781814
1.065	1.07	-0.000779395
1.065	1.08	-0.000576784
1.065	1.09	-0.000173982
1.065	1.1	0.00042901
1.065	1.11	0.00123219
1.065	1.12	0.00223556
1.065	1.13	0.00343911
1.065	1.14	0.00484284
1.065	1.15	0.00644676
1.065	1.16	0.00825086
1.065	1.17	0.0102551
1.065	1.18	0.0124596
1.065	1.19	0.0148642
1.065	1.2	0.017469
1.065	1.21	0.020274
1.065	1.22	0.0232791
1.065	1.23	0.0264844
1.065	1.24	0.0298899
1.065	1.25	0.0334955
1.065	1.26	0.0373013
1.065	1.27	0.0413073
1.065	1.28	0.0455134
1.065	1.29	0.0499197
1.065	1.3	0.0545261
1.065	1.31	0.0593327
1.065	1.32	0.0643394
1.065	1.33	0.0695463
1.065	1.34	0.0749533
1.065	1.35	0.0805605
1.065	1.36	0.0863678
1.065	1.37	0.0923752
1.065	1.38	0.0985828
1.065	1.39	0.104991
1.065	1.4	0.111598
1.065	1.41	0.118406
1.065	1.42	0.125414
1.065	1.43	0.132623
1.065	1.44	0.140031
1.065	1.45	0.147639
1.065	1.46	0.155448
1.065	1.47	0.163457
1.065	1.48	0.171666
1.065	1.49	0.180075
1.065	1.5	0.188684
1.065	1.51	0.197493
1.065	1.52	0.206502
1.065	1.53	0.215711
1.065	1.54	0.225121
1.065	1.55	0.23473
1.065	1.56	0.24454
1.065	1.57	0.25455
1.065	1.58	0.26476
1.065	1.59	0.275169
1.065	1.6	0.285779
1.065	1.61	0.29659
1.065	1.62	0.3076
1.065	1.63	0.31881
1.065	1.64	0.33022
1.065	1.65	0.341831
1.065	1.66	0.353641
1.065	1.67	0.365652
1.065	1.68	0.377862
1.065	1.69	0.390273
1.065	1.7	0.402884
1.065	1.71	0.415695
1.065	1.72	0.428706
1.065	1.73	0.441916
1.065	1.74	0.455327
1.065	1.75	0.468938
1.065	1.76	0.48275
1.065	1.77	0.496761
1.065	1.78	0.510972
1.065	1.79	0.525383
1.065	1.8	0.539994
1.065	1.81	0.554806
1.065	1.82	0.569817
1.065	1.83	0.585028
1.065	1.84	0.60044
1.065	1.85	0.616051
1.065	1.86	0.631863
1.065	1.87	0.647874
1.065	1.88	0.664086
1.065	1.89	0.680497
1.065	1.9	0.697109
1.065	1.91	0.71392
1.065	1.92	0.730932
1.065	1.93	0.748144
1.065	1.94	0.765555
1.065	1.95	0.783167
1.065	1.96	0.800978
1.065	1.97	0.81899
1.065	1.98	0.837202
1.065	1.99	0.855613
1.065	2	0.874225
1.07	0	1.1449
1.07	0.01	1.12358
1.07	0.02	1.10247
1.07	0.03	1.08155
1.07	0.04	1.06084
1.07	0.05	1.04032
1.07	0.06	1.02001
1.07	0.07	0.999894
1.07	0.08	0.979979
1.07	0.09	0.960264
1.07	0.1	0.940749
1.07	0.11	0.921435
1.07	0.12	0.90232
1.07	0.13	0.883405
1.07	0.14	0.86469
1.07	0.15	0.846176
1.07	0.16	0.827861
1.07	0.17	0.809747
1.07	0.18	0.791832
1.07	0.19	0.774118
1.07	0.2	0.756604
1.07	0.21	0.73929
1.07	0.22	0.722176
1.07	0.23	0.705262
1.07	0.24	0.688548
1.07	0.25	0.672034
1.07	0.26	0.655721
1.07	0.27	0.639607
1.07	0.28	0.623694
1.07	0.29	0.607981
1.07	0.3	0.592468
1.07	0.31	0.577155
1.07	0.32	0.562042
1.07	0.33	0.547129
1.07	0.34	0.532417
1.07	0.35	0.517904
1.07	0.36	0.503592
1.07	0.37	0.48948
1.07	0.38	0.475568
1.07	0.39	0.461856
1.07	0.4	0.448345
1.07	0.41	0.435033
1.07	0.42	0.421922
1.07	0.43	0.409011
1.07	0.44	0.3963
1.07	0.45	0.383789
1.07	0.46	0.371479
1.07	0.47	0.359368
1.07	0.48	0.347458
1.07	0.49	0.335748
1.07	0.5	0.324238
1.07	0.51	0.312929
1.07	0.52	0.301819
1.07	0.53	0.29091
1.07	0.54	0.280201
1.07	0.55	0.269692
1.07	0.56	0.259384
1.07	0.57	0.249275
1.07	0.58	0.239367
1.07	0.59	0.229659
1.07	0.6	0.220151
1.07	0.61	0.210843
1.07	0.62	0.201736
1.07	0.63	0.192829
1.07	0.64	0.184122
1.07	0.65	0.175615
1.07	0.66	0.167309
1.07	0.67	0.159202
1.07	0.68	0.151296
1.07	0.69	0.143591
1.07	0.7	0.136085
1.07	0.71	0.12878
1.07	0.72	0.121674
1.07	0.73	0.114769
1.07	0.74	0.108065
1.07	0.75	0.10156
1.07	0.76	0.0952558
1.07	0.77	0.0891518
1.07	0.78	0.083248
1.07	0.79	0.0775444
1.07	0.8	0.072041
1.07	0.81	0.0667378
1.07	0.82	0.0616349
1.07	0.83	0.0567322
1.07	0.84	0.0520298
1.07	0.85	0.0475275
1.07	0.86	0.0432255
1.07	0.87	0.0391237
1.07	0.88	0.0352222
1.07	0.89	0.0315209
1.07	0.9	0.0280198
1.07	0.91	0.0247189
1.07	0.92	0.0216182
1.07	0.93	0.0187178
1.07	0.94	0.0160176
1.07	0.95	0.0135176
1.07	0.96	0.0112179
1.07	0.97	0.00911832
1.07	0.98	0.007219
1.07	0.99	0.00551989
1.07	1	0.00402101
1.07	1.01	0.00272234
1.07	1.02	0.00162388
1.07	1.03	0.000725641
1.07	1.04	2.76126e-05
1.07	1.05	-0.000470205
1.07	1.06	-0.000767812
1.07	1.07	-0.00086521
1.07	1.08	-0.000762402
1.07	1.09	-0.000459388
1.07	1.1	4.38296e-05
1.07	1.11	0.00074725
1.07	1.12	0.00165087
1.07	1.13	0.00275469
1.07	1.14	0.00405871
1.07	1.15	0.00556292
1.07	1.16	0.00726733
1.07	1.17	0.00917193
1.07	1.18	0.0112767
1.07	1.19	0.0135817
1.07	1.2	0.0160869
1.07	1.21	0.0187922
1.07	1.22	0.0216977
1.07	1.23	0.0248034
1.07	1.24	0.0281093
1.07	1.25	0.0316154
1.07	1.26	0.0353216
1.07	1.27	0.039228
1.07	1.28	0.0433346
1.07	1.29	0.0476414
1.07	1.3	0.0521483
1.07	1.31	0.0568554
1.07	1.32	0.0617626
1.07	1.33	0.06687
1.07	1.34	0.0721775
1.07	1.35	0.0776852
1.07	1.36	0.0833931
1.07	1.37	0.0893011
1.07	1.38	0.0954092
1.07	1.39	0.101718
1.07	1.4	0.108226
1.07	1.41	0.114935
1.07	1.42	0.121843
1.07	1.43	0.128952
1.07	1.44	0.136261
1.07	1.45	0.14377
1.07	1.46	0.151479
1.07	1.47	0.159389
1.07	1.48	0.167498
1.07	1.49	0.175808
1.07	1.5	0.184318
1.07	1.51	0.193027
1.07	1.52	0.201937
1.07	1.53	0.211047
1.07	1.54	0.220358
1.07	1.55	0.229868
1.07	1.56	0.239578
1.07	1.57	0.249489
1.07	1.58	0.259599
1.07	1.59	0.26991
1.07	1.6	0.280421
1.07	1.61	0.291132
1.07	1.62	0.302043
1.07	1.63	0.313154
1.07	1.64	0.324465
1.07	1.65	0.335976
1.07	1.66	0.347687
1.07	1.67	0.359599
1.07	1.68	0.37171
1.07	1.69	0.384021
1.07	1.7	0.396533
1.07	1.71	0.409245
1.07	1.72	0.422156
1.07	1.73	0.435268
1.07	1.74	0.44858
1.07	1.75	0.462092
1.07	1.76	0.475804
1.07	1.77	0.489716
1.07	1.78	0.503828
1.07	1.79	0.51814
1.07	1.8	0.532652
1.07	1.81	0.547364
1.07	1.82	0.562276
1.07	1.83	0.577388
1.07	1.84	0.592701
1.07	1.85	0.608213
1.07	1.86	0.623925
1.07	1.87	0.639838
1.07	1.88	0.65595
1.07	1.89	0.672263
1.07	1.9	0.688775
1.07	1.91	0.705487
1.07	1.92	0.7224
1.07	1.93	0.739512
1.07	1.94	0.756825
1.07	1.95	0.774337
1.07	1.96	0.79205
1.07	1.97	0.809962
1.07	1.98	0.828075
1.07	1.99	0.846387
1.07	2	0.8649
1.075	0	1.15562
1.075	0.01	1.13421
1.075	0.02	1.11299
1.075	0.03	1.09198
1.075	0.04	1.07116
1.075	0.05	1.05054
1.075	0.06	1.03013
1.075	0.07	1.00991
1.075	0.08	0.989896
1.075	0.09	0.97008
1.075	0.1	0.950464
1.075	0.11	0.931048
1.075	0.12	0.911832
1.075	0.13	0.892816
1.075	0.14	0.874001
1.075	0.15	0.855385
1.075	0.16	0.83697
1.075	0.17	0.818754
1.075	0.18	0.800739
1.075	0.19	0.782923
1.075	0.2	0.765308
1.075	0.21	0.747893
1.075	0.22	0.730678
1.075	0.23	0.713663
1.075	0.24	0.696848
1.075	0.25	0.680234
1.075	0.26	0.663819
1.075	0.27	0.647605
1.075	0.28	0.631591
1.075	0.29	0.615776
1.075	0.3	0.600162
1.075	0.31	0.584749
1.075	0.32	0.569535
1.075	0.33	0.554521
1.075	0.34	0.539708
1.075	0.35	0.525095
1.075	0.36	0.510682
1.075	0.37	0.496469
1.075	0.38	0.482456
1.075	0.39	0.468643
1.075	0.4	0.455031
1.075	0.41	0.441619
1.075	0.42	0.428407
1.075	0.43	0.415395
1.075	0.44	0.402583
1.075	0.45	0.389972
1.075	0.46	0.37756
1.075	0.47	0.365349
1.075	0.48	0.353338
1.075	0.49	0.341528
1.075	0.5	0.329917
1.075	0.51	0.318507
1.075	0.52	0.307297
1.075	0.53	0.296287
1.075	0.54	0.285477
1.075	0.55	0.274868
1.075	0.56	0.264458
1.075	0.57	0.254249
1.075	0.58	0.244241
1.075	0.59	0.234432
1.075	0.6	0.224824
1.075	0.61	0.215416
1.075	0.62	0.206208
1.075	0.63	0.1972
1.075	0.64	0.188393
1.075	0.65	0.179785
1.075	0.66	0.171378
1.075	0.67	0.163172
1.075	0.68	0.155165
1.075	0.69	0.147359
1.075	0.7	0.139753
1.075	0.71	0.132347
1.075	0.72	0.125142
1.075	0.73	0.118136
1.075	0.74	0.111331
1.075	0.75	0.104726
1.075	0.76	0.0983217
1.075	0.77	0.0921174
1.075	0.78	0.0861133
1.075	0.79	0.0803095
1.075	0.8	0.0747058
1.075	0.81	0.0693025
1.075	0.82	0.0640993
1.075	0.83	0.0590965
1.075	0.84	0.0542938
1.075	0.85	0.0496914
1.075	0.86	0.0452893
1.075	0.87	0.0410874
1.075	0.88	0.0370857
1.075	0.89	0.0332843
1.075	0.9	0.0296831
1.075	0.91	0.0262822
1.075	0.92	0.0230815
1.075	0.93	0.020081
1.075	0.94	0.0172808
1.075	0.95	0.0146808
1.075	0.96	0.0122811
1.075	0.97	0.0100816
1.075	0.98	0.0080823
1.075	0.99	0.00628326
1.075	1	0.00468445
1.075	1.01	0.00328588
1.075	1.02	0.00208753
1.075	1.03	0.00108941
1.075	1.04	0.000291522
1.075	1.05	-0.000306142
1.075	1.06	-0.000703582
1.075	1.07	-0.000900799
1.075	1.08	-0.000897794
1.075	1.09	-0.00069457
1.075	1.1	-0.000291127
1.075	1.11	0.000312533
1.075	1.12	0.00111641
1.075	1.13	0.00212049
1.075	1.14	0.00332479
1.075	1.15	0.0047293
1.075	1.16	0.00633402
1.075	1.17	0.00813894
1.075	1.18	0.0101441
1.075	1.19	0.0123494
1.075	1.2	0.0147549
1.075	1.21	0.0173606
1.075	1.22	0.0201666
1.075	1.23	0.0231727
1.075	1.24	0.026379
1.075	1.25	0.0297854
1.075	1.26	0.0333921
1.075	1.27	0.037199
1.075	1.28	0.041206
1.075	1.29	0.0454132
1.075	1.3	0.0498206
1.075	1.31	0.0544282
1.075	1.32	0.0592359
1.075	1.33	0.0642439
1.075	1.34	0.0694519
1.075	1.35	0.0748602
1.075	1.36	0.0804686
1.075	1.37	0.0862771
1.075	1.38	0.0922859
1.075	1.39	0.0984947
1.075	1.4	0.104904
1.075	1.41	0.111513
1.075	1.42	0.118322
1.075	1.43	0.125332
1.075	1.44	0.132541
1.075	1.45	0.139951
1.075	1.46	0.147561
1.075	1.47	0.155371
1.075	1.48	0.163381
1.075	1.49	0.171591
1.075	1.5	0.180002
1.075	1.51	0.188612
1.075	1.52	0.197423
1.075	1.53	0.206434
1.075	1.54	0.215645
1.075	1.55	0.225056
1.075	1.56	0.234667
1.075	1.57	0.244478
1.075	1.58	0.254489
1.075	1.59	0.264701
1.075	1.6	0.275112
1.075	1.61	0.285724
1.075	1.62	0.296536
1.075	1.63	0.307547
1.075	1.64	0.318759
1.075	1.65	0.330171
1.075	1.66	0.341783
1.075	1.67	0.353595
1.075	1.68	0.365608
1.075	1.69	0.37782
1.075	1.7	0.390232
1.075	1.71	0.402845
1.075	1.72	0.415657
1.075	1.73	0.42867
1.075	1.74	0.441883
1.075	1.75	0.455295
1.075	1.76	0.468908
1.075	1.77	0.482721
1.075	1.78	0.496734
1.075	1.79	0.510947
1.075	1.8	0.52536
1.075	1.81	0.539973
1.075	1.82	0.554786
1.075	1.83	0.569799
1.075	1.84	0.585012
1.075	1.85	0.600425
1.075	1.86	0.616038
1.075	1.87	0.631851
1.075	1.88	0.647865
1.075	1.89	0.664078
1.075	1.9	0.680491
1.075	1.91	0.697105
1.075	1.92	0.713918
1.075	1.93	0.730931
1.075	1.94	0.748145
1.075	1.95	0.765558
1.075	1.96	0.783171
1.075	1.97	0.800985
1.075	1.98	0.818998
1.075	1.99	0.837212
1.075	2	0.855625
1.08	0	1.1664
1.08	0.01	1.14488
1.08	0.02	1.12357
1.08	0.03	1.10245
1.08	0.04	1.08153
1.08	0.05	1.06081
1.08	0.06	1.0403
1.08	0.07	1.01998
1.08	0.08	0.999862
1.08	0.09	0.979945
1.08	0.1	0.960228
1.08	0.11	0.940711
1.08	0.12	0.921395
1.08	0.13	0.902278
1.08	0.14	0.883361
1.08	0.15	0.864644
1.08	0.16	0.846128
1.08	0.17	0.827811
1.08	0.18	0.809695
1.08	0.19	0.791779
1.08	0.2	0.774062
1.08	0.21	0.756546
1.08	0.22	0.73923
1.08	0.23	0.722115
1.08	0.24	0.705199
1.08	0.25	0.688483
1.08	0.26	0.671968
1.08	0.27	0.655652
1.08	0.28	0.639537
1.08	0.29	0.623622
1.08	0.3	0.607907
1.08	0.31	0.592392
1.08	0.32	0.577078
1.08	0.33	0.561963
1.08	0.34	0.547049
1.08	0.35	0.532335
1.08	0.36	0.517821
1.08	0.37	0.503507
1.08	0.38	0.489394
1.08	0.39	0.47548
1.08	0.4	0.461767
1.08	0.41	0.448254
1.08	0.42	0.434941
1.08	0.43	0.421829
1.08	0.44	0.408916
1.08	0.45	0.396204
1.08	0.46	0.383692
1.08	0.47	0.37138
1.08	0.48	0.359268
1.08	0.49	0.347357
1.08	0.5	0.335646
1.08	0.51	0.324135
1.08	0.52	0.312824
1.08	0.53	0.301713
1.08	0.54	0.290803
1.08	0.55	0.280093
1.08	0.56	0.269583
1.08	0.57	0.259274
1.08	0.58	0.249164
1.08	0.59	0.239255
1.08	0.6	0.229546
1.08	0.61	0.220038
1.08	0.62	0.210729
1.08	0.63	0.201621
1.08	0.64	0.192713
1.08	0.65	0.184005
1.08	0.66	0.175498
1.08	0.67	0.167191
1.08	0.68	0.159084
1.08	0.69	0.151177
1.08	0.7	0.143471
1.08	0.71	0.135965
1.08	0.72	0.128659
1.08	0.73	0.121553
1.08	0.74	0.114648
1.08	0.75	0.107943
1.08	0.76	0.101438
1.08	0.77	0.095133
1.08	0.78	0.0890287
1.08	0.79	0.0831245
1.08	0.8	0.0774207
1.08	0.81	0.0719171
1.08	0.82	0.0666138
1.08	0.83	0.0615107
1.08	0.84	0.0566079
1.08	0.85	0.0519053
1.08	0.86	0.0474031
1.08	0.87	0.043101
1.08	0.88	0.0389993
1.08	0.89	0.0350977
1.08	0.9	0.0313965
1.08	0.91	0.0278955
1.08	0.92	0.0245947
1.08	0.93	0.0214943
1.08	0.94	0.018594
1.08	0.95	0.015894
1.08	0.96	0.0133943
1.08	0.97	0.0110948
1.08	0.98	0.00899561
1.08	0.99	0.00709663
1.08	1	0.0053979
1.08	1.01	0.00389942
1.08	1.02	0.00260118
1.08	1.03	0.00150318
1.08	1.04	0.000605432
1.08	1.05	-9.20793e-05
1.08	1.06	-0.000589352
1.08	1.07	-0.000886387
1.08	1.08	-0.000983185
1.08	1.09	-0.00087975
1.08	1.1	-0.000576082
1.08	1.11	-7.21828e-05
1.08	1.12	0.000631945
1.08	1.13	0.0015363
1.08	1.14	0.00264088
1.08	1.15	0.00394568
1.08	1.16	0.00545071
1.08	1.17	0.00715595
1.08	1.18	0.00906141
1.08	1.19	0.0111671
1.08	1.2	0.013473
1.08	1.21	0.0159791
1.08	1.22	0.0186854
1.08	1.23	0.0215919
1.08	1.24	0.0246986
1.08	1.25	0.0280055
1.08	1.26	0.0315126
1.08	1.27	0.0352199
1.08	1.28	0.0391274
1.08	1.29	0.0432351
1.08	1.3	0.047543
1.08	1.31	0.0520511
1.08	1.32	0.0567593
1.08	1.33	0.0616677
1.08	1.34	0.0667763
1.08	1.35	0.0720851
1.08	1.36	0.0775941
1.08	1.37	0.0833032
1.08	1.38	0.0892125
1.08	1.39	0.095322
1.08	1.4	0.101632
1.08	1.41	0.108141
1.08	1.42	0.114851
1.08	1.43	0.121761
1.08	1.44	0.128872
1.08	1.45	0.136182
1.08	1.46	0.143693
1.08	1.47	0.151403
1.08	1.48	0.159314
1.08	1.49	0.167425
1.08	1.5	0.175736
1.08	1.51	0.184247
1.08	1.52	0.192959
1.08	1.53	0.20187
1.08	1.54	0.210982
1.08	1.55	0.220293
1.08	1.56	0.229805
1.08	1.57	0.239517
1.08	1.58	0.249429
1.08	1.59	0.259541
1.08	1.6	0.269854
1.08	1.61	0.280366
1.08	1.62	0.291079
1.08	1.63	0.301991
1.08	1.64	0.313104
1.08	1.65	0.324417
1.08	1.66	0.335929
1.08	1.67	0.347642
1.08	1.68	0.359555
1.08	1.69	0.371668
1.08	1.7	0.383982
1.08	1.71	0.396495
1.08	1.72	0.409208
1.08	1.73	0.422122
1.08	1.74	0.435235
1.08	1.75	0.448549
1.08	1.76	0.462062
1.08	1.77	0.475776
1.08	1.78	0.48969
1.08	1.79	0.503803
1.08	1.8	0.518117
1.08	1.81	0.532631
1.08	1.82	0.547345
1.08	1.83	0.562259
1.08	1.84	0.577373
1.08	1.85	0.592687
1.08	1.86	0.608201
1.08	1.87	0.623915
1.08	1.88	0.639829
1.08	1.89	0.655943
1.08	1.9	0.672257
1.08	1.91	0.688772
1.08	1.92	0.705486
1.08	1.93	0.7224
1.08	1.94	0.739514
1.08	1.95	0.756829
1.08	1.96	0.774343
1.08	1.97	0.792057
1.08	1.98	0.809971
1.08	1.99	0.828086
1.08	2	0.8464
1.085	0	1.17722
1.085	0.01	1.15561
1.085	0.02	1.13419
1.085	0.03	1.11297
1.085	0.04	1.09195
1.085	0.05	1.07113
1.085	0.06	1.05052
1.085	0.07	1.0301
1.085	0.08	1.00988
1.085	0.09	0.989861
1.085	0.1	0.970043
1.085	0.11	0.950425
1.085	0.12	0.931007
1.085	0.13	0.911789
1.085	0.14	0.892772
1.085	0.15	0.873954
1.085	0.16	0.855336
1.085	0.17	0.836919
1.085	0.18	0.818701
1.085	0.19	0.800684
1.085	0.2	0.782867
1.085	0.21	0.76525
1.085	0.22	0.747833
1.085	0.23	0.730616
1.085	0.24	0.713599
1.085	0.25	0.696783
1.085	0.26	0.680166
1.085	0.27	0.66375
1.085	0.28	0.647534
1.085	0.29	0.631518
1.085	0.3	0.615702
1.085	0.31	0.600087
1.085	0.32	0.584671
1.085	0.33	0.569456
1.085	0.34	0.554441
1.085	0.35	0.539626
1.085	0.36	0.525011
1.085	0.37	0.510596
1.085	0.38	0.496382
1.085	0.39	0.482368
1.085	0.4	0.468553
1.085	0.41	0.45494
1.085	0.42	0.441526
1.085	0.43	0.428313
1.085	0.44	0.415299
1.085	0.45	0.402486
1.085	0.46	0.389874
1.085	0.47	0.377461
1.085	0.48	0.365249
1.085	0.49	0.353237
1.085	0.5	0.341425
1.085	0.51	0.329813
1.085	0.52	0.318402
1.085	0.53	0.307191
1.085	0.54	0.29618
1.085	0.55	0.285369
1.085	0.56	0.274758
1.085	0.57	0.264348
1.085	0.58	0.254138
1.085	0.59	0.244129
1.085	0.6	0.234319
1.085	0.61	0.22471
1.085	0.62	0.215301
1.085	0.63	0.206092
1.085	0.64	0.197084
1.085	0.65	0.188276
1.085	0.66	0.179668
1.085	0.67	0.17126
1.085	0.68	0.163053
1.085	0.69	0.155046
1.085	0.7	0.147239
1.085	0.71	0.139633
1.085	0.72	0.132226
1.085	0.73	0.12502
1.085	0.74	0.118015
1.085	0.75	0.111209
1.085	0.76	0.104604
1.085	0.77	0.0981991
1.085	0.78	0.0919945
1.085	0.79	0.0859901
1.085	0.8	0.080186
1.085	0.81	0.0745822
1.085	0.82	0.0691787
1.085	0.83	0.0639754
1.085	0.84	0.0589725
1.085	0.85	0.0541697
1.085	0.86	0.0495673
1.085	0.87	0.0451652
1.085	0.88	0.0409633
1.085	0.89	0.0369617
1.085	0.9	0.0331603
1.085	0.91	0.0295593
1.085	0.92	0.0261585
1.085	0.93	0.022958
1.085	0.94	0.0199577
1.085	0.95	0.0171577
1.085	0.96	0.014558
1.085	0.97	0.0121586
1.085	0.98	0.00995941
1.085	0.99	0.00796049
1.085	1	0.00616184
1.085	1.01	0.00456345
1.085	1.02	0.00316532
1.085	1.03	0.00196744
1.085	1.04	0.000969829
1.085	1.05	0.000172469
1.085	1.06	-0.000424638
1.085	1.07	-0.000821492
1.085	1.08	-0.0010181
1.085	1.09	-0.00101445
1.085	1.1	-0.00081056
1.085	1.11	-0.000406425
1.085	1.12	0.000197954
1.085	1.13	0.00100257
1.085	1.14	0.00200743
1.085	1.15	0.00321253
1.085	1.16	0.00461786
1.085	1.17	0.00622342
1.085	1.18	0.00802922
1.085	1.19	0.0100352
1.085	1.2	0.0122415
1.085	1.21	0.0146479
1.085	1.22	0.0172546
1.085	1.23	0.0200615
1.085	1.24	0.0230687
1.085	1.25	0.026276
1.085	1.26	0.0296835
1.085	1.27	0.0332913
1.085	1.28	0.0370992
1.085	1.29	0.0411074
1.085	1.3	0.0453158
1.085	1.31	0.0497243
1.085	1.32	0.0543331
1.085	1.33	0.059142
1.085	1.34	0.0641511
1.085	1.35	0.0693605
1.085	1.36	0.07477
1.085	1.37	0.0803796
1.085	1.38	0.0861895
1.085	1.39	0.0921995
1.085	1.4	0.0984097
1.085	1.41	0.10482
1.085	1.42	0.111431
1.085	1.43	0.118241
1.085	1.44	0.125252
1.085	1.45	0.132463
1.085	1.46	0.139874
1.085	1.47	0.147486
1.085	1.48	0.155297
1.085	1.49	0.163309
1.085	1.5	0.171521
1.085	1.51	0.179932
1.085	1.52	0.188545
1.085	1.53	0.197357
1.085	1.54	0.206369
1.085	1.55	0.215581
1.085	1.56	0.224994
1.085	1.57	0.234607
1.085	1.58	0.244419
1.085	1.59	0.254432
1.085	1.6	0.264645
1.085	1.61	0.275059
1.085	1.62	0.285672
1.085	1.63	0.296485
1.085	1.64	0.307499
1.085	1.65	0.318712
1.085	1.66	0.330126
1.085	1.67	0.341739
1.085	1.68	0.353553
1.085	1.69	0.365567
1.085	1.7	0.377781
1.085	1.71	0.390195
1.085	1.72	0.402809
1.085	1.73	0.415624
1.085	1.74	0.428638
1.085	1.75	0.441852
1.085	1.76	0.455267
1.085	1.77	0.468881
1.085	1.78	0.482696
1.085	1.79	0.49671
1.085	1.8	0.510925
1.085	1.81	0.52534
1.085	1.82	0.539954
1.085	1.83	0.554769
1.085	1.84	0.569784
1.085	1.85	0.584999
1.085	1.86	0.600414
1.085	1.87	0.616029
1.085	1.88	0.631844
1.085	1.89	0.647859
1.085	1.9	0.664074
1.085	1.91	0.680489
1.085	1.92	0.697104
1.085	1.93	0.713919
1.085	1.94	0.730934
1.085	1.95	0.748149
1.085	1.96	0.765564
1.085	1.97	0.78318
1.085	1.98	0.800995
1.085	1.99	0.81901
1.085	2	0.837225
1.09	0	1.1881
1.09	0.01	1.16638
1.09	0.02	1.14486
1.09	0.03	1.12354
1.09	0.04	1.10242
1.09	0.05	1.0815
1.09	0.06	1.06078
1.09	0.07	1.04026
1.09	0.08	1.01995
1.09	0.09	0.999827
1.09	0.1	0.979908
1.09	0.11	0.960189
1.09	0.12	0.94067
1.09	0.13	0.921351
1.09	0.14	0.902232
1.09	0.15	0.883313
1.09	0.16	0.864595
1.09	0.17	0.846076
1.09	0.18	0.827758
1.09	0.19	0.80964
1.09	0.2	0.791721
1.09	0.21	0.774003
1.09	0.22	0.756486
1.09	0.23	0.739168
1.09	0.24	0.72205
1.09	0.25	0.705133
1.09	0.26	0.688415
1.09	0.27	0.671898
1.09	0.28	0.655581
1.09	0.29	0.639464
1.09	0.3	0.623547
1.09	0.31	0.607831
1.09	0.32	0.592314
1.09	0.33	0.576998
1.09	0.34	0.561882
1.09	0.35	0.546966
1.09	0.36	0.532251
1.09	0.37	0.517735
1.09	0.38	0.50342
1.09	0.39	0.489305
1.09	0.4	0.47539
1.09	0.41	0.461675
1.09	0.42	0.448161
1.09	0.43	0.434847
1.09	0.44	0.421733
1.09	0.45	0.408819
1.09	0.46	0.396106
1.09	0.47	0.383592
1.09	0.48	0.371279
1.09	0.49	0.359167
1.09	0.5	0.347254
1.09	0.51	0.335542
1.09	0.52	0.32403
1.09	0.53	0.312718
1.09	0.54	0.301606
1.09	0.55	0.290695
1.09	0.56	0.279984
1.09	0.57	0.269473
1.09	0.58	0.259163
1.09	0.59	0.249052
1.09	0.6	0.239142
1.09	0.61	0.229433
1.09	0.62	0.219923
1.09	0.63	0.210614
1.09	0.64	0.201505
1.09	0.65	0.192597
1.09	0.66	0.183888
1.09	0.67	0.17538
1.09	0.68	0.167073
1.09	0.69	0.158965
1.09	0.7	0.151058
1.09	0.71	0.143351
1.09	0.72	0.135844
1.09	0.73	0.128538
1.09	0.74	0.121432
1.09	0.75	0.114526
1.09	0.76	0.107821
1.09	0.77	0.101315
1.09	0.78	0.0950106
1.09	0.79	0.088906
1.09	0.8	0.0830016
1.09	0.81	0.0772976
1.09	0.82	0.0717939
1.09	0.83	0.0664904
1.09	0.84	0.061387
1.09	0.85	0.0564841
1.09	0.86	0.0517816
1.09	0.87	0.0472793
1.09	0.88	0.0429773
1.09	0.89	0.0388756
1.09	0.9	0.0349742
1.09	0.91	0.0312731
1.09	0.92	0.0277722
1.09	0.93	0.0244717
1.09	0.94	0.0213714
1.09	0.95	0.0184715
1.09	0.96	0.0157718
1.09	0.97	0.0132723
1.09	0.98	0.0109732
1.09	0.99	0.00887436
1.09	1	0.00697578
1.09	1.01	0.00527748
1.09	1.02	0.00377946
1.09	1.03	0.0024817
1.09	1.04	0.00138423
1.09	1.05	0.000487017
1.09	1.06	-0.000209923
1.09	1.07	-0.000706597
1.09	1.08	-0.00100301
1.09	1.09	-0.00109915
1.09	1.1	-0.000995038
1.09	1.11	-0.000690665
1.09	1.12	-0.000186035
1.09	1.13	0.000518849
1.09	1.14	0.00142399
1.09	1.15	0.00252938
1.09	1.16	0.00383501
1.09	1.17	0.0053409
1.09	1.18	0.00704702
1.09	1.19	0.00895339
1.09	1.2	0.01106
1.09	1.21	0.0133668
1.09	1.22	0.0158739
1.09	1.23	0.0185812
1.09	1.24	0.0214887
1.09	1.25	0.0245965
1.09	1.26	0.0279045
1.09	1.27	0.0314127
1.09	1.28	0.0351211
1.09	1.29	0.0390297
1.09	1.3	0.0431385
1.09	1.31	0.0474476
1.09	1.32	0.0519568
1.09	1.33	0.0566663
1.09	1.34	0.061576
1.09	1.35	0.0666858
1.09	1.36	0.0719959
1.09	1.37	0.0775061
1.09	1.38	0.0832165
1.09	1.39	0.0891271
1.09	1.4	0.0952379
1.09	1.41	0.101549
1.09	1.42	0.10806
1.09	1.43	0.114771
1.09	1.44	0.121683
1.09	1.45	0.128794
1.09	1.46	0.136106
1.09	1.47	0.143618
1.09	1.48	0.15133
1.09	1.49	0.159243
1.09	1.5	0.167355
1.09	1.51	0.175668
1.09	1.52	0.18418
1.09	1.53	0.192893
1.09	1.54	0.201806
1.09	1.55	0.210919
1.09	1.56	0.220233
1.09	1.57	0.229746
1.09	1.58	0.23946
1.09	1.59	0.249373
1.09	1.6	0.259487
1.09	1.61	0.269801
1.09	1.62	0.280315
1.09	1.63	0.291029
1.09	1.64	0.301943
1.09	1.65	0.313058
1.09	1.66	0.324372
1.09	1.67	0.335887
1.09	1.68	0.347601
1.09	1.69	0.359516
1.09	1.7	0.371631
1.09	1.71	0.383946
1.09	1.72	0.396461
1.09	1.73	0.409176
1.09	1.74	0.422091
1.09	1.75	0.435206
1.09	1.76	0.448521
1.09	1.77	0.462036
1.09	1.78	0.475752
1.09	1.79	0.489667
1.09	1.8	0.503783
1.09	1.81	0.518098
1.09	1.82	0.532614
1.09	1.83	0.547329
1.09	1.84	0.562245
1.09	1.85	0.577361
1.09	1.86	0.592677
1.09	1.87	0.608192
1.09	1.88	0.623908
1.09	1.89	0.639824
1.09	1.9	0.65594
1.09	1.91	0.672256
1.09	1.92	0.688772
1.09	1.93	0.705488
1.09	1.94	0.722404
1.09	1.95	0.73952
1.09	1.96	0.756836
1.09	1.97	0.774352
1.09	1.98	0.792068
1.09	1.99	0.809984
1.09	2	0.8281
1.095	0	1.19903
1.095	0.01	1.1772
1.095	0.02	1.15558
1.095	0.03	1.13416
1.095	0.04	1.11294
1.095	0.05	1.09192
1.095	0.06	1.0711
1.095	0.07	1.05048
1.095	0.08	1.03006
1.095	0.09	1.00984
1.095	0.1	0.989822
1.095	0.11	0.970002
1.095	0.12	0.950382
1.095	0.13	0.930962
1.095	0.14	0.911743
1.095	0.15	0.892723
1.095	0.16	0.873903
1.095	0.17	0.855284
1.095	0.18	0.836864
1.095	0.19	0.818645
1.095	0.2	0.800626
1.095	0.21	0.782807
1.095	0.22	0.765188
1.095	0.23	0.747769
1.095	0.24	0.730551
1.095	0.25	0.713532
1.095	0.26	0.696714
1.095	0.27	0.680096
1.095	0.28	0.663678
1.095	0.29	0.64746
1.095	0.3	0.631442
1.095	0.31	0.615625
1.095	0.32	0.600008
1.095	0.33	0.584591
1.095	0.34	0.569374
1.095	0.35	0.554357
1.095	0.36	0.539541
1.095	0.37	0.524924
1.095	0.38	0.510508
1.095	0.39	0.496292
1.095	0.4	0.482277
1.095	0.41	0.468461
1.095	0.42	0.454846
1.095	0.43	0.441431
1.095	0.44	0.428216
1.095	0.45	0.415202
1.095	0.46	0.402388
1.095	0.47	0.389774
1.095	0.48	0.37736
1.095	0.49	0.365147
1.095	0.5	0.353133
1.095	0.51	0.34132
1.095	0.52	0.329708
1.095	0.53	0.318295
1.095	0.54	0.307083
1.095	0.55	0.296071
1.095	0.56	0.285259
1.095	0.57	0.274648
1.095	0.58	0.264237
1.095	0.59	0.254026
1.095	0.6	0.244016
1.095	0.61	0.234205
1.095	0.62	0.224595
1.095	0.63	0.215186
1.095	0.64	0.205976
1.095	0.65	0.196967
1.095	0.66	0.188159
1.095	0.67	0.17955
1.095	0.68	0.171142
1.095	0.69	0.162934
1.095	0.7	0.154926
1.095	0.71	0.147119
1.095	0.72	0.139512
1.095	0.73	0.132106
1.095	0.74	0.124899
1.095	0.75	0.117893
1.095	0.76	0.111087
1.095	0.77	0.104482
1.095	0.78	0.0980767
1.095	0.79	0.0918718
1.095	0.8	0.0858673
1.095	0.81	0.080063
1.095	0.82	0.0744591
1.095	0.83	0.0690554
1.095	0.84	0.0638521
1.095	0.85	0.0588491
1.095	0.86	0.0540464
1.095	0.87	0.049444
1.095	0.88	0.0450419
1.095	0.89	0.0408401
1.095	0.9	0.0368386
1.095	0.91	0.0330374
1.095	0.92	0.0294365
1.095	0.93	0.026036
1.095	0.94	0.0228357
1.095	0.95	0.0198357
1.095	0.96	0.017036
1.095	0.97	0.0144367
1.095	0.98	0.0120376
1.095	0.99	0.00983877
1.095	1	0.00784027
1.095	1.01	0.00604206
1.095	1.02	0.00444414
1.095	1.03	0.00304651
1.095	1.04	0.00184917
1.095	1.05	0.000852111
1.095	1.06	5.53345e-05
1.095	1.07	-0.00054116
1.095	1.08	-0.000937377
1.095	1.09	-0.00113332
1.095	1.1	-0.00112898
1.095	1.11	-0.000924373
1.095	1.12	-0.000519495
1.095	1.13	8.56513e-05
1.095	1.14	0.000891065
1.095	1.15	0.00189674
1.095	1.16	0.00310269
1.095	1.17	0.00450889
1.095	1.18	0.00611534
1.095	1.19	0.00792205
1.095	1.2	0.00992901
1.095	1.21	0.0121362
1.095	1.22	0.0145437
1.095	1.23	0.0171514
1.095	1.24	0.0199593
1.095	1.25	0.0229675
1.095	1.26	0.0261759
1.095	1.27	0.0295845
1.095	1.28	0.0331934
1.095	1.29	0.0370025
1.095	1.3	0.0410118
1.095	1.31	0.0452213
1.095	1.32	0.0496311
1.095	1.33	0.054241
1.095	1.34	0.0590512
1.095	1.35	0.0640616
1.095	1.36	0.0692722
1.095	1.37	0.074683
1.095	1.38	0.080294
1.095	1.39	0.0861051
1.095	1.4	0.0921165
1.095	1.41	0.0983281
1.095	1.42	0.10474
1.095	1.43	0.111352
1.095	1.44	0.118164
1.095	1.45	0.125176
1.095	1.46	0.132389
1.095	1.47	0.139801
1.095	1.48	0.147414
1.095	1.49	0.155227
1.095	1.5	0.16324
1.095	1.51	0.171453
1.095	1.52	0.179867
1.095	1.53	0.18848
1.095	1.54	0.197294
1.095	1.55	0.206308
1.095	1.56	0.215522
1.095	1.57	0.224936
1.095	1.58	0.23455
1.095	1.59	0.244365
1.095	1.6	0.254379
1.095	1.61	0.264594
1.095	1.62	0.275009
1.095	1.63	0.285623
1.095	1.64	0.296438
1.095	1.65	0.307453
1.095	1.66	0.318669
1.095	1.67	0.330084
1.095	1.68	0.341699
1.095	1.69	0.353515
1.095	1.7	0.36553
1.095	1.71	0.377746
1.095	1.72	0.390162
1.095	1.73	0.402778
1.095	1.74	0.415594
1.095	1.75	0.42861
1.095	1.76	0.441826
1.095	1.77	0.455242
1.095	1.78	0.468858
1.095	1.79	0.482674
1.095	1.8	0.496691
1.095	1.81	0.510907
1.095	1.82	0.525323
1.095	1.83	0.53994
1.095	1.84	0.554756
1.095	1.85	0.569773
1.095	1.86	0.58499
1.095	1.87	0.600406
1.095	1.88	0.616023
1.095	1.89	0.63184
1.095	1.9	0.647856
1.095	1.91	0.664073
1.095	1.92	0.68049
1.095	1.93	0.697107
1.095	1.94	0.713924
1.095	1.95	0.730941
1.095	1.96	0.748157
1.095	1.97	0.765574
1.095	1.98	0.783191
1.095	1.99	0.801008
1.095	2	0.819025
1.1	0	1.21
1.1	0.01	1.18808
1.1	0.02	1.16636
1.1	0.03	1.14484
1.1	0.04	1.12351
1.1	0.05	1.10239
1.1	0.06	1.08147
1.1	0.07	1.06075
1.1	0.08	1.04023
1.1	0.09	1.01991
1.1	0.1	0.999787
1.1	0.11	0.979866
1.1	0.12	0.960145
1.1	0.13	0.940624
1.1	0.14	0.921303
1.1	0.15	0.902182
1.1	0.16	0.883262
1.1	0.17	0.864541
1.1	0.18	0.846021
1.1	0.19	0.827701
1.1	0.2	0.809581
1.1	0.21	0.791661
1.1	0.22	0.773941
1.1	0.23	0.756421
1.1	0.24	0.739102
1.1	0.25	0.721982
1.1	0.26	0.705063
1.1	0.27	0.688344
1.1	0.28	0.671825
1.1	0.29	0.655506
1.1	0.3	0.639388
1.1	0.31	0.623469
1.1	0.32	0.607751
1.1	0.33	0.592233
1.1	0.34	0.576916
1.1	0.35	0.561798
1.1	0.36	0.546881
1.1	0.37	0.532164
1.1	0.38	0.517647
1.1	0.39	0.50333
1.1	0.4	0.489214
1.1	0.41	0.475298
1.1	0.42	0.461582
1.1	0.43	0.448066
1.1	0.44	0.43475
1.1	0.45	0.421635
1.1	0.46	0.40872
1.1	0.47	0.396006
1.1	0.48	0.383491
1.1	0.49	0.371177
1.1	0.5	0.359063
1.1	0.51	0.347149
1.1	0.52	0.335436
1.1	0.53	0.323923
1.1	0.54	0.31261
1.1	0.55	0.301498
1.1	0.56	0.290585
1.1	0.57	0.279873
1.1	0.58	0.269362
1.1	0.59	0.25905
1.1	0.6	0.248939
1.1	0.61	0.239029
1.1	0.62	0.229318
1.1	0.63	0.219808
1.1	0.64	0.210498
1.1	0.65	0.201389
1.1	0.66	0.192479
1.1	0.67	0.183771
1.1	0.68	0.175262
1.1	0.69	0.166954
1.1	0.7	0.158846
1.1	0.71	0.150938
1.1	0.72	0.143231
1.1	0.73	0.135724
1.1	0.74	0.128417
1.1	0.75	0.121311
1.1	0.76	0.114404
1.1	0.77	0.107699
1.1	0.78	0.101193
1.1	0.79	0.0948882
1.1	0.8	0.0887834
1.1	0.81	0.082879
1.1	0.82	0.0771748
1.1	0.83	0.071671
1.1	0.84	0.0663675
1.1	0.85	0.0612644
1.1	0.86	0.0563615
1.1	0.87	0.051659
1.1	0.88	0.0471568
1.1	0.89	0.0428549
1.1	0.9	0.0387533
1.1	0.91	0.0348521
1.1	0.92	0.0311512
1.1	0.93	0.0276506
1.1	0.94	0.0243503
1.1	0.95	0.0212503
1.1	0.96	0.0183506
1.1	0.97	0.0156513
1.1	0.98	0.0131522
1.1	0.99	0.0108535
1.1	1	0.00875507
1.1	1.01	0.00685695
1.1	1.02	0.00515914
1.1	1.03	0.00366163
1.1	1.04	0.00236442
1.1	1.05	0.00126751
1.1	1.06	0.000370895
1.1	1.07	-0.000325422
1.1	1.08	-0.000821446
1.1	1.09	-0.00111718
1.1	1.1	-0.00121262
1.1	1.11	-0.00110778
1.1	1.12	-0.00080266
1.1	1.13	-0.000297253
1.1	1.14	0.000408436
1.1	1.15	0.0013144
1.1	1.16	0.00242065
1.1	1.17	0.00372716
1.1	1.18	0.00523395
1.1	1.19	0.006941
1.1	1.2	0.00884831
1.1	1.21	0.0109559
1.1	1.22	0.0132637
1.1	1.23	0.0157718
1.1	1.24	0.0184801
1.1	1.25	0.0213887
1.1	1.26	0.0244976
1.1	1.27	0.0278066
1.1	1.28	0.031316
1.1	1.29	0.0350255
1.1	1.3	0.0389353
1.1	1.31	0.0430453
1.1	1.32	0.0473556
1.1	1.33	0.051866
1.1	1.34	0.0565767
1.1	1.35	0.0614876
1.1	1.36	0.0665988
1.1	1.37	0.0719101
1.1	1.38	0.0774216
1.1	1.39	0.0831334
1.1	1.4	0.0890453
1.1	1.41	0.0951575
1.1	1.42	0.10147
1.1	1.43	0.107982
1.1	1.44	0.114695
1.1	1.45	0.121608
1.1	1.46	0.128721
1.1	1.47	0.136034
1.1	1.48	0.143548
1.1	1.49	0.151261
1.1	1.5	0.159175
1.1	1.51	0.167289
1.1	1.52	0.175603
1.1	1.53	0.184117
1.1	1.54	0.192832
1.1	1.55	0.201746
1.1	1.56	0.210861
1.1	1.57	0.220176
1.1	1.58	0.229691
1.1	1.59	0.239406
1.1	1.6	0.249321
1.1	1.61	0.259437
1.1	1.62	0.269752
1.1	1.63	0.280268
1.1	1.64	0.290984
1.1	1.65	0.301899
1.1	1.66	0.313015
1.1	1.67	0.324331
1.1	1.68	0.335848
1.1	1.69	0.347564
1.1	1.7	0.35948
1.1	1.71	0.371597
1.1	1.72	0.383913
1.1	1.73	0.39643
1.1	1.74	0.409147
1.1	1.75	0.422063
1.1	1.76	0.43518
1.1	1.77	0.448497
1.1	1.78	0.462014
1.1	1.79	0.475731
1.1	1.8	0.489649
1.1	1.81	0.503766
1.1	1.82	0.518083
1.1	1.83	0.5326
1.1	1.84	0.547318
1.1	1.85	0.562235
1.1	1.86	0.577353
1.1	1.87	0.59267
1.1	1.88	0.608188
1.1	1.89	0.623905
1.1	1.9	0.639823
1.1	1.91	0.655941
1.1	1.92	0.672258
1.1	1.93	0.688776
1.1	1.94	0.705494
1.1	1.95	0.722411
1.1	1.96	0.739529
1.1	1.97	0.756847
1.1	1.98	0.774365
1.1	1.99	0.792082
1.1	2	0.81
1.105	0	1.22103
1.105	0.01	1.199
1.105	0.02	1.17718
1.105	0.03	1.15556
1.105	0.04	1.13414
1.105	0.05	1.11291
1.105	0.06	1.09189
1.105	0.07	1.07107
1.105	0.08	1.05045
1.105	0.09	1.03002
1.105	0.1	1.0098
1.105	0.11	0.989779
1.105	0.12	0.969957
1.105	0.13	0.950336
1.105	0.14	0.930914
1.105	0.15	0.911692
1.105	0.16	0.892671
1.105	0.17	0.873849
1.105	0.18	0.855228
1.105	0.19	0.836807
1.105	0.2	0.818585
1.105	0.21	0.800564
1.105	0.22	0.782744
1.105	0.23	0.765123
1.105	0.24	0.747703
1.105	0.25	0.730482
1.105	0.26	0.713462
1.105	0.27	0.696642
1.105	0.28	0.680022
1.105	0.29	0.663603
1.105	0.3	0.647383
1.105	0.31	0.631364
1.105	0.32	0.615545
1.105	0.33	0.599926
1.105	0.34	0.584508
1.105	0.35	0.569289
1.105	0.36	0.554271
1.105	0.37	0.539453
1.105	0.38	0.524835
1.105	0.39	0.510418
1.105	0.4	0.496201
1.105	0.41	0.482184
1.105	0.42	0.468367
1.105	0.43	0.454751
1.105	0.44	0.441334
1.105	0.45	0.428118
1.105	0.46	0.415103
1.105	0.47	0.402287
1.105	0.48	0.389672
1.105	0.49	0.377257
1.105	0.5	0.365043
1.105	0.51	0.353028
1.105	0.52	0.341214
1.105	0.53	0.329601
1.105	0.54	0.318187
1.105	0.55	0.306974
1.105	0.56	0.295961
1.105	0.57	0.285149
1.105	0.58	0.274537
1.105	0.59	0.264125
1.105	0.6	0.253913
1.105	0.61	0.243902
1.105	0.62	0.234091
1.105	0.63	0.22448
1.105	0.64	0.21507
1.105	0.65	0.20586
1.105	0.66	0.19685
1.105	0.67	0.188041
1.105	0.68	0.179432
1.105	0.69	0.171023
1.105	0.7	0.162815
1.105	0.71	0.154807
1.105	0.72	0.146999
1.105	0.73	0.139392
1.105	0.74	0.131985
1.105	0.75	0.124778
1.105	0.76	0.117772
1.105	0.77	0.110966
1.105	0.78	0.10436
1.105	0.79	0.0979546
1.105	0.8	0.0917496
1.105	0.81	0.0857449
1.105	0.82	0.0799406
1.105	0.83	0.0743366
1.105	0.84	0.0689329
1.105	0.85	0.0637296
1.105	0.86	0.0587266
1.105	0.87	0.053924
1.105	0.88	0.0493217
1.105	0.89	0.0449197
1.105	0.9	0.040718
1.105	0.91	0.0367167
1.105	0.92	0.0329158
1.105	0.93	0.0293151
1.105	0.94	0.0259148
1.105	0.95	0.0227148
1.105	0.96	0.0197152
1.105	0.97	0.0169159
1.105	0.98	0.0143169
1.105	0.99	0.0119182
1.105	1	0.00971986
1.105	1.01	0.00772184
1.105	1.02	0.00592413
1.105	1.03	0.00432674
1.105	1.04	0.00292967
1.105	1.05	0.00173291
1.105	1.06	0.000736457
1.105	1.07	-5.96821e-05
1.105	1.08	-0.000655514
1.105	1.09	-0.00105104
1.105	1.1	-0.00124627
1.105	1.11	-0.00124119
1.105	1.12	-0.00103582
1.105	1.13	-0.000630154
1.105	1.14	-2.41906e-05
1.105	1.15	0.000782066
1.105	1.16	0.00178861
1.105	1.17	0.00299545
1.105	1.18	0.00440256
1.105	1.19	0.00600995
1.105	1.2	0.00781762
1.105	1.21	0.00982556
1.105	1.22	0.0120338
1.105	1.23	0.0144422
1.105	1.24	0.017051
1.105	1.25	0.01986
1.105	1.26	0.0228693
1.105	1.27	0.0260788
1.105	1.28	0.0294885
1.105	1.29	0.0330986
1.105	1.3	0.0369088
1.105	1.31	0.0409193
1.105	1.32	0.0451301
1.105	1.33	0.049541
1.105	1.34	0.0541523
1.105	1.35	0.0589637
1.105	1.36	0.0639754
1.105	1.37	0.0691872
1.105	1.38	0.0745993
1.105	1.39	0.0802117
1.105	1.4	0.0860242
1.105	1.41	0.0920369
1.105	1.42	0.0982499
1.105	1.43	0.104663
1.105	1.44	0.111276
1.105	1.45	0.11809
1.105	1.46	0.125104
1.105	1.47	0.132317
1.105	1.48	0.139732
1.105	1.49	0.147346
1.105	1.5	0.15516
1.105	1.51	0.163175
1.105	1.52	0.17139
1.105	1.53	0.179805
1.105	1.54	0.18842
1.105	1.55	0.197235
1.105	1.56	0.20625
1.105	1.57	0.215466
1.105	1.58	0.224882
1.105	1.59	0.234497
1.105	1.6	0.244313
1.105	1.61	0.25433
1.105	1.62	0.264546
1.105	1.63	0.274962
1.105	1.64	0.285579
1.105	1.65	0.296395
1.105	1.66	0.307412
1.105	1.67	0.318629
1.105	1.68	0.330046
1.105	1.69	0.341663
1.105	1.7	0.35348
1.105	1.71	0.365497
1.105	1.72	0.377715
1.105	1.73	0.390132
1.105	1.74	0.40275
1.105	1.75	0.415567
1.105	1.76	0.428585
1.105	1.77	0.441803
1.105	1.78	0.455221
1.105	1.79	0.468839
1.105	1.8	0.482657
1.105	1.81	0.496675
1.105	1.82	0.510893
1.105	1.83	0.525311
1.105	1.84	0.539929
1.105	1.85	0.554747
1.105	1.86	0.569766
1.105	1.87	0.584984
1.105	1.88	0.600402
1.105	1.89	0.616021
1.105	1.9	0.631839
1.105	1.91	0.647858
1.105	1.92	0.664076
1.105	1.93	0.680495
1.105	1.94	0.697113
1.105	1.95	0.713932
1.105	1.96	0.730951
1.105	1.97	0.748169
1.105	1.98	0.765588
1.105	1.99	0.783206
1.105	2	0.801025
1.11	0	1.2321
1.11	0.01	1.20998
1.11	0.02	1.18805
1.11	0.03	1.16633
1.11	0.04	1.14481
1.11	0.05	1.12348
1.11	0.06	1.10236
1.11	0.07	1.08144
1.11	0.08	1.06071
1.11	0.09	1.04019
1.11	0.1	1.01987
1.11	0.11	0.999743
1.11	0.12	0.97982
1.11	0.13	0.960097
1.11	0.14	0.940575
1.11	0.15	0.921252
1.11	0.16	0.902129
1.11	0.17	0.883207
1.11	0.18	0.864485
1.11	0.19	0.845962
1.11	0.2	0.82764
1.11	0.21	0.809518
1.11	0.22	0.791597
1.11	0.23	0.773875
1.11	0.24	0.756354
1.11	0.25	0.739032
1.11	0.26	0.721911
1.11	0.27	0.70499
1.11	0.28	0.68827
1.11	0.29	0.671749
1.11	0.3	0.655429
1.11	0.31	0.639309
1.11	0.32	0.623389
1.11	0.33	0.607669
1.11	0.34	0.59215
1.11	0.35	0.576831
1.11	0.36	0.561712
1.11	0.37	0.546793
1.11	0.38	0.532074
1.11	0.39	0.517556
1.11	0.4	0.503238
1.11	0.41	0.48912
1.11	0.42	0.475203
1.11	0.43	0.461486
1.11	0.44	0.447969
1.11	0.45	0.434652
1.11	0.46	0.421536
1.11	0.47	0.408619
1.11	0.48	0.395904
1.11	0.49	0.383388
1.11	0.5	0.371073
1.11	0.51	0.358958
1.11	0.52	0.347043
1.11	0.53	0.335329
1.11	0.54	0.323815
1.11	0.55	0.312501
1.11	0.56	0.301388
1.11	0.57	0.290475
1.11	0.58	0.279762
1.11	0.59	0.269249
1.11	0.6	0.258937
1.11	0.61	0.248826
1.11	0.62	0.238914
1.11	0.63	0.229203
1.11	0.64	0.219692
1.11	0.65	0.210382
1.11	0.66	0.201272
1.11	0.67	0.192362
1.11	0.68	0.183652
1.11	0.69	0.175143
1.11	0.7	0.166835
1.11	0.71	0.158726
1.11	0.72	0.150818
1.11	0.73	0.143111
1.11	0.74	0.135603
1.11	0.75	0.128296
1.11	0.76	0.12119
1.11	0.77	0.114283
1.11	0.78	0.107577
1.11	0.79	0.101072
1.11	0.8	0.0947664
1.11	0.81	0.0886615
1.11	0.82	0.082757
1.11	0.83	0.0770528
1.11	0.84	0.071549
1.11	0.85	0.0662455
1.11	0.86	0.0611424
1.11	0.87	0.0562396
1.11	0.88	0.0515372
1.11	0.89	0.0470351
1.11	0.9	0.0427334
1.11	0.91	0.038632
1.11	0.92	0.034731
1.11	0.93	0.0310304
1.11	0.94	0.02753
1.11	0.95	0.0242301
1.11	0.96	0.0211304
1.11	0.97	0.0182311
1.11	0.98	0.0155322
1.11	0.99	0.0130336
1.11	1	0.0107353
1.11	1.01	0.00863737
1.11	1.02	0.00673977
1.11	1.03	0.0050425
1.11	1.04	0.00354555
1.11	1.05	0.00224894
1.11	1.06	0.00115265
1.11	1.07	0.000256691
1.11	1.08	-0.000438951
1.11	1.09	-0.000934275
1.11	1.1	-0.00122928
1.11	1.11	-0.00132398
1.11	1.12	-0.00121837
1.11	1.13	-0.000912451
1.11	1.14	-0.000406217
1.11	1.15	0.000300325
1.11	1.16	0.00120717
1.11	1.17	0.00231432
1.11	1.18	0.00362176
1.11	1.19	0.00512949
1.11	1.2	0.00683751
1.11	1.21	0.00874581
1.11	1.22	0.0108544
1.11	1.23	0.0131633
1.11	1.24	0.0156724
1.11	1.25	0.0183818
1.11	1.26	0.0212915
1.11	1.27	0.0244014
1.11	1.28	0.0277117
1.11	1.29	0.0312221
1.11	1.3	0.0349329
1.11	1.31	0.0388438
1.11	1.32	0.0429551
1.11	1.33	0.0472666
1.11	1.34	0.0517783
1.11	1.35	0.0564902
1.11	1.36	0.0614024
1.11	1.37	0.0665149
1.11	1.38	0.0718275
1.11	1.39	0.0773404
1.11	1.4	0.0830535
1.11	1.41	0.0889668
1.11	1.42	0.0950803
1.11	1.43	0.101394
1.11	1.44	0.107908
1.11	1.45	0.114622
1.11	1.46	0.121537
1.11	1.47	0.128651
1.11	1.48	0.135966
1.11	1.49	0.143481
1.11	1.5	0.151196
1.11	1.51	0.159111
1.11	1.52	0.167227
1.11	1.53	0.175542
1.11	1.54	0.184058
1.11	1.55	0.192774
1.11	1.56	0.20169
1.11	1.57	0.210806
1.11	1.58	0.220123
1.11	1.59	0.229639
1.11	1.6	0.239356
1.11	1.61	0.249273
1.11	1.62	0.25939
1.11	1.63	0.269707
1.11	1.64	0.280224
1.11	1.65	0.290942
1.11	1.66	0.301859
1.11	1.67	0.312977
1.11	1.68	0.324294
1.11	1.69	0.335812
1.11	1.7	0.34753
1.11	1.71	0.359448
1.11	1.72	0.371566
1.11	1.73	0.383885
1.11	1.74	0.396403
1.11	1.75	0.409122
1.11	1.76	0.42204
1.11	1.77	0.435159
1.11	1.78	0.448477
1.11	1.79	0.461996
1.11	1.8	0.475715
1.11	1.81	0.489634
1.11	1.82	0.503753
1.11	1.83	0.518072
1.11	1.84	0.532591
1.11	1.85	0.54731
1.11	1.86	0.562229
1.11	1.87	0.577348
1.11	1.88	0.592667
1.11	1.89	0.608187
1.11	1.9	0.623906
1.11	1.91	0.639825
1.11	1.92	0.655945
1.11	1.93	0.672264
1.11	1.94	0.688783
1.11	1.95	0.705503
1.11	1.96	0.722422
1.11	1.97	0.739542
1.11	1.98	0.756861
1.11	1.99	0.774381
1.11	2	0.7921
1.115	0	1.24323
1.115	0.01	1.221
1.115	0.02	1.19898
1.115	0.03	1.17715
1.115	0.04	1.15553
1.115	0.05	1.1341
1.115	0.06	1.11288
1.115	0.07	1.09185
1.115	0.08	1.07103
1.115	0.09	1.05041
1.115	0.1	1.02998
1.115	0.11	1.00976
1.115	0.12	0.989733
1.115	0.13	0.969909
1.115	0.14	0.950286
1.115	0.15	0.930862
1.115	0.16	0.911638
1.115	0.17	0.892615
1.115	0.18	0.873792
1.115	0.19	0.855168
1.115	0.2	0.836745
1.115	0.21	0.818523
1.115	0.22	0.8005
1.115	0.23	0.782677
1.115	0.24	0.765055
1.115	0.25	0.747633
1.115	0.26	0.730411
1.115	0.27	0.713389
1.115	0.28	0.696567
1.115	0.29	0.679946
1.115	0.3	0.663525
1.115	0.31	0.647304
1.115	0.32	0.631283
1.115	0.33	0.615463
1.115	0.34	0.599842
1.115	0.35	0.584422
1.115	0.36	0.569202
1.115	0.37	0.554183
1.115	0.38	0.539364
1.115	0.39	0.524744
1.115	0.4	0.510326
1.115	0.41	0.496107
1.115	0.42	0.482089
1.115	0.43	0.468271
1.115	0.44	0.454653
1.115	0.45	0.441236
1.115	0.46	0.428019
1.115	0.47	0.415002
1.115	0.48	0.402185
1.115	0.49	0.389569
1.115	0.5	0.377153
1.115	0.51	0.364938
1.115	0.52	0.352922
1.115	0.53	0.341107
1.115	0.54	0.329493
1.115	0.55	0.318079
1.115	0.56	0.306865
1.115	0.57	0.295851
1.115	0.58	0.285038
1.115	0.59	0.274425
1.115	0.6	0.264012
1.115	0.61	0.2538
1.115	0.62	0.243788
1.115	0.63	0.233976
1.115	0.64	0.224365
1.115	0.65	0.214954
1.115	0.66	0.205743
1.115	0.67	0.196733
1.115	0.68	0.187923
1.115	0.69	0.179314
1.115	0.7	0.170905
1.115	0.71	0.162696
1.115	0.72	0.154688
1.115	0.73	0.14688
1.115	0.74	0.139272
1.115	0.75	0.131865
1.115	0.76	0.124658
1.115	0.77	0.117651
1.115	0.78	0.110845
1.115	0.79	0.104239
1.115	0.8	0.0978332
1.115	0.81	0.0916281
1.115	0.82	0.0856234
1.115	0.83	0.079819
1.115	0.84	0.074215
1.115	0.85	0.0688114
1.115	0.86	0.0636081
1.115	0.87	0.0586052
1.115	0.88	0.0538027
1.115	0.89	0.0492006
1.115	0.9	0.0447988
1.115	0.91	0.0405973
1.115	0.92	0.0365963
1.115	0.93	0.0327956
1.115	0.94	0.0291953
1.115	0.95	0.0257953
1.115	0.96	0.0225957
1.115	0.97	0.0195964
1.115	0.98	0.0167975
1.115	0.99	0.0141989
1.115	1	0.0118008
1.115	1.01	0.0096029
1.115	1.02	0.0076054
1.115	1.03	0.00580825
1.115	1.04	0.00421144
1.115	1.05	0.00281498
1.115	1.06	0.00161885
1.115	1.07	0.000623067
1.115	1.08	-0.000172385
1.115	1.09	-0.000767505
1.115	1.1	-0.0011623
1.115	1.11	-0.00135676
1.115	1.12	-0.00135093
1.115	1.13	-0.00114475
1.115	1.14	-0.000738244
1.115	1.15	-0.000131415
1.115	1.16	0.000675731
1.115	1.17	0.00168319
1.115	1.18	0.00289096
1.115	1.19	0.00429902
1.115	1.2	0.00590739
1.115	1.21	0.00771606
1.115	1.22	0.00972502
1.115	1.23	0.0119343
1.115	1.24	0.0143438
1.115	1.25	0.0169536
1.115	1.26	0.0197637
1.115	1.27	0.0227741
1.115	1.28	0.0259848
1.115	1.29	0.0293957
1.115	1.3	0.0330069
1.115	1.31	0.0368184
1.115	1.32	0.0408301
1.115	1.33	0.0450421
1.115	1.34	0.0494543
1.115	1.35	0.0540668
1.115	1.36	0.0588795
1.115	1.37	0.0638925
1.115	1.38	0.0691057
1.115	1.39	0.0745192
1.115	1.4	0.0801328
1.115	1.41	0.0859467
1.115	1.42	0.0919608
1.115	1.43	0.0981752
1.115	1.44	0.10459
1.115	1.45	0.111204
1.115	1.46	0.118019
1.115	1.47	0.125035
1.115	1.48	0.13225
1.115	1.49	0.139666
1.115	1.5	0.147281
1.115	1.51	0.155097
1.115	1.52	0.163113
1.115	1.53	0.17133
1.115	1.54	0.179746
1.115	1.55	0.188363
1.115	1.56	0.19718
1.115	1.57	0.206197
1.115	1.58	0.215414
1.115	1.59	0.224831
1.115	1.6	0.234449
1.115	1.61	0.244266
1.115	1.62	0.254284
1.115	1.63	0.264502
1.115	1.64	0.27492
1.115	1.65	0.285538
1.115	1.66	0.296356
1.115	1.67	0.307375
1.115	1.68	0.318593
1.115	1.69	0.330012
1.115	1.7	0.34163
1.115	1.71	0.353449
1.115	1.72	0.365468
1.115	1.73	0.377687
1.115	1.74	0.390106
1.115	1.75	0.402726
1.115	1.76	0.415545
1.115	1.77	0.428564
1.115	1.78	0.441784
1.115	1.79	0.455203
1.115	1.8	0.468823
1.115	1.81	0.482643
1.115	1.82	0.496662
1.115	1.83	0.510882
1.115	1.84	0.525302
1.115	1.85	0.539922
1.115	1.86	0.554742
1.115	1.87	0.569762
1.115	1.88	0.584982
1.115	1.89	0.600402
1.115	1.9	0.616022
1.115	1.91	0.631843
1.115	1.92	0.647863
1.115	1.93	0.664083
1.115	1.94	0.680503
1.115	1.95	0.697124
1.115	1.96	0.713944
1.115	1.97	0.730964
1.115	1.98	0.748184
1.115	1.99	0.765605
1.115	2	0.783225
1.12	0	1.2544
1.12	0.01	1.23207
1.12	0.02	1.20995
1.12	0.03	1.18802
1.12	0.04	1.1663
1.12	0.05	1.14477
1.12	0.06	1.12345
1.12	0.07	1.10232
1.12	0.08	1.0814
1.12	0.09	1.06067
1.12	0.1	1.04015
1.12	0.11	1.01982
1.12	0.12	0.999696
1.12	0.13	0.979771
1.12	0.14	0.960046
1.12	0.15	0.940522
1.12	0.16	0.921197
1.12	0.17	0.902073
1.12	0.18	0.883149
1.12	0.19	0.864424
1.12	0.2	0.845901
1.12	0.21	0.827577
1.12	0.22	0.809453
1.12	0.23	0.79153
1.12	0.24	0.773806
1.12	0.25	0.756283
1.12	0.26	0.73896
1.12	0.27	0.721838
1.12	0.28	0.704915
1.12	0.29	0.688193
1.12	0.3	0.671671
1.12	0.31	0.655349
1.12	0.32	0.639227
1.12	0.33	0.623306
1.12	0.34	0.607585
1.12	0.35	0.592064
1.12	0.36	0.576743
1.12	0.37	0.561623
1.12	0.38	0.546703
1.12	0.39	0.531983
1.12	0.4	0.517463
1.12	0.41	0.503144
1.12	0.42	0.489025
1.12	0.43	0.475106
1.12	0.44	0.461388
1.12	0.45	0.44787
1.12	0.46	0.434552
1.12	0.47	0.421434
1.12	0.48	0.408517
1.12	0.49	0.3958
1.12	0.5	0.383284
1.12	0.51	0.370968
1.12	0.52	0.358852
1.12	0.53	0.346936
1.12	0.54	0.335221
1.12	0.55	0.323706
1.12	0.56	0.312391
1.12	0.57	0.301277
1.12	0.58	0.290363
1.12	0.59	0.27965
1.12	0.6	0.269137
1.12	0.61	0.258824
1.12	0.62	0.248711
1.12	0.63	0.238799
1.12	0.64	0.229087
1.12	0.65	0.219576
1.12	0.66	0.210265
1.12	0.67	0.201154
1.12	0.68	0.192244
1.12	0.69	0.183534
1.12	0.7	0.175025
1.12	0.71	0.166716
1.12	0.72	0.158607
1.12	0.73	0.150699
1.12	0.74	0.142991
1.12	0.75	0.135483
1.12	0.76	0.128176
1.12	0.77	0.121069
1.12	0.78	0.114163
1.12	0.79	0.107456
1.12	0.8	0.100951
1.12	0.81	0.0946454
1.12	0.82	0.0885405
1.12	0.83	0.0826359
1.12	0.84	0.0769318
1.12	0.85	0.071428
1.12	0.86	0.0661246
1.12	0.87	0.0610216
1.12	0.88	0.056119
1.12	0.89	0.0514167
1.12	0.9	0.0469148
1.12	0.91	0.0426134
1.12	0.92	0.0385123
1.12	0.93	0.0346115
1.12	0.94	0.0309112
1.12	0.95	0.0274112
1.12	0.96	0.0241116
1.12	0.97	0.0210124
1.12	0.98	0.0181135
1.12	0.99	0.015415
1.12	1	0.0129169
1.12	1.01	0.0106191
1.12	1.02	0.00852175
1.12	1.03	0.00662471
1.12	1.04	0.00492803
1.12	1.05	0.00343172
1.12	1.06	0.00213575
1.12	1.07	0.00104014
1.12	1.08	0.000144873
1.12	1.09	-0.000550045
1.12	1.1	-0.00104462
1.12	1.11	-0.00133887
1.12	1.12	-0.0014328
1.12	1.13	-0.00132638
1.12	1.14	-0.0010196
1.12	1.15	-0.000512492
1.12	1.16	0.00019495
1.12	1.17	0.00110272
1.12	1.18	0.0022108
1.12	1.19	0.00351921
1.12	1.2	0.00502792
1.12	1.21	0.00673695
1.12	1.22	0.00864628
1.12	1.23	0.0107559
1.12	1.24	0.0130658
1.12	1.25	0.0155761
1.12	1.26	0.0182866
1.12	1.27	0.0211974
1.12	1.28	0.0243085
1.12	1.29	0.0276199
1.12	1.3	0.0311316
1.12	1.31	0.0348435
1.12	1.32	0.0387557
1.12	1.33	0.0428682
1.12	1.34	0.0471809
1.12	1.35	0.0516939
1.12	1.36	0.0564072
1.12	1.37	0.0613207
1.12	1.38	0.0664344
1.12	1.39	0.0717484
1.12	1.4	0.0772627
1.12	1.41	0.0829771
1.12	1.42	0.0888918
1.12	1.43	0.0950068
1.12	1.44	0.101322
1.12	1.45	0.107837
1.12	1.46	0.114553
1.12	1.47	0.121469
1.12	1.48	0.128585
1.12	1.49	0.135901
1.12	1.5	0.143417
1.12	1.51	0.151134
1.12	1.52	0.159051
1.12	1.53	0.167168
1.12	1.54	0.175485
1.12	1.55	0.184002
1.12	1.56	0.19272
1.12	1.57	0.201637
1.12	1.58	0.210755
1.12	1.59	0.220073
1.12	1.6	0.229591
1.12	1.61	0.23931
1.12	1.62	0.249228
1.12	1.63	0.259347
1.12	1.64	0.269666
1.12	1.65	0.280184
1.12	1.66	0.290904
1.12	1.67	0.301823
1.12	1.68	0.312942
1.12	1.69	0.324261
1.12	1.7	0.335781
1.12	1.71	0.3475
1.12	1.72	0.35942
1.12	1.73	0.37154
1.12	1.74	0.38386
1.12	1.75	0.39638
1.12	1.76	0.4091
1.12	1.77	0.42202
1.12	1.78	0.435141
1.12	1.79	0.448461
1.12	1.8	0.461981
1.12	1.81	0.475702
1.12	1.82	0.489622
1.12	1.83	0.503743
1.12	1.84	0.518064
1.12	1.85	0.532585
1.12	1.86	0.547305
1.12	1.87	0.562226
1.12	1.88	0.577347
1.12	1.89	0.592668
1.12	1.9	0.608189
1.12	1.91	0.62391
1.12	1.92	0.639831
1.12	1.93	0.655952
1.12	1.94	0.672273
1.12	1.95	0.688794
1.12	1.96	0.705515
1.12	1.97	0.722437
1.12	1.98	0.739558
1.12	1.99	0.756879
1.12	2	0.7744
1.125	0	1.26562
1.125	0.01	1.2432
1.125	0.02	1.22097
1.125	0.03	1.19895
1.125	0.04	1.17712
1.125	0.05	1.15549
1.125	0.06	1.13407
1.125	0.07	1.11284
1.125	0.08	1.09181
1.125	0.09	1.07099
1.125	0.1	1.05036
1.125	0.11	1.02993
1.125	0.12	1.00971
1.125	0.13	0.989683
1.125	0.14	0.969857
1.125	0.15	0.950232
1.125	0.16	0.930806
1.125	0.17	0.911581
1.125	0.18	0.892556
1.125	0.19	0.873731
1.125	0.2	0.855106
1.125	0.21	0.836681
1.125	0.22	0.818457
1.125	0.23	0.800432
1.125	0.24	0.782608
1.125	0.25	0.764984
1.125	0.26	0.74756
1.125	0.27	0.730336
1.125	0.28	0.713313
1.125	0.29	0.69649
1.125	0.3	0.679867
1.125	0.31	0.663444
1.125	0.32	0.647222
1.125	0.33	0.6312
1.125	0.34	0.615378
1.125	0.35	0.599756
1.125	0.36	0.584334
1.125	0.37	0.569113
1.125	0.38	0.554092
1.125	0.39	0.539272
1.125	0.4	0.524651
1.125	0.41	0.510231
1.125	0.42	0.496012
1.125	0.43	0.481992
1.125	0.44	0.468173
1.125	0.45	0.454554
1.125	0.46	0.441136
1.125	0.47	0.427917
1.125	0.48	0.4149
1.125	0.49	0.402082
1.125	0.5	0.389465
1.125	0.51	0.377048
1.125	0.52	0.364831
1.125	0.53	0.352815
1.125	0.54	0.340999
1.125	0.55	0.329384
1.125	0.56	0.317969
1.125	0.57	0.306754
1.125	0.58	0.295739
1.125	0.59	0.284925
1.125	0.6	0.274312
1.125	0.61	0.263898
1.125	0.62	0.253685
1.125	0.63	0.243673
1.125	0.64	0.233861
1.125	0.65	0.224249
1.125	0.66	0.214837
1.125	0.67	0.205626
1.125	0.68	0.196616
1.125	0.69	0.187806
1.125	0.7	0.179196
1.125	0.71	0.170786
1.125	0.72	0.162577
1.125	0.73	0.154568
1.125	0.74	0.14676
1.125	0.75	0.139152
1.125	0.76	0.131745
1.125	0.77	0.124538
1.125	0.78	0.117531
1.125	0.79	0.110725
1.125	0.8	0.104119
1.125	0.81	0.0977131
1.125	0.82	0.091508
1.125	0.83	0.0855032
1.125	0.84	0.0796989
1.125	0.85	0.074095
1.125	0.86	0.0686914
1.125	0.87	0.0634883
1.125	0.88	0.0584856
1.125	0.89	0.0536832
1.125	0.9	0.0490813
1.125	0.91	0.0446798
1.125	0.92	0.0404786
1.125	0.93	0.0364779
1.125	0.94	0.0326775
1.125	0.95	0.0290775
1.125	0.96	0.0256779
1.125	0.97	0.0224787
1.125	0.98	0.0194799
1.125	0.99	0.0166815
1.125	1	0.0140834
1.125	1.01	0.0116858
1.125	1.02	0.00948847
1.125	1.03	0.00749155
1.125	1.04	0.00569501
1.125	1.05	0.00409883
1.125	1.06	0.00270303
1.125	1.07	0.00150759
1.125	1.08	0.000512508
1.125	1.09	-0.000282211
1.125	1.1	-0.000876575
1.125	1.11	-0.0012706
1.125	1.12	-0.00146429
1.125	1.13	-0.00145761
1.125	1.14	-0.00125057
1.125	1.15	-0.000843176
1.125	1.16	-0.000235441
1.125	1.17	0.000572632
1.125	1.18	0.00158104
1.125	1.19	0.00278977
1.125	1.2	0.00419883
1.125	1.21	0.00580821
1.125	1.22	0.00761791
1.125	1.23	0.00962792
1.125	1.24	0.0118382
1.125	1.25	0.0142489
1.125	1.26	0.0168598
1.125	1.27	0.0196711
1.125	1.28	0.0226826
1.125	1.29	0.0258944
1.125	1.3	0.0293066
1.125	1.31	0.032919
1.125	1.32	0.0367317
1.125	1.33	0.0407446
1.125	1.34	0.0449579
1.125	1.35	0.0493714
1.125	1.36	0.0539852
1.125	1.37	0.0587992
1.125	1.38	0.0638135
1.125	1.39	0.069028
1.125	1.4	0.0744428
1.125	1.41	0.0800579
1.125	1.42	0.0858732
1.125	1.43	0.0918887
1.125	1.44	0.0981044
1.125	1.45	0.10452
1.125	1.46	0.111137
1.125	1.47	0.117953
1.125	1.48	0.12497
1.125	1.49	0.132187
1.125	1.5	0.139604
1.125	1.51	0.147221
1.125	1.52	0.155038
1.125	1.53	0.163056
1.125	1.54	0.171274
1.125	1.55	0.179692
1.125	1.56	0.18831
1.125	1.57	0.197128
1.125	1.58	0.206147
1.125	1.59	0.215366
1.125	1.6	0.224785
1.125	1.61	0.234404
1.125	1.62	0.244223
1.125	1.63	0.254242
1.125	1.64	0.264462
1.125	1.65	0.274881
1.125	1.66	0.285501
1.125	1.67	0.296321
1.125	1.68	0.307341
1.125	1.69	0.318561
1.125	1.7	0.329981
1.125	1.71	0.341602
1.125	1.72	0.353422
1.125	1.73	0.365443
1.125	1.74	0.377664
1.125	1.75	0.390084
1.125	1.76	0.402705
1.125	1.77	0.415526
1.125	1.78	0.428547
1.125	1.79	0.441769
1.125	1.8	0.45519
1.125	1.81	0.468811
1.125	1.82	0.482633
1.125	1.83	0.496654
1.125	1.84	0.510875
1.125	1.85	0.525297
1.125	1.86	0.539919
1.125	1.87	0.55474
1.125	1.88	0.569762
1.125	1.89	0.584984
1.125	1.9	0.600406
1.125	1.91	0.616028
1.125	1.92	0.631849
1.125	1.93	0.647871
1.125	1.94	0.664093
1.125	1.95	0.680515
1.125	1.96	0.697137
1.125	1.97	0.713959
1.125	1.98	0.730981
1.125	1.99	0.748203
1.125	2	0.765625
1.13	0	1.2769
1.13	0.01	1.25437
1.13	0.02	1.23204
1.13	0.03	1.20992
1.13	0.04	1.18799
1.13	0.05	1.16626
1.13	0.06	1.14473
1.13	0.07	1.12341
1.13	0.08	1.10228
1.13	0.09	1.08135
1.13	0.1	1.06063
1.13	0.11	1.0401
1.13	0.12	1.01977
1.13	0.13	0.999645
1.13	0.14	0.979719
1.13	0.15	0.959992
1.13	0.16	0.940465
1.13	0.17	0.921139
1.13	0.18	0.902013
1.13	0.19	0.883087
1.13	0.2	0.864361
1.13	0.21	0.845835
1.13	0.22	0.82751
1.13	0.23	0.809385
1.13	0.24	0.79146
1.13	0.25	0.773735
1.13	0.26	0.75621
1.13	0.27	0.738885
1.13	0.28	0.721761
1.13	0.29	0.704837
1.13	0.3	0.688113
1.13	0.31	0.67159
1.13	0.32	0.655266
1.13	0.33	0.639143
1.13	0.34	0.62322
1.13	0.35	0.607498
1.13	0.36	0.591976
1.13	0.37	0.576654
1.13	0.38	0.561532
1.13	0.39	0.546611
1.13	0.4	0.531889
1.13	0.41	0.517369
1.13	0.42	0.503048
1.13	0.43	0.488928
1.13	0.44	0.475008
1.13	0.45	0.461289
1.13	0.46	0.447769
1.13	0.47	0.43445
1.13	0.48	0.421332
1.13	0.49	0.408414
1.13	0.5	0.395696
1.13	0.51	0.383178
1.13	0.52	0.370861
1.13	0.53	0.358744
1.13	0.54	0.346828
1.13	0.55	0.335112
1.13	0.56	0.323596
1.13	0.57	0.312281
1.13	0.58	0.301166
1.13	0.59	0.290251
1.13	0.6	0.279537
1.13	0.61	0.269023
1.13	0.62	0.25871
1.13	0.63	0.248597
1.13	0.64	0.238684
1.13	0.65	0.228972
1.13	0.66	0.21946
1.13	0.67	0.210148
1.13	0.68	0.201037
1.13	0.69	0.192127
1.13	0.7	0.183416
1.13	0.71	0.174907
1.13	0.72	0.166597
1.13	0.73	0.158488
1.13	0.74	0.15058
1.13	0.75	0.142871
1.13	0.76	0.135364
1.13	0.77	0.128056
1.13	0.78	0.120949
1.13	0.79	0.114043
1.13	0.8	0.107336
1.13	0.81	0.100831
1.13	0.82	0.0945254
1.13	0.83	0.0884205
1.13	0.84	0.082516
1.13	0.85	0.076812
1.13	0.86	0.0713083
1.13	0.87	0.066005
1.13	0.88	0.0609022
1.13	0.89	0.0559998
1.13	0.9	0.0512978
1.13	0.91	0.0467962
1.13	0.92	0.042495
1.13	0.93	0.0383942
1.13	0.94	0.0344938
1.13	0.95	0.0307938
1.13	0.96	0.0272943
1.13	0.97	0.0239951
1.13	0.98	0.0208963
1.13	0.99	0.017998
1.13	1	0.0153
1.13	1.01	0.0128024
1.13	1.02	0.0105052
1.13	1.03	0.00840839
1.13	1.04	0.00651198
1.13	1.05	0.00481595
1.13	1.06	0.0033203
1.13	1.07	0.00202504
1.13	1.08	0.000930146
1.13	1.09	3.56276e-05
1.13	1.1	-0.000658521
1.13	1.11	-0.00115232
1.13	1.12	-0.00144577
1.13	1.13	-0.00153883
1.13	1.14	-0.00143152
1.13	1.15	-0.00112385
1.13	1.16	-0.000615822
1.13	1.17	9.25576e-05
1.13	1.18	0.00100128
1.13	1.19	0.00211035
1.13	1.2	0.00341975
1.13	1.21	0.00492949
1.13	1.22	0.00663955
1.13	1.23	0.00854995
1.13	1.24	0.0106607
1.13	1.25	0.0129717
1.13	1.26	0.0154831
1.13	1.27	0.0181947
1.13	1.28	0.0211067
1.13	1.29	0.024219
1.13	1.3	0.0275316
1.13	1.31	0.0310444
1.13	1.32	0.0347576
1.13	1.33	0.0386711
1.13	1.34	0.0427848
1.13	1.35	0.0470988
1.13	1.36	0.0516131
1.13	1.37	0.0563277
1.13	1.38	0.0612426
1.13	1.39	0.0663577
1.13	1.4	0.071673
1.13	1.41	0.0771886
1.13	1.42	0.0829045
1.13	1.43	0.0888206
1.13	1.44	0.0949369
1.13	1.45	0.101254
1.13	1.46	0.10777
1.13	1.47	0.114487
1.13	1.48	0.121405
1.13	1.49	0.128522
1.13	1.5	0.13584
1.13	1.51	0.143358
1.13	1.52	0.151076
1.13	1.53	0.158994
1.13	1.54	0.167113
1.13	1.55	0.175431
1.13	1.56	0.18395
1.13	1.57	0.192669
1.13	1.58	0.201589
1.13	1.59	0.210708
1.13	1.6	0.220028
1.13	1.61	0.229547
1.13	1.62	0.239267
1.13	1.63	0.249187
1.13	1.64	0.259308
1.13	1.65	0.269628
1.13	1.66	0.280149
1.13	1.67	0.290869
1.13	1.68	0.30179
1.13	1.69	0.312911
1.13	1.7	0.324232
1.13	1.71	0.335753
1.13	1.72	0.347474
1.13	1.73	0.359396
1.13	1.74	0.371517
1.13	1.75	0.383839
1.13	1.76	0.396361
1.13	1.77	0.409083
1.13	1.78	0.422004
1.13	1.79	0.435126
1.13	1.8	0.448448
1.13	1.81	0.461971
1.13	1.82	0.475693
1.13	1.83	0.489615
1.13	1.84	0.503737
1.13	1.85	0.51806
1.13	1.86	0.532582
1.13	1.87	0.547305
1.13	1.88	0.562227
1.13	1.89	0.57735
1.13	1.9	0.592672
1.13	1.91	0.608195
1.13	1.92	0.623918
1.13	1.93	0.639841
1.13	1.94	0.655963
1.13	1.95	0.672286
1.13	1.96	0.688809
1.13	1.97	0.705532
1.13	1.98	0.722454
1.13	1.99	0.739577
1.13	2	0.7569
1.135	0	1.28822
1.135	0.01	1.2656
1.135	0.02	1.24317
1.135	0.03	1.22094
1.135	0.04	1.19891
1.135	0.05	1.17708
1.135	0.06	1.15545
1.135	0.07	1.13403
1.135	0.08	1.1128
1.135	0.09	1.09177
1.135	0.1	1.07094
1.135	0.11	1.05031
1.135	0.12	1.02989
1.135	0.13	1.00966
1.135	0.14	0.98963
1.135	0.15	0.969802
1.135	0.16	0.950175
1.135	0.17	0.930748
1.135	0.18	0.91152
1.135	0.19	0.892493
1.135	0.2	0.873667
1.135	0.21	0.85504
1.135	0.22	0.836614
1.135	0.23	0.818387
1.135	0.24	0.800361
1.135	0.25	0.782536
1.135	0.26	0.76491
1.135	0.27	0.747485
1.135	0.28	0.730259
1.135	0.29	0.713235
1.135	0.3	0.69641
1.135	0.31	0.679785
1.135	0.32	0.663361
1.135	0.33	0.647137
1.135	0.34	0.631114
1.135	0.35	0.61529
1.135	0.36	0.599667
1.135	0.37	0.584245
1.135	0.38	0.569022
1.135	0.39	0.554
1.135	0.4	0.539178
1.135	0.41	0.524556
1.135	0.42	0.510135
1.135	0.43	0.495914
1.135	0.44	0.481894
1.135	0.45	0.468073
1.135	0.46	0.454454
1.135	0.47	0.441034
1.135	0.48	0.427815
1.135	0.49	0.414796
1.135	0.5	0.401977
1.135	0.51	0.389359
1.135	0.52	0.376941
1.135	0.53	0.364724
1.135	0.54	0.352707
1.135	0.55	0.34089
1.135	0.56	0.329274
1.135	0.57	0.317858
1.135	0.58	0.306643
1.135	0.59	0.295628
1.135	0.6	0.284813
1.135	0.61	0.274198
1.135	0.62	0.263785
1.135	0.63	0.253571
1.135	0.64	0.243558
1.135	0.65	0.233745
1.135	0.66	0.224133
1.135	0.67	0.214721
1.135	0.68	0.20551
1.135	0.69	0.196499
1.135	0.7	0.187688
1.135	0.71	0.179078
1.135	0.72	0.170668
1.135	0.73	0.162459
1.135	0.74	0.15445
1.135	0.75	0.146641
1.135	0.76	0.139033
1.135	0.77	0.131626
1.135	0.78	0.124418
1.135	0.79	0.117412
1.135	0.8	0.110605
1.135	0.81	0.103999
1.135	0.82	0.0975937
1.135	0.83	0.0913886
1.135	0.84	0.0853839
1.135	0.85	0.0795797
1.135	0.86	0.0739759
1.135	0.87	0.0685726
1.135	0.88	0.0633696
1.135	0.89	0.0583671
1.135	0.9	0.053565
1.135	0.91	0.0489634
1.135	0.92	0.0445621
1.135	0.93	0.0403613
1.135	0.94	0.0363609
1.135	0.95	0.0325609
1.135	0.96	0.0289614
1.135	0.97	0.0255622
1.135	0.98	0.0223635
1.135	0.99	0.0193652
1.135	1	0.0165673
1.135	1.01	0.0139698
1.135	1.02	0.0115727
1.135	1.03	0.00937602
1.135	1.04	0.00737974
1.135	1.05	0.00558386
1.135	1.06	0.00398837
1.135	1.07	0.00259327
1.135	1.08	0.00139856
1.135	1.09	0.00040424
1.135	1.1	-0.000389697
1.135	1.11	-0.000983261
1.135	1.12	-0.00137646
1.135	1.13	-0.00156927
1.135	1.14	-0.0015617
1.135	1.15	-0.00135375
1.135	1.16	-0.000945431
1.135	1.17	-0.000336751
1.135	1.18	0.000472287
1.135	1.19	0.00148168
1.135	1.2	0.00269142
1.135	1.21	0.00410151
1.135	1.22	0.00571194
1.135	1.23	0.00752271
1.135	1.24	0.00953381
1.135	1.25	0.0117452
1.135	1.26	0.014157
1.135	1.27	0.0167691
1.135	1.28	0.0195815
1.135	1.29	0.0225942
1.135	1.3	0.0258073
1.135	1.31	0.0292206
1.135	1.32	0.0328343
1.135	1.33	0.0366482
1.135	1.34	0.0406624
1.135	1.35	0.044877
1.135	1.36	0.0492918
1.135	1.37	0.0539069
1.135	1.38	0.0587222
1.135	1.39	0.0637379
1.135	1.4	0.0689538
1.135	1.41	0.07437
1.135	1.42	0.0799864
1.135	1.43	0.0858031
1.135	1.44	0.09182
1.135	1.45	0.0980372
1.135	1.46	0.104455
1.135	1.47	0.111072
1.135	1.48	0.11789
1.135	1.49	0.124908
1.135	1.5	0.132127
1.135	1.51	0.139545
1.135	1.52	0.147164
1.135	1.53	0.154983
1.135	1.54	0.163002
1.135	1.55	0.171221
1.135	1.56	0.179641
1.135	1.57	0.188261
1.135	1.58	0.197081
1.135	1.59	0.206101
1.135	1.6	0.215321
1.135	1.61	0.224742
1.135	1.62	0.234362
1.135	1.63	0.244183
1.135	1.64	0.254204
1.135	1.65	0.264425
1.135	1.66	0.274847
1.135	1.67	0.285468
1.135	1.68	0.296289
1.135	1.69	0.307311
1.135	1.7	0.318533
1.135	1.71	0.329955
1.135	1.72	0.341577
1.135	1.73	0.353399
1.135	1.74	0.365421
1.135	1.75	0.377644
1.135	1.76	0.390066
1.135	1.77	0.402689
1.135	1.78	0.415512
1.135	1.79	0.428534
1.135	1.8	0.441757
1.135	1.81	0.45518
1.135	1.82	0.468803
1.135	1.83	0.482626
1.135	1.84	0.496649
1.135	1.85	0.510872
1.135	1.86	0.525296
1.135	1.87	0.539919
1.135	1.88	0.554742
1.135	1.89	0.569766
1.135	1.9	0.584989
1.135	1.91	0.600413
1.135	1.92	0.616036
1.135	1.93	0.63186
1.135	1.94	0.647883
1.135	1.95	0.664107
1.135	1.96	0.680531
1.135	1.97	0.697154
1.135	1.98	0.713978
1.135	1.99	0.731001
1.135	2	0.748225
1.14	0	1.2996
1.14	0.01	1.27687
1.14	0.02	1.25434
1.14	0.03	1.23201
1.14	0.04	1.20988
1.14	0.05	1.18795
1.14	0.06	1.16622
1.14	0.07	1.14469
1.14	0.08	1.12336
1.14	0.09	1.10224
1.14	0.1	1.08131
1.14	0.11	1.06058
1.14	0.12	1.04005
1.14	0.13	1.01972
1.14	0.14	0.999591
1.14	0.15	0.979663
1.14	0.16	0.959934
1.14	0.17	0.940406
1.14	0.18	0.921078
1.14	0.19	0.90195
1.14	0.2	0.883022
1.14	0.21	0.864295
1.14	0.22	0.845768
1.14	0.23	0.82744
1.14	0.24	0.809313
1.14	0.25	0.791387
1.14	0.26	0.77366
1.14	0.27	0.756134
1.14	0.28	0.738808
1.14	0.29	0.721682
1.14	0.3	0.704757
1.14	0.31	0.688031
1.14	0.32	0.671506
1.14	0.33	0.655182
1.14	0.34	0.639057
1.14	0.35	0.623133
1.14	0.36	0.607409
1.14	0.37	0.591886
1.14	0.38	0.576562
1.14	0.39	0.56144
1.14	0.4	0.546517
1.14	0.41	0.531795
1.14	0.42	0.517273
1.14	0.43	0.502951
1.14	0.44	0.48883
1.14	0.45	0.474909
1.14	0.46	0.461188
1.14	0.47	0.447668
1.14	0.48	0.434348
1.14	0.49	0.421228
1.14	0.5	0.408309
1.14	0.51	0.395591
1.14	0.52	0.383072
1.14	0.53	0.370754
1.14	0.54	0.358636
1.14	0.55	0.346719
1.14	0.56	0.335002
1.14	0.57	0.323486
1.14	0.58	0.31217
1.14	0.59	0.301054
1.14	0.6	0.290139
1.14	0.61	0.279424
1.14	0.62	0.26891
1.14	0.63	0.258596
1.14	0.64	0.248482
1.14	0.65	0.238569
1.14	0.66	0.228856
1.14	0.67	0.219344
1.14	0.68	0.210032
1.14	0.69	0.200921
1.14	0.7	0.19201
1.14	0.71	0.183299
1.14	0.72	0.174789
1.14	0.73	0.16648
1.14	0.74	0.15837
1.14	0.75	0.150461
1.14	0.76	0.142753
1.14	0.77	0.135245
1.14	0.78	0.127937
1.14	0.79	0.12083
1.14	0.8	0.113924
1.14	0.81	0.107218
1.14	0.82	0.100712
1.14	0.83	0.0944067
1.14	0.84	0.0883019
1.14	0.85	0.0823975
1.14	0.86	0.0766936
1.14	0.87	0.0711901
1.14	0.88	0.065887
1.14	0.89	0.0607844
1.14	0.9	0.0558823
1.14	0.91	0.0511806
1.14	0.92	0.0466793
1.14	0.93	0.0423784
1.14	0.94	0.038278
1.14	0.95	0.0343781
1.14	0.96	0.0306785
1.14	0.97	0.0271794
1.14	0.98	0.0238807
1.14	0.99	0.0207825
1.14	1	0.0178846
1.14	1.01	0.0151872
1.14	1.02	0.0126902
1.14	1.03	0.0103937
1.14	1.04	0.0082975
1.14	1.05	0.00640176
1.14	1.06	0.00470643
1.14	1.07	0.0032115
1.14	1.08	0.00191698
1.14	1.09	0.000822856
1.14	1.1	-7.08692e-05
1.14	1.11	-0.000764201
1.14	1.12	-0.00125715
1.14	1.13	-0.0015497
1.14	1.14	-0.00164187
1.14	1.15	-0.00153364
1.14	1.16	-0.00122504
1.14	1.17	-0.000716055
1.14	1.18	-6.70289e-06
1.14	1.19	0.000903015
1.14	1.2	0.0020131
1.14	1.21	0.00332353
1.14	1.22	0.00483433
1.14	1.23	0.00654547
1.14	1.24	0.00845696
1.14	1.25	0.0105688
1.14	1.26	0.012881
1.14	1.27	0.0153935
1.14	1.28	0.0181063
1.14	1.29	0.0210195
1.14	1.3	0.024133
1.14	1.31	0.0274468
1.14	1.32	0.0309609
1.14	1.33	0.0346753
1.14	1.34	0.0385901
1.14	1.35	0.0427051
1.14	1.36	0.0470204
1.14	1.37	0.051536
1.14	1.38	0.056252
1.14	1.39	0.0611681
1.14	1.4	0.0662846
1.14	1.41	0.0716013
1.14	1.42	0.0771183
1.14	1.43	0.0828356
1.14	1.44	0.0887531
1.14	1.45	0.0948709
1.14	1.46	0.101189
1.14	1.47	0.107707
1.14	1.48	0.114426
1.14	1.49	0.121344
1.14	1.5	0.128463
1.14	1.51	0.135783
1.14	1.52	0.143302
1.14	1.53	0.151022
1.14	1.54	0.158942
1.14	1.55	0.167062
1.14	1.56	0.175382
1.14	1.57	0.183902
1.14	1.58	0.192623
1.14	1.59	0.201544
1.14	1.6	0.210665
1.14	1.61	0.219986
1.14	1.62	0.229507
1.14	1.63	0.239229
1.14	1.64	0.249151
1.14	1.65	0.259272
1.14	1.66	0.269594
1.14	1.67	0.280117
1.14	1.68	0.290839
1.14	1.69	0.301761
1.14	1.7	0.312884
1.14	1.71	0.324207
1.14	1.72	0.335729
1.14	1.73	0.347452
1.14	1.74	0.359375
1.14	1.75	0.371499
1.14	1.76	0.383822
1.14	1.77	0.396345
1.14	1.78	0.409069
1.14	1.79	0.421992
1.14	1.8	0.435116
1.14	1.81	0.44844
1.14	1.82	0.461963
1.14	1.83	0.475687
1.14	1.84	0.489611
1.14	1.85	0.503735
1.14	1.86	0.518059
1.14	1.87	0.532583
1.14	1.88	0.547308
1.14	1.89	0.562232
1.14	1.9	0.577356
1.14	1.91	0.59268
1.14	1.92	0.608205
1.14	1.93	0.623929
1.14	1.94	0.639853
1.14	1.95	0.655978
1.14	1.96	0.672302
1.14	1.97	0.688827
1.14	1.98	0.705551
1.14	1.99	0.722476
1.14	2	0.7396
1.145	0	1.31103
1.145	0.01	1.28819
1.145	0.02	1.26556
1.145	0.03	1.24313
1.145	0.04	1.2209
1.145	0.05	1.19887
1.145	0.06	1.17704
1.145	0.07	1.15541
1.145	0.08	1.13398
1.145	0.09	1.11275
1.145	0.1	1.09172
1.145	0.11	1.07089
1.145	0.12	1.05026
1.145	0.13	1.02983
1.145	0.14	1.0096
1.145	0.15	0.989573
1.145	0.16	0.969744
1.145	0.17	0.950115
1.145	0.18	0.930686
1.145	0.19	0.911457
1.145	0.2	0.892428
1.145	0.21	0.8736
1.145	0.22	0.854971
1.145	0.23	0.836543
1.145	0.24	0.818316
1.145	0.25	0.800288
1.145	0.26	0.782461
1.145	0.27	0.764833
1.145	0.28	0.747407
1.145	0.29	0.73018
1.145	0.3	0.713154
1.145	0.31	0.696327
1.145	0.32	0.679702
1.145	0.33	0.663276
1.145	0.34	0.647051
1.145	0.35	0.631026
1.145	0.36	0.615201
1.145	0.37	0.599577
1.145	0.38	0.584153
1.145	0.39	0.568929
1.145	0.4	0.553906
1.145	0.41	0.539083
1.145	0.42	0.52446
1.145	0.43	0.510038
1.145	0.44	0.495816
1.145	0.45	0.481794
1.145	0.46	0.467973
1.145	0.47	0.454352
1.145	0.48	0.440931
1.145	0.49	0.427711
1.145	0.5	0.414691
1.145	0.51	0.401872
1.145	0.52	0.389253
1.145	0.53	0.376834
1.145	0.54	0.364616
1.145	0.55	0.352598
1.145	0.56	0.340781
1.145	0.57	0.329164
1.145	0.58	0.317747
1.145	0.59	0.306531
1.145	0.6	0.295515
1.145	0.61	0.2847
1.145	0.62	0.274085
1.145	0.63	0.263671
1.145	0.64	0.253457
1.145	0.65	0.243443
1.145	0.66	0.23363
1.145	0.67	0.224017
1.145	0.68	0.214605
1.145	0.69	0.205393
1.145	0.7	0.196382
1.145	0.71	0.187571
1.145	0.72	0.178961
1.145	0.73	0.170551
1.145	0.74	0.162341
1.145	0.75	0.154332
1.145	0.76	0.146523
1.145	0.77	0.138915
1.145	0.78	0.131507
1.145	0.79	0.1243
1.145	0.8	0.117293
1.145	0.81	0.110487
1.145	0.82	0.103881
1.145	0.83	0.0974756
1.145	0.84	0.0912706
1.145	0.85	0.0852661
1.145	0.86	0.079462
1.145	0.87	0.0738584
1.145	0.88	0.0684553
1.145	0.89	0.0632526
1.145	0.9	0.0582504
1.145	0.91	0.0534486
1.145	0.92	0.0488473
1.145	0.93	0.0444464
1.145	0.94	0.040246
1.145	0.95	0.036246
1.145	0.96	0.0324465
1.145	0.97	0.0288474
1.145	0.98	0.0254488
1.145	0.99	0.0222506
1.145	1	0.0192528
1.145	1.01	0.0164555
1.145	1.02	0.0138586
1.145	1.03	0.0114621
1.145	1.04	0.00926611
1.145	1.05	0.0072705
1.145	1.06	0.00547533
1.145	1.07	0.00388057
1.145	1.08	0.00248623
1.145	1.09	0.0012923
1.145	1.1	0.000298781
1.145	1.11	-0.000494328
1.145	1.12	-0.00108704
1.145	1.13	-0.00147934
1.145	1.14	-0.00167124
1.145	1.15	-0.00166275
1.145	1.16	-0.00145386
1.145	1.17	-0.00104458
1.145	1.18	-0.000434918
1.145	1.19	0.000375122
1.145	1.2	0.00138554
1.145	1.21	0.00259632
1.145	1.22	0.00400747
1.145	1.23	0.00561898
1.145	1.24	0.00743085
1.145	1.25	0.00944307
1.145	1.26	0.0116556
1.145	1.27	0.0140686
1.145	1.28	0.0166818
1.145	1.29	0.0194954
1.145	1.3	0.0225094
1.145	1.31	0.0257236
1.145	1.32	0.0291382
1.145	1.33	0.0327531
1.145	1.34	0.0365684
1.145	1.35	0.0405839
1.145	1.36	0.0447997
1.145	1.37	0.0492159
1.145	1.38	0.0538323
1.145	1.39	0.058649
1.145	1.4	0.063666
1.145	1.41	0.0688833
1.145	1.42	0.0743009
1.145	1.43	0.0799187
1.145	1.44	0.0857368
1.145	1.45	0.0917552
1.145	1.46	0.0979739
1.145	1.47	0.104393
1.145	1.48	0.111012
1.145	1.49	0.117831
1.145	1.5	0.124851
1.145	1.51	0.132071
1.145	1.52	0.139491
1.145	1.53	0.147111
1.145	1.54	0.154931
1.145	1.55	0.162952
1.145	1.56	0.171173
1.145	1.57	0.179594
1.145	1.58	0.188216
1.145	1.59	0.197037
1.145	1.6	0.206059
1.145	1.61	0.215281
1.145	1.62	0.224703
1.145	1.63	0.234325
1.145	1.64	0.244147
1.145	1.65	0.25417
1.145	1.66	0.264393
1.145	1.67	0.274816
1.145	1.68	0.285439
1.145	1.69	0.296262
1.145	1.7	0.307285
1.145	1.71	0.318509
1.145	1.72	0.329932
1.145	1.73	0.341556
1.145	1.74	0.35338
1.145	1.75	0.365404
1.145	1.76	0.377628
1.145	1.77	0.390052
1.145	1.78	0.402676
1.145	1.79	0.4155
1.145	1.8	0.428525
1.145	1.81	0.441749
1.145	1.82	0.455174
1.145	1.83	0.468799
1.145	1.84	0.482623
1.145	1.85	0.496648
1.145	1.86	0.510873
1.145	1.87	0.525298
1.145	1.88	0.539923
1.145	1.89	0.554748
1.145	1.9	0.569773
1.145	1.91	0.584998
1.145	1.92	0.600423
1.145	1.93	0.616048
1.145	1.94	0.631874
1.145	1.95	0.647899
1.145	1.96	0.664124
1.145	1.97	0.680549
1.145	1.98	0.697174
1.145	1.99	0.714
1.145	2	0.731025
1.15	0	1.3225
1.15	0.01	1.29957
1.15	0.02	1.27684
1.15	0.03	1.25431
1.15	0.04	1.23197
1.15	0.05	1.20984
1.15	0.06	1.18791
1.15	0.07	1.16618
1.15	0.08	1.14465
1.15	0.09	1.12332
1.15	0.1	1.10219
1.15	0.11	1.08126
1.15	0.12	1.06053
1.15	0.13	1.03999
1.15	0.14	1.01966
1.15	0.15	0.999534
1.15	0.16	0.979603
1.15	0.17	0.959873
1.15	0.18	0.940343
1.15	0.19	0.921014
1.15	0.2	0.901884
1.15	0.21	0.882955
1.15	0.22	0.864226
1.15	0.23	0.845697
1.15	0.24	0.827368
1.15	0.25	0.80924
1.15	0.26	0.791311
1.15	0.27	0.773583
1.15	0.28	0.756056
1.15	0.29	0.738728
1.15	0.3	0.721601
1.15	0.31	0.704674
1.15	0.32	0.687947
1.15	0.33	0.671421
1.15	0.34	0.655095
1.15	0.35	0.638969
1.15	0.36	0.623044
1.15	0.37	0.607319
1.15	0.38	0.591794
1.15	0.39	0.576469
1.15	0.4	0.561345
1.15	0.41	0.546421
1.15	0.42	0.531698
1.15	0.43	0.517175
1.15	0.44	0.502852
1.15	0.45	0.48873
1.15	0.46	0.474808
1.15	0.47	0.461086
1.15	0.48	0.447565
1.15	0.49	0.434244
1.15	0.5	0.421124
1.15	0.51	0.408204
1.15	0.52	0.395484
1.15	0.53	0.382965
1.15	0.54	0.370646
1.15	0.55	0.358528
1.15	0.56	0.34661
1.15	0.57	0.334892
1.15	0.58	0.323375
1.15	0.59	0.312058
1.15	0.6	0.300942
1.15	0.61	0.290026
1.15	0.62	0.279311
1.15	0.63	0.268796
1.15	0.64	0.258482
1.15	0.65	0.248368
1.15	0.66	0.238454
1.15	0.67	0.228741
1.15	0.68	0.219229
1.15	0.69	0.209916
1.15	0.7	0.200805
1.15	0.71	0.191893
1.15	0.72	0.183183
1.15	0.73	0.174672
1.15	0.74	0.166362
1.15	0.75	0.158253
1.15	0.76	0.150344
1.15	0.77	0.142636
1.15	0.78	0.135128
1.15	0.79	0.12782
1.15	0.8	0.120713
1.15	0.81	0.113807
1.15	0.82	0.107101
1.15	0.83	0.100595
1.15	0.84	0.0942898
1.15	0.85	0.0881852
1.15	0.86	0.082281
1.15	0.87	0.0765773
1.15	0.88	0.071074
1.15	0.89	0.0657712
1.15	0.9	0.0606689
1.15	0.91	0.0557671
1.15	0.92	0.0510657
1.15	0.93	0.0465648
1.15	0.94	0.0422644
1.15	0.95	0.0381644
1.15	0.96	0.0342649
1.15	0.97	0.0305659
1.15	0.98	0.0270673
1.15	0.99	0.0237691
1.15	1	0.0206714
1.15	1.01	0.0177742
1.15	1.02	0.0150774
1.15	1.03	0.0125811
1.15	1.04	0.0102852
1.15	1.05	0.00818969
1.15	1.06	0.00629467
1.15	1.07	0.00460008
1.15	1.08	0.00310591
1.15	1.09	0.00181218
1.15	1.1	0.00071887
1.15	1.11	-0.000174019
1.15	1.12	-0.000866492
1.15	1.13	-0.00135855
1.15	1.14	-0.00165019
1.15	1.15	-0.00174143
1.15	1.16	-0.00163225
1.15	1.17	-0.00132268
1.15	1.18	-0.000812715
1.15	1.19	-0.000102358
1.15	1.2	0.000808387
1.15	1.21	0.00191951
1.15	1.22	0.00323102
1.15	1.23	0.0047429
1.15	1.24	0.00645514
1.15	1.25	0.00836776
1.15	1.26	0.0104807
1.15	1.27	0.0127941
1.15	1.28	0.0153078
1.15	1.29	0.0180218
1.15	1.3	0.0209362
1.15	1.31	0.0240509
1.15	1.32	0.0273659
1.15	1.33	0.0308813
1.15	1.34	0.034597
1.15	1.35	0.0385131
1.15	1.36	0.0426294
1.15	1.37	0.046946
1.15	1.38	0.051463
1.15	1.39	0.0561803
1.15	1.4	0.0610978
1.15	1.41	0.0662157
1.15	1.42	0.0715338
1.15	1.43	0.0770522
1.15	1.44	0.0827709
1.15	1.45	0.0886898
1.15	1.46	0.0948091
1.15	1.47	0.101129
1.15	1.48	0.107648
1.15	1.49	0.114368
1.15	1.5	0.121288
1.15	1.51	0.128409
1.15	1.52	0.13573
1.15	1.53	0.143251
1.15	1.54	0.150972
1.15	1.55	0.158893
1.15	1.56	0.167015
1.15	1.57	0.175336
1.15	1.58	0.183858
1.15	1.59	0.192581
1.15	1.6	0.201503
1.15	1.61	0.210626
1.15	1.62	0.219948
1.15	1.63	0.229471
1.15	1.64	0.239195
1.15	1.65	0.249118
1.15	1.66	0.259241
1.15	1.67	0.269565
1.15	1.68	0.280089
1.15	1.69	0.290813
1.15	1.7	0.301737
1.15	1.71	0.312861
1.15	1.72	0.324185
1.15	1.73	0.335709
1.15	1.74	0.347434
1.15	1.75	0.359359
1.15	1.76	0.371484
1.15	1.77	0.383808
1.15	1.78	0.396333
1.15	1.79	0.409059
1.15	1.8	0.421984
1.15	1.81	0.435109
1.15	1.82	0.448434
1.15	1.83	0.46196
1.15	1.84	0.475685
1.15	1.85	0.489611
1.15	1.86	0.503737
1.15	1.87	0.518062
1.15	1.88	0.532588
1.15	1.89	0.547314
1.15	1.9	0.56224
1.15	1.91	0.577366
1.15	1.92	0.592692
1.15	1.93	0.608218
1.15	1.94	0.623944
1.15	1.95	0.63987
1.15	1.96	0.655996
1.15	1.97	0.672322
1.15	1.98	0.688848
1.15	1.99	0.705574
1.15	2	0.7225
1.155	0	1.33403
1.155	0.01	1.31099
1.155	0.02	1.28816
1.155	0.03	1.26553
1.155	0.04	1.2431
1.155	0.05	1.22086
1.155	0.06	1.19883
1.155	0.07	1.177
1.155	0.08	1.15537
1.155	0.09	1.13393
1.155	0.1	1.1127
1.155	0.11	1.09167
1.155	0.12	1.07084
1.155	0.13	1.05021
1.155	0.14	1.02978
1.155	0.15	1.00954
1.155	0.16	0.989513
1.155	0.17	0.969682
1.155	0.18	0.950051
1.155	0.19	0.930621
1.155	0.2	0.91139
1.155	0.21	0.89236
1.155	0.22	0.87353
1.155	0.23	0.8549
1.155	0.24	0.83647
1.155	0.25	0.818241
1.155	0.26	0.800212
1.155	0.27	0.782383
1.155	0.28	0.764754
1.155	0.29	0.747326
1.155	0.3	0.730098
1.155	0.31	0.71307
1.155	0.32	0.696243
1.155	0.33	0.679616
1.155	0.34	0.663189
1.155	0.35	0.646962
1.155	0.36	0.630936
1.155	0.37	0.61511
1.155	0.38	0.599485
1.155	0.39	0.584059
1.155	0.4	0.568835
1.155	0.41	0.55381
1.155	0.42	0.538986
1.155	0.43	0.524362
1.155	0.44	0.509939
1.155	0.45	0.495716
1.155	0.46	0.481693
1.155	0.47	0.467871
1.155	0.48	0.454249
1.155	0.49	0.440827
1.155	0.5	0.427606
1.155	0.51	0.414586
1.155	0.52	0.401766
1.155	0.53	0.389146
1.155	0.54	0.376726
1.155	0.55	0.364507
1.155	0.56	0.352489
1.155	0.57	0.340671
1.155	0.58	0.329053
1.155	0.59	0.317636
1.155	0.6	0.306419
1.155	0.61	0.295403
1.155	0.62	0.284587
1.155	0.63	0.273972
1.155	0.64	0.263557
1.155	0.65	0.253342
1.155	0.66	0.243329
1.155	0.67	0.233515
1.155	0.68	0.223902
1.155	0.69	0.214489
1.155	0.7	0.205277
1.155	0.71	0.196266
1.155	0.72	0.187455
1.155	0.73	0.178844
1.155	0.74	0.170434
1.155	0.75	0.162224
1.155	0.76	0.154215
1.155	0.77	0.146406
1.155	0.78	0.138798
1.155	0.79	0.13139
1.155	0.8	0.124183
1.155	0.81	0.117176
1.155	0.82	0.11037
1.155	0.83	0.103764
1.155	0.84	0.097359
1.155	0.85	0.0911542
1.155	0.86	0.0851499
1.155	0.87	0.0793461
1.155	0.88	0.0737427
1.155	0.89	0.0683399
1.155	0.9	0.0631375
1.155	0.91	0.0581356
1.155	0.92	0.0533342
1.155	0.93	0.0487333
1.155	0.94	0.0443328
1.155	0.95	0.0401329
1.155	0.96	0.0361334
1.155	0.97	0.0323343
1.155	0.98	0.0287358
1.155	0.99	0.0253377
1.155	1	0.0221401
1.155	1.01	0.0191429
1.155	1.02	0.0163462
1.155	1.03	0.01375
1.155	1.04	0.0113542
1.155	1.05	0.00915888
1.155	1.06	0.00716401
1.155	1.07	0.00536959
1.155	1.08	0.0037756
1.155	1.09	0.00238206
1.155	1.1	0.00118896
1.155	1.11	0.000196293
1.155	1.12	-0.000595945
1.155	1.13	-0.00118775
1.155	1.14	-0.00157914
1.155	1.15	-0.0017701
1.155	1.16	-0.00176065
1.155	1.17	-0.00155078
1.155	1.18	-0.00114051
1.155	1.19	-0.000529831
1.155	1.2	0.000281244
1.155	1.21	0.00129271
1.155	1.22	0.00250457
1.155	1.23	0.00391682
1.155	1.24	0.00552944
1.155	1.25	0.00734244
1.155	1.26	0.00935582
1.155	1.27	0.0115696
1.155	1.28	0.0139837
1.155	1.29	0.0165981
1.155	1.3	0.019413
1.155	1.31	0.0224281
1.155	1.32	0.0256437
1.155	1.33	0.0290595
1.155	1.34	0.0326757
1.155	1.35	0.0364922
1.155	1.36	0.0405091
1.155	1.37	0.0447262
1.155	1.38	0.0491437
1.155	1.39	0.0537615
1.155	1.4	0.0585796
1.155	1.41	0.063598
1.155	1.42	0.0688167
1.155	1.43	0.0742356
1.155	1.44	0.0798549
1.155	1.45	0.0856744
1.155	1.46	0.0916943
1.155	1.47	0.0979143
1.155	1.48	0.104335
1.155	1.49	0.110955
1.155	1.5	0.117776
1.155	1.51	0.124797
1.155	1.52	0.132019
1.155	1.53	0.13944
1.155	1.54	0.147062
1.155	1.55	0.154884
1.155	1.56	0.162906
1.155	1.57	0.171129
1.155	1.58	0.179551
1.155	1.59	0.188174
1.155	1.6	0.196997
1.155	1.61	0.206021
1.155	1.62	0.215244
1.155	1.63	0.224668
1.155	1.64	0.234292
1.155	1.65	0.244116
1.155	1.66	0.25414
1.155	1.67	0.264364
1.155	1.68	0.274789
1.155	1.69	0.285413
1.155	1.7	0.296238
1.155	1.71	0.307263
1.155	1.72	0.318488
1.155	1.73	0.329913
1.155	1.74	0.341539
1.155	1.75	0.353364
1.155	1.76	0.36539
1.155	1.77	0.377615
1.155	1.78	0.390041
1.155	1.79	0.402667
1.155	1.8	0.415493
1.155	1.81	0.428519
1.155	1.82	0.441745
1.155	1.83	0.455171
1.155	1.84	0.468798
1.155	1.85	0.482624
1.155	1.86	0.496651
1.155	1.87	0.510877
1.155	1.88	0.525304
1.155	1.89	0.53993
1.155	1.9	0.554757
1.155	1.91	0.569784
1.155	1.92	0.58501
1.155	1.93	0.600437
1.155	1.94	0.616064
1.155	1.95	0.631891
1.155	1.96	0.647918
1.155	1.97	0.664144
1.155	1.98	0.680571
1.155	1.99	0.697198
1.155	2	0.714025
1.16	0	1.3456
1.16	0.01	1.32247
1.16	0.02	1.29953
1.16	0.03	1.2768
1.16	0.04	1.25427
1.16	0.05	1.23193
1.16	0.06	1.2098
1.16	0.07	1.18787
1.16	0.08	1.16613
1.16	0.09	1.1446
1.16	0.1	1.12327
1.16	0.11	1.10213
1.16	0.12	1.0812
1.16	0.13	1.06047
1.16	0.14	1.03994
1.16	0.15	1.01961
1.16	0.16	0.999473
1.16	0.17	0.979541
1.16	0.18	0.959809
1.16	0.19	0.940278
1.16	0.2	0.920946
1.16	0.21	0.901815
1.16	0.22	0.882884
1.16	0.23	0.864154
1.16	0.24	0.845623
1.16	0.25	0.827293
1.16	0.26	0.809163
1.16	0.27	0.791233
1.16	0.28	0.773504
1.16	0.29	0.755975
1.16	0.3	0.738646
1.16	0.31	0.721517
1.16	0.32	0.704589
1.16	0.33	0.687861
1.16	0.34	0.671333
1.16	0.35	0.655006
1.16	0.36	0.638879
1.16	0.37	0.622952
1.16	0.38	0.607226
1.16	0.39	0.5917
1.16	0.4	0.576375
1.16	0.41	0.561249
1.16	0.42	0.546324
1.16	0.43	0.5316
1.16	0.44	0.517076
1.16	0.45	0.502752
1.16	0.46	0.488629
1.16	0.47	0.474706
1.16	0.48	0.460983
1.16	0.49	0.447461
1.16	0.5	0.43414
1.16	0.51	0.421018
1.16	0.52	0.408098
1.16	0.53	0.395377
1.16	0.54	0.382857
1.16	0.55	0.370538
1.16	0.56	0.358419
1.16	0.57	0.3465
1.16	0.58	0.334782
1.16	0.59	0.323264
1.16	0.6	0.311947
1.16	0.61	0.30083
1.16	0.62	0.289914
1.16	0.63	0.279198
1.16	0.64	0.268683
1.16	0.65	0.258368
1.16	0.66	0.248254
1.16	0.67	0.23834
1.16	0.68	0.228626
1.16	0.69	0.219113
1.16	0.7	0.209801
1.16	0.71	0.200689
1.16	0.72	0.191778
1.16	0.73	0.183067
1.16	0.74	0.174556
1.16	0.75	0.166246
1.16	0.76	0.158137
1.16	0.77	0.150228
1.16	0.78	0.142519
1.16	0.79	0.135011
1.16	0.8	0.127704
1.16	0.81	0.120597
1.16	0.82	0.113691
1.16	0.83	0.106985
1.16	0.84	0.100479
1.16	0.85	0.0941742
1.16	0.86	0.0880698
1.16	0.87	0.0821658
1.16	0.88	0.0764624
1.16	0.89	0.0709594
1.16	0.9	0.065657
1.16	0.91	0.060555
1.16	0.92	0.0556536
1.16	0.93	0.0509526
1.16	0.94	0.0464522
1.16	0.95	0.0421522
1.16	0.96	0.0380527
1.16	0.97	0.0341537
1.16	0.98	0.0304552
1.16	0.99	0.0269572
1.16	1	0.0236596
1.16	1.01	0.0205625
1.16	1.02	0.0176659
1.16	1.03	0.0149698
1.16	1.04	0.0124742
1.16	1.05	0.010179
1.16	1.06	0.00808427
1.16	1.07	0.00619
1.16	1.08	0.0044962
1.16	1.09	0.00300285
1.16	1.1	0.00170995
1.16	1.11	0.000617498
1.16	1.12	-0.00027451
1.16	1.13	-0.000966078
1.16	1.14	-0.00145721
1.16	1.15	-0.00174791
1.16	1.16	-0.00183817
1.16	1.17	-0.00172802
1.16	1.18	-0.00141744
1.16	1.19	-0.000906452
1.16	1.2	-0.000195051
1.16	1.21	0.000716756
1.16	1.22	0.00182896
1.16	1.23	0.00314157
1.16	1.24	0.00465456
1.16	1.25	0.00636795
1.16	1.26	0.00828172
1.16	1.27	0.0103959
1.16	1.28	0.0127104
1.16	1.29	0.0152253
1.16	1.3	0.0179405
1.16	1.31	0.0208562
1.16	1.32	0.0239721
1.16	1.33	0.0272885
1.16	1.34	0.0308051
1.16	1.35	0.0345221
1.16	1.36	0.0384395
1.16	1.37	0.0425571
1.16	1.38	0.0468751
1.16	1.39	0.0513935
1.16	1.4	0.0561121
1.16	1.41	0.061031
1.16	1.42	0.0661502
1.16	1.43	0.0714698
1.16	1.44	0.0769896
1.16	1.45	0.0827097
1.16	1.46	0.0886301
1.16	1.47	0.0947508
1.16	1.48	0.101072
1.16	1.49	0.107593
1.16	1.5	0.114314
1.16	1.51	0.121236
1.16	1.52	0.128358
1.16	1.53	0.13568
1.16	1.54	0.143203
1.16	1.55	0.150925
1.16	1.56	0.158848
1.16	1.57	0.166971
1.16	1.58	0.175295
1.16	1.59	0.183818
1.16	1.6	0.192542
1.16	1.61	0.201466
1.16	1.62	0.21059
1.16	1.63	0.219915
1.16	1.64	0.229439
1.16	1.65	0.239164
1.16	1.66	0.249089
1.16	1.67	0.259214
1.16	1.68	0.269539
1.16	1.69	0.280064
1.16	1.7	0.29079
1.16	1.71	0.301716
1.16	1.72	0.312841
1.16	1.73	0.324167
1.16	1.74	0.335693
1.16	1.75	0.34742
1.16	1.76	0.359346
1.16	1.77	0.371472
1.16	1.78	0.383799
1.16	1.79	0.396326
1.16	1.8	0.409052
1.16	1.81	0.421979
1.16	1.82	0.435106
1.16	1.83	0.448433
1.16	1.84	0.46196
1.16	1.85	0.475687
1.16	1.86	0.489615
1.16	1.87	0.503742
1.16	1.88	0.518069
1.16	1.89	0.532597
1.16	1.9	0.547324
1.16	1.91	0.562251
1.16	1.92	0.577379
1.16	1.93	0.592707
1.16	1.94	0.608234
1.16	1.95	0.623962
1.16	1.96	0.639889
1.16	1.97	0.656017
1.16	1.98	0.672345
1.16	1.99	0.688872
1.16	2	0.7056
1.165	0	1.35723
1.165	0.01	1.33399
1.165	0.02	1.31096
1.165	0.03	1.28812
1.165	0.04	1.26549
1.165	0.05	1.24305
1.165	0.06	1.22082
1.165	0.07	1.19879
1.165	0.08	1.17695
1.165	0.09	1.15532
1.165	0.1	1.13388
1.165	0.11	1.11265
1.165	0.12	1.09162
1.165	0.13	1.07078
1.165	0.14	1.05015
1.165	0.15	1.02972
1.165	0.16	1.00948
1.165	0.17	0.98945
1.165	0.18	0.969618
1.165	0.19	0.949985
1.165	0.2	0.930553
1.165	0.21	0.911321
1.165	0.22	0.892289
1.165	0.23	0.873458
1.165	0.24	0.854826
1.165	0.25	0.836395
1.165	0.26	0.818164
1.165	0.27	0.800134
1.165	0.28	0.782304
1.165	0.29	0.764674
1.165	0.3	0.747244
1.165	0.31	0.730014
1.165	0.32	0.712985
1.165	0.33	0.696157
1.165	0.34	0.679528
1.165	0.35	0.6631
1.165	0.36	0.646872
1.165	0.37	0.630845
1.165	0.38	0.615018
1.165	0.39	0.599391
1.165	0.4	0.583965
1.165	0.41	0.568739
1.165	0.42	0.553713
1.165	0.43	0.538888
1.165	0.44	0.524263
1.165	0.45	0.509839
1.165	0.46	0.495615
1.165	0.47	0.481591
1.165	0.48	0.467768
1.165	0.49	0.454146
1.165	0.5	0.440723
1.165	0.51	0.427501
1.165	0.52	0.41448
1.165	0.53	0.401659
1.165	0.54	0.389039
1.165	0.55	0.376619
1.165	0.56	0.364399
1.165	0.57	0.35238
1.165	0.58	0.340561
1.165	0.59	0.328943
1.165	0.6	0.317525
1.165	0.61	0.306308
1.165	0.62	0.295291
1.165	0.63	0.284475
1.165	0.64	0.273859
1.165	0.65	0.263444
1.165	0.66	0.253229
1.165	0.67	0.243215
1.165	0.68	0.233401
1.165	0.69	0.223787
1.165	0.7	0.214375
1.165	0.71	0.205162
1.165	0.72	0.196151
1.165	0.73	0.187339
1.165	0.74	0.178729
1.165	0.75	0.170318
1.165	0.76	0.162109
1.165	0.77	0.154099
1.165	0.78	0.146291
1.165	0.79	0.138682
1.165	0.8	0.131275
1.165	0.81	0.124068
1.165	0.82	0.117061
1.165	0.83	0.110255
1.165	0.84	0.103649
1.165	0.85	0.0972442
1.165	0.86	0.0910396
1.165	0.87	0.0850355
1.165	0.88	0.079232
1.165	0.89	0.073629
1.165	0.9	0.0682265
1.165	0.91	0.0630245
1.165	0.92	0.058023
1.165	0.93	0.053222
1.165	0.94	0.0486215
1.165	0.95	0.0442215
1.165	0.96	0.0400221
1.165	0.97	0.0360231
1.165	0.98	0.0322246
1.165	0.99	0.0286267
1.165	1	0.0252292
1.165	1.01	0.0220322
1.165	1.02	0.0190357
1.165	1.03	0.0162397
1.165	1.04	0.0136441
1.165	1.05	0.0112491
1.165	1.06	0.00905452
1.165	1.07	0.00706042
1.165	1.08	0.0052668
1.165	1.09	0.00367364
1.165	1.1	0.00228094
1.165	1.11	0.00108871
1.165	1.12	9.69281e-05
1.165	1.13	-0.000694398
1.165	1.14	-0.00128527
1.165	1.15	-0.00167571
1.165	1.16	-0.0018657
1.165	1.17	-0.00185525
1.165	1.18	-0.00164437
1.165	1.19	-0.00123307
1.165	1.2	-0.00062134
1.165	1.21	0.000190804
1.165	1.22	0.00120336
1.165	1.23	0.00241633
1.165	1.24	0.00382969
1.165	1.25	0.00544346
1.165	1.26	0.00725762
1.165	1.27	0.00927218
1.165	1.28	0.0114871
1.165	1.29	0.0139024
1.165	1.3	0.0165181
1.165	1.31	0.0193342
1.165	1.32	0.0223506
1.165	1.33	0.0255674
1.165	1.34	0.0289846
1.165	1.35	0.032602
1.165	1.36	0.0364199
1.165	1.37	0.0404381
1.165	1.38	0.0446566
1.165	1.39	0.0490754
1.165	1.4	0.0536946
1.165	1.41	0.058514
1.165	1.42	0.0635338
1.165	1.43	0.0687539
1.165	1.44	0.0741743
1.165	1.45	0.079795
1.165	1.46	0.085616
1.165	1.47	0.0916372
1.165	1.48	0.0978588
1.165	1.49	0.104281
1.165	1.5	0.110903
1.165	1.51	0.117725
1.165	1.52	0.124748
1.165	1.53	0.13197
1.165	1.54	0.139394
1.165	1.55	0.147017
1.165	1.56	0.15484
1.165	1.57	0.162864
1.165	1.58	0.171088
1.165	1.59	0.179513
1.165	1.6	0.188137
1.165	1.61	0.196962
1.165	1.62	0.205987
1.165	1.63	0.215212
1.165	1.64	0.224637
1.165	1.65	0.234262
1.165	1.66	0.244088
1.165	1.67	0.254114
1.165	1.68	0.26434
1.165	1.69	0.274766
1.165	1.7	0.285392
1.165	1.71	0.296218
1.165	1.72	0.307245
1.165	1.73	0.318471
1.165	1.74	0.329898
1.165	1.75	0.341525
1.165	1.76	0.353352
1.165	1.77	0.365379
1.165	1.78	0.377607
1.165	1.79	0.390034
1.165	1.8	0.402662
1.165	1.81	0.415489
1.165	1.82	0.428517
1.165	1.83	0.441745
1.165	1.84	0.455173
1.165	1.85	0.468801
1.165	1.86	0.482629
1.165	1.87	0.496657
1.165	1.88	0.510885
1.165	1.89	0.525313
1.165	1.9	0.539941
1.165	1.91	0.554769
1.165	1.92	0.569798
1.165	1.93	0.585026
1.165	1.94	0.600454
1.165	1.95	0.616083
1.165	1.96	0.631911
1.165	1.97	0.64794
1.165	1.98	0.664168
1.165	1.99	0.680597
1.165	2	0.697225
1.17	0	1.3689
1.17	0.01	1.34556
1.17	0.02	1.32243
1.17	0.03	1.29949
1.17	0.04	1.27676
1.17	0.05	1.25422
1.17	0.06	1.23189
1.17	0.07	1.20975
1.17	0.08	1.18782
1.17	0.09	1.16608
1.17	0.1	1.14455
1.17	0.11	1.12321
1.17	0.12	1.10208
1.17	0.13	1.08115
1.17	0.14	1.06041
1.17	0.15	1.03988
1.17	0.16	1.01954
1.17	0.17	0.999409
1.17	0.18	0.979476
1.17	0.19	0.959743
1.17	0.2	0.940209
1.17	0.21	0.920877
1.17	0.22	0.901744
1.17	0.23	0.882811
1.17	0.24	0.864079
1.17	0.25	0.845547
1.17	0.26	0.827216
1.17	0.27	0.809084
1.17	0.28	0.791153
1.17	0.29	0.773422
1.17	0.3	0.755892
1.17	0.31	0.738562
1.17	0.32	0.721432
1.17	0.33	0.704502
1.17	0.34	0.687773
1.17	0.35	0.671244
1.17	0.36	0.654916
1.17	0.37	0.638787
1.17	0.38	0.62286
1.17	0.39	0.607132
1.17	0.4	0.591605
1.17	0.41	0.576278
1.17	0.42	0.561152
1.17	0.43	0.546226
1.17	0.44	0.531501
1.17	0.45	0.516976
1.17	0.46	0.502651
1.17	0.47	0.488527
1.17	0.48	0.474603
1.17	0.49	0.46088
1.17	0.5	0.447357
1.17	0.51	0.434035
1.17	0.52	0.420913
1.17	0.53	0.407991
1.17	0.54	0.39527
1.17	0.55	0.382749
1.17	0.56	0.370429
1.17	0.57	0.35831
1.17	0.58	0.34639
1.17	0.59	0.334672
1.17	0.6	0.323153
1.17	0.61	0.311836
1.17	0.62	0.300719
1.17	0.63	0.289802
1.17	0.64	0.279086
1.17	0.65	0.26857
1.17	0.66	0.258255
1.17	0.67	0.24814
1.17	0.68	0.238226
1.17	0.69	0.228512
1.17	0.7	0.218999
1.17	0.71	0.209687
1.17	0.72	0.200574
1.17	0.73	0.191663
1.17	0.74	0.182952
1.17	0.75	0.174441
1.17	0.76	0.166131
1.17	0.77	0.158022
1.17	0.78	0.150113
1.17	0.79	0.142404
1.17	0.8	0.134897
1.17	0.81	0.127589
1.17	0.82	0.120482
1.17	0.83	0.113576
1.17	0.84	0.10687
1.17	0.85	0.100365
1.17	0.86	0.0940604
1.17	0.87	0.0879563
1.17	0.88	0.0820526
1.17	0.89	0.0763495
1.17	0.9	0.0708469
1.17	0.91	0.0655449
1.17	0.92	0.0604433
1.17	0.93	0.0555423
1.17	0.94	0.0508418
1.17	0.95	0.0463419
1.17	0.96	0.0420424
1.17	0.97	0.0379435
1.17	0.98	0.034045
1.17	0.99	0.0303471
1.17	1	0.0268497
1.17	1.01	0.0235528
1.17	1.02	0.0204564
1.17	1.03	0.0175605
1.17	1.04	0.0148651
1.17	1.05	0.0123702
1.17	1.06	0.0100757
1.17	1.07	0.0079818
1.17	1.08	0.00608835
1.17	1.09	0.00439538
1.17	1.1	0.00290288
1.17	1.11	0.00161086
1.17	1.12	0.000519305
1.17	1.13	-0.000371784
1.17	1.14	-0.00106241
1.17	1.15	-0.00155258
1.17	1.16	-0.0018423
1.17	1.17	-0.00193157
1.17	1.18	-0.00182039
1.17	1.19	-0.00150878
1.17	1.2	-0.000996732
1.17	1.21	-0.000284257
1.17	1.22	0.000628643
1.17	1.23	0.00174196
1.17	1.24	0.0030557
1.17	1.25	0.00456984
1.17	1.26	0.00628439
1.17	1.27	0.00819934
1.17	1.28	0.0103147
1.17	1.29	0.0126304
1.17	1.3	0.0151465
1.17	1.31	0.017863
1.17	1.32	0.0207799
1.17	1.33	0.0238972
1.17	1.34	0.0272148
1.17	1.35	0.0307327
1.17	1.36	0.0344511
1.17	1.37	0.0383697
1.17	1.38	0.0424888
1.17	1.39	0.0468081
1.17	1.4	0.0513278
1.17	1.41	0.0560478
1.17	1.42	0.0609681
1.17	1.43	0.0660888
1.17	1.44	0.0714097
1.17	1.45	0.076931
1.17	1.46	0.0826525
1.17	1.47	0.0885744
1.17	1.48	0.0946965
1.17	1.49	0.101019
1.17	1.5	0.107542
1.17	1.51	0.114265
1.17	1.52	0.121188
1.17	1.53	0.128311
1.17	1.54	0.135635
1.17	1.55	0.143159
1.17	1.56	0.150883
1.17	1.57	0.158808
1.17	1.58	0.166932
1.17	1.59	0.175257
1.17	1.6	0.183782
1.17	1.61	0.192508
1.17	1.62	0.201433
1.17	1.63	0.210559
1.17	1.64	0.219885
1.17	1.65	0.229411
1.17	1.66	0.239137
1.17	1.67	0.249064
1.17	1.68	0.25919
1.17	1.69	0.269517
1.17	1.7	0.280044
1.17	1.71	0.290771
1.17	1.72	0.301699
1.17	1.73	0.312826
1.17	1.74	0.324153
1.17	1.75	0.335681
1.17	1.76	0.347409
1.17	1.77	0.359337
1.17	1.78	0.371465
1.17	1.79	0.383793
1.17	1.8	0.396321
1.17	1.81	0.40905
1.17	1.82	0.421978
1.17	1.83	0.435107
1.17	1.84	0.448435
1.17	1.85	0.461964
1.17	1.86	0.475693
1.17	1.87	0.489622
1.17	1.88	0.50375
1.17	1.89	0.518079
1.17	1.9	0.532608
1.17	1.91	0.547337
1.17	1.92	0.562266
1.17	1.93	0.577396
1.17	1.94	0.592725
1.17	1.95	0.608254
1.17	1.96	0.623983
1.17	1.97	0.639912
1.17	1.98	0.656042
1.17	1.99	0.672371
1.17	2	0.6889
1.175	0	1.38063
1.175	0.01	1.35719
1.175	0.02	1.33395
1.175	0.03	1.31092
1.175	0.04	1.28808
1.175	0.05	1.26544
1.175	0.06	1.24301
1.175	0.07	1.22077
1.175	0.08	1.19874
1.175	0.09	1.1769
1.175	0.1	1.15526
1.175	0.11	1.13383
1.175	0.12	1.11259
1.175	0.13	1.09156
1.175	0.14	1.07072
1.175	0.15	1.05009
1.175	0.16	1.02965
1.175	0.17	1.00942
1.175	0.18	0.989384
1.175	0.19	0.96955
1.175	0.2	0.949916
1.175	0.21	0.930482
1.175	0.22	0.911249
1.175	0.23	0.892216
1.175	0.24	0.873383
1.175	0.25	0.85475
1.175	0.26	0.836317
1.175	0.27	0.818085
1.175	0.28	0.800053
1.175	0.29	0.782222
1.175	0.3	0.76459
1.175	0.31	0.747159
1.175	0.32	0.729929
1.175	0.33	0.712898
1.175	0.34	0.696068
1.175	0.35	0.679439
1.175	0.36	0.663009
1.175	0.37	0.64678
1.175	0.38	0.630752
1.175	0.39	0.614924
1.175	0.4	0.599296
1.175	0.41	0.583869
1.175	0.42	0.568642
1.175	0.43	0.553615
1.175	0.44	0.538789
1.175	0.45	0.524163
1.175	0.46	0.509738
1.175	0.47	0.495513
1.175	0.48	0.481489
1.175	0.49	0.467665
1.175	0.5	0.454041
1.175	0.51	0.440618
1.175	0.52	0.427396
1.175	0.53	0.414374
1.175	0.54	0.401552
1.175	0.55	0.388931
1.175	0.56	0.37651
1.175	0.57	0.36429
1.175	0.58	0.35227
1.175	0.59	0.340451
1.175	0.6	0.328833
1.175	0.61	0.317414
1.175	0.62	0.306197
1.175	0.63	0.29518
1.175	0.64	0.284363
1.175	0.65	0.273747
1.175	0.66	0.263331
1.175	0.67	0.253116
1.175	0.68	0.243102
1.175	0.69	0.233288
1.175	0.7	0.223674
1.175	0.71	0.214261
1.175	0.72	0.205049
1.175	0.73	0.196037
1.175	0.74	0.187226
1.175	0.75	0.178615
1.175	0.76	0.170204
1.175	0.77	0.161995
1.175	0.78	0.153986
1.175	0.79	0.146177
1.175	0.8	0.138569
1.175	0.81	0.131161
1.175	0.82	0.123954
1.175	0.83	0.116948
1.175	0.84	0.110142
1.175	0.85	0.103537
1.175	0.86	0.0971318
1.175	0.87	0.0909275
1.175	0.88	0.0849238
1.175	0.89	0.0791206
1.175	0.9	0.0735179
1.175	0.91	0.0681158
1.175	0.92	0.0629142
1.175	0.93	0.0579132
1.175	0.94	0.0531127
1.175	0.95	0.0485127
1.175	0.96	0.0441133
1.175	0.97	0.0399143
1.175	0.98	0.035916
1.175	0.99	0.0321181
1.175	1	0.0285207
1.175	1.01	0.0251239
1.175	1.02	0.0219276
1.175	1.03	0.0189318
1.175	1.04	0.0161365
1.175	1.05	0.0135417
1.175	1.06	0.0111475
1.175	1.07	0.00895368
1.175	1.08	0.0069604
1.175	1.09	0.00516762
1.175	1.1	0.00357532
1.175	1.11	0.0021835
1.175	1.12	0.000992173
1.175	1.13	1.31991e-06
1.175	1.14	-0.00078906
1.175	1.15	-0.00137897
1.175	1.16	-0.00176842
1.175	1.17	-0.0019574
1.175	1.18	-0.00194593
1.175	1.19	-0.00173402
1.175	1.2	-0.00132165
1.175	1.21	-0.000708849
1.175	1.22	0.000104391
1.175	1.23	0.00111806
1.175	1.24	0.00233216
1.175	1.25	0.00374667
1.175	1.26	0.0053616
1.175	1.27	0.00717695
1.175	1.28	0.0091927
1.175	1.29	0.0114088
1.175	1.3	0.0138254
1.175	1.31	0.0164423
1.175	1.32	0.0192596
1.175	1.33	0.0222773
1.175	1.34	0.0254954
1.175	1.35	0.0289139
1.175	1.36	0.0325327
1.175	1.37	0.0363518
1.175	1.38	0.0403714
1.175	1.39	0.0445912
1.175	1.4	0.0490114
1.175	1.41	0.053632
1.175	1.42	0.0584528
1.175	1.43	0.063474
1.175	1.44	0.0686955
1.175	1.45	0.0741173
1.175	1.46	0.0797394
1.175	1.47	0.0855619
1.175	1.48	0.0915846
1.175	1.49	0.0978076
1.175	1.5	0.104231
1.175	1.51	0.110854
1.175	1.52	0.117678
1.175	1.53	0.124702
1.175	1.54	0.131927
1.175	1.55	0.139351
1.175	1.56	0.146976
1.175	1.57	0.154801
1.175	1.58	0.162827
1.175	1.59	0.171052
1.175	1.6	0.179478
1.175	1.61	0.188104
1.175	1.62	0.19693
1.175	1.63	0.205957
1.175	1.64	0.215183
1.175	1.65	0.22461
1.175	1.66	0.234237
1.175	1.67	0.244064
1.175	1.68	0.254091
1.175	1.69	0.264319
1.175	1.7	0.274746
1.175	1.71	0.285374
1.175	1.72	0.296202
1.175	1.73	0.30723
1.175	1.74	0.318459
1.175	1.75	0.329887
1.175	1.76	0.341516
1.175	1.77	0.353344
1.175	1.78	0.365373
1.175	1.79	0.377602
1.175	1.8	0.390031
1.175	1.81	0.40266
1.175	1.82	0.415489
1.175	1.83	0.428519
1.175	1.84	0.441748
1.175	1.85	0.455177
1.175	1.86	0.468807
1.175	1.87	0.482636
1.175	1.88	0.496666
1.175	1.89	0.510896
1.175	1.9	0.525326
1.175	1.91	0.539955
1.175	1.92	0.554785
1.175	1.93	0.569815
1.175	1.94	0.585045
1.175	1.95	0.600475
1.175	1.96	0.616105
1.175	1.97	0.631935
1.175	1.98	0.647965
1.175	1.99	0.664195
1.175	2	0.680625
1.18	0	1.3924
1.18	0.01	1.36886
1.18	0.02	1.34553
1.18	0.03	1.32239
1.18	0.04	1.29945
1.18	0.05	1.27671
1.18	0.06	1.25418
1.18	0.07	1.23184
1.18	0.08	1.2097
1.18	0.09	1.18777
1.18	0.1	1.16603
1.18	0.11	1.14449
1.18	0.12	1.12316
1.18	0.13	1.10202
1.18	0.14	1.08109
1.18	0.15	1.06035
1.18	0.16	1.03981
1.18	0.17	1.01948
1.18	0.18	0.999343
1.18	0.19	0.979408
1.18	0.2	0.959673
1.18	0.21	0.940138
1.18	0.22	0.920804
1.18	0.23	0.90167
1.18	0.24	0.882736
1.18	0.25	0.864002
1.18	0.26	0.845469
1.18	0.27	0.827136
1.18	0.28	0.809003
1.18	0.29	0.791071
1.18	0.3	0.773339
1.18	0.31	0.755807
1.18	0.32	0.738475
1.18	0.33	0.721344
1.18	0.34	0.704414
1.18	0.35	0.687683
1.18	0.36	0.671153
1.18	0.37	0.654824
1.18	0.38	0.638694
1.18	0.39	0.622765
1.18	0.4	0.607037
1.18	0.41	0.591509
1.18	0.42	0.576181
1.18	0.43	0.561054
1.18	0.44	0.546127
1.18	0.45	0.531401
1.18	0.46	0.516875
1.18	0.47	0.502549
1.18	0.48	0.488424
1.18	0.49	0.4745
1.18	0.5	0.460776
1.18	0.51	0.447252
1.18	0.52	0.433929
1.18	0.53	0.420806
1.18	0.54	0.407884
1.18	0.55	0.395162
1.18	0.56	0.382641
1.18	0.57	0.370321
1.18	0.58	0.3582
1.18	0.59	0.346281
1.18	0.6	0.334562
1.18	0.61	0.323043
1.18	0.62	0.311725
1.18	0.63	0.300607
1.18	0.64	0.28969
1.18	0.65	0.278974
1.18	0.66	0.268458
1.18	0.67	0.258142
1.18	0.68	0.248027
1.18	0.69	0.238113
1.18	0.7	0.228399
1.18	0.71	0.218886
1.18	0.72	0.209573
1.18	0.73	0.200461
1.18	0.74	0.191549
1.18	0.75	0.182838
1.18	0.76	0.174328
1.18	0.77	0.166018
1.18	0.78	0.157908
1.18	0.79	0.149999
1.18	0.8	0.142291
1.18	0.81	0.134783
1.18	0.82	0.127476
1.18	0.83	0.12037
1.18	0.84	0.113464
1.18	0.85	0.106758
1.18	0.86	0.100253
1.18	0.87	0.0939487
1.18	0.88	0.0878449
1.18	0.89	0.0819416
1.18	0.9	0.0762389
1.18	0.91	0.0707367
1.18	0.92	0.0654351
1.18	0.93	0.060334
1.18	0.94	0.0554335
1.18	0.95	0.0507335
1.18	0.96	0.0462341
1.18	0.97	0.0419352
1.18	0.98	0.0378369
1.18	0.99	0.0339391
1.18	1	0.0302418
1.18	1.01	0.026745
1.18	1.02	0.0234488
1.18	1.03	0.0203531
1.18	1.04	0.017458
1.18	1.05	0.0147633
1.18	1.06	0.0122692
1.18	1.07	0.00997556
1.18	1.08	0.00788246
1.18	1.09	0.00598985
1.18	1.1	0.00429775
1.18	1.11	0.00280615
1.18	1.12	0.00151504
1.18	1.13	0.000424426
1.18	1.14	-0.000465706
1.18	1.15	-0.00115536
1.18	1.16	-0.00164453
1.18	1.17	-0.00193323
1.18	1.18	-0.00202147
1.18	1.19	-0.00190925
1.18	1.2	-0.00159657
1.18	1.21	-0.00108343
1.18	1.22	-0.000369856
1.18	1.23	0.000544165
1.18	1.24	0.00165862
1.18	1.25	0.00297351
1.18	1.26	0.00448883
1.18	1.27	0.00620456
1.18	1.28	0.00812071
1.18	1.29	0.0102373
1.18	1.3	0.0125542
1.18	1.31	0.0150716
1.18	1.32	0.0177894
1.18	1.33	0.0207075
1.18	1.34	0.0238261
1.18	1.35	0.027145
1.18	1.36	0.0306643
1.18	1.37	0.0343839
1.18	1.38	0.038304
1.18	1.39	0.0424243
1.18	1.4	0.0467451
1.18	1.41	0.0512661
1.18	1.42	0.0559875
1.18	1.43	0.0609092
1.18	1.44	0.0660313
1.18	1.45	0.0713537
1.18	1.46	0.0768764
1.18	1.47	0.0825993
1.18	1.48	0.0885226
1.18	1.49	0.0946462
1.18	1.5	0.10097
1.18	1.51	0.107494
1.18	1.52	0.114219
1.18	1.53	0.121143
1.18	1.54	0.128268
1.18	1.55	0.135594
1.18	1.56	0.143119
1.18	1.57	0.150845
1.18	1.58	0.158771
1.18	1.59	0.166897
1.18	1.6	0.175224
1.18	1.61	0.18375
1.18	1.62	0.192477
1.18	1.63	0.201404
1.18	1.64	0.210531
1.18	1.65	0.219859
1.18	1.66	0.229387
1.18	1.67	0.239115
1.18	1.68	0.249043
1.18	1.69	0.259171
1.18	1.7	0.269499
1.18	1.71	0.280028
1.18	1.72	0.290756
1.18	1.73	0.301685
1.18	1.74	0.312814
1.18	1.75	0.324143
1.18	1.76	0.335673
1.18	1.77	0.347402
1.18	1.78	0.359331
1.18	1.79	0.371461
1.18	1.8	0.383791
1.18	1.81	0.396321
1.18	1.82	0.409051
1.18	1.83	0.421981
1.18	1.84	0.435111
1.18	1.85	0.448441
1.18	1.86	0.461971
1.18	1.87	0.475702
1.18	1.88	0.489632
1.18	1.89	0.503762
1.18	1.9	0.518093
1.18	1.91	0.532624
1.18	1.92	0.547354
1.18	1.93	0.562285
1.18	1.94	0.577416
1.18	1.95	0.592746
1.18	1.96	0.608277
1.18	1.97	0.624008
1.18	1.98	0.639938
1.18	1.99	0.656069
1.18	2	0.6724
1.185	0	1.40423
1.185	0.01	1.38059
1.185	0.02	1.35715
1.185	0.03	1.33391
1.185	0.04	1.31087
1.185	0.05	1.28803
1.185	0.06	1.2654
1.185	0.07	1.24296
1.185	0.08	1.22072
1.185	0.09	1.19868
1.185	0.1	1.17685
1.185	0.11	1.15521
1.185	0.12	1.13377
1.185	0.13	1.11253
1.185	0.14	1.0915
1.185	0.15	1.07066
1.185	0.16	1.05002
1.185	0.17	1.02959
1.185	0.18	1.00935
1.185	0.19	0.989316
1.185	0.2	0.96948
1.185	0.21	0.949845
1.185	0.22	0.93041
1.185	0.23	0.911175
1.185	0.24	0.89214
1.185	0.25	0.873305
1.185	0.26	0.854671
1.185	0.27	0.836237
1.185	0.28	0.818004
1.185	0.29	0.799971
1.185	0.3	0.782138
1.185	0.31	0.764505
1.185	0.32	0.747073
1.185	0.33	0.729841
1.185	0.34	0.71281
1.185	0.35	0.695978
1.185	0.36	0.679348
1.185	0.37	0.662917
1.185	0.38	0.646687
1.185	0.39	0.630658
1.185	0.4	0.614829
1.185	0.41	0.5992
1.185	0.42	0.583772
1.185	0.43	0.568544
1.185	0.44	0.553516
1.185	0.45	0.538689
1.185	0.46	0.524063
1.185	0.47	0.509637
1.185	0.48	0.495411
1.185	0.49	0.481386
1.185	0.5	0.467561
1.185	0.51	0.453937
1.185	0.52	0.440513
1.185	0.53	0.42729
1.185	0.54	0.414267
1.185	0.55	0.401445
1.185	0.56	0.388823
1.185	0.57	0.376402
1.185	0.58	0.364181
1.185	0.59	0.352161
1.185	0.6	0.340342
1.185	0.61	0.328722
1.185	0.62	0.317304
1.185	0.63	0.306086
1.185	0.64	0.295068
1.185	0.65	0.284251
1.185	0.66	0.273635
1.185	0.67	0.263219
1.185	0.68	0.253004
1.185	0.69	0.242989
1.185	0.7	0.233175
1.185	0.71	0.223562
1.185	0.72	0.214148
1.185	0.73	0.204936
1.185	0.74	0.195924
1.185	0.75	0.187113
1.185	0.76	0.178502
1.185	0.77	0.170092
1.185	0.78	0.161882
1.185	0.79	0.153873
1.185	0.8	0.146065
1.185	0.81	0.138457
1.185	0.82	0.131049
1.185	0.83	0.123842
1.185	0.84	0.116836
1.185	0.85	0.110031
1.185	0.86	0.103425
1.185	0.87	0.097021
1.185	0.88	0.0908171
1.185	0.89	0.0848137
1.185	0.9	0.0790109
1.185	0.91	0.0734087
1.185	0.92	0.068007
1.185	0.93	0.0628059
1.185	0.94	0.0578054
1.185	0.95	0.0530054
1.185	0.96	0.048406
1.185	0.97	0.0440072
1.185	0.98	0.0398088
1.185	0.99	0.0358111
1.185	1	0.0320139
1.185	1.01	0.0284172
1.185	1.02	0.0250211
1.185	1.03	0.0218255
1.185	1.04	0.0188304
1.185	1.05	0.0160359
1.185	1.06	0.0134419
1.185	1.07	0.0110485
1.185	1.08	0.00885551
1.185	1.09	0.00686309
1.185	1.1	0.00507119
1.185	1.11	0.00347979
1.185	1.12	0.0020889
1.185	1.13	0.000898517
1.185	1.14	-9.13727e-05
1.185	1.15	-0.000880764
1.185	1.16	-0.00146967
1.185	1.17	-0.0018581
1.185	1.18	-0.00204604
1.185	1.19	-0.00203352
1.185	1.2	-0.00182053
1.185	1.21	-0.00140707
1.185	1.22	-0.000793161
1.185	1.23	2.12029e-05
1.185	1.24	0.00103601
1.185	1.25	0.00225127
1.185	1.26	0.00366696
1.185	1.27	0.00528308
1.185	1.28	0.00709963
1.185	1.29	0.0091166
1.185	1.3	0.011334
1.185	1.31	0.0137518
1.185	1.32	0.01637
1.185	1.33	0.0191886
1.185	1.34	0.0222076
1.185	1.35	0.025427
1.185	1.36	0.0288467
1.185	1.37	0.0324669
1.185	1.38	0.0362874
1.185	1.39	0.0403082
1.185	1.4	0.0445295
1.185	1.41	0.0489511
1.185	1.42	0.053573
1.185	1.43	0.0583952
1.185	1.44	0.0634178
1.185	1.45	0.0686408
1.185	1.46	0.074064
1.185	1.47	0.0796876
1.185	1.48	0.0855114
1.185	1.49	0.0915356
1.185	1.5	0.09776
1.185	1.51	0.104185
1.185	1.52	0.11081
1.185	1.53	0.117635
1.185	1.54	0.124661
1.185	1.55	0.131887
1.185	1.56	0.139313
1.185	1.57	0.146939
1.185	1.58	0.154766
1.185	1.59	0.162793
1.185	1.6	0.17102
1.185	1.61	0.179447
1.185	1.62	0.188075
1.185	1.63	0.196902
1.185	1.64	0.20593
1.185	1.65	0.215158
1.185	1.66	0.224587
1.185	1.67	0.234215
1.185	1.68	0.244044
1.185	1.69	0.254073
1.185	1.7	0.264302
1.185	1.71	0.274731
1.185	1.72	0.285361
1.185	1.73	0.29619
1.185	1.74	0.30722
1.185	1.75	0.31845
1.185	1.76	0.32988
1.185	1.77	0.34151
1.185	1.78	0.35334
1.185	1.79	0.36537
1.185	1.8	0.377601
1.185	1.81	0.390031
1.185	1.82	0.402662
1.185	1.83	0.415493
1.185	1.84	0.428524
1.185	1.85	0.441755
1.185	1.86	0.455186
1.185	1.87	0.468817
1.185	1.88	0.482648
1.185	1.89	0.496679
1.185	1.9	0.51091
1.185	1.91	0.525342
1.185	1.92	0.539973
1.185	1.93	0.554805
1.185	1.94	0.569836
1.185	1.95	0.585067
1.185	1.96	0.600499
1.185	1.97	0.61613
1.185	1.98	0.631962
1.185	1.99	0.647993
1.185	2	0.664225
1.19	0	1.4161
1.19	0.01	1.39236
1.19	0.02	1.36882
1.19	0.03	1.34548
1.19	0.04	1.32234
1.19	0.05	1.29941
1.19	0.06	1.27667
1.19	0.07	1.25413
1.19	0.08	1.23179
1.19	0.09	1.20965
1.19	0.1	1.18771
1.19	0.11	1.16597
1.19	0.12	1.14444
1.19	0.13	1.1231
1.19	0.14	1.10196
1.19	0.15	1.08102
1.19	0.16	1.06029
1.19	0.17	1.03975
1.19	0.18	1.01941
1.19	0.19	0.999274
1.19	0.2	0.979338
1.19	0.21	0.959601
1.19	0.22	0.940065
1.19	0.23	0.920729
1.19	0.24	0.901594
1.19	0.25	0.882659
1.19	0.26	0.863924
1.19	0.27	0.845389
1.19	0.28	0.827055
1.19	0.29	0.808921
1.19	0.3	0.790987
1.19	0.31	0.773254
1.19	0.32	0.755721
1.19	0.33	0.738388
1.19	0.34	0.721256
1.19	0.35	0.704324
1.19	0.36	0.687592
1.19	0.37	0.671061
1.19	0.38	0.654731
1.19	0.39	0.6386
1.19	0.4	0.622671
1.19	0.41	0.606941
1.19	0.42	0.591412
1.19	0.43	0.576084
1.19	0.44	0.560955
1.19	0.45	0.546028
1.19	0.46	0.531301
1.19	0.47	0.516774
1.19	0.48	0.502448
1.19	0.49	0.488322
1.19	0.5	0.474397
1.19	0.51	0.460672
1.19	0.52	0.447148
1.19	0.53	0.433824
1.19	0.54	0.420701
1.19	0.55	0.407778
1.19	0.56	0.395056
1.19	0.57	0.382534
1.19	0.58	0.370213
1.19	0.59	0.358092
1.19	0.6	0.346172
1.19	0.61	0.334452
1.19	0.62	0.322933
1.19	0.63	0.311615
1.19	0.64	0.300497
1.19	0.65	0.289579
1.19	0.66	0.278863
1.19	0.67	0.268346
1.19	0.68	0.258031
1.19	0.69	0.247916
1.19	0.7	0.238001
1.19	0.71	0.228287
1.19	0.72	0.218774
1.19	0.73	0.209461
1.19	0.74	0.200349
1.19	0.75	0.191437
1.19	0.76	0.182726
1.19	0.77	0.174216
1.19	0.78	0.165906
1.19	0.79	0.157797
1.19	0.8	0.149888
1.19	0.81	0.14218
1.19	0.82	0.134672
1.19	0.83	0.127365
1.19	0.84	0.120259
1.19	0.85	0.113353
1.19	0.86	0.106648
1.19	0.87	0.100143
1.19	0.88	0.0938393
1.19	0.89	0.0877358
1.19	0.9	0.0818329
1.19	0.91	0.0761307
1.19	0.92	0.070629
1.19	0.93	0.0653278
1.19	0.94	0.0602273
1.19	0.95	0.0553273
1.19	0.96	0.0506279
1.19	0.97	0.0461291
1.19	0.98	0.0418308
1.19	0.99	0.0377331
1.19	1	0.0338359
1.19	1.01	0.0301393
1.19	1.02	0.0266433
1.19	1.03	0.0233478
1.19	1.04	0.0202529
1.19	1.05	0.0173585
1.19	1.06	0.0146647
1.19	1.07	0.0121713
1.19	1.08	0.00987857
1.19	1.09	0.00778633
1.19	1.1	0.00589462
1.19	1.11	0.00420343
1.19	1.12	0.00271276
1.19	1.13	0.00142261
1.19	1.14	0.00033296
1.19	1.15	-0.000556169
1.19	1.16	-0.00124481
1.19	1.17	-0.00173295
1.19	1.18	-0.00202061
1.19	1.19	-0.00210779
1.19	1.2	-0.00199448
1.19	1.21	-0.00168071
1.19	1.22	-0.00116646
1.19	1.23	-0.000451753
1.19	1.24	0.000463413
1.19	1.25	0.00157903
1.19	1.26	0.0028951
1.19	1.27	0.00441161
1.19	1.28	0.00612855
1.19	1.29	0.00804593
1.19	1.3	0.0101637
1.19	1.31	0.012482
1.19	1.32	0.0150006
1.19	1.33	0.0177197
1.19	1.34	0.0206391
1.19	1.35	0.0237589
1.19	1.36	0.0270792
1.19	1.37	0.0305998
1.19	1.38	0.0343208
1.19	1.39	0.0382422
1.19	1.4	0.0423639
1.19	1.41	0.046686
1.19	1.42	0.0512085
1.19	1.43	0.0559313
1.19	1.44	0.0608544
1.19	1.45	0.0659779
1.19	1.46	0.0713017
1.19	1.47	0.0768258
1.19	1.48	0.0825502
1.19	1.49	0.088475
1.19	1.5	0.0946
1.19	1.51	0.100925
1.19	1.52	0.107451
1.19	1.53	0.114177
1.19	1.54	0.121103
1.19	1.55	0.12823
1.19	1.56	0.135556
1.19	1.57	0.143083
1.19	1.58	0.150811
1.19	1.59	0.158738
1.19	1.6	0.166866
1.19	1.61	0.175194
1.19	1.62	0.183722
1.19	1.63	0.192451
1.19	1.64	0.201379
1.19	1.65	0.210508
1.19	1.66	0.219837
1.19	1.67	0.229366
1.19	1.68	0.239096
1.19	1.69	0.249025
1.19	1.7	0.259155
1.19	1.71	0.269485
1.19	1.72	0.280015
1.19	1.73	0.290745
1.19	1.74	0.301676
1.19	1.75	0.312806
1.19	1.76	0.324137
1.19	1.77	0.335668
1.19	1.78	0.347399
1.19	1.79	0.35933
1.19	1.8	0.371461
1.19	1.81	0.383792
1.19	1.82	0.396324
1.19	1.83	0.409055
1.19	1.84	0.421987
1.19	1.85	0.435118
1.19	1.86	0.44845
1.19	1.87	0.461982
1.19	1.88	0.475714
1.19	1.89	0.489646
1.19	1.9	0.503778
1.19	1.91	0.51811
1.19	1.92	0.532642
1.19	1.93	0.547374
1.19	1.94	0.562306
1.19	1.95	0.577439
1.19	1.96	0.592771
1.19	1.97	0.608303
1.19	1.98	0.624035
1.19	1.99	0.639968
1.19	2	0.6561
1.195	0	1.42803
1.195	0.01	1.40419
1.195	0.02	1.38055
1.195	0.03	1.35711
1.195	0.04	1.33387
1.195	0.05	1.31083
1.195	0.06	1.28799
1.195	0.07	1.26535
1.195	0.08	1.24291
1.195	0.09	1.22067
1.195	0.1	1.19863
1.195	0.11	1.17679
1.195	0.12	1.15515
1.195	0.13	1.13371
1.195	0.14	1.11247
1.195	0.15	1.09143
1.195	0.16	1.0706
1.195	0.17	1.04996
1.195	0.18	1.02952
1.195	0.19	1.00928
1.195	0.2	0.989245
1.195	0.21	0.969408
1.195	0.22	0.949771
1.195	0.23	0.930334
1.195	0.24	0.911098
1.195	0.25	0.892062
1.195	0.26	0.873226
1.195	0.27	0.854591
1.195	0.28	0.836156
1.195	0.29	0.817921
1.195	0.3	0.799886
1.195	0.31	0.782052
1.195	0.32	0.764418
1.195	0.33	0.746985
1.195	0.34	0.729752
1.195	0.35	0.712719
1.195	0.36	0.695887
1.195	0.37	0.679255
1.195	0.38	0.662824
1.195	0.39	0.646593
1.195	0.4	0.630563
1.195	0.41	0.614732
1.195	0.42	0.599103
1.195	0.43	0.583674
1.195	0.44	0.568445
1.195	0.45	0.553417
1.195	0.46	0.538589
1.195	0.47	0.523961
1.195	0.48	0.509535
1.195	0.49	0.495308
1.195	0.5	0.481282
1.195	0.51	0.467457
1.195	0.52	0.453832
1.195	0.53	0.440408
1.195	0.54	0.427184
1.195	0.55	0.414161
1.195	0.56	0.401338
1.195	0.57	0.388716
1.195	0.58	0.376294
1.195	0.59	0.364073
1.195	0.6	0.352052
1.195	0.61	0.340232
1.195	0.62	0.328613
1.195	0.63	0.317194
1.195	0.64	0.305976
1.195	0.65	0.294958
1.195	0.66	0.284141
1.195	0.67	0.273524
1.195	0.68	0.263108
1.195	0.69	0.252893
1.195	0.7	0.242878
1.195	0.71	0.233064
1.195	0.72	0.22345
1.195	0.73	0.214037
1.195	0.74	0.204825
1.195	0.75	0.195813
1.195	0.76	0.187002
1.195	0.77	0.178391
1.195	0.78	0.169981
1.195	0.79	0.161771
1.195	0.8	0.153762
1.195	0.81	0.145954
1.195	0.82	0.138346
1.195	0.83	0.130939
1.195	0.84	0.123733
1.195	0.85	0.116727
1.195	0.86	0.109921
1.195	0.87	0.103317
1.195	0.88	0.0969125
1.195	0.89	0.090709
1.195	0.9	0.084706
1.195	0.91	0.0789037
1.195	0.92	0.0733019
1.195	0.93	0.0679008
1.195	0.94	0.0627002
1.195	0.95	0.0577003
1.195	0.96	0.0529009
1.195	0.97	0.048302
1.195	0.98	0.0439038
1.195	0.99	0.0397061
1.195	1	0.035709
1.195	1.01	0.0319125
1.195	1.02	0.0283166
1.195	1.03	0.0249212
1.195	1.04	0.0217264
1.195	1.05	0.0187321
1.195	1.06	0.0159384
1.195	1.07	0.0133452
1.195	1.08	0.0109526
1.195	1.09	0.00876058
1.195	1.1	0.00676906
1.195	1.11	0.00497807
1.195	1.12	0.00338762
1.195	1.13	0.00199772
1.195	1.14	0.000808332
1.195	1.15	-0.000180534
1.195	1.16	-0.000968904
1.195	1.17	-0.00155678
1.195	1.18	-0.00194415
1.195	1.19	-0.00213103
1.195	1.2	-0.00211743
1.195	1.21	-0.00190333
1.195	1.22	-0.00148876
1.195	1.23	-0.000873717
1.195	1.24	-5.82033e-05
1.195	1.25	0.000957774
1.195	1.26	0.00217421
1.195	1.27	0.00359109
1.195	1.28	0.00520843
1.195	1.29	0.0070262
1.195	1.3	0.00904442
1.195	1.31	0.0112631
1.195	1.32	0.0136821
1.195	1.33	0.0163016
1.195	1.34	0.0191215
1.195	1.35	0.0221418
1.195	1.36	0.0253625
1.195	1.37	0.0287836
1.195	1.38	0.0324051
1.195	1.39	0.0362269
1.195	1.4	0.0402492
1.195	1.41	0.0444718
1.195	1.42	0.0488947
1.195	1.43	0.0535181
1.195	1.44	0.0583417
1.195	1.45	0.0633657
1.195	1.46	0.0685901
1.195	1.47	0.0740148
1.195	1.48	0.0796397
1.195	1.49	0.0854651
1.195	1.5	0.0914907
1.195	1.51	0.0977166
1.195	1.52	0.104143
1.195	1.53	0.110769
1.195	1.54	0.117596
1.195	1.55	0.124623
1.195	1.56	0.131851
1.195	1.57	0.139278
1.195	1.58	0.146906
1.195	1.59	0.154734
1.195	1.6	0.162763
1.195	1.61	0.170991
1.195	1.62	0.17942
1.195	1.63	0.188049
1.195	1.64	0.196879
1.195	1.65	0.205908
1.195	1.66	0.215138
1.195	1.67	0.224568
1.195	1.68	0.234198
1.195	1.69	0.244028
1.195	1.7	0.254058
1.195	1.71	0.264289
1.195	1.72	0.27472
1.195	1.73	0.285351
1.195	1.74	0.296182
1.195	1.75	0.307213
1.195	1.76	0.318444
1.195	1.77	0.329876
1.195	1.78	0.341508
1.195	1.79	0.353339
1.195	1.8	0.365371
1.195	1.81	0.377603
1.195	1.82	0.390036
1.195	1.83	0.402668
1.195	1.84	0.4155
1.195	1.85	0.428532
1.195	1.86	0.441765
1.195	1.87	0.455197
1.195	1.88	0.46883
1.195	1.89	0.482663
1.195	1.9	0.496696
1.195	1.91	0.510928
1.195	1.92	0.525361
1.195	1.93	0.539994
1.195	1.94	0.554827
1.195	1.95	0.56986
1.195	1.96	0.585093
1.195	1.97	0.600526
1.195	1.98	0.616159
1.195	1.99	0.631992
1.195	2	0.648025
1.2	0	1.44
1.2	0.01	1.41606
1.2	0.02	1.39232
1.2	0.03	1.36878
1.2	0.04	1.34544
1.2	0.05	1.3223
1.2	0.06	1.29936
1.2	0.07	1.27662
1.2	0.08	1.25408
1.2	0.09	1.23173
1.2	0.1	1.20959
1.2	0.11	1.18765
1.2	0.12	1.16591
1.2	0.13	1.14438
1.2	0.14	1.12304
1.2	0.15	1.1019
1.2	0.16	1.08096
1.2	0.17	1.06022
1.2	0.18	1.03968
1.2	0.19	1.01934
1.2	0.2	0.999203
1.2	0.21	0.979265
1.2	0.22	0.959527
1.2	0.23	0.93999
1.2	0.24	0.920652
1.2	0.25	0.901516
1.2	0.26	0.882579
1.2	0.27	0.863843
1.2	0.28	0.845307
1.2	0.29	0.826971
1.2	0.3	0.808836
1.2	0.31	0.790901
1.2	0.32	0.773167
1.2	0.33	0.755633
1.2	0.34	0.738299
1.2	0.35	0.721166
1.2	0.36	0.704233
1.2	0.37	0.6875
1.2	0.38	0.670968
1.2	0.39	0.654636
1.2	0.4	0.638505
1.2	0.41	0.622574
1.2	0.42	0.606844
1.2	0.43	0.591314
1.2	0.44	0.575985
1.2	0.45	0.560856
1.2	0.46	0.545928
1.2	0.47	0.5312
1.2	0.48	0.516672
1.2	0.49	0.502345
1.2	0.5	0.488219
1.2	0.51	0.474293
1.2	0.52	0.460568
1.2	0.53	0.447043
1.2	0.54	0.433718
1.2	0.55	0.420595
1.2	0.56	0.407671
1.2	0.57	0.394949
1.2	0.58	0.382426
1.2	0.59	0.370105
1.2	0.6	0.357984
1.2	0.61	0.346063
1.2	0.62	0.334344
1.2	0.63	0.322824
1.2	0.64	0.311506
1.2	0.65	0.300387
1.2	0.66	0.28947
1.2	0.67	0.278753
1.2	0.68	0.268237
1.2	0.69	0.257921
1.2	0.7	0.247806
1.2	0.71	0.237891
1.2	0.72	0.228177
1.2	0.73	0.218664
1.2	0.74	0.209351
1.2	0.75	0.200239
1.2	0.76	0.191327
1.2	0.77	0.182616
1.2	0.78	0.174106
1.2	0.79	0.165796
1.2	0.8	0.157687
1.2	0.81	0.149779
1.2	0.82	0.142071
1.2	0.83	0.134564
1.2	0.84	0.127257
1.2	0.85	0.120151
1.2	0.86	0.113245
1.2	0.87	0.106541
1.2	0.88	0.100036
1.2	0.89	0.0937328
1.2	0.9	0.0876298
1.2	0.91	0.0817274
1.2	0.92	0.0760256
1.2	0.93	0.0705244
1.2	0.94	0.0652239
1.2	0.95	0.0601239
1.2	0.96	0.0552245
1.2	0.97	0.0505257
1.2	0.98	0.0460275
1.2	0.99	0.0417299
1.2	1	0.0376329
1.2	1.01	0.0337365
1.2	1.02	0.0300406
1.2	1.03	0.0265454
1.2	1.04	0.0232507
1.2	1.05	0.0201565
1.2	1.06	0.0172629
1.2	1.07	0.0145699
1.2	1.08	0.0120775
1.2	1.09	0.00978561
1.2	1.1	0.00769428
1.2	1.11	0.00580349
1.2	1.12	0.00411326
1.2	1.13	0.00262359
1.2	1.14	0.00133445
1.2	1.15	0.00024583
1.2	1.16	-0.00064228
1.2	1.17	-0.00132988
1.2	1.18	-0.00181698
1.2	1.19	-0.00210357
1.2	1.2	-0.00218966
1.2	1.21	-0.00207526
1.2	1.22	-0.00176037
1.2	1.23	-0.00124499
1.2	1.24	-0.000529135
1.2	1.25	0.000387195
1.2	1.26	0.00150399
1.2	1.27	0.00282125
1.2	1.28	0.00433897
1.2	1.29	0.00605713
1.2	1.3	0.00797575
1.2	1.31	0.0100948
1.2	1.32	0.0124143
1.2	1.33	0.0149342
1.2	1.34	0.0176546
1.2	1.35	0.0205753
1.2	1.36	0.0236965
1.2	1.37	0.027018
1.2	1.38	0.03054
1.2	1.39	0.0342623
1.2	1.4	0.038185
1.2	1.41	0.0423081
1.2	1.42	0.0466316
1.2	1.43	0.0511554
1.2	1.44	0.0558796
1.2	1.45	0.0608042
1.2	1.46	0.065929
1.2	1.47	0.0712543
1.2	1.48	0.0767798
1.2	1.49	0.0825057
1.2	1.5	0.0884319
1.2	1.51	0.0945583
1.2	1.52	0.100885
1.2	1.53	0.107412
1.2	1.54	0.11414
1.2	1.55	0.121067
1.2	1.56	0.128195
1.2	1.57	0.135523
1.2	1.58	0.143052
1.2	1.59	0.150781
1.2	1.6	0.15871
1.2	1.61	0.166839
1.2	1.62	0.175168
1.2	1.63	0.183698
1.2	1.64	0.192428
1.2	1.65	0.201358
1.2	1.66	0.210488
1.2	1.67	0.219819
1.2	1.68	0.22935
1.2	1.69	0.239081
1.2	1.7	0.249012
1.2	1.71	0.259143
1.2	1.72	0.269475
1.2	1.73	0.280006
1.2	1.74	0.290738
1.2	1.75	0.30167
1.2	1.76	0.312802
1.2	1.77	0.324134
1.2	1.78	0.335667
1.2	1.79	0.347399
1.2	1.8	0.359332
1.2	1.81	0.371464
1.2	1.82	0.383797
1.2	1.83	0.39633
1.2	1.84	0.409063
1.2	1.85	0.421996
1.2	1.86	0.43513
1.2	1.87	0.448463
1.2	1.88	0.461996
1.2	1.89	0.47573
1.2	1.9	0.489663
1.2	1.91	0.503797
1.2	1.92	0.51813
1.2	1.93	0.532664
1.2	1.94	0.547398
1.2	1.95	0.562331
1.2	1.96	0.577465
1.2	1.97	0.592799
1.2	1.98	0.608333
1.2	1.99	0.624066
1.2	2	0.64
1.205	0	1.45203
1.205	0.01	1.42798
1.205	0.02	1.40414
1.205	0.03	1.3805
1.205	0.04	1.35706
1.205	0.05	1.33382
1.205	0.06	1.31078
1.205	0.07	1.28793
1.205	0.08	1.26529
1.205	0.09	1.24285
1.205	0.1	1.22061
1.205	0.11	1.19857
1.205	0.12	1.17673
1.205	0.13	1.15509
1.205	0.14	1.13365
1.205	0.15	1.11241
1.205	0.16	1.09137
1.205	0.17	1.07053
1.205	0.18	1.04989
1.205	0.19	1.02945
1.205	0.2	1.00921
1.205	0.21	0.989172
1.205	0.22	0.969333
1.205	0.23	0.949695
1.205	0.24	0.930257
1.205	0.25	0.911019
1.205	0.26	0.891982
1.205	0.27	0.873145
1.205	0.28	0.854508
1.205	0.29	0.836072
1.205	0.3	0.817836
1.205	0.31	0.7998
1.205	0.32	0.781965
1.205	0.33	0.76433
1.205	0.34	0.746896
1.205	0.35	0.729662
1.205	0.36	0.712628
1.205	0.37	0.695795
1.205	0.38	0.679162
1.205	0.39	0.66273
1.205	0.4	0.646498
1.205	0.41	0.630466
1.205	0.42	0.614635
1.205	0.43	0.599005
1.205	0.44	0.583575
1.205	0.45	0.568345
1.205	0.46	0.553316
1.205	0.47	0.538488
1.205	0.48	0.52386
1.205	0.49	0.509432
1.205	0.5	0.495205
1.205	0.51	0.481179
1.205	0.52	0.467353
1.205	0.53	0.453728
1.205	0.54	0.440303
1.205	0.55	0.427078
1.205	0.56	0.414055
1.205	0.57	0.401231
1.205	0.58	0.388609
1.205	0.59	0.376187
1.205	0.6	0.363965
1.205	0.61	0.351944
1.205	0.62	0.340124
1.205	0.63	0.328504
1.205	0.64	0.317085
1.205	0.65	0.305867
1.205	0.66	0.294849
1.205	0.67	0.284032
1.205	0.68	0.273415
1.205	0.69	0.262999
1.205	0.7	0.252783
1.205	0.71	0.242768
1.205	0.72	0.232954
1.205	0.73	0.223341
1.205	0.74	0.213927
1.205	0.75	0.204715
1.205	0.76	0.195703
1.205	0.77	0.186892
1.205	0.78	0.178282
1.205	0.79	0.169872
1.205	0.8	0.161662
1.205	0.81	0.153654
1.205	0.82	0.145846
1.205	0.83	0.138238
1.205	0.84	0.130831
1.205	0.85	0.123625
1.205	0.86	0.11662
1.205	0.87	0.109815
1.205	0.88	0.10321
1.205	0.89	0.0968067
1.205	0.9	0.0906036
1.205	0.91	0.0846012
1.205	0.92	0.0787993
1.205	0.93	0.0731981
1.205	0.94	0.0677976
1.205	0.95	0.0625976
1.205	0.96	0.0575982
1.205	0.97	0.0527995
1.205	0.98	0.0482013
1.205	0.99	0.0438037
1.205	1	0.0396068
1.205	1.01	0.0356104
1.205	1.02	0.0318147
1.205	1.03	0.0282196
1.205	1.04	0.024825
1.205	1.05	0.021631
1.205	1.06	0.0186375
1.205	1.07	0.0158447
1.205	1.08	0.0132524
1.205	1.09	0.0108607
1.205	1.1	0.00866955
1.205	1.11	0.00667896
1.205	1.12	0.00488894
1.205	1.13	0.00329951
1.205	1.14	0.00191061
1.205	1.15	0.000722245
1.205	1.16	-0.000265606
1.205	1.17	-0.00105294
1.205	1.18	-0.00163976
1.205	1.19	-0.00202606
1.205	1.2	-0.00221185
1.205	1.21	-0.00219714
1.205	1.22	-0.00198193
1.205	1.23	-0.00156622
1.205	1.24	-0.000950018
1.205	1.25	-0.000133336
1.205	1.26	0.000883824
1.205	1.27	0.00210145
1.205	1.28	0.00351955
1.205	1.29	0.00513811
1.205	1.3	0.00695713
1.205	1.31	0.00897661
1.205	1.32	0.0111965
1.205	1.33	0.0136169
1.205	1.34	0.0162376
1.205	1.35	0.0190588
1.205	1.36	0.0220804
1.205	1.37	0.0253025
1.205	1.38	0.0287249
1.205	1.39	0.0323477
1.205	1.4	0.0361709
1.205	1.41	0.0401945
1.205	1.42	0.0444185
1.205	1.43	0.0488428
1.205	1.44	0.0534676
1.205	1.45	0.0582926
1.205	1.46	0.063318
1.205	1.47	0.0685438
1.205	1.48	0.0739699
1.205	1.49	0.0795963
1.205	1.5	0.0854231
1.205	1.51	0.0914501
1.205	1.52	0.0976775
1.205	1.53	0.104105
1.205	1.54	0.110733
1.205	1.55	0.117561
1.205	1.56	0.12459
1.205	1.57	0.131819
1.205	1.58	0.139248
1.205	1.59	0.146877
1.205	1.6	0.154707
1.205	1.61	0.162737
1.205	1.62	0.170967
1.205	1.63	0.179397
1.205	1.64	0.188028
1.205	1.65	0.196859
1.205	1.66	0.20589
1.205	1.67	0.215121
1.205	1.68	0.224552
1.205	1.69	0.234184
1.205	1.7	0.244016
1.205	1.71	0.254048
1.205	1.72	0.26428
1.205	1.73	0.274712
1.205	1.74	0.285345
1.205	1.75	0.296177
1.205	1.76	0.30721
1.205	1.77	0.318443
1.205	1.78	0.329876
1.205	1.79	0.341509
1.205	1.8	0.353342
1.205	1.81	0.365376
1.205	1.82	0.377609
1.205	1.83	0.390043
1.205	1.84	0.402677
1.205	1.85	0.415511
1.205	1.86	0.428545
1.205	1.87	0.441779
1.205	1.88	0.455213
1.205	1.89	0.468847
1.205	1.9	0.482681
1.205	1.91	0.496715
1.205	1.92	0.51095
1.205	1.93	0.525384
1.205	1.94	0.540018
1.205	1.95	0.554853
1.205	1.96	0.569887
1.205	1.97	0.585122
1.205	1.98	0.600556
1.205	1.99	0.616191
1.205	2	0.632025
1.21	0	1.4641
1.21	0.01	1.43996
1.21	0.02	1.41601
1.21	0.03	1.39227
1.21	0.04	1.36873
1.21	0.05	1.34539
1.21	0.06	1.32225
1.21	0.07	1.2993
1.21	0.08	1.27656
1.21	0.09	1.25402
1.21	0.1	1.23168
1.21	0.11	1.20954
1.21	0.12	1.18759
1.21	0.13	1.16585
1.21	0.14	1.14431
1.21	0.15	1.12297
1.21	0.16	1.10183
1.21	0.17	1.08089
1.21	0.18	1.06015
1.21	0.19	1.03961
1.21	0.2	1.01927
1.21	0.21	0.999129
1.21	0.22	0.97919
1.21	0.23	0.959451
1.21	0.24	0.939912
1.21	0.25	0.920574
1.21	0.26	0.901435
1.21	0.27	0.882498
1.21	0.28	0.86376
1.21	0.29	0.845223
1.21	0.3	0.826886
1.21	0.31	0.80875
1.21	0.32	0.790814
1.21	0.33	0.773079
1.21	0.34	0.755543
1.21	0.35	0.738209
1.21	0.36	0.721074
1.21	0.37	0.70414
1.21	0.38	0.687407
1.21	0.39	0.670874
1.21	0.4	0.654541
1.21	0.41	0.638409
1.21	0.42	0.622478
1.21	0.43	0.606747
1.21	0.44	0.591216
1.21	0.45	0.575886
1.21	0.46	0.560756
1.21	0.47	0.545827
1.21	0.48	0.531098
1.21	0.49	0.51657
1.21	0.5	0.502243
1.21	0.51	0.488116
1.21	0.52	0.474189
1.21	0.53	0.460463
1.21	0.54	0.446938
1.21	0.55	0.433613
1.21	0.56	0.420489
1.21	0.57	0.407565
1.21	0.58	0.394842
1.21	0.59	0.38232
1.21	0.6	0.369998
1.21	0.61	0.357876
1.21	0.62	0.345956
1.21	0.63	0.334236
1.21	0.64	0.322716
1.21	0.65	0.311397
1.21	0.66	0.300279
1.21	0.67	0.289361
1.21	0.68	0.278644
1.21	0.69	0.268128
1.21	0.7	0.257812
1.21	0.71	0.247697
1.21	0.72	0.237782
1.21	0.73	0.228068
1.21	0.74	0.218555
1.21	0.75	0.209242
1.21	0.76	0.20013
1.21	0.77	0.191219
1.21	0.78	0.182508
1.21	0.79	0.173998
1.21	0.8	0.165689
1.21	0.81	0.15758
1.21	0.82	0.149671
1.21	0.83	0.141964
1.21	0.84	0.134457
1.21	0.85	0.127151
1.21	0.86	0.120045
1.21	0.87	0.11314
1.21	0.88	0.106436
1.21	0.89	0.0999318
1.21	0.9	0.0936287
1.21	0.91	0.0875262
1.21	0.92	0.0816244
1.21	0.93	0.0759232
1.21	0.94	0.0704226
1.21	0.95	0.0651226
1.21	0.96	0.0600233
1.21	0.97	0.0551245
1.21	0.98	0.0504264
1.21	0.99	0.0459289
1.21	1	0.041632
1.21	1.01	0.0375357
1.21	1.02	0.0336401
1.21	1.03	0.029945
1.21	1.04	0.0264506
1.21	1.05	0.0231567
1.21	1.06	0.0200634
1.21	1.07	0.0171707
1.21	1.08	0.0144786
1.21	1.09	0.011987
1.21	1.1	0.00969607
1.21	1.11	0.00760568
1.21	1.12	0.00571586
1.21	1.13	0.00402663
1.21	1.14	0.00253795
1.21	1.15	0.00124982
1.21	1.16	0.000162213
1.21	1.17	-0.000724861
1.21	1.18	-0.00141141
1.21	1.19	-0.00189743
1.21	1.2	-0.00218293
1.21	1.21	-0.00226791
1.21	1.22	-0.00215238
1.21	1.23	-0.00183635
1.21	1.24	-0.00131982
1.21	1.25	-0.00060279
1.21	1.26	0.000314723
1.21	1.27	0.00143272
1.21	1.28	0.00275119
1.21	1.29	0.00427013
1.21	1.3	0.00598954
1.21	1.31	0.00790941
1.21	1.32	0.0100297
1.21	1.33	0.0123505
1.21	1.34	0.0148717
1.21	1.35	0.0175933
1.21	1.36	0.0205154
1.21	1.37	0.0236379
1.21	1.38	0.0269607
1.21	1.39	0.030484
1.21	1.4	0.0342077
1.21	1.41	0.0381318
1.21	1.42	0.0422563
1.21	1.43	0.0465811
1.21	1.44	0.0511063
1.21	1.45	0.0558319
1.21	1.46	0.0607579
1.21	1.47	0.0658842
1.21	1.48	0.0712108
1.21	1.49	0.0767378
1.21	1.5	0.0824651
1.21	1.51	0.0883927
1.21	1.52	0.0945206
1.21	1.53	0.100849
1.21	1.54	0.107377
1.21	1.55	0.114106
1.21	1.56	0.121035
1.21	1.57	0.128165
1.21	1.58	0.135495
1.21	1.59	0.143025
1.21	1.6	0.150755
1.21	1.61	0.158685
1.21	1.62	0.166816
1.21	1.63	0.175147
1.21	1.64	0.183678
1.21	1.65	0.19241
1.21	1.66	0.201341
1.21	1.67	0.210473
1.21	1.68	0.219805
1.21	1.69	0.229337
1.21	1.7	0.23907
1.21	1.71	0.249002
1.21	1.72	0.259135
1.21	1.73	0.269468
1.21	1.74	0.280001
1.21	1.75	0.290735
1.21	1.76	0.301668
1.21	1.77	0.312802
1.21	1.78	0.324135
1.21	1.79	0.335669
1.21	1.8	0.347403
1.21	1.81	0.359337
1.21	1.82	0.371472
1.21	1.83	0.383806
1.21	1.84	0.39634
1.21	1.85	0.409075
1.21	1.86	0.42201
1.21	1.87	0.435144
1.21	1.88	0.448479
1.21	1.89	0.462014
1.21	1.9	0.475749
1.21	1.91	0.489684
1.21	1.92	0.503819
1.21	1.93	0.518154
1.21	1.94	0.532689
1.21	1.95	0.547424
1.21	1.96	0.562359
1.21	1.97	0.577494
1.21	1.98	0.59283
1.21	1.99	0.608365
1.21	2	0.6241
1.215	0	1.47623
1.215	0.01	1.45198
1.215	0.02	1.42794
1.215	0.03	1.40409
1.215	0.04	1.38045
1.215	0.05	1.35701
1.215	0.06	1.33377
1.215	0.07	1.31072
1.215	0.08	1.28788
1.215	0.09	1.26524
1.215	0.1	1.24279
1.215	0.11	1.22055
1.215	0.12	1.19851
1.215	0.13	1.17667
1.215	0.14	1.15502
1.215	0.15	1.13358
1.215	0.16	1.11234
1.215	0.17	1.0913
1.215	0.18	1.07046
1.215	0.19	1.04982
1.215	0.2	1.02938
1.215	0.21	1.00914
1.215	0.22	0.989097
1.215	0.23	0.969257
1.215	0.24	0.949617
1.215	0.25	0.930178
1.215	0.26	0.910939
1.215	0.27	0.891901
1.215	0.28	0.873062
1.215	0.29	0.854425
1.215	0.3	0.835987
1.215	0.31	0.81775
1.215	0.32	0.799713
1.215	0.33	0.781877
1.215	0.34	0.764241
1.215	0.35	0.746806
1.215	0.36	0.729571
1.215	0.37	0.712536
1.215	0.38	0.695702
1.215	0.39	0.679068
1.215	0.4	0.662635
1.215	0.41	0.646402
1.215	0.42	0.63037
1.215	0.43	0.614538
1.215	0.44	0.598907
1.215	0.45	0.583477
1.215	0.46	0.568246
1.215	0.47	0.553217
1.215	0.48	0.538387
1.215	0.49	0.523759
1.215	0.5	0.509331
1.215	0.51	0.495103
1.215	0.52	0.481076
1.215	0.53	0.46725
1.215	0.54	0.453624
1.215	0.55	0.440198
1.215	0.56	0.426974
1.215	0.57	0.41395
1.215	0.58	0.401126
1.215	0.59	0.388503
1.215	0.6	0.37608
1.215	0.61	0.363859
1.215	0.62	0.351837
1.215	0.63	0.340017
1.215	0.64	0.328397
1.215	0.65	0.316978
1.215	0.66	0.305759
1.215	0.67	0.294741
1.215	0.68	0.283924
1.215	0.69	0.273307
1.215	0.7	0.262891
1.215	0.71	0.252675
1.215	0.72	0.24266
1.215	0.73	0.232846
1.215	0.74	0.223233
1.215	0.75	0.21382
1.215	0.76	0.204607
1.215	0.77	0.195596
1.215	0.78	0.186785
1.215	0.79	0.178174
1.215	0.8	0.169765
1.215	0.81	0.161556
1.215	0.82	0.153547
1.215	0.83	0.14574
1.215	0.84	0.138133
1.215	0.85	0.130726
1.215	0.86	0.12352
1.215	0.87	0.116515
1.215	0.88	0.109711
1.215	0.89	0.103107
1.215	0.9	0.0967038
1.215	0.91	0.0905013
1.215	0.92	0.0844994
1.215	0.93	0.0786981
1.215	0.94	0.0730975
1.215	0.95	0.0676976
1.215	0.96	0.0624983
1.215	0.97	0.0574996
1.215	0.98	0.0527015
1.215	0.99	0.048104
1.215	1	0.0437072
1.215	1.01	0.039511
1.215	1.02	0.0355154
1.215	1.03	0.0317205
1.215	1.04	0.0281261
1.215	1.05	0.0247324
1.215	1.06	0.0215392
1.215	1.07	0.0185467
1.215	1.08	0.0157547
1.215	1.09	0.0131634
1.215	1.1	0.0107726
1.215	1.11	0.00858237
1.215	1.12	0.00659276
1.215	1.13	0.00480374
1.215	1.14	0.00321528
1.215	1.15	0.00182738
1.215	1.16	0.00064002
1.215	1.17	-0.000346795
1.215	1.18	-0.00113307
1.215	1.19	-0.00171881
1.215	1.2	-0.00210401
1.215	1.21	-0.00228869
1.215	1.22	-0.00227285
1.215	1.23	-0.00205649
1.215	1.24	-0.00163962
1.215	1.25	-0.00102225
1.215	1.26	-0.000204387
1.215	1.27	0.00081397
1.215	1.28	0.00203281
1.215	1.29	0.00345214
1.215	1.3	0.00507194
1.215	1.31	0.00689221
1.215	1.32	0.00891294
1.215	1.33	0.0111341
1.215	1.34	0.0135557
1.215	1.35	0.0161778
1.215	1.36	0.0190003
1.215	1.37	0.0220232
1.215	1.38	0.0252466
1.215	1.39	0.0286704
1.215	1.4	0.0322945
1.215	1.41	0.0361191
1.215	1.42	0.0401441
1.215	1.43	0.0443694
1.215	1.44	0.0487951
1.215	1.45	0.0534212
1.215	1.46	0.0582477
1.215	1.47	0.0632745
1.215	1.48	0.0685017
1.215	1.49	0.0739292
1.215	1.5	0.0795571
1.215	1.51	0.0853852
1.215	1.52	0.0914137
1.215	1.53	0.0976425
1.215	1.54	0.104072
1.215	1.55	0.110701
1.215	1.56	0.117531
1.215	1.57	0.124561
1.215	1.58	0.131791
1.215	1.59	0.139222
1.215	1.6	0.146853
1.215	1.61	0.154684
1.215	1.62	0.162715
1.215	1.63	0.170947
1.215	1.64	0.179378
1.215	1.65	0.18801
1.215	1.66	0.196843
1.215	1.67	0.205875
1.215	1.68	0.215108
1.215	1.69	0.224541
1.215	1.7	0.234174
1.215	1.71	0.244007
1.215	1.72	0.254041
1.215	1.73	0.264274
1.215	1.74	0.274708
1.215	1.75	0.285342
1.215	1.76	0.296176
1.215	1.77	0.307211
1.215	1.78	0.318445
1.215	1.79	0.32988
1.215	1.8	0.341514
1.215	1.81	0.353349
1.215	1.82	0.365384
1.215	1.83	0.377619
1.215	1.84	0.390054
1.215	1.85	0.402689
1.215	1.86	0.415525
1.215	1.87	0.42856
1.215	1.88	0.441796
1.215	1.89	0.455231
1.215	1.9	0.468867
1.215	1.91	0.482702
1.215	1.92	0.496738
1.215	1.93	0.510974
1.215	1.94	0.52541
1.215	1.95	0.540046
1.215	1.96	0.554881
1.215	1.97	0.569917
1.215	1.98	0.585153
1.215	1.99	0.600589
1.215	2	0.616225
1.22	0	1.4884
1.22	0.01	1.46406
1.22	0.02	1.43991
1.22	0.03	1.41597
1.22	0.04	1.39222
1.22	0.05	1.36868
1.22	0.06	1.34534
1.22	0.07	1.32219
1.22	0.08	1.29925
1.22	0.09	1.2765
1.22	0.1	1.25396
1.22	0.11	1.23162
1.22	0.12	1.20947
1.22	0.13	1.18753
1.22	0.14	1.16579
1.22	0.15	1.14425
1.22	0.16	1.1229
1.22	0.17	1.10176
1.22	0.18	1.08082
1.22	0.19	1.06008
1.22	0.2	1.03954
1.22	0.21	1.01919
1.22	0.22	0.999053
1.22	0.23	0.979113
1.22	0.24	0.959372
1.22	0.25	0.939832
1.22	0.26	0.920493
1.22	0.27	0.901354
1.22	0.28	0.882415
1.22	0.29	0.863676
1.22	0.3	0.845138
1.22	0.31	0.8268
1.22	0.32	0.808663
1.22	0.33	0.790726
1.22	0.34	0.772989
1.22	0.35	0.755453
1.22	0.36	0.738117
1.22	0.37	0.720982
1.22	0.38	0.704047
1.22	0.39	0.687313
1.22	0.4	0.670779
1.22	0.41	0.654446
1.22	0.42	0.638313
1.22	0.43	0.62238
1.22	0.44	0.606649
1.22	0.45	0.591117
1.22	0.46	0.575786
1.22	0.47	0.560656
1.22	0.48	0.545726
1.22	0.49	0.530997
1.22	0.5	0.516469
1.22	0.51	0.50214
1.22	0.52	0.488013
1.22	0.53	0.474086
1.22	0.54	0.46036
1.22	0.55	0.446834
1.22	0.56	0.433509
1.22	0.57	0.420384
1.22	0.58	0.40746
1.22	0.59	0.394737
1.22	0.6	0.382214
1.22	0.61	0.369892
1.22	0.62	0.35777
1.22	0.63	0.345849
1.22	0.64	0.334129
1.22	0.65	0.322609
1.22	0.66	0.31129
1.22	0.67	0.300172
1.22	0.68	0.289254
1.22	0.69	0.278537
1.22	0.7	0.268021
1.22	0.71	0.257705
1.22	0.72	0.24759
1.22	0.73	0.237675
1.22	0.74	0.227961
1.22	0.75	0.218448
1.22	0.76	0.209136
1.22	0.77	0.200024
1.22	0.78	0.191113
1.22	0.79	0.182402
1.22	0.8	0.173892
1.22	0.81	0.165583
1.22	0.82	0.157474
1.22	0.83	0.149567
1.22	0.84	0.141859
1.22	0.85	0.134353
1.22	0.86	0.127047
1.22	0.87	0.119942
1.22	0.88	0.113037
1.22	0.89	0.106333
1.22	0.9	0.0998301
1.22	0.91	0.0935275
1.22	0.92	0.0874256
1.22	0.93	0.0815243
1.22	0.94	0.0758237
1.22	0.95	0.0703238
1.22	0.96	0.0650244
1.22	0.97	0.0599258
1.22	0.98	0.0550277
1.22	0.99	0.0503303
1.22	1	0.0458336
1.22	1.01	0.0415375
1.22	1.02	0.037442
1.22	1.03	0.0335471
1.22	1.04	0.0298529
1.22	1.05	0.0263592
1.22	1.06	0.0230662
1.22	1.07	0.0199738
1.22	1.08	0.017082
1.22	1.09	0.0143908
1.22	1.1	0.0119002
1.22	1.11	0.0096102
1.22	1.12	0.00752078
1.22	1.13	0.00563196
1.22	1.14	0.00394371
1.22	1.15	0.00245604
1.22	1.16	0.00116892
1.22	1.17	8.23612e-05
1.22	1.18	-0.000803647
1.22	1.19	-0.00148911
1.22	1.2	-0.00197403
1.22	1.21	-0.00225841
1.22	1.22	-0.00234226
1.22	1.23	-0.00222559
1.22	1.24	-0.00190839
1.22	1.25	-0.00139069
1.22	1.26	-0.000672477
1.22	1.27	0.000246236
1.22	1.28	0.00136544
1.22	1.29	0.00268514
1.22	1.3	0.00420532
1.22	1.31	0.00592598
1.22	1.32	0.00784711
1.22	1.33	0.0099687
1.22	1.34	0.0122907
1.22	1.35	0.0148132
1.22	1.36	0.0175362
1.22	1.37	0.0204595
1.22	1.38	0.0235833
1.22	1.39	0.0269076
1.22	1.4	0.0304322
1.22	1.41	0.0341572
1.22	1.42	0.0380827
1.22	1.43	0.0422085
1.22	1.44	0.0465347
1.22	1.45	0.0510614
1.22	1.46	0.0557883
1.22	1.47	0.0607157
1.22	1.48	0.0658434
1.22	1.49	0.0711714
1.22	1.5	0.0766998
1.22	1.51	0.0824285
1.22	1.52	0.0883576
1.22	1.53	0.0944869
1.22	1.54	0.100817
1.22	1.55	0.107347
1.22	1.56	0.114077
1.22	1.57	0.121008
1.22	1.58	0.128138
1.22	1.59	0.13547
1.22	1.6	0.143001
1.22	1.61	0.150733
1.22	1.62	0.158665
1.22	1.63	0.166797
1.22	1.64	0.175129
1.22	1.65	0.183662
1.22	1.66	0.192395
1.22	1.67	0.201328
1.22	1.68	0.210461
1.22	1.69	0.219795
1.22	1.7	0.229329
1.22	1.71	0.239063
1.22	1.72	0.248997
1.22	1.73	0.259131
1.22	1.74	0.269465
1.22	1.75	0.28
1.22	1.76	0.290735
1.22	1.77	0.30167
1.22	1.78	0.312805
1.22	1.79	0.32414
1.22	1.8	0.335675
1.22	1.81	0.347411
1.22	1.82	0.359347
1.22	1.83	0.371482
1.22	1.84	0.383818
1.22	1.85	0.396354
1.22	1.86	0.40909
1.22	1.87	0.422026
1.22	1.88	0.435162
1.22	1.89	0.448499
1.22	1.9	0.462035
1.22	1.91	0.475771
1.22	1.92	0.489708
1.22	1.93	0.503844
1.22	1.94	0.518181
1.22	1.95	0.532717
1.22	1.96	0.547454
1.22	1.97	0.56239
1.22	1.98	0.577527
1.22	1.99	0.592863
1.22	2	0.6084
1.225	0	1.50063
1.225	0.01	1.47618
1.225	0.02	1.45193
1.225	0.03	1.42789
1.225	0.04	1.40404
1.225	0.05	1.3804
1.225	0.06	1.35696
1.225	0.07	1.33371
1.225	0.08	1.31067
1.225	0.09	1.28782
1.225	0.1	1.26518
1.225	0.11	1.24273
1.225	0.12	1.22049
1.225	0.13	1.19845
1.225	0.14	1.1766
1.225	0.15	1.15496
1.225	0.16	1.13351
1.225	0.17	1.11227
1.225	0.18	1.09123
1.225	0.19	1.07039
1.225	0.2	1.04974
1.225	0.21	1.0293
1.225	0.22	1.00906
1.225	0.23	0.989019
1.225	0.24	0.969178
1.225	0.25	0.949537
1.225	0.26	0.930097
1.225	0.27	0.910857
1.225	0.28	0.891817
1.225	0.29	0.872978
1.225	0.3	0.854339
1.225	0.31	0.835901
1.225	0.32	0.817663
1.225	0.33	0.799625
1.225	0.34	0.781788
1.225	0.35	0.764151
1.225	0.36	0.746714
1.225	0.37	0.729479
1.225	0.38	0.712443
1.225	0.39	0.695608
1.225	0.4	0.678974
1.225	0.41	0.66254
1.225	0.42	0.646306
1.225	0.43	0.630273
1.225	0.44	0.614441
1.225	0.45	0.598809
1.225	0.46	0.583377
1.225	0.47	0.568147
1.225	0.48	0.553116
1.225	0.49	0.538287
1.225	0.5	0.523657
1.225	0.51	0.509229
1.225	0.52	0.495001
1.225	0.53	0.480973
1.225	0.54	0.467146
1.225	0.55	0.45352
1.225	0.56	0.440094
1.225	0.57	0.426869
1.225	0.58	0.413845
1.225	0.59	0.401021
1.225	0.6	0.388398
1.225	0.61	0.375975
1.225	0.62	0.363753
1.225	0.63	0.351732
1.225	0.64	0.339911
1.225	0.65	0.328291
1.225	0.66	0.316872
1.225	0.67	0.305653
1.225	0.68	0.294635
1.225	0.69	0.283818
1.225	0.7	0.273201
1.225	0.71	0.262785
1.225	0.72	0.25257
1.225	0.73	0.242555
1.225	0.74	0.232741
1.225	0.75	0.223127
1.225	0.76	0.213715
1.225	0.77	0.204502
1.225	0.78	0.195491
1.225	0.79	0.18668
1.225	0.8	0.17807
1.225	0.81	0.169661
1.225	0.82	0.161452
1.225	0.83	0.153444
1.225	0.84	0.145637
1.225	0.85	0.13803
1.225	0.86	0.130624
1.225	0.87	0.123419
1.225	0.88	0.116414
1.225	0.89	0.10961
1.225	0.9	0.103007
1.225	0.91	0.0966044
1.225	0.92	0.0904024
1.225	0.93	0.0844012
1.225	0.94	0.0786005
1.225	0.95	0.0730006
1.225	0.96	0.0676013
1.225	0.97	0.0624026
1.225	0.98	0.0574046
1.225	0.99	0.0526073
1.225	1	0.0480106
1.225	1.01	0.0436145
1.225	1.02	0.0394191
1.225	1.03	0.0354244
1.225	1.04	0.0316302
1.225	1.05	0.0280367
1.225	1.06	0.0246438
1.225	1.07	0.0214516
1.225	1.08	0.0184599
1.225	1.09	0.0156689
1.225	1.1	0.0130785
1.225	1.11	0.0106886
1.225	1.12	0.00849943
1.225	1.13	0.0065108
1.225	1.14	0.00472277
1.225	1.15	0.00313532
1.225	1.16	0.00174844
1.225	1.17	0.000562131
1.225	1.18	-0.000423616
1.225	1.19	-0.0012088
1.225	1.2	-0.00179344
1.225	1.21	-0.00217753
1.225	1.22	-0.00236108
1.225	1.23	-0.00234409
1.225	1.24	-0.00212658
1.225	1.25	-0.00170854
1.225	1.26	-0.00108999
1.225	1.27	-0.000270926
1.225	1.28	0.00074864
1.225	1.29	0.0019687
1.225	1.3	0.00338926
1.225	1.31	0.00501031
1.225	1.32	0.00683183
1.225	1.33	0.00885382
1.225	1.34	0.0110763
1.225	1.35	0.0134992
1.225	1.36	0.0161225
1.225	1.37	0.0189464
1.225	1.38	0.0219706
1.225	1.39	0.0251953
1.225	1.4	0.0286204
1.225	1.41	0.0322459
1.225	1.42	0.0360718
1.225	1.43	0.0400981
1.225	1.44	0.0443248
1.225	1.45	0.0487519
1.225	1.46	0.0533794
1.225	1.47	0.0582073
1.225	1.48	0.0632355
1.225	1.49	0.0684641
1.225	1.5	0.073893
1.225	1.51	0.0795222
1.225	1.52	0.0853518
1.225	1.53	0.0913818
1.225	1.54	0.097612
1.225	1.55	0.104043
1.225	1.56	0.110673
1.225	1.57	0.117504
1.225	1.58	0.124536
1.225	1.59	0.131767
1.225	1.6	0.139199
1.225	1.61	0.146832
1.225	1.62	0.154664
1.225	1.63	0.162697
1.225	1.64	0.17093
1.225	1.65	0.179363
1.225	1.66	0.187997
1.225	1.67	0.196831
1.225	1.68	0.205865
1.225	1.69	0.215099
1.225	1.7	0.224533
1.225	1.71	0.234168
1.225	1.72	0.244003
1.225	1.73	0.254038
1.225	1.74	0.264273
1.225	1.75	0.274708
1.225	1.76	0.285343
1.225	1.77	0.296179
1.225	1.78	0.307215
1.225	1.79	0.318451
1.225	1.8	0.329887
1.225	1.81	0.341523
1.225	1.82	0.353359
1.225	1.83	0.365396
1.225	1.84	0.377632
1.225	1.85	0.390069
1.225	1.86	0.402705
1.225	1.87	0.415542
1.225	1.88	0.428579
1.225	1.89	0.441816
1.225	1.9	0.455253
1.225	1.91	0.46889
1.225	1.92	0.482727
1.225	1.93	0.496764
1.225	1.94	0.511001
1.225	1.95	0.525439
1.225	1.96	0.540076
1.225	1.97	0.554913
1.225	1.98	0.56995
1.225	1.99	0.585188
1.225	2	0.600625
1.23	0	1.5129
1.23	0.01	1.48835
1.23	0.02	1.46401
1.23	0.03	1.43986
1.23	0.04	1.41592
1.23	0.05	1.39217
1.23	0.06	1.36863
1.23	0.07	1.34528
1.23	0.08	1.32213
1.23	0.09	1.29919
1.23	0.1	1.27644
1.23	0.11	1.2539
1.23	0.12	1.23155
1.23	0.13	1.20941
1.23	0.14	1.18746
1.23	0.15	1.16572
1.23	0.16	1.14418
1.23	0.17	1.12283
1.23	0.18	1.10169
1.23	0.19	1.08075
1.23	0.2	1.06
1.23	0.21	1.03946
1.23	0.22	1.01912
1.23	0.23	0.998976
1.23	0.24	0.979034
1.23	0.25	0.959292
1.23	0.26	0.939751
1.23	0.27	0.920411
1.23	0.28	0.90127
1.23	0.29	0.88233
1.23	0.3	0.863591
1.23	0.31	0.845051
1.23	0.32	0.826713
1.23	0.33	0.808574
1.23	0.34	0.790636
1.23	0.35	0.772899
1.23	0.36	0.755362
1.23	0.37	0.738025
1.23	0.38	0.720889
1.23	0.39	0.703953
1.23	0.4	0.687218
1.23	0.41	0.670684
1.23	0.42	0.65435
1.23	0.43	0.638216
1.23	0.44	0.622283
1.23	0.45	0.60655
1.23	0.46	0.591018
1.23	0.47	0.575687
1.23	0.48	0.560556
1.23	0.49	0.545626
1.23	0.5	0.530896
1.23	0.51	0.516367
1.23	0.52	0.502038
1.23	0.53	0.487911
1.23	0.54	0.473983
1.23	0.55	0.460256
1.23	0.56	0.44673
1.23	0.57	0.433405
1.23	0.58	0.42028
1.23	0.59	0.407356
1.23	0.6	0.394632
1.23	0.61	0.382109
1.23	0.62	0.369787
1.23	0.63	0.357665
1.23	0.64	0.345744
1.23	0.65	0.334023
1.23	0.66	0.322504
1.23	0.67	0.311185
1.23	0.68	0.300066
1.23	0.69	0.289149
1.23	0.7	0.278431
1.23	0.71	0.267915
1.23	0.72	0.257599
1.23	0.73	0.247484
1.23	0.74	0.23757
1.23	0.75	0.227856
1.23	0.76	0.218343
1.23	0.77	0.209031
1.23	0.78	0.199919
1.23	0.79	0.191009
1.23	0.8	0.182298
1.23	0.81	0.173789
1.23	0.82	0.16548
1.23	0.83	0.157372
1.23	0.84	0.149464
1.23	0.85	0.141758
1.23	0.86	0.134251
1.23	0.87	0.126946
1.23	0.88	0.119841
1.23	0.89	0.112937
1.23	0.9	0.106234
1.23	0.91	0.0997313
1.23	0.92	0.0934293
1.23	0.93	0.087328
1.23	0.94	0.0814273
1.23	0.95	0.0757274
1.23	0.96	0.0702281
1.23	0.97	0.0649295
1.23	0.98	0.0598315
1.23	0.99	0.0549342
1.23	1	0.0502376
1.23	1.01	0.0457416
1.23	1.02	0.0414463
1.23	1.03	0.0373516
1.23	1.04	0.0334576
1.23	1.05	0.0297642
1.23	1.06	0.0262715
1.23	1.07	0.0229793
1.23	1.08	0.0198878
1.23	1.09	0.016997
1.23	1.1	0.0143067
1.23	1.11	0.0118171
1.23	1.12	0.00952807
1.23	1.13	0.00743965
1.23	1.14	0.00555183
1.23	1.15	0.00386461
1.23	1.16	0.00237797
1.23	1.17	0.00109191
1.23	1.18	6.42533e-06
1.23	1.19	-0.000878491
1.23	1.2	-0.00156284
1.23	1.21	-0.00204664
1.23	1.22	-0.00232989
1.23	1.23	-0.00241259
1.23	1.24	-0.00229475
1.23	1.25	-0.00197638
1.23	1.26	-0.00145749
1.23	1.27	-0.000738075
1.23	1.28	0.00018185
1.23	1.29	0.00130228
1.23	1.3	0.00262322
1.23	1.31	0.00414464
1.23	1.32	0.00586656
1.23	1.33	0.00778895
1.23	1.34	0.00991182
1.23	1.35	0.0122351
1.23	1.36	0.0147589
1.23	1.37	0.0174832
1.23	1.38	0.0204079
1.23	1.39	0.023533
1.23	1.4	0.0268586
1.23	1.41	0.0303845
1.23	1.42	0.0341109
1.23	1.43	0.0380377
1.23	1.44	0.0421649
1.23	1.45	0.0464925
1.23	1.46	0.0510205
1.23	1.47	0.0557489
1.23	1.48	0.0606776
1.23	1.49	0.0658067
1.23	1.5	0.0711362
1.23	1.51	0.076666
1.23	1.52	0.0823961
1.23	1.53	0.0883266
1.23	1.54	0.0944574
1.23	1.55	0.100788
1.23	1.56	0.10732
1.23	1.57	0.114052
1.23	1.58	0.120984
1.23	1.59	0.128116
1.23	1.6	0.135449
1.23	1.61	0.142981
1.23	1.62	0.150715
1.23	1.63	0.158648
1.23	1.64	0.166782
1.23	1.65	0.175116
1.23	1.66	0.18365
1.23	1.67	0.192384
1.23	1.68	0.201319
1.23	1.69	0.210453
1.23	1.7	0.219788
1.23	1.71	0.229324
1.23	1.72	0.239059
1.23	1.73	0.248995
1.23	1.74	0.25913
1.23	1.75	0.269466
1.23	1.76	0.280002
1.23	1.77	0.290739
1.23	1.78	0.301675
1.23	1.79	0.312812
1.23	1.8	0.324148
1.23	1.81	0.335685
1.23	1.82	0.347422
1.23	1.83	0.359359
1.23	1.84	0.371496
1.23	1.85	0.383834
1.23	1.86	0.396371
1.23	1.87	0.409108
1.23	1.88	0.422046
1.23	1.89	0.435183
1.23	1.9	0.448521
1.23	1.91	0.462059
1.23	1.92	0.475797
1.23	1.93	0.489734
1.23	1.94	0.503872
1.23	1.95	0.51821
1.23	1.96	0.532748
1.23	1.97	0.547486
1.23	1.98	0.562424
1.23	1.99	0.577562
1.23	2	0.5929
1.235	0	1.52523
1.235	0.01	1.50058
1.235	0.02	1.47613
1.235	0.03	1.45189
1.235	0.04	1.42784
1.235	0.05	1.40399
1.235	0.06	1.38035
1.235	0.07	1.3569
1.235	0.08	1.33365
1.235	0.09	1.31061
1.235	0.1	1.28776
1.235	0.11	1.26512
1.235	0.12	1.24267
1.235	0.13	1.22042
1.235	0.14	1.19838
1.235	0.15	1.17653
1.235	0.16	1.15489
1.235	0.17	1.13344
1.235	0.18	1.1122
1.235	0.19	1.09116
1.235	0.2	1.07031
1.235	0.21	1.04967
1.235	0.22	1.02923
1.235	0.23	1.00898
1.235	0.24	0.98894
1.235	0.25	0.969098
1.235	0.26	0.949456
1.235	0.27	0.930015
1.235	0.28	0.910774
1.235	0.29	0.891733
1.235	0.3	0.872893
1.235	0.31	0.854253
1.235	0.32	0.835813
1.235	0.33	0.817574
1.235	0.34	0.799536
1.235	0.35	0.781697
1.235	0.36	0.76406
1.235	0.37	0.746622
1.235	0.38	0.729386
1.235	0.39	0.71235
1.235	0.4	0.695514
1.235	0.41	0.678879
1.235	0.42	0.662444
1.235	0.43	0.64621
1.235	0.44	0.630176
1.235	0.45	0.614343
1.235	0.46	0.59871
1.235	0.47	0.583278
1.235	0.48	0.568047
1.235	0.49	0.553016
1.235	0.5	0.538186
1.235	0.51	0.523556
1.235	0.52	0.509127
1.235	0.53	0.494899
1.235	0.54	0.480871
1.235	0.55	0.467044
1.235	0.56	0.453417
1.235	0.57	0.439991
1.235	0.58	0.426766
1.235	0.59	0.413741
1.235	0.6	0.400917
1.235	0.61	0.388294
1.235	0.62	0.375871
1.235	0.63	0.363649
1.235	0.64	0.351627
1.235	0.65	0.339807
1.235	0.66	0.328187
1.235	0.67	0.316767
1.235	0.68	0.305549
1.235	0.69	0.294531
1.235	0.7	0.283713
1.235	0.71	0.273096
1.235	0.72	0.262681
1.235	0.73	0.252465
1.235	0.74	0.242451
1.235	0.75	0.232637
1.235	0.76	0.223024
1.235	0.77	0.213611
1.235	0.78	0.204399
1.235	0.79	0.195388
1.235	0.8	0.186578
1.235	0.81	0.177968
1.235	0.82	0.169559
1.235	0.83	0.161351
1.235	0.84	0.153343
1.235	0.85	0.145536
1.235	0.86	0.13793
1.235	0.87	0.130524
1.235	0.88	0.12332
1.235	0.89	0.116316
1.235	0.9	0.109512
1.235	0.91	0.102909
1.235	0.92	0.0965074
1.235	0.93	0.0903061
1.235	0.94	0.0843055
1.235	0.95	0.0785055
1.235	0.96	0.0729062
1.235	0.97	0.0675076
1.235	0.98	0.0623097
1.235	0.99	0.0573125
1.235	1	0.0525159
1.235	1.01	0.04792
1.235	1.02	0.0435248
1.235	1.03	0.0393302
1.235	1.04	0.0353362
1.235	1.05	0.031543
1.235	1.06	0.0279503
1.235	1.07	0.0245584
1.235	1.08	0.021367
1.235	1.09	0.0183763
1.235	1.1	0.0155862
1.235	1.11	0.0129968
1.235	1.12	0.010608
1.235	1.13	0.00841975
1.235	1.14	0.00643214
1.235	1.15	0.00464514
1.235	1.16	0.00305873
1.235	1.17	0.00167292
1.235	1.18	0.000487688
1.235	1.19	-0.000496964
1.235	1.2	-0.00128104
1.235	1.21	-0.00186456
1.235	1.22	-0.00224751
1.235	1.23	-0.0024299
1.235	1.24	-0.00241175
1.235	1.25	-0.00219306
1.235	1.26	-0.00177384
1.235	1.27	-0.00115408
1.235	1.28	-0.000333808
1.235	1.29	0.000686982
1.235	1.3	0.00190828
1.235	1.31	0.00333008
1.235	1.32	0.00495238
1.235	1.33	0.00677516
1.235	1.34	0.00879843
1.235	1.35	0.0110222
1.235	1.36	0.0134464
1.235	1.37	0.016071
1.235	1.38	0.0188962
1.235	1.39	0.0219217
1.235	1.4	0.0251477
1.235	1.41	0.0285742
1.235	1.42	0.032201
1.235	1.43	0.0360283
1.235	1.44	0.040056
1.235	1.45	0.0442841
1.235	1.46	0.0487126
1.235	1.47	0.0533414
1.235	1.48	0.0581707
1.235	1.49	0.0632003
1.235	1.5	0.0684302
1.235	1.51	0.0738605
1.235	1.52	0.0794912
1.235	1.53	0.0853222
1.235	1.54	0.0913535
1.235	1.55	0.0975852
1.235	1.56	0.104017
1.235	1.57	0.110649
1.235	1.58	0.117482
1.235	1.59	0.124515
1.235	1.6	0.131748
1.235	1.61	0.139182
1.235	1.62	0.146815
1.235	1.63	0.154649
1.235	1.64	0.162684
1.235	1.65	0.170918
1.235	1.66	0.179353
1.235	1.67	0.187988
1.235	1.68	0.196823
1.235	1.69	0.205858
1.235	1.7	0.215094
1.235	1.71	0.22453
1.235	1.72	0.234166
1.235	1.73	0.244002
1.235	1.74	0.254038
1.235	1.75	0.264275
1.235	1.76	0.274712
1.235	1.77	0.285349
1.235	1.78	0.296186
1.235	1.79	0.307223
1.235	1.8	0.31846
1.235	1.81	0.329898
1.235	1.82	0.341535
1.235	1.83	0.353373
1.235	1.84	0.365411
1.235	1.85	0.377649
1.235	1.86	0.390087
1.235	1.87	0.402725
1.235	1.88	0.415563
1.235	1.89	0.428601
1.235	1.9	0.441839
1.235	1.91	0.455278
1.235	1.92	0.468916
1.235	1.93	0.482755
1.235	1.94	0.496793
1.235	1.95	0.511032
1.235	1.96	0.525471
1.235	1.97	0.540109
1.235	1.98	0.554948
1.235	1.99	0.569986
1.235	2	0.585225
1.24	0	1.5376
1.24	0.01	1.51285
1.24	0.02	1.48831
1.24	0.03	1.46396
1.24	0.04	1.43981
1.24	0.05	1.41586
1.24	0.06	1.39212
1.24	0.07	1.36857
1.24	0.08	1.34522
1.24	0.09	1.32207
1.24	0.1	1.29913
1.24	0.11	1.27638
1.24	0.12	1.25384
1.24	0.13	1.23149
1.24	0.14	1.20934
1.24	0.15	1.1874
1.24	0.16	1.16565
1.24	0.17	1.14411
1.24	0.18	1.12276
1.24	0.19	1.10162
1.24	0.2	1.08067
1.24	0.21	1.05993
1.24	0.22	1.03938
1.24	0.23	1.01904
1.24	0.24	0.998897
1.24	0.25	0.978954
1.24	0.26	0.959211
1.24	0.27	0.939669
1.24	0.28	0.920327
1.24	0.29	0.901186
1.24	0.3	0.882245
1.24	0.31	0.863504
1.24	0.32	0.844964
1.24	0.33	0.826624
1.24	0.34	0.808485
1.24	0.35	0.790546
1.24	0.36	0.772808
1.24	0.37	0.75527
1.24	0.38	0.737933
1.24	0.39	0.720796
1.24	0.4	0.70386
1.24	0.41	0.687124
1.24	0.42	0.670589
1.24	0.43	0.654254
1.24	0.44	0.63812
1.24	0.45	0.622186
1.24	0.46	0.606453
1.24	0.47	0.59092
1.24	0.48	0.575588
1.24	0.49	0.560457
1.24	0.5	0.545526
1.24	0.51	0.530796
1.24	0.52	0.516267
1.24	0.53	0.501938
1.24	0.54	0.487809
1.24	0.55	0.473881
1.24	0.56	0.460154
1.24	0.57	0.446628
1.24	0.58	0.433302
1.24	0.59	0.420177
1.24	0.6	0.407252
1.24	0.61	0.394529
1.24	0.62	0.382005
1.24	0.63	0.369683
1.24	0.64	0.357561
1.24	0.65	0.34564
1.24	0.66	0.33392
1.24	0.67	0.3224
1.24	0.68	0.311081
1.24	0.69	0.299962
1.24	0.7	0.289045
1.24	0.71	0.278328
1.24	0.72	0.267812
1.24	0.73	0.257496
1.24	0.74	0.247381
1.24	0.75	0.237467
1.24	0.76	0.227754
1.24	0.77	0.218241
1.24	0.78	0.208929
1.24	0.79	0.199818
1.24	0.8	0.190907
1.24	0.81	0.182197
1.24	0.82	0.173688
1.24	0.83	0.16538
1.24	0.84	0.157272
1.24	0.85	0.149365
1.24	0.86	0.141659
1.24	0.87	0.134153
1.24	0.88	0.126848
1.24	0.89	0.119744
1.24	0.9	0.11284
1.24	0.91	0.106138
1.24	0.92	0.0996356
1.24	0.93	0.0933342
1.24	0.94	0.0872336
1.24	0.95	0.0813336
1.24	0.96	0.0756344
1.24	0.97	0.0701358
1.24	0.98	0.0648379
1.24	0.99	0.0597407
1.24	1	0.0548442
1.24	1.01	0.0501484
1.24	1.02	0.0456532
1.24	1.03	0.0413587
1.24	1.04	0.0372649
1.24	1.05	0.0333717
1.24	1.06	0.0296792
1.24	1.07	0.0261874
1.24	1.08	0.0228962
1.24	1.09	0.0198057
1.24	1.1	0.0169158
1.24	1.11	0.0142265
1.24	1.12	0.0117379
1.24	1.13	0.00944985
1.24	1.14	0.00736246
1.24	1.15	0.00547568
1.24	1.16	0.0037895
1.24	1.17	0.00230393
1.24	1.18	0.00101896
1.24	1.19	-6.54285e-05
1.24	1.2	-0.000949232
1.24	1.21	-0.00163246
1.24	1.22	-0.00211512
1.24	1.23	-0.00239721
1.24	1.24	-0.00247875
1.24	1.25	-0.00235973
1.24	1.26	-0.00204017
1.24	1.27	-0.00152008
1.24	1.28	-0.000799455
1.24	1.29	0.000121694
1.24	1.3	0.00124336
1.24	1.31	0.00256554
1.24	1.32	0.00408822
1.24	1.33	0.00581139
1.24	1.34	0.00773506
1.24	1.35	0.00985921
1.24	1.36	0.0121838
1.24	1.37	0.0147089
1.24	1.38	0.0174345
1.24	1.39	0.0203605
1.24	1.4	0.0234869
1.24	1.41	0.0268138
1.24	1.42	0.0303412
1.24	1.43	0.0340689
1.24	1.44	0.0379971
1.24	1.45	0.0421256
1.24	1.46	0.0464546
1.24	1.47	0.050984
1.24	1.48	0.0557137
1.24	1.49	0.0606438
1.24	1.5	0.0657743
1.24	1.51	0.0711051
1.24	1.52	0.0766363
1.24	1.53	0.0823679
1.24	1.54	0.0882997
1.24	1.55	0.0944319
1.24	1.56	0.100764
1.24	1.57	0.107297
1.24	1.58	0.11403
1.24	1.59	0.120964
1.24	1.6	0.128098
1.24	1.61	0.135432
1.24	1.62	0.142966
1.24	1.63	0.150701
1.24	1.64	0.158635
1.24	1.65	0.16677
1.24	1.66	0.175106
1.24	1.67	0.183641
1.24	1.68	0.192377
1.24	1.69	0.201313
1.24	1.7	0.210449
1.24	1.71	0.219786
1.24	1.72	0.229322
1.24	1.73	0.239059
1.24	1.74	0.248996
1.24	1.75	0.259133
1.24	1.76	0.269471
1.24	1.77	0.280008
1.24	1.78	0.290746
1.24	1.79	0.301684
1.24	1.8	0.312822
1.24	1.81	0.32416
1.24	1.82	0.335698
1.24	1.83	0.347437
1.24	1.84	0.359375
1.24	1.85	0.371514
1.24	1.86	0.383852
1.24	1.87	0.396391
1.24	1.88	0.40913
1.24	1.89	0.422069
1.24	1.9	0.435208
1.24	1.91	0.448547
1.24	1.92	0.462086
1.24	1.93	0.475825
1.24	1.94	0.489764
1.24	1.95	0.503904
1.24	1.96	0.518243
1.24	1.97	0.532782
1.24	1.98	0.547521
1.24	1.99	0.562461
1.24	2	0.5776
1.245	0	1.55003
1.245	0.01	1.52518
1.245	0.02	1.50053
1.245	0.03	1.47608
1.245	0.04	1.45183
1.245	0.05	1.42778
1.245	0.06	1.40394
1.245	0.07	1.38029
1.245	0.08	1.35684
1.245	0.09	1.33359
1.245	0.1	1.31055
1.245	0.11	1.2877
1.245	0.12	1.26505
1.245	0.13	1.2426
1.245	0.14	1.22036
1.245	0.15	1.19831
1.245	0.16	1.17646
1.245	0.17	1.15482
1.245	0.18	1.13337
1.245	0.19	1.11213
1.245	0.2	1.09108
1.245	0.21	1.07024
1.245	0.22	1.04959
1.245	0.23	1.02915
1.245	0.24	1.0089
1.245	0.25	0.98886
1.245	0.26	0.969016
1.245	0.27	0.949373
1.245	0.28	0.929931
1.245	0.29	0.910689
1.245	0.3	0.891647
1.245	0.31	0.872806
1.245	0.32	0.854165
1.245	0.33	0.835725
1.245	0.34	0.817485
1.245	0.35	0.799445
1.245	0.36	0.781606
1.245	0.37	0.763968
1.245	0.38	0.74653
1.245	0.39	0.729293
1.245	0.4	0.712256
1.245	0.41	0.695419
1.245	0.42	0.678783
1.245	0.43	0.662348
1.245	0.44	0.646113
1.245	0.45	0.630079
1.245	0.46	0.614245
1.245	0.47	0.598612
1.245	0.48	0.58318
1.245	0.49	0.567948
1.245	0.5	0.552917
1.245	0.51	0.538086
1.245	0.52	0.523456
1.245	0.53	0.509027
1.245	0.54	0.494798
1.245	0.55	0.48077
1.245	0.56	0.466942
1.245	0.57	0.453315
1.245	0.58	0.439889
1.245	0.59	0.426664
1.245	0.6	0.413639
1.245	0.61	0.400814
1.245	0.62	0.388191
1.245	0.63	0.375768
1.245	0.64	0.363546
1.245	0.65	0.351525
1.245	0.66	0.339704
1.245	0.67	0.328084
1.245	0.68	0.316664
1.245	0.69	0.305446
1.245	0.7	0.294428
1.245	0.71	0.283611
1.245	0.72	0.272994
1.245	0.73	0.262578
1.245	0.74	0.252363
1.245	0.75	0.242349
1.245	0.76	0.232535
1.245	0.77	0.222922
1.245	0.78	0.21351
1.245	0.79	0.204298
1.245	0.8	0.195288
1.245	0.81	0.186478
1.245	0.82	0.177868
1.245	0.83	0.16946
1.245	0.84	0.161252
1.245	0.85	0.153245
1.245	0.86	0.145438
1.245	0.87	0.137833
1.245	0.88	0.130428
1.245	0.89	0.123223
1.245	0.9	0.11622
1.245	0.91	0.109417
1.245	0.92	0.102815
1.245	0.93	0.0964137
1.245	0.94	0.090213
1.245	0.95	0.0842131
1.245	0.96	0.0784138
1.245	0.97	0.0728153
1.245	0.98	0.0674174
1.245	0.99	0.0622203
1.245	1	0.0572238
1.245	1.01	0.0524281
1.245	1.02	0.047833
1.245	1.03	0.0434386
1.245	1.04	0.0392449
1.245	1.05	0.0352518
1.245	1.06	0.0314595
1.245	1.07	0.0278678
1.245	1.08	0.0244767
1.245	1.09	0.0212863
1.245	1.1	0.0182966
1.245	1.11	0.0155075
1.245	1.12	0.0129191
1.245	1.13	0.0105312
1.245	1.14	0.00834405
1.245	1.15	0.00635749
1.245	1.16	0.00457154
1.245	1.17	0.00298621
1.245	1.18	0.00160148
1.245	1.19	0.000417354
1.245	1.2	-0.000566183
1.245	1.21	-0.00134913
1.245	1.22	-0.00193151
1.245	1.23	-0.0023133
1.245	1.24	-0.00249454
1.245	1.25	-0.00247521
1.245	1.26	-0.00225533
1.245	1.27	-0.0018349
1.245	1.28	-0.00121394
1.245	1.29	-0.000392442
1.245	1.3	0.00062958
1.245	1.31	0.00185212
1.245	1.32	0.00327517
1.245	1.33	0.00489873
1.245	1.34	0.00672279
1.245	1.35	0.00874733
1.245	1.36	0.0109724
1.245	1.37	0.0133979
1.245	1.38	0.0160238
1.245	1.39	0.0188503
1.245	1.4	0.0218772
1.245	1.41	0.0251045
1.245	1.42	0.0285323
1.245	1.43	0.0321605
1.245	1.44	0.0359891
1.245	1.45	0.0400181
1.245	1.46	0.0442476
1.245	1.47	0.0486774
1.245	1.48	0.0533076
1.245	1.49	0.0581383
1.245	1.5	0.0631692
1.245	1.51	0.0684006
1.245	1.52	0.0738323
1.245	1.53	0.0794643
1.245	1.54	0.0852967
1.245	1.55	0.0913295
1.245	1.56	0.0975625
1.245	1.57	0.103996
1.245	1.58	0.11063
1.245	1.59	0.117464
1.245	1.6	0.124498
1.245	1.61	0.131732
1.245	1.62	0.139167
1.245	1.63	0.146802
1.245	1.64	0.154638
1.245	1.65	0.162674
1.245	1.66	0.170909
1.245	1.67	0.179346
1.245	1.68	0.187982
1.245	1.69	0.196819
1.245	1.7	0.205855
1.245	1.71	0.215092
1.245	1.72	0.22453
1.245	1.73	0.234167
1.245	1.74	0.244005
1.245	1.75	0.254043
1.245	1.76	0.264281
1.245	1.77	0.274719
1.245	1.78	0.285357
1.245	1.79	0.296195
1.245	1.8	0.307234
1.245	1.81	0.318473
1.245	1.82	0.329912
1.245	1.83	0.341551
1.245	1.84	0.35339
1.245	1.85	0.365429
1.245	1.86	0.377668
1.245	1.87	0.390108
1.245	1.88	0.402747
1.245	1.89	0.415587
1.245	1.9	0.428626
1.245	1.91	0.441866
1.245	1.92	0.455306
1.245	1.93	0.468946
1.245	1.94	0.482785
1.245	1.95	0.496825
1.245	1.96	0.511065
1.245	1.97	0.525505
1.245	1.98	0.540145
1.245	1.99	0.554985
1.245	2	0.570025
1.25	0	1.5625
1.25	0.01	1.53755
1.25	0.02	1.5128
1.25	0.03	1.48825
1.25	0.04	1.4639
1.25	0.05	1.43976
1.25	0.06	1.41581
1.25	0.07	1.39206
1.25	0.08	1.36851
1.25	0.09	1.34516
1.25	0.1	1.32201
1.25	0.11	1.29906
1.25	0.12	1.27632
1.25	0.13	1.25377
1.25	0.14	1.23142
1.25	0.15	1.20927
1.25	0.16	1.18733
1.25	0.17	1.16558
1.25	0.18	1.14403
1.25	0.19	1.12269
1.25	0.2	1.10154
1.25	0.21	1.0806
1.25	0.22	1.05985
1.25	0.23	1.03931
1.25	0.24	1.01896
1.25	0.25	0.998816
1.25	0.26	0.978872
1.25	0.27	0.959128
1.25	0.28	0.939585
1.25	0.29	0.920243
1.25	0.3	0.9011
1.25	0.31	0.882158
1.25	0.32	0.863417
1.25	0.33	0.844876
1.25	0.34	0.826535
1.25	0.35	0.808395
1.25	0.36	0.790456
1.25	0.37	0.772717
1.25	0.38	0.755178
1.25	0.39	0.73784
1.25	0.4	0.720702
1.25	0.41	0.703765
1.25	0.42	0.687029
1.25	0.43	0.670493
1.25	0.44	0.654158
1.25	0.45	0.638023
1.25	0.46	0.622089
1.25	0.47	0.606355
1.25	0.48	0.590822
1.25	0.49	0.57549
1.25	0.5	0.560358
1.25	0.51	0.545427
1.25	0.52	0.530696
1.25	0.53	0.516167
1.25	0.54	0.501837
1.25	0.55	0.487709
1.25	0.56	0.473781
1.25	0.57	0.460053
1.25	0.58	0.446527
1.25	0.59	0.433201
1.25	0.6	0.420076
1.25	0.61	0.407151
1.25	0.62	0.394427
1.25	0.63	0.381904
1.25	0.64	0.369581
1.25	0.65	0.35746
1.25	0.66	0.345539
1.25	0.67	0.333818
1.25	0.68	0.322299
1.25	0.69	0.31098
1.25	0.7	0.299861
1.25	0.71	0.288944
1.25	0.72	0.278227
1.25	0.73	0.267711
1.25	0.74	0.257396
1.25	0.75	0.247281
1.25	0.76	0.237367
1.25	0.77	0.227654
1.25	0.78	0.218142
1.25	0.79	0.20883
1.25	0.8	0.199719
1.25	0.81	0.190809
1.25	0.82	0.182099
1.25	0.83	0.173591
1.25	0.84	0.165283
1.25	0.85	0.157175
1.25	0.86	0.149269
1.25	0.87	0.141563
1.25	0.88	0.134058
1.25	0.89	0.126754
1.25	0.9	0.11965
1.25	0.91	0.112747
1.25	0.92	0.106045
1.25	0.93	0.0995439
1.25	0.94	0.0932432
1.25	0.95	0.0871433
1.25	0.96	0.081244
1.25	0.97	0.0755455
1.25	0.98	0.0700477
1.25	0.99	0.0647506
1.25	1	0.0596542
1.25	1.01	0.0547585
1.25	1.02	0.0500635
1.25	1.03	0.0455692
1.25	1.04	0.0412756
1.25	1.05	0.0371826
1.25	1.06	0.0332904
1.25	1.07	0.0295988
1.25	1.08	0.0261079
1.25	1.09	0.0228177
1.25	1.1	0.0197281
1.25	1.11	0.0168392
1.25	1.12	0.0141509
1.25	1.13	0.0116633
1.25	1.14	0.00937631
1.25	1.15	0.00728997
1.25	1.16	0.00540425
1.25	1.17	0.00371915
1.25	1.18	0.00223466
1.25	1.19	0.000950785
1.25	1.2	-0.000132489
1.25	1.21	-0.00101517
1.25	1.22	-0.00169726
1.25	1.23	-0.00217876
1.25	1.24	-0.0024597
1.25	1.25	-0.00254006
1.25	1.26	-0.00241986
1.25	1.27	-0.00209911
1.25	1.28	-0.00157781
1.25	1.29	-0.000855975
1.25	1.3	6.63974e-05
1.25	1.31	0.0011893
1.25	1.32	0.00251272
1.25	1.33	0.00403665
1.25	1.34	0.00576109
1.25	1.35	0.00768602
1.25	1.36	0.00981145
1.25	1.37	0.0121374
1.25	1.38	0.0146637
1.25	1.39	0.0173906
1.25	1.4	0.0203179
1.25	1.41	0.0234457
1.25	1.42	0.0267739
1.25	1.43	0.0303025
1.25	1.44	0.0340316
1.25	1.45	0.0379611
1.25	1.46	0.042091
1.25	1.47	0.0464214
1.25	1.48	0.0509521
1.25	1.49	0.0556832
1.25	1.5	0.0606146
1.25	1.51	0.0657461
1.25	1.52	0.0710783
1.25	1.53	0.0766108
1.25	1.54	0.0823438
1.25	1.55	0.088277
1.25	1.56	0.0944106
1.25	1.57	0.100745
1.25	1.58	0.107279
1.25	1.59	0.114013
1.25	1.6	0.120948
1.25	1.61	0.128083
1.25	1.62	0.135419
1.25	1.63	0.142954
1.25	1.64	0.15069
1.25	1.65	0.158627
1.25	1.66	0.166763
1.25	1.67	0.1751
1.25	1.68	0.183637
1.25	1.69	0.192374
1.25	1.7	0.201311
1.25	1.71	0.210449
1.25	1.72	0.219787
1.25	1.73	0.229325
1.25	1.74	0.239063
1.25	1.75	0.249002
1.25	1.76	0.25914
1.25	1.77	0.269479
1.25	1.78	0.280018
1.25	1.79	0.290757
1.25	1.8	0.301696
1.25	1.81	0.312836
1.25	1.82	0.324175
1.25	1.83	0.335715
1.25	1.84	0.347454
1.25	1.85	0.359394
1.25	1.86	0.371534
1.25	1.87	0.383874
1.25	1.88	0.396414
1.25	1.89	0.409155
1.25	1.9	0.422095
1.25	1.91	0.435235
1.25	1.92	0.448576
1.25	1.93	0.462116
1.25	1.94	0.475857
1.25	1.95	0.489797
1.25	1.96	0.503938
1.25	1.97	0.518278
1.25	1.98	0.532819
1.25	1.99	0.547559
1.25	2	0.5625
1.255	0	1.57502
1.255	0.01	1.54998
1.255	0.02	1.52513
1.255	0.03	1.50048
1.255	0.04	1.47603
1.255	0.05	1.45178
1.255	0.06	1.42773
1.255	0.07	1.40388
1.255	0.08	1.38023
1.255	0.09	1.35678
1.255	0.1	1.33353
1.255	0.11	1.31048
1.255	0.12	1.28763
1.255	0.13	1.26498
1.255	0.14	1.24254
1.255	0.15	1.22029
1.255	0.16	1.19824
1.255	0.17	1.17639
1.255	0.18	1.15474
1.255	0.19	1.1333
1.255	0.2	1.11205
1.255	0.21	1.091
1.255	0.22	1.07016
1.255	0.23	1.04951
1.255	0.24	1.02907
1.255	0.25	1.00882
1.255	0.26	0.988778
1.255	0.27	0.968933
1.255	0.28	0.94929
1.255	0.29	0.929846
1.255	0.3	0.910603
1.255	0.31	0.891561
1.255	0.32	0.872718
1.255	0.33	0.854077
1.255	0.34	0.835636
1.255	0.35	0.817395
1.255	0.36	0.799355
1.255	0.37	0.781515
1.255	0.38	0.763876
1.255	0.39	0.746437
1.255	0.4	0.729199
1.255	0.41	0.712162
1.255	0.42	0.695325
1.255	0.43	0.678688
1.255	0.44	0.662252
1.255	0.45	0.646017
1.255	0.46	0.629982
1.255	0.47	0.614148
1.255	0.48	0.598515
1.255	0.49	0.583082
1.255	0.5	0.567849
1.255	0.51	0.552818
1.255	0.52	0.537987
1.255	0.53	0.523356
1.255	0.54	0.508927
1.255	0.55	0.494698
1.255	0.56	0.480669
1.255	0.57	0.466842
1.255	0.58	0.453215
1.255	0.59	0.439788
1.255	0.6	0.426563
1.255	0.61	0.413538
1.255	0.62	0.400713
1.255	0.63	0.38809
1.255	0.64	0.375667
1.255	0.65	0.363445
1.255	0.66	0.351423
1.255	0.67	0.339603
1.255	0.68	0.327983
1.255	0.69	0.316563
1.255	0.7	0.305345
1.255	0.71	0.294327
1.255	0.72	0.28351
1.255	0.73	0.272894
1.255	0.74	0.262478
1.255	0.75	0.252263
1.255	0.76	0.242249
1.255	0.77	0.232436
1.255	0.78	0.222823
1.255	0.79	0.213411
1.255	0.8	0.2042
1.255	0.81	0.19519
1.255	0.82	0.18638
1.255	0.83	0.177772
1.255	0.84	0.169363
1.255	0.85	0.161156
1.255	0.86	0.153149
1.255	0.87	0.145344
1.255	0.88	0.137739
1.255	0.89	0.130334
1.255	0.9	0.123131
1.255	0.91	0.116128
1.255	0.92	0.109325
1.255	0.93	0.102724
1.255	0.94	0.0963234
1.255	0.95	0.0901234
1.255	0.96	0.0841242
1.255	0.97	0.0783257
1.255	0.98	0.0727279
1.255	0.99	0.0673309
1.255	1	0.0621345
1.255	1.01	0.0571389
1.255	1.02	0.052344
1.255	1.03	0.0477498
1.255	1.04	0.0433562
1.255	1.05	0.0391634
1.255	1.06	0.0351713
1.255	1.07	0.0313799
1.255	1.08	0.0277891
1.255	1.09	0.024399
1.255	1.1	0.0212096
1.255	1.11	0.0182209
1.255	1.12	0.0154328
1.255	1.13	0.0128454
1.255	1.14	0.0104586
1.255	1.15	0.00827245
1.255	1.16	0.00628695
1.255	1.17	0.00450209
1.255	1.18	0.00291785
1.255	1.19	0.00153423
1.255	1.2	0.000351215
1.255	1.21	-0.000631191
1.255	1.22	-0.001413
1.255	1.23	-0.00199422
1.255	1.24	-0.00237485
1.255	1.25	-0.0025549
1.255	1.26	-0.00253439
1.255	1.27	-0.00231331
1.255	1.28	-0.00189168
1.255	1.29	-0.0012695
1.255	1.3	-0.000446772
1.255	1.31	0.000576487
1.255	1.32	0.00180027
1.255	1.33	0.00322458
1.255	1.34	0.0048494
1.255	1.35	0.00667473
1.255	1.36	0.00870055
1.255	1.37	0.0109269
1.255	1.38	0.0133537
1.255	1.39	0.0159809
1.255	1.4	0.0188087
1.255	1.41	0.0218369
1.255	1.42	0.0250655
1.255	1.43	0.0284946
1.255	1.44	0.0321242
1.255	1.45	0.0359542
1.255	1.46	0.0399845
1.255	1.47	0.0442153
1.255	1.48	0.0486465
1.255	1.49	0.0532781
1.255	1.5	0.0581101
1.255	1.51	0.0631424
1.255	1.52	0.0683751
1.255	1.53	0.0738082
1.255	1.54	0.0794416
1.255	1.55	0.0852754
1.255	1.56	0.0913095
1.255	1.57	0.097544
1.255	1.58	0.103979
1.255	1.59	0.110614
1.255	1.6	0.117449
1.255	1.61	0.124485
1.255	1.62	0.131721
1.255	1.63	0.139157
1.255	1.64	0.146794
1.255	1.65	0.15463
1.255	1.66	0.162667
1.255	1.67	0.170905
1.255	1.68	0.179342
1.255	1.69	0.18798
1.255	1.7	0.196818
1.255	1.71	0.205856
1.255	1.72	0.215095
1.255	1.73	0.224533
1.255	1.74	0.234172
1.255	1.75	0.244011
1.255	1.76	0.25405
1.255	1.77	0.26429
1.255	1.78	0.274729
1.255	1.79	0.285369
1.255	1.8	0.296209
1.255	1.81	0.307249
1.255	1.82	0.318489
1.255	1.83	0.329929
1.255	1.84	0.341569
1.255	1.85	0.35341
1.255	1.86	0.36545
1.255	1.87	0.377691
1.255	1.88	0.390132
1.255	1.89	0.402773
1.255	1.9	0.415614
1.255	1.91	0.428655
1.255	1.92	0.441896
1.255	1.93	0.455337
1.255	1.94	0.468978
1.255	1.95	0.482819
1.255	1.96	0.49686
1.255	1.97	0.511101
1.255	1.98	0.525543
1.255	1.99	0.540184
1.255	2	0.555025
1.26	0	1.5876
1.26	0.01	1.56245
1.26	0.02	1.5375
1.26	0.03	1.51275
1.26	0.04	1.4882
1.26	0.05	1.46385
1.26	0.06	1.4397
1.26	0.07	1.41575
1.26	0.08	1.392
1.26	0.09	1.36845
1.26	0.1	1.3451
1.26	0.11	1.32195
1.26	0.12	1.299
1.26	0.13	1.27625
1.26	0.14	1.2537
1.26	0.15	1.23135
1.26	0.16	1.2092
1.26	0.17	1.18725
1.26	0.18	1.16551
1.26	0.19	1.14396
1.26	0.2	1.12261
1.26	0.21	1.10146
1.26	0.22	1.08052
1.26	0.23	1.05977
1.26	0.24	1.03923
1.26	0.25	1.01888
1.26	0.26	0.998734
1.26	0.27	0.978789
1.26	0.28	0.959045
1.26	0.29	0.939501
1.26	0.3	0.920157
1.26	0.31	0.901014
1.26	0.32	0.882071
1.26	0.33	0.863329
1.26	0.34	0.844787
1.26	0.35	0.826446
1.26	0.36	0.808305
1.26	0.37	0.790364
1.26	0.38	0.772625
1.26	0.39	0.755085
1.26	0.4	0.737747
1.26	0.41	0.720609
1.26	0.42	0.703671
1.26	0.43	0.686934
1.26	0.44	0.670398
1.26	0.45	0.654062
1.26	0.46	0.637927
1.26	0.47	0.621992
1.26	0.48	0.606258
1.26	0.49	0.590725
1.26	0.5	0.575392
1.26	0.51	0.56026
1.26	0.52	0.545328
1.26	0.53	0.530598
1.26	0.54	0.516067
1.26	0.55	0.501738
1.26	0.56	0.487609
1.26	0.57	0.473681
1.26	0.58	0.459954
1.26	0.59	0.446427
1.26	0.6	0.433101
1.26	0.61	0.419975
1.26	0.62	0.407051
1.26	0.63	0.394327
1.26	0.64	0.381804
1.26	0.65	0.369481
1.26	0.66	0.357359
1.26	0.67	0.345438
1.26	0.68	0.333718
1.26	0.69	0.322199
1.26	0.7	0.31088
1.26	0.71	0.299762
1.26	0.72	0.288844
1.26	0.73	0.278128
1.26	0.74	0.267612
1.26	0.75	0.257297
1.26	0.76	0.247183
1.26	0.77	0.237269
1.26	0.78	0.227556
1.26	0.79	0.218044
1.26	0.8	0.208733
1.26	0.81	0.199623
1.26	0.82	0.190713
1.26	0.83	0.182004
1.26	0.84	0.173496
1.26	0.85	0.165188
1.26	0.86	0.157081
1.26	0.87	0.149175
1.26	0.88	0.14147
1.26	0.89	0.133966
1.26	0.9	0.126662
1.26	0.91	0.119559
1.26	0.92	0.112657
1.26	0.93	0.105956
1.26	0.94	0.0994549
1.26	0.95	0.093155
1.26	0.96	0.0870558
1.26	0.97	0.0811573
1.26	0.98	0.0754596
1.26	0.99	0.0699625
1.26	1	0.0646663
1.26	1.01	0.0595707
1.26	1.02	0.0546759
1.26	1.03	0.0499817
1.26	1.04	0.0454883
1.26	1.05	0.0411956
1.26	1.06	0.0371036
1.26	1.07	0.0332123
1.26	1.08	0.0295217
1.26	1.09	0.0260317
1.26	1.1	0.0227425
1.26	1.11	0.0196539
1.26	1.12	0.016766
1.26	1.13	0.0140788
1.26	1.14	0.0115922
1.26	1.15	0.00930625
1.26	1.16	0.00722097
1.26	1.17	0.00533634
1.26	1.18	0.00365233
1.26	1.19	0.00216895
1.26	1.2	0.000886198
1.26	1.21	-0.000195944
1.26	1.22	-0.00107748
1.26	1.23	-0.00175841
1.26	1.24	-0.00223876
1.26	1.25	-0.00251851
1.26	1.26	-0.00259769
1.26	1.27	-0.0024763
1.26	1.28	-0.00215434
1.26	1.29	-0.00163183
1.26	1.3	-0.000908762
1.26	1.31	1.48444e-05
1.26	1.32	0.00113899
1.26	1.33	0.00246366
1.26	1.34	0.00398885
1.26	1.35	0.00571455
1.26	1.36	0.00764076
1.26	1.37	0.00976747
1.26	1.38	0.0120947
1.26	1.39	0.0146223
1.26	1.4	0.0173505
1.26	1.41	0.0202791
1.26	1.42	0.0234082
1.26	1.43	0.0267378
1.26	1.44	0.0302677
1.26	1.45	0.0339982
1.26	1.46	0.037929
1.26	1.47	0.0420603
1.26	1.48	0.0463919
1.26	1.49	0.050924
1.26	1.5	0.0556564
1.26	1.51	0.0605892
1.26	1.52	0.0657224
1.26	1.53	0.071056
1.26	1.54	0.0765899
1.26	1.55	0.0823242
1.26	1.56	0.0882588
1.26	1.57	0.0943938
1.26	1.58	0.100729
1.26	1.59	0.107265
1.26	1.6	0.114001
1.26	1.61	0.120937
1.26	1.62	0.128073
1.26	1.63	0.13541
1.26	1.64	0.142947
1.26	1.65	0.150685
1.26	1.66	0.158622
1.26	1.67	0.16676
1.26	1.68	0.175098
1.26	1.69	0.183636
1.26	1.7	0.192375
1.26	1.71	0.201314
1.26	1.72	0.210453
1.26	1.73	0.219792
1.26	1.74	0.229331
1.26	1.75	0.239071
1.26	1.76	0.249011
1.26	1.77	0.259151
1.26	1.78	0.269491
1.26	1.79	0.280031
1.26	1.8	0.290772
1.26	1.81	0.301712
1.26	1.82	0.312853
1.26	1.83	0.324194
1.26	1.84	0.335735
1.26	1.85	0.347476
1.26	1.86	0.359417
1.26	1.87	0.371558
1.26	1.88	0.383899
1.26	1.89	0.396441
1.26	1.9	0.409182
1.26	1.91	0.422124
1.26	1.92	0.435266
1.26	1.93	0.448607
1.26	1.94	0.462149
1.26	1.95	0.475891
1.26	1.96	0.489833
1.26	1.97	0.503974
1.26	1.98	0.518316
1.26	1.99	0.532858
1.26	2	0.5476
1.265	0	1.60023
1.265	0.01	1.57497
1.265	0.02	1.54992
1.265	0.03	1.52507
1.265	0.04	1.50042
1.265	0.05	1.47597
1.265	0.06	1.45172
1.265	0.07	1.42767
1.265	0.08	1.40382
1.265	0.09	1.38017
1.265	0.1	1.35672
1.265	0.11	1.33346
1.265	0.12	1.31041
1.265	0.13	1.28756
1.265	0.14	1.26492
1.265	0.15	1.24247
1.265	0.16	1.22022
1.265	0.17	1.19817
1.265	0.18	1.17632
1.265	0.19	1.15467
1.265	0.2	1.13322
1.265	0.21	1.11197
1.265	0.22	1.09093
1.265	0.23	1.07008
1.265	0.24	1.04943
1.265	0.25	1.02899
1.265	0.26	1.00874
1.265	0.27	0.988695
1.265	0.28	0.96885
1.265	0.29	0.949205
1.265	0.3	0.929761
1.265	0.31	0.910517
1.265	0.32	0.891474
1.265	0.33	0.872631
1.265	0.34	0.853988
1.265	0.35	0.835547
1.265	0.36	0.817305
1.265	0.37	0.799264
1.265	0.38	0.781424
1.265	0.39	0.763784
1.265	0.4	0.746345
1.265	0.41	0.729106
1.265	0.42	0.712068
1.265	0.43	0.695231
1.265	0.44	0.678594
1.265	0.45	0.662157
1.265	0.46	0.645922
1.265	0.47	0.629887
1.265	0.48	0.614052
1.265	0.49	0.598418
1.265	0.5	0.582984
1.265	0.51	0.567752
1.265	0.52	0.55272
1.265	0.53	0.537889
1.265	0.54	0.523258
1.265	0.55	0.508828
1.265	0.56	0.494599
1.265	0.57	0.48057
1.265	0.58	0.466742
1.265	0.59	0.453115
1.265	0.6	0.439689
1.265	0.61	0.426463
1.265	0.62	0.413438
1.265	0.63	0.400614
1.265	0.64	0.38799
1.265	0.65	0.375568
1.265	0.66	0.363345
1.265	0.67	0.351324
1.265	0.68	0.339504
1.265	0.69	0.327884
1.265	0.7	0.316465
1.265	0.71	0.305246
1.265	0.72	0.294229
1.265	0.73	0.283412
1.265	0.74	0.272796
1.265	0.75	0.262381
1.265	0.76	0.252166
1.265	0.77	0.242152
1.265	0.78	0.232339
1.265	0.79	0.222727
1.265	0.8	0.213316
1.265	0.81	0.204105
1.265	0.82	0.195095
1.265	0.83	0.186286
1.265	0.84	0.177678
1.265	0.85	0.16927
1.265	0.86	0.161063
1.265	0.87	0.153057
1.265	0.88	0.145252
1.265	0.89	0.137648
1.265	0.9	0.130244
1.265	0.91	0.123041
1.265	0.92	0.116039
1.265	0.93	0.109237
1.265	0.94	0.102636
1.265	0.95	0.0962365
1.265	0.96	0.0900373
1.265	0.97	0.0840389
1.265	0.98	0.0782412
1.265	0.99	0.0726442
1.265	1	0.067248
1.265	1.01	0.0620525
1.265	1.02	0.0570577
1.265	1.03	0.0522637
1.265	1.04	0.0476704
1.265	1.05	0.0432778
1.265	1.06	0.0390859
1.265	1.07	0.0350947
1.265	1.08	0.0313042
1.265	1.09	0.0277144
1.265	1.1	0.0243253
1.265	1.11	0.0211369
1.265	1.12	0.0181492
1.265	1.13	0.0153622
1.265	1.14	0.0127758
1.265	1.15	0.0103901
1.265	1.16	0.008205
1.265	1.17	0.00622058
1.265	1.18	0.00443682
1.265	1.19	0.00285368
1.265	1.2	0.00147118
1.265	1.21	0.000289308
1.265	1.22	-0.000691953
1.265	1.23	-0.00147261
1.265	1.24	-0.00205266
1.265	1.25	-0.00243212
1.265	1.26	-0.00261099
1.265	1.27	-0.00258928
1.265	1.28	-0.00236699
1.265	1.29	-0.00194415
1.265	1.3	-0.00132074
1.265	1.31	-0.000496789
1.265	1.32	0.000527708
1.265	1.33	0.00175274
1.265	1.34	0.0031783
1.265	1.35	0.00480438
1.265	1.36	0.00663098
1.265	1.37	0.00865808
1.265	1.38	0.0108857
1.265	1.39	0.0133138
1.265	1.4	0.0159423
1.265	1.41	0.0187714
1.265	1.42	0.0218009
1.265	1.43	0.0250309
1.265	1.44	0.0284613
1.265	1.45	0.0320922
1.265	1.46	0.0359235
1.265	1.47	0.0399552
1.265	1.48	0.0441873
1.265	1.49	0.0486199
1.265	1.5	0.0532528
1.265	1.51	0.0580861
1.265	1.52	0.0631198
1.265	1.53	0.0683538
1.265	1.54	0.0737883
1.265	1.55	0.079423
1.265	1.56	0.0852582
1.265	1.57	0.0912936
1.265	1.58	0.0975294
1.265	1.59	0.103966
1.265	1.6	0.110602
1.265	1.61	0.117439
1.265	1.62	0.124476
1.265	1.63	0.131713
1.265	1.64	0.139151
1.265	1.65	0.146789
1.265	1.66	0.154627
1.265	1.67	0.162665
1.265	1.68	0.170904
1.265	1.69	0.179343
1.265	1.7	0.187982
1.265	1.71	0.196821
1.265	1.72	0.205861
1.265	1.73	0.215101
1.265	1.74	0.224541
1.265	1.75	0.234181
1.265	1.76	0.244021
1.265	1.77	0.254062
1.265	1.78	0.264302
1.265	1.79	0.274743
1.265	1.8	0.285384
1.265	1.81	0.296225
1.265	1.82	0.307267
1.265	1.83	0.318508
1.265	1.84	0.32995
1.265	1.85	0.341591
1.265	1.86	0.353433
1.265	1.87	0.365475
1.265	1.88	0.377717
1.265	1.89	0.390159
1.265	1.9	0.402801
1.265	1.91	0.415643
1.265	1.92	0.428686
1.265	1.93	0.441928
1.265	1.94	0.45537
1.265	1.95	0.469013
1.265	1.96	0.482855
1.265	1.97	0.496898
1.265	1.98	0.51114
1.265	1.99	0.525583
1.265	2	0.540225
1.27	0	1.6129
1.27	0.01	1.58755
1.27	0.02	1.5624
1.27	0.03	1.53744
1.27	0.04	1.51269
1.27	0.05	1.48814
1.27	0.06	1.46379
1.27	0.07	1.43964
1.27	0.08	1.41569
1.27	0.09	1.39193
1.27	0.1	1.36838
1.27	0.11	1.34503
1.27	0.12	1.32188
1.27	0.13	1.29893
1.27	0.14	1.27618
1.27	0.15	1.25363
1.27	0.16	1.23128
1.27	0.17	1.20913
1.27	0.18	1.18718
1.27	0.19	1.16543
1.27	0.2	1.14388
1.27	0.21	1.12253
1.27	0.22	1.10139
1.27	0.23	1.08044
1.27	0.24	1.05969
1.27	0.25	1.03914
1.27	0.26	1.0188
1.27	0.27	0.998651
1.27	0.28	0.978705
1.27	0.29	0.95896
1.27	0.3	0.939415
1.27	0.31	0.920071
1.27	0.32	0.900927
1.27	0.33	0.881983
1.27	0.34	0.86324
1.27	0.35	0.844698
1.27	0.36	0.826356
1.27	0.37	0.808214
1.27	0.38	0.790273
1.27	0.39	0.772533
1.27	0.4	0.754993
1.27	0.41	0.737654
1.27	0.42	0.720515
1.27	0.43	0.703577
1.27	0.44	0.68684
1.27	0.45	0.670303
1.27	0.46	0.653967
1.27	0.47	0.637831
1.27	0.48	0.621896
1.27	0.49	0.606162
1.27	0.5	0.590628
1.27	0.51	0.575295
1.27	0.52	0.560162
1.27	0.53	0.545231
1.27	0.54	0.5305
1.27	0.55	0.515969
1.27	0.56	0.50164
1.27	0.57	0.487511
1.27	0.58	0.473583
1.27	0.59	0.459855
1.27	0.6	0.446328
1.27	0.61	0.433002
1.27	0.62	0.419877
1.27	0.63	0.406952
1.27	0.64	0.394228
1.27	0.65	0.381705
1.27	0.66	0.369383
1.27	0.67	0.357261
1.27	0.68	0.34534
1.27	0.69	0.33362
1.27	0.7	0.322101
1.27	0.71	0.310782
1.27	0.72	0.299664
1.27	0.73	0.288747
1.27	0.74	0.278031
1.27	0.75	0.267516
1.27	0.76	0.257201
1.27	0.77	0.247087
1.27	0.78	0.237174
1.27	0.79	0.227462
1.27	0.8	0.21795
1.27	0.81	0.208639
1.27	0.82	0.199529
1.27	0.83	0.19062
1.27	0.84	0.181911
1.27	0.85	0.173404
1.27	0.86	0.165097
1.27	0.87	0.156991
1.27	0.88	0.149085
1.27	0.89	0.141381
1.27	0.9	0.133877
1.27	0.91	0.126574
1.27	0.92	0.119472
1.27	0.93	0.11257
1.27	0.94	0.105869
1.27	0.95	0.0993695
1.27	0.96	0.0930704
1.27	0.97	0.0869719
1.27	0.98	0.0810743
1.27	0.99	0.0753773
1.27	1	0.0698812
1.27	1.01	0.0645857
1.27	1.02	0.059491
1.27	1.03	0.0545971
1.27	1.04	0.0499039
1.27	1.05	0.0454114
1.27	1.06	0.0411196
1.27	1.07	0.0370285
1.27	1.08	0.0331382
1.27	1.09	0.0294485
1.27	1.1	0.0259596
1.27	1.11	0.0226714
1.27	1.12	0.0195838
1.27	1.13	0.0166969
1.27	1.14	0.0140108
1.27	1.15	0.0115252
1.27	1.16	0.00924039
1.27	1.17	0.0071562
1.27	1.18	0.00527266
1.27	1.19	0.00358976
1.27	1.2	0.00210751
1.27	1.21	0.000825889
1.27	1.22	-0.000255109
1.27	1.23	-0.00113549
1.27	1.24	-0.00181526
1.27	1.25	-0.00229443
1.27	1.26	-0.002573
1.27	1.27	-0.00265099
1.27	1.28	-0.00252839
1.27	1.29	-0.00220522
1.27	1.3	-0.00168149
1.27	1.31	-0.000957201
1.27	1.32	-3.23607e-05
1.27	1.33	0.00109302
1.27	1.34	0.00241894
1.27	1.35	0.00394539
1.27	1.36	0.00567236
1.27	1.37	0.00759984
1.27	1.38	0.00972782
1.27	1.39	0.0120563
1.27	1.4	0.0145853
1.27	1.41	0.0173147
1.27	1.42	0.0202447
1.27	1.43	0.023375
1.27	1.44	0.0267059
1.27	1.45	0.0302372
1.27	1.46	0.033969
1.27	1.47	0.0379012
1.27	1.48	0.0420337
1.27	1.49	0.0463667
1.27	1.5	0.0509001
1.27	1.51	0.0556339
1.27	1.52	0.060568
1.27	1.53	0.0657026
1.27	1.54	0.0710375
1.27	1.55	0.0765727
1.27	1.56	0.0823084
1.27	1.57	0.0882443
1.27	1.58	0.0943806
1.27	1.59	0.100717
1.27	1.6	0.107254
1.27	1.61	0.113991
1.27	1.62	0.120929
1.27	1.63	0.128067
1.27	1.64	0.135405
1.27	1.65	0.142943
1.27	1.66	0.150682
1.27	1.67	0.158621
1.27	1.68	0.16676
1.27	1.69	0.1751
1.27	1.7	0.183639
1.27	1.71	0.192379
1.27	1.72	0.201319
1.27	1.73	0.21046
1.27	1.74	0.2198
1.27	1.75	0.229341
1.27	1.76	0.239082
1.27	1.77	0.249023
1.27	1.78	0.259164
1.27	1.79	0.269506
1.27	1.8	0.280047
1.27	1.81	0.290789
1.27	1.82	0.301731
1.27	1.83	0.312873
1.27	1.84	0.324215
1.27	1.85	0.335758
1.27	1.86	0.3475
1.27	1.87	0.359442
1.27	1.88	0.371585
1.27	1.89	0.383928
1.27	1.9	0.39647
1.27	1.91	0.409213
1.27	1.92	0.422156
1.27	1.93	0.435299
1.27	1.94	0.448642
1.27	1.95	0.462185
1.27	1.96	0.475928
1.27	1.97	0.489871
1.27	1.98	0.504014
1.27	1.99	0.518357
1.27	2	0.5329
1.275	0	1.62562
1.275	0.01	1.60017
1.275	0.02	1.57492
1.275	0.03	1.54987
1.275	0.04	1.52501
1.275	0.05	1.50036
1.275	0.06	1.47591
1.275	0.07	1.45166
1.275	0.08	1.4276
1.275	0.09	1.40375
1.275	0.1	1.3801
1.275	0.11	1.35665
1.275	0.12	1.3334
1.275	0.13	1.31035
1.275	0.14	1.2875
1.275	0.15	1.26484
1.275	0.16	1.24239
1.275	0.17	1.22014
1.275	0.18	1.19809
1.275	0.19	1.17624
1.275	0.2	1.15459
1.275	0.21	1.13314
1.275	0.22	1.1119
1.275	0.23	1.09085
1.275	0.24	1.07
1.275	0.25	1.04935
1.275	0.26	1.0289
1.275	0.27	1.00866
1.275	0.28	0.988611
1.275	0.29	0.968765
1.275	0.3	0.94912
1.275	0.31	0.929675
1.275	0.32	0.91043
1.275	0.33	0.891386
1.275	0.34	0.872542
1.275	0.35	0.853899
1.275	0.36	0.835457
1.275	0.37	0.817215
1.275	0.38	0.799173
1.275	0.39	0.781332
1.275	0.4	0.763692
1.275	0.41	0.746252
1.275	0.42	0.729013
1.275	0.43	0.711975
1.275	0.44	0.695137
1.275	0.45	0.678499
1.275	0.46	0.662063
1.275	0.47	0.645826
1.275	0.48	0.629791
1.275	0.49	0.613956
1.275	0.5	0.598322
1.275	0.51	0.582889
1.275	0.52	0.567656
1.275	0.53	0.552624
1.275	0.54	0.537792
1.275	0.55	0.523161
1.275	0.56	0.508731
1.275	0.57	0.494502
1.275	0.58	0.480473
1.275	0.59	0.466646
1.275	0.6	0.453018
1.275	0.61	0.439592
1.275	0.62	0.426366
1.275	0.63	0.413341
1.275	0.64	0.400517
1.275	0.65	0.387894
1.275	0.66	0.375471
1.275	0.67	0.363249
1.275	0.68	0.351228
1.275	0.69	0.339407
1.275	0.7	0.327788
1.275	0.71	0.316369
1.275	0.72	0.305151
1.275	0.73	0.294134
1.275	0.74	0.283317
1.275	0.75	0.272702
1.275	0.76	0.262287
1.275	0.77	0.252072
1.275	0.78	0.242059
1.275	0.79	0.232247
1.275	0.8	0.222635
1.275	0.81	0.213224
1.275	0.82	0.204014
1.275	0.83	0.195004
1.275	0.84	0.186196
1.275	0.85	0.177588
1.275	0.86	0.169181
1.275	0.87	0.160975
1.275	0.88	0.152969
1.275	0.89	0.145165
1.275	0.9	0.137561
1.275	0.91	0.130158
1.275	0.92	0.122956
1.275	0.93	0.115954
1.275	0.94	0.109153
1.275	0.95	0.102553
1.275	0.96	0.0961542
1.275	0.97	0.0899558
1.275	0.98	0.0839582
1.275	0.99	0.0781613
1.275	1	0.0725652
1.275	1.01	0.0671698
1.275	1.02	0.0619752
1.275	1.03	0.0569813
1.275	1.04	0.0521882
1.275	1.05	0.0475958
1.275	1.06	0.0432041
1.275	1.07	0.0390132
1.275	1.08	0.0350229
1.275	1.09	0.0312335
1.275	1.1	0.0276447
1.275	1.11	0.0242566
1.275	1.12	0.0210692
1.275	1.13	0.0180825
1.275	1.14	0.0152965
1.275	1.15	0.0127112
1.275	1.16	0.0103266
1.275	1.17	0.00814257
1.275	1.18	0.00615926
1.275	1.19	0.0043766
1.275	1.2	0.00279459
1.275	1.21	0.00141322
1.275	1.22	0.000232477
1.275	1.23	-0.000747636
1.275	1.24	-0.00152713
1.275	1.25	-0.00210602
1.275	1.26	-0.0024843
1.275	1.27	-0.00266198
1.275	1.28	-0.00263908
1.275	1.29	-0.0024156
1.275	1.3	-0.00199155
1.275	1.31	-0.00136693
1.275	1.32	-0.00054201
1.275	1.33	0.000483693
1.275	1.34	0.00170996
1.275	1.35	0.00313677
1.275	1.36	0.00476411
1.275	1.37	0.00659196
1.275	1.38	0.00862033
1.275	1.39	0.0108492
1.275	1.4	0.0132786
1.275	1.41	0.0159084
1.275	1.42	0.0187388
1.275	1.43	0.0217696
1.275	1.44	0.0250008
1.275	1.45	0.0284326
1.275	1.46	0.0320645
1.275	1.47	0.0358971
1.275	1.48	0.0399302
1.275	1.49	0.0441636
1.275	1.5	0.0485974
1.275	1.51	0.0532317
1.275	1.52	0.0580663
1.275	1.53	0.0631013
1.275	1.54	0.0683367
1.275	1.55	0.0737724
1.275	1.56	0.0794086
1.275	1.57	0.085245
1.275	1.58	0.0912818
1.275	1.59	0.0975189
1.275	1.6	0.103956
1.275	1.61	0.110594
1.275	1.62	0.117432
1.275	1.63	0.124471
1.275	1.64	0.131709
1.275	1.65	0.139148
1.275	1.66	0.146787
1.275	1.67	0.154627
1.275	1.68	0.162667
1.275	1.69	0.170907
1.275	1.7	0.179347
1.275	1.71	0.187987
1.275	1.72	0.196828
1.275	1.73	0.205869
1.275	1.74	0.21511
1.275	1.75	0.224551
1.275	1.76	0.234193
1.275	1.77	0.244035
1.275	1.78	0.254076
1.275	1.79	0.264318
1.275	1.8	0.274761
1.275	1.81	0.285403
1.275	1.82	0.296245
1.275	1.83	0.307288
1.275	1.84	0.318531
1.275	1.85	0.329974
1.275	1.86	0.341617
1.275	1.87	0.35346
1.275	1.88	0.365503
1.275	1.89	0.377746
1.275	1.9	0.390189
1.275	1.91	0.402833
1.275	1.92	0.415676
1.275	1.93	0.42872
1.275	1.94	0.441963
1.275	1.95	0.455407
1.275	1.96	0.46905
1.275	1.97	0.482894
1.275	1.98	0.496938
1.275	1.99	0.511181
1.275	2	0.525625
1.28	0	1.6384
1.28	0.01	1.61285
1.28	0.02	1.58749
1.28	0.03	1.56234
1.28	0.04	1.53739
1.28	0.05	1.51263
1.28	0.06	1.48808
1.28	0.07	1.46373
1.28	0.08	1.43957
1.28	0.09	1.41562
1.28	0.1	1.39187
1.28	0.11	1.36832
1.28	0.12	1.34496
1.28	0.13	1.32181
1.28	0.14	1.29886
1.28	0.15	1.27611
1.28	0.16	1.25356
1.28	0.17	1.23121
1.28	0.18	1.20906
1.28	0.19	1.18711
1.28	0.2	1.16536
1.28	0.21	1.14381
1.28	0.22	1.12246
1.28	0.23	1.10131
1.28	0.24	1.08036
1.28	0.25	1.05961
1.28	0.26	1.03906
1.28	0.27	1.01871
1.28	0.28	0.998567
1.28	0.29	0.978621
1.28	0.3	0.958875
1.28	0.31	0.939329
1.28	0.32	0.919984
1.28	0.33	0.900839
1.28	0.34	0.881895
1.28	0.35	0.863151
1.28	0.36	0.844608
1.28	0.37	0.826266
1.28	0.38	0.808124
1.28	0.39	0.790182
1.28	0.4	0.772441
1.28	0.41	0.754901
1.28	0.42	0.737561
1.28	0.43	0.720422
1.28	0.44	0.703484
1.28	0.45	0.686746
1.28	0.46	0.670209
1.28	0.47	0.653872
1.28	0.48	0.637736
1.28	0.49	0.621801
1.28	0.5	0.606066
1.28	0.51	0.590532
1.28	0.52	0.575199
1.28	0.53	0.560066
1.28	0.54	0.545135
1.28	0.55	0.530403
1.28	0.56	0.515873
1.28	0.57	0.501543
1.28	0.58	0.487414
1.28	0.59	0.473486
1.28	0.6	0.459758
1.28	0.61	0.446232
1.28	0.62	0.432906
1.28	0.63	0.41978
1.28	0.64	0.406856
1.28	0.65	0.394132
1.28	0.66	0.381609
1.28	0.67	0.369287
1.28	0.68	0.357165
1.28	0.69	0.345245
1.28	0.7	0.333525
1.28	0.71	0.322006
1.28	0.72	0.310687
1.28	0.73	0.29957
1.28	0.74	0.288653
1.28	0.75	0.277937
1.28	0.76	0.267422
1.28	0.77	0.257108
1.28	0.78	0.246994
1.28	0.79	0.237082
1.28	0.8	0.22737
1.28	0.81	0.217859
1.28	0.82	0.208548
1.28	0.83	0.199439
1.28	0.84	0.19053
1.28	0.85	0.181822
1.28	0.86	0.173315
1.28	0.87	0.165009
1.28	0.88	0.156903
1.28	0.89	0.148999
1.28	0.9	0.141295
1.28	0.91	0.133792
1.28	0.92	0.126489
1.28	0.93	0.119388
1.28	0.94	0.112487
1.28	0.95	0.105787
1.28	0.96	0.0992881
1.28	0.97	0.0929897
1.28	0.98	0.0868921
1.28	0.99	0.0809952
1.28	1	0.0752992
1.28	1.01	0.0698039
1.28	1.02	0.0645093
1.28	1.03	0.0594155
1.28	1.04	0.0545225
1.28	1.05	0.0498302
1.28	1.06	0.0453386
1.28	1.07	0.0410478
1.28	1.08	0.0369577
1.28	1.09	0.0330684
1.28	1.1	0.0293797
1.28	1.11	0.0258918
1.28	1.12	0.0226046
1.28	1.13	0.0195181
1.28	1.14	0.0166323
1.28	1.15	0.0139472
1.28	1.16	0.0114627
1.28	1.17	0.00917897
1.28	1.18	0.00709588
1.28	1.19	0.00521345
1.28	1.2	0.00353169
1.28	1.21	0.00205057
1.28	1.22	0.000770086
1.28	1.23	-0.00030976
1.28	1.24	-0.00118898
1.28	1.25	-0.00186758
1.28	1.26	-0.00234557
1.28	1.27	-0.00262296
1.28	1.28	-0.00269975
1.28	1.29	-0.00257595
1.28	1.3	-0.00225157
1.28	1.31	-0.00172662
1.28	1.32	-0.00100111
1.28	1.33	-7.50408e-05
1.28	1.34	0.00105158
1.28	1.35	0.00237874
1.28	1.36	0.00390644
1.28	1.37	0.00563466
1.28	1.38	0.00756341
1.28	1.39	0.00969266
1.28	1.4	0.0120224
1.28	1.41	0.0145527
1.28	1.42	0.0172834
1.28	1.43	0.0202146
1.28	1.44	0.0233463
1.28	1.45	0.0266785
1.28	1.46	0.0302111
1.28	1.47	0.0339441
1.28	1.48	0.0378776
1.28	1.49	0.0420115
1.28	1.5	0.0463457
1.28	1.51	0.0508804
1.28	1.52	0.0556155
1.28	1.53	0.060551
1.28	1.54	0.0656868
1.28	1.55	0.0710231
1.28	1.56	0.0765596
1.28	1.57	0.0822966
1.28	1.58	0.0882339
1.28	1.59	0.0943715
1.28	1.6	0.100709
1.28	1.61	0.107248
1.28	1.62	0.113986
1.28	1.63	0.120925
1.28	1.64	0.128064
1.28	1.65	0.135404
1.28	1.66	0.142944
1.28	1.67	0.150684
1.28	1.68	0.158624
1.28	1.69	0.166764
1.28	1.7	0.175105
1.28	1.71	0.183646
1.28	1.72	0.192387
1.28	1.73	0.201329
1.28	1.74	0.21047
1.28	1.75	0.219812
1.28	1.76	0.229354
1.28	1.77	0.239097
1.28	1.78	0.249039
1.28	1.79	0.259181
1.28	1.8	0.269524
1.28	1.81	0.280067
1.28	1.82	0.29081
1.28	1.83	0.301753
1.28	1.84	0.312897
1.28	1.85	0.32424
1.28	1.86	0.335784
1.28	1.87	0.347527
1.28	1.88	0.359471
1.28	1.89	0.371615
1.28	1.9	0.383959
1.28	1.91	0.396503
1.28	1.92	0.409247
1.28	1.93	0.422191
1.28	1.94	0.435335
1.28	1.95	0.448679
1.28	1.96	0.462223
1.28	1.97	0.475967
1.28	1.98	0.489912
1.28	1.99	0.504056
1.28	2	0.5184
1.285	0	1.65123
1.285	0.01	1.62557
1.285	0.02	1.60012
1.285	0.03	1.57486
1.285	0.04	1.54981
1.285	0.05	1.52495
1.285	0.06	1.5003
1.285	0.07	1.47585
1.285	0.08	1.45159
1.285	0.09	1.42754
1.285	0.1	1.40369
1.285	0.11	1.38003
1.285	0.12	1.35658
1.285	0.13	1.33333
1.285	0.14	1.31028
1.285	0.15	1.28742
1.285	0.16	1.26477
1.285	0.17	1.24232
1.285	0.18	1.22007
1.285	0.19	1.19802
1.285	0.2	1.17617
1.285	0.21	1.15452
1.285	0.22	1.13307
1.285	0.23	1.11182
1.285	0.24	1.09077
1.285	0.25	1.06992
1.285	0.26	1.04927
1.285	0.27	1.02882
1.285	0.28	1.00857
1.285	0.29	0.988527
1.285	0.3	0.96868
1.285	0.31	0.949034
1.285	0.32	0.929588
1.285	0.33	0.910343
1.285	0.34	0.891298
1.285	0.35	0.872454
1.285	0.36	0.85381
1.285	0.37	0.835367
1.285	0.38	0.817125
1.285	0.39	0.799083
1.285	0.4	0.781241
1.285	0.41	0.7636
1.285	0.42	0.74616
1.285	0.43	0.728921
1.285	0.44	0.711882
1.285	0.45	0.695043
1.285	0.46	0.678406
1.285	0.47	0.661969
1.285	0.48	0.645732
1.285	0.49	0.629697
1.285	0.5	0.613861
1.285	0.51	0.598227
1.285	0.52	0.582793
1.285	0.53	0.56756
1.285	0.54	0.552528
1.285	0.55	0.537697
1.285	0.56	0.523066
1.285	0.57	0.508636
1.285	0.58	0.494406
1.285	0.59	0.480378
1.285	0.6	0.46655
1.285	0.61	0.452923
1.285	0.62	0.439496
1.285	0.63	0.426271
1.285	0.64	0.413246
1.285	0.65	0.400422
1.285	0.66	0.387798
1.285	0.67	0.375376
1.285	0.68	0.363154
1.285	0.69	0.351133
1.285	0.7	0.339313
1.285	0.71	0.327694
1.285	0.72	0.316275
1.285	0.73	0.305058
1.285	0.74	0.294041
1.285	0.75	0.283225
1.285	0.76	0.272609
1.285	0.77	0.262195
1.285	0.78	0.251981
1.285	0.79	0.241968
1.285	0.8	0.232156
1.285	0.81	0.222545
1.285	0.82	0.213135
1.285	0.83	0.203925
1.285	0.84	0.194916
1.285	0.85	0.186108
1.285	0.86	0.177501
1.285	0.87	0.169095
1.285	0.88	0.160889
1.285	0.89	0.152884
1.285	0.9	0.14508
1.285	0.91	0.137477
1.285	0.92	0.130075
1.285	0.93	0.122873
1.285	0.94	0.115873
1.285	0.95	0.109073
1.285	0.96	0.102474
1.285	0.97	0.0960751
1.285	0.98	0.0898776
1.285	0.99	0.0838808
1.285	1	0.0780848
1.285	1.01	0.0724895
1.285	1.02	0.067095
1.285	1.03	0.0619013
1.285	1.04	0.0569084
1.285	1.05	0.0521162
1.285	1.06	0.0475247
1.285	1.07	0.043134
1.285	1.08	0.0389441
1.285	1.09	0.0349549
1.285	1.1	0.0311664
1.285	1.11	0.0275786
1.285	1.12	0.0241915
1.285	1.13	0.0210052
1.285	1.14	0.0180196
1.285	1.15	0.0152346
1.285	1.16	0.0126504
1.285	1.17	0.0102669
1.285	1.18	0.00808398
1.285	1.19	0.00610178
1.285	1.2	0.00432024
1.285	1.21	0.00273936
1.285	1.22	0.00135913
1.285	1.23	0.000179539
1.285	1.24	-0.000799417
1.285	1.25	-0.00157775
1.285	1.26	-0.00215546
1.285	1.27	-0.00253255
1.285	1.28	-0.00270905
1.285	1.29	-0.00268495
1.285	1.3	-0.00246026
1.285	1.31	-0.002035
1.285	1.32	-0.00140916
1.285	1.33	-0.000582761
1.285	1.34	0.000444195
1.285	1.35	0.0016717
1.285	1.36	0.00309975
1.285	1.37	0.00472833
1.285	1.38	0.00655744
1.285	1.39	0.00858706
1.285	1.4	0.0108172
1.285	1.41	0.0132478
1.285	1.42	0.015879
1.285	1.43	0.0187106
1.285	1.44	0.0217426
1.285	1.45	0.0249752
1.285	1.46	0.0284082
1.285	1.47	0.0320417
1.285	1.48	0.0358756
1.285	1.49	0.0399099
1.285	1.5	0.0441446
1.285	1.51	0.0485797
1.285	1.52	0.0532152
1.285	1.53	0.0580511
1.285	1.54	0.0630874
1.285	1.55	0.0683241
1.285	1.56	0.0737612
1.285	1.57	0.0793986
1.285	1.58	0.0852363
1.285	1.59	0.0912744
1.285	1.6	0.0975129
1.285	1.61	0.103952
1.285	1.62	0.110591
1.285	1.63	0.11743
1.285	1.64	0.12447
1.285	1.65	0.13171
1.285	1.66	0.13915
1.285	1.67	0.14679
1.285	1.68	0.154631
1.285	1.69	0.162672
1.285	1.7	0.170914
1.285	1.71	0.179355
1.285	1.72	0.187997
1.285	1.73	0.196839
1.285	1.74	0.205881
1.285	1.75	0.215123
1.285	1.76	0.224566
1.285	1.77	0.234209
1.285	1.78	0.244052
1.285	1.79	0.254095
1.285	1.8	0.264338
1.285	1.81	0.274781
1.285	1.82	0.285425
1.285	1.83	0.296269
1.285	1.84	0.307313
1.285	1.85	0.318557
1.285	1.86	0.330001
1.285	1.87	0.341645
1.285	1.88	0.353489
1.285	1.89	0.365533
1.285	1.9	0.377778
1.285	1.91	0.390222
1.285	1.92	0.402867
1.285	1.93	0.415712
1.285	1.94	0.428756
1.285	1.95	0.442001
1.285	1.96	0.455446
1.285	1.97	0.469091
1.285	1.98	0.482935
1.285	1.99	0.49698
1.285	2	0.511225
1.29	0	1.6641
1.29	0.01	1.63835
1.29	0.02	1.61279
1.29	0.03	1.58744
1.29	0.04	1.56228
1.29	0.05	1.53733
1.29	0.06	1.51257
1.29	0.07	1.48802
1.29	0.08	1.46366
1.29	0.09	1.43951
1.29	0.1	1.41556
1.29	0.11	1.3918
1.29	0.12	1.36825
1.29	0.13	1.34489
1.29	0.14	1.32174
1.29	0.15	1.29879
1.29	0.16	1.27604
1.29	0.17	1.25348
1.29	0.18	1.23113
1.29	0.19	1.20898
1.29	0.2	1.18703
1.29	0.21	1.16528
1.29	0.22	1.14373
1.29	0.23	1.12238
1.29	0.24	1.10123
1.29	0.25	1.08028
1.29	0.26	1.05953
1.29	0.27	1.03898
1.29	0.28	1.01863
1.29	0.29	0.998483
1.29	0.3	0.978536
1.29	0.31	0.958789
1.29	0.32	0.939243
1.29	0.33	0.919897
1.29	0.34	0.900752
1.29	0.35	0.881807
1.29	0.36	0.863063
1.29	0.37	0.844519
1.29	0.38	0.826176
1.29	0.39	0.808034
1.29	0.4	0.790092
1.29	0.41	0.772351
1.29	0.42	0.75481
1.29	0.43	0.73747
1.29	0.44	0.72033
1.29	0.45	0.703391
1.29	0.46	0.686653
1.29	0.47	0.670115
1.29	0.48	0.653778
1.29	0.49	0.637642
1.29	0.5	0.621707
1.29	0.51	0.605972
1.29	0.52	0.590438
1.29	0.53	0.575104
1.29	0.54	0.559972
1.29	0.55	0.54504
1.29	0.56	0.530309
1.29	0.57	0.515778
1.29	0.58	0.501448
1.29	0.59	0.487319
1.29	0.6	0.473391
1.29	0.61	0.459664
1.29	0.62	0.446137
1.29	0.63	0.432811
1.29	0.64	0.419686
1.29	0.65	0.406762
1.29	0.66	0.394038
1.29	0.67	0.381515
1.29	0.68	0.369193
1.29	0.69	0.357072
1.29	0.7	0.345152
1.29	0.71	0.333432
1.29	0.72	0.321913
1.29	0.73	0.310595
1.29	0.74	0.299478
1.29	0.75	0.288562
1.29	0.76	0.277846
1.29	0.77	0.267332
1.29	0.78	0.257018
1.29	0.79	0.246905
1.29	0.8	0.236993
1.29	0.81	0.227281
1.29	0.82	0.217771
1.29	0.83	0.208461
1.29	0.84	0.199352
1.29	0.85	0.190444
1.29	0.86	0.181737
1.29	0.87	0.17323
1.29	0.88	0.164925
1.29	0.89	0.15682
1.29	0.9	0.148916
1.29	0.91	0.141213
1.29	0.92	0.13371
1.29	0.93	0.126409
1.29	0.94	0.119308
1.29	0.95	0.112408
1.29	0.96	0.105709
1.29	0.97	0.0992106
1.29	0.98	0.0929131
1.29	0.99	0.0868163
1.29	1	0.0809203
1.29	1.01	0.0752252
1.29	1.02	0.0697308
1.29	1.03	0.0644371
1.29	1.04	0.0593443
1.29	1.05	0.0544522
1.29	1.06	0.0497608
1.29	1.07	0.0452702
1.29	1.08	0.0409804
1.29	1.09	0.0368913
1.29	1.1	0.033003
1.29	1.11	0.0293154
1.29	1.12	0.0258285
1.29	1.13	0.0225423
1.29	1.14	0.0194569
1.29	1.15	0.0165721
1.29	1.16	0.0138881
1.29	1.17	0.0114047
1.29	1.18	0.00912208
1.29	1.19	0.0070401
1.29	1.2	0.0051588
1.29	1.21	0.00347816
1.29	1.22	0.00199818
1.29	1.23	0.000718849
1.29	1.24	-0.000359841
1.29	1.25	-0.0012379
1.29	1.26	-0.00191533
1.29	1.27	-0.00239214
1.29	1.28	-0.00266834
1.29	1.29	-0.00274394
1.29	1.3	-0.00261894
1.29	1.31	-0.00229336
1.29	1.32	-0.0017672
1.29	1.33	-0.00104047
1.29	1.34	-0.000113173
1.29	1.35	0.00101468
1.29	1.36	0.00234307
1.29	1.37	0.00387201
1.29	1.38	0.00560148
1.29	1.39	0.00753148
1.29	1.4	0.00966199
1.29	1.41	0.011993
1.29	1.42	0.0145245
1.29	1.43	0.0172565
1.29	1.44	0.020189
1.29	1.45	0.023322
1.29	1.46	0.0266554
1.29	1.47	0.0301892
1.29	1.48	0.0339235
1.29	1.49	0.0378583
1.29	1.5	0.0419934
1.29	1.51	0.046329
1.29	1.52	0.050865
1.29	1.53	0.0556013
1.29	1.54	0.0605381
1.29	1.55	0.0656752
1.29	1.56	0.0710127
1.29	1.57	0.0765506
1.29	1.58	0.0822888
1.29	1.59	0.0882274
1.29	1.6	0.0943663
1.29	1.61	0.100706
1.29	1.62	0.107245
1.29	1.63	0.113985
1.29	1.64	0.120925
1.29	1.65	0.128066
1.29	1.66	0.135406
1.29	1.67	0.142947
1.29	1.68	0.150689
1.29	1.69	0.15863
1.29	1.7	0.166772
1.29	1.71	0.175114
1.29	1.72	0.183656
1.29	1.73	0.192399
1.29	1.74	0.201342
1.29	1.75	0.210484
1.29	1.76	0.219828
1.29	1.77	0.229371
1.29	1.78	0.239114
1.29	1.79	0.249058
1.29	1.8	0.259202
1.29	1.81	0.269546
1.29	1.82	0.28009
1.29	1.83	0.290834
1.29	1.84	0.301779
1.29	1.85	0.312923
1.29	1.86	0.324268
1.29	1.87	0.335813
1.29	1.88	0.347557
1.29	1.89	0.359502
1.29	1.9	0.371647
1.29	1.91	0.383992
1.29	1.92	0.396538
1.29	1.93	0.409283
1.29	1.94	0.422228
1.29	1.95	0.435373
1.29	1.96	0.448719
1.29	1.97	0.462264
1.29	1.98	0.476009
1.29	1.99	0.489955
1.29	2	0.5041
1.295	0	1.67702
1.295	0.01	1.65117
1.295	0.02	1.62551
1.295	0.03	1.60006
1.295	0.04	1.5748
1.295	0.05	1.54975
1.295	0.06	1.52489
1.295	0.07	1.50024
1.295	0.08	1.47578
1.295	0.09	1.45153
1.295	0.1	1.42747
1.295	0.11	1.40362
1.295	0.12	1.37997
1.295	0.13	1.35651
1.295	0.14	1.33326
1.295	0.15	1.3102
1.295	0.16	1.28735
1.295	0.17	1.2647
1.295	0.18	1.24224
1.295	0.19	1.21999
1.295	0.2	1.19794
1.295	0.21	1.17609
1.295	0.22	1.15444
1.295	0.23	1.13299
1.295	0.24	1.11174
1.295	0.25	1.09069
1.295	0.26	1.06984
1.295	0.27	1.04919
1.295	0.28	1.02874
1.295	0.29	1.00849
1.295	0.3	0.988442
1.295	0.31	0.968595
1.295	0.32	0.948948
1.295	0.33	0.929501
1.295	0.34	0.910256
1.295	0.35	0.89121
1.295	0.36	0.872366
1.295	0.37	0.853721
1.295	0.38	0.835278
1.295	0.39	0.817035
1.295	0.4	0.798992
1.295	0.41	0.781151
1.295	0.42	0.763509
1.295	0.43	0.746069
1.295	0.44	0.728829
1.295	0.45	0.71179
1.295	0.46	0.694951
1.295	0.47	0.678313
1.295	0.48	0.661876
1.295	0.49	0.645639
1.295	0.5	0.629603
1.295	0.51	0.613768
1.295	0.52	0.598133
1.295	0.53	0.5827
1.295	0.54	0.567467
1.295	0.55	0.552434
1.295	0.56	0.537603
1.295	0.57	0.522972
1.295	0.58	0.508542
1.295	0.59	0.494312
1.295	0.6	0.480284
1.295	0.61	0.466456
1.295	0.62	0.452829
1.295	0.63	0.439403
1.295	0.64	0.426177
1.295	0.65	0.413153
1.295	0.66	0.400329
1.295	0.67	0.387706
1.295	0.68	0.375284
1.295	0.69	0.363062
1.295	0.7	0.351041
1.295	0.71	0.339222
1.295	0.72	0.327603
1.295	0.73	0.316185
1.295	0.74	0.304967
1.295	0.75	0.293951
1.295	0.76	0.283135
1.295	0.77	0.27252
1.295	0.78	0.262106
1.295	0.79	0.251893
1.295	0.8	0.241881
1.295	0.81	0.232069
1.295	0.82	0.222458
1.295	0.83	0.213049
1.295	0.84	0.20384
1.295	0.85	0.194831
1.295	0.86	0.186024
1.295	0.87	0.177418
1.295	0.88	0.169012
1.295	0.89	0.160807
1.295	0.9	0.152803
1.295	0.91	0.145
1.295	0.92	0.137397
1.295	0.93	0.129996
1.295	0.94	0.122795
1.295	0.95	0.115795
1.295	0.96	0.108996
1.295	0.97	0.102398
1.295	0.98	0.0960001
1.295	0.99	0.0898034
1.295	1	0.0838075
1.295	1.01	0.0780124
1.295	1.02	0.072418
1.295	1.03	0.0670245
1.295	1.04	0.0618317
1.295	1.05	0.0568397
1.295	1.06	0.0520484
1.295	1.07	0.047458
1.295	1.08	0.0430683
1.295	1.09	0.0388793
1.295	1.1	0.0348911
1.295	1.11	0.0311036
1.295	1.12	0.0275169
1.295	1.13	0.0241309
1.295	1.14	0.0209456
1.295	1.15	0.0179611
1.295	1.16	0.0151772
1.295	1.17	0.0125941
1.295	1.18	0.0102116
1.295	1.19	0.00802986
1.295	1.2	0.00604878
1.295	1.21	0.00426837
1.295	1.22	0.00268863
1.295	1.23	0.00130955
1.295	1.24	0.000131112
1.295	1.25	-0.000846682
1.295	1.26	-0.00162384
1.295	1.27	-0.00220038
1.295	1.28	-0.00257629
1.295	1.29	-0.0027516
1.295	1.3	-0.00272631
1.295	1.31	-0.00250042
1.295	1.32	-0.00207395
1.295	1.33	-0.0014469
1.295	1.34	-0.000619285
1.295	1.35	0.000408895
1.295	1.36	0.00163763
1.295	1.37	0.00306691
1.295	1.38	0.00469673
1.295	1.39	0.00652708
1.295	1.4	0.00855795
1.295	1.41	0.0107893
1.295	1.42	0.0132212
1.295	1.43	0.0158536
1.295	1.44	0.0186865
1.295	1.45	0.0217198
1.295	1.46	0.0249536
1.295	1.47	0.0283879
1.295	1.48	0.0320226
1.295	1.49	0.0358577
1.295	1.5	0.0398933
1.295	1.51	0.0441293
1.295	1.52	0.0485657
1.295	1.53	0.0532025
1.295	1.54	0.0580397
1.295	1.55	0.0630772
1.295	1.56	0.0683152
1.295	1.57	0.0737535
1.295	1.58	0.0793922
1.295	1.59	0.0852312
1.295	1.6	0.0912706
1.295	1.61	0.0975103
1.295	1.62	0.10395
1.295	1.63	0.110591
1.295	1.64	0.117431
1.295	1.65	0.124472
1.295	1.66	0.131714
1.295	1.67	0.139155
1.295	1.68	0.146797
1.295	1.69	0.154639
1.295	1.7	0.162681
1.295	1.71	0.170924
1.295	1.72	0.179366
1.295	1.73	0.188009
1.295	1.74	0.196853
1.295	1.75	0.205896
1.295	1.76	0.21514
1.295	1.77	0.224584
1.295	1.78	0.234228
1.295	1.79	0.244072
1.295	1.8	0.254116
1.295	1.81	0.264361
1.295	1.82	0.274805
1.295	1.83	0.28545
1.295	1.84	0.296295
1.295	1.85	0.30734
1.295	1.86	0.318585
1.295	1.87	0.330031
1.295	1.88	0.341676
1.295	1.89	0.353521
1.295	1.9	0.365567
1.295	1.91	0.377813
1.295	1.92	0.390258
1.295	1.93	0.402904
1.295	1.94	0.41575
1.295	1.95	0.428796
1.295	1.96	0.442041
1.295	1.97	0.455487
1.295	1.98	0.469133
1.295	1.99	0.482979
1.295	2	0.497025
1.3	0	1.69
1.3	0.01	1.66404
1.3	0.02	1.63829
1.3	0.03	1.61273
1.3	0.04	1.58738
1.3	0.05	1.56222
1.3	0.06	1.53726
1.3	0.07	1.51251
1.3	0.08	1.48795
1.3	0.09	1.4636
1.3	0.1	1.43944
1.3	0.11	1.41549
1.3	0.12	1.39173
1.3	0.13	1.36818
1.3	0.14	1.34482
1.3	0.15	1.32167
1.3	0.16	1.29872
1.3	0.17	1.27596
1.3	0.18	1.25341
1.3	0.19	1.23106
1.3	0.2	1.2089
1.3	0.21	1.18695
1.3	0.22	1.1652
1.3	0.23	1.14365
1.3	0.24	1.1223
1.3	0.25	1.10115
1.3	0.26	1.0802
1.3	0.27	1.05945
1.3	0.28	1.0389
1.3	0.29	1.01855
1.3	0.3	0.998399
1.3	0.31	0.978451
1.3	0.32	0.958703
1.3	0.33	0.939157
1.3	0.34	0.91981
1.3	0.35	0.900664
1.3	0.36	0.881719
1.3	0.37	0.862974
1.3	0.38	0.84443
1.3	0.39	0.826087
1.3	0.4	0.807944
1.3	0.41	0.790002
1.3	0.42	0.77226
1.3	0.43	0.754719
1.3	0.44	0.737379
1.3	0.45	0.720239
1.3	0.46	0.7033
1.3	0.47	0.686561
1.3	0.48	0.670024
1.3	0.49	0.653687
1.3	0.5	0.63755
1.3	0.51	0.621615
1.3	0.52	0.60588
1.3	0.53	0.590346
1.3	0.54	0.575012
1.3	0.55	0.559879
1.3	0.56	0.544947
1.3	0.57	0.530216
1.3	0.58	0.515686
1.3	0.59	0.501356
1.3	0.6	0.487227
1.3	0.61	0.473299
1.3	0.62	0.459572
1.3	0.63	0.446045
1.3	0.64	0.432719
1.3	0.65	0.419595
1.3	0.66	0.40667
1.3	0.67	0.393947
1.3	0.68	0.381425
1.3	0.69	0.369103
1.3	0.7	0.356982
1.3	0.71	0.345062
1.3	0.72	0.333343
1.3	0.73	0.321825
1.3	0.74	0.310507
1.3	0.75	0.29939
1.3	0.76	0.288474
1.3	0.77	0.277759
1.3	0.78	0.267245
1.3	0.79	0.256932
1.3	0.8	0.246819
1.3	0.81	0.236908
1.3	0.82	0.227197
1.3	0.83	0.217687
1.3	0.84	0.208378
1.3	0.85	0.19927
1.3	0.86	0.190362
1.3	0.87	0.181656
1.3	0.88	0.17315
1.3	0.89	0.164845
1.3	0.9	0.156741
1.3	0.91	0.148838
1.3	0.92	0.141135
1.3	0.93	0.133634
1.3	0.94	0.126333
1.3	0.95	0.119233
1.3	0.96	0.112334
1.3	0.97	0.105635
1.3	0.98	0.099138
1.3	0.99	0.0928413
1.3	1	0.0867454
1.3	1.01	0.0808503
1.3	1.02	0.0751561
1.3	1.03	0.0696626
1.3	1.04	0.0643699
1.3	1.05	0.059278
1.3	1.06	0.0543868
1.3	1.07	0.0496965
1.3	1.08	0.0452069
1.3	1.09	0.0409181
1.3	1.1	0.03683
1.3	1.11	0.0329427
1.3	1.12	0.0292561
1.3	1.13	0.0257703
1.3	1.14	0.0224852
1.3	1.15	0.0194008
1.3	1.16	0.0165171
1.3	1.17	0.0138342
1.3	1.18	0.0113519
1.3	1.19	0.00907036
1.3	1.2	0.0069895
1.3	1.21	0.00510932
1.3	1.22	0.00342981
1.3	1.23	0.00195097
1.3	1.24	0.00067278
1.3	1.25	-0.000404758
1.3	1.26	-0.00128165
1.3	1.27	-0.00195792
1.3	1.28	-0.00243356
1.3	1.29	-0.00270858
1.3	1.3	-0.00278299
1.3	1.31	-0.00265681
1.3	1.32	-0.00233003
1.3	1.33	-0.00180268
1.3	1.34	-0.00107474
1.3	1.35	-0.000146239
1.3	1.36	0.000982825
1.3	1.37	0.00231244
1.3	1.38	0.0038426
1.3	1.39	0.0055733
1.3	1.4	0.00750453
1.3	1.41	0.00963568
1.3	1.42	0.0119679
1.3	1.43	0.0145007
1.3	1.44	0.017234
1.3	1.45	0.0201677
1.3	1.46	0.0233019
1.3	1.47	0.0266365
1.3	1.48	0.0301716
1.3	1.49	0.0339072
1.3	1.5	0.0378432
1.3	1.51	0.0419796
1.3	1.52	0.0463164
1.3	1.53	0.0508536
1.3	1.54	0.0555913
1.3	1.55	0.0605293
1.3	1.56	0.0656677
1.3	1.57	0.0710065
1.3	1.58	0.0765456
1.3	1.59	0.0822851
1.3	1.6	0.0882249
1.3	1.61	0.0943651
1.3	1.62	0.100706
1.3	1.63	0.107246
1.3	1.64	0.113988
1.3	1.65	0.120929
1.3	1.66	0.128071
1.3	1.67	0.135413
1.3	1.68	0.142955
1.3	1.69	0.150698
1.3	1.7	0.15864
1.3	1.71	0.166783
1.3	1.72	0.175127
1.3	1.73	0.18367
1.3	1.74	0.192414
1.3	1.75	0.201358
1.3	1.76	0.210502
1.3	1.77	0.219846
1.3	1.78	0.229391
1.3	1.79	0.239136
1.3	1.8	0.24908
1.3	1.81	0.259225
1.3	1.82	0.269571
1.3	1.83	0.280116
1.3	1.84	0.290861
1.3	1.85	0.301807
1.3	1.86	0.312953
1.3	1.87	0.324298
1.3	1.88	0.335844
1.3	1.89	0.34759
1.3	1.9	0.359536
1.3	1.91	0.371683
1.3	1.92	0.384029
1.3	1.93	0.396575
1.3	1.94	0.409321
1.3	1.95	0.422268
1.3	1.96	0.435414
1.3	1.97	0.448761
1.3	1.98	0.462307
1.3	1.99	0.476054
1.3	2	0.49
1.305	0	1.70302
1.305	0.01	1.67697
1.305	0.02	1.65111
1.305	0.03	1.62545
1.305	0.04	1.6
1.305	0.05	1.57474
1.305	0.06	1.54969
1.305	0.07	1.52483
1.305	0.08	1.50017
1.305	0.09	1.47572
1.305	0.1	1.45146
1.305	0.11	1.42741
1.305	0.12	1.40355
1.305	0.13	1.37989
1.305	0.14	1.35644
1.305	0.15	1.33318
1.305	0.16	1.31013
1.305	0.17	1.28728
1.305	0.18	1.26462
1.305	0.19	1.24217
1.305	0.2	1.21992
1.305	0.21	1.19786
1.305	0.22	1.17601
1.305	0.23	1.15436
1.305	0.24	1.13291
1.305	0.25	1.11166
1.305	0.26	1.0906
1.305	0.27	1.06975
1.305	0.28	1.0491
1.305	0.29	1.02865
1.305	0.3	1.00841
1.305	0.31	0.988357
1.305	0.32	0.968509
1.305	0.33	0.948862
1.305	0.34	0.929415
1.305	0.35	0.910168
1.305	0.36	0.891123
1.305	0.37	0.872277
1.305	0.38	0.853633
1.305	0.39	0.835189
1.305	0.4	0.816946
1.305	0.41	0.798903
1.305	0.42	0.781061
1.305	0.43	0.763419
1.305	0.44	0.745978
1.305	0.45	0.728738
1.305	0.46	0.711699
1.305	0.47	0.69486
1.305	0.48	0.678222
1.305	0.49	0.661784
1.305	0.5	0.645547
1.305	0.51	0.629511
1.305	0.52	0.613676
1.305	0.53	0.598041
1.305	0.54	0.582608
1.305	0.55	0.567374
1.305	0.56	0.552342
1.305	0.57	0.537511
1.305	0.58	0.52288
1.305	0.59	0.50845
1.305	0.6	0.494221
1.305	0.61	0.480192
1.305	0.62	0.466364
1.305	0.63	0.452738
1.305	0.64	0.439312
1.305	0.65	0.426086
1.305	0.66	0.413062
1.305	0.67	0.400238
1.305	0.68	0.387616
1.305	0.69	0.375194
1.305	0.7	0.362973
1.305	0.71	0.350952
1.305	0.72	0.339133
1.305	0.73	0.327514
1.305	0.74	0.316097
1.305	0.75	0.30488
1.305	0.76	0.293864
1.305	0.77	0.283049
1.305	0.78	0.272434
1.305	0.79	0.262021
1.305	0.8	0.251808
1.305	0.81	0.241796
1.305	0.82	0.231985
1.305	0.83	0.222375
1.305	0.84	0.212966
1.305	0.85	0.203758
1.305	0.86	0.19475
1.305	0.87	0.185944
1.305	0.88	0.177338
1.305	0.89	0.168933
1.305	0.9	0.160729
1.305	0.91	0.152725
1.305	0.92	0.144923
1.305	0.93	0.137321
1.305	0.94	0.129921
1.305	0.95	0.122721
1.305	0.96	0.115722
1.305	0.97	0.108923
1.305	0.98	0.102326
1.305	0.99	0.0959292
1.305	1	0.0897333
1.305	1.01	0.0837383
1.305	1.02	0.0779441
1.305	1.03	0.0723507
1.305	1.04	0.0669581
1.305	1.05	0.0617663
1.305	1.06	0.0567752
1.305	1.07	0.051985
1.305	1.08	0.0473955
1.305	1.09	0.0430068
1.305	1.1	0.0388189
1.305	1.11	0.0348317
1.305	1.12	0.0310453
1.305	1.13	0.0274596
1.305	1.14	0.0240747
1.305	1.15	0.0208905
1.305	1.16	0.017907
1.305	1.17	0.0151243
1.305	1.18	0.0125422
1.305	1.19	0.0101609
1.305	1.2	0.00798023
1.305	1.21	0.00600027
1.305	1.22	0.004221
1.305	1.23	0.0026424
1.305	1.24	0.00126446
1.305	1.25	8.71801e-05
1.305	1.26	-0.000889452
1.305	1.27	-0.00166544
1.305	1.28	-0.0022408
1.305	1.29	-0.00261554
1.305	1.3	-0.00278966
1.305	1.31	-0.00276318
1.305	1.32	-0.0025361
1.305	1.33	-0.00210843
1.305	1.34	-0.00148018
1.305	1.35	-0.000651357
1.305	1.36	0.000378037
1.305	1.37	0.00160799
1.305	1.38	0.0030385
1.305	1.39	0.00466954
1.305	1.4	0.00650112
1.305	1.41	0.00853322
1.305	1.42	0.0107658
1.305	1.43	0.013199
1.305	1.44	0.0158326
1.305	1.45	0.0186667
1.305	1.46	0.0217013
1.305	1.47	0.0249363
1.305	1.48	0.0283718
1.305	1.49	0.0320077
1.305	1.5	0.0358441
1.305	1.51	0.0398809
1.305	1.52	0.0441182
1.305	1.53	0.0485558
1.305	1.54	0.0531939
1.305	1.55	0.0580323
1.305	1.56	0.0630711
1.305	1.57	0.0683103
1.305	1.58	0.0737499
1.305	1.59	0.0793898
1.305	1.6	0.0852301
1.305	1.61	0.0912707
1.305	1.62	0.0975117
1.305	1.63	0.103953
1.305	1.64	0.110595
1.305	1.65	0.117436
1.305	1.66	0.124479
1.305	1.67	0.131721
1.305	1.68	0.139164
1.305	1.69	0.146807
1.305	1.7	0.15465
1.305	1.71	0.162694
1.305	1.72	0.170937
1.305	1.73	0.179381
1.305	1.74	0.188026
1.305	1.75	0.19687
1.305	1.76	0.205915
1.305	1.77	0.21516
1.305	1.78	0.224605
1.305	1.79	0.23425
1.305	1.8	0.244095
1.305	1.81	0.254141
1.305	1.82	0.264386
1.305	1.83	0.274832
1.305	1.84	0.285478
1.305	1.85	0.296324
1.305	1.86	0.30737
1.305	1.87	0.318617
1.305	1.88	0.330063
1.305	1.89	0.34171
1.305	1.9	0.353556
1.305	1.91	0.365603
1.305	1.92	0.37785
1.305	1.93	0.390297
1.305	1.94	0.402943
1.305	1.95	0.41579
1.305	1.96	0.428837
1.305	1.97	0.442084
1.305	1.98	0.455531
1.305	1.99	0.469178
1.305	2	0.483025
1.31	0	1.7161
1.31	0.01	1.68994
1.31	0.02	1.66399
1.31	0.03	1.63823
1.31	0.04	1.61267
1.31	0.05	1.58731
1.31	0.06	1.56216
1.31	0.07	1.5372
1.31	0.08	1.51244
1.31	0.09	1.48789
1.31	0.1	1.46353
1.31	0.11	1.43937
1.31	0.12	1.41542
1.31	0.13	1.39166
1.31	0.14	1.36811
1.31	0.15	1.34475
1.31	0.16	1.3216
1.31	0.17	1.29864
1.31	0.18	1.27589
1.31	0.19	1.25333
1.31	0.2	1.23098
1.31	0.21	1.20883
1.31	0.22	1.18687
1.31	0.23	1.16512
1.31	0.24	1.14357
1.31	0.25	1.12222
1.31	0.26	1.10106
1.31	0.27	1.08011
1.31	0.28	1.05936
1.31	0.29	1.03881
1.31	0.3	1.01846
1.31	0.31	0.998314
1.31	0.32	0.978366
1.31	0.33	0.958618
1.31	0.34	0.93907
1.31	0.35	0.919723
1.31	0.36	0.900577
1.31	0.37	0.881632
1.31	0.38	0.862886
1.31	0.39	0.844342
1.31	0.4	0.825998
1.31	0.41	0.807855
1.31	0.42	0.789912
1.31	0.43	0.77217
1.31	0.44	0.754629
1.31	0.45	0.737288
1.31	0.46	0.720148
1.31	0.47	0.703209
1.31	0.48	0.686471
1.31	0.49	0.669933
1.31	0.5	0.653596
1.31	0.51	0.637459
1.31	0.52	0.621523
1.31	0.53	0.605789
1.31	0.54	0.590254
1.31	0.55	0.574921
1.31	0.56	0.559788
1.31	0.57	0.544856
1.31	0.58	0.530125
1.31	0.59	0.515595
1.31	0.6	0.501265
1.31	0.61	0.487137
1.31	0.62	0.473209
1.31	0.63	0.459481
1.31	0.64	0.445955
1.31	0.65	0.43263
1.31	0.66	0.419505
1.31	0.67	0.406581
1.31	0.68	0.393858
1.31	0.69	0.381336
1.31	0.7	0.369015
1.31	0.71	0.356894
1.31	0.72	0.344975
1.31	0.73	0.333256
1.31	0.74	0.321738
1.31	0.75	0.310421
1.31	0.76	0.299305
1.31	0.77	0.288389
1.31	0.78	0.277675
1.31	0.79	0.267161
1.31	0.8	0.256848
1.31	0.81	0.246737
1.31	0.82	0.236826
1.31	0.83	0.227115
1.31	0.84	0.217606
1.31	0.85	0.208298
1.31	0.86	0.19919
1.31	0.87	0.190283
1.31	0.88	0.181577
1.31	0.89	0.173072
1.31	0.9	0.164768
1.31	0.91	0.156665
1.31	0.92	0.148762
1.31	0.93	0.141061
1.31	0.94	0.13356
1.31	0.95	0.12626
1.31	0.96	0.119161
1.31	0.97	0.112263
1.31	0.98	0.105565
1.31	0.99	0.0990686
1.31	1	0.0927729
1.31	1.01	0.0866779
1.31	1.02	0.0807838
1.31	1.03	0.0750904
1.31	1.04	0.0695979
1.31	1.05	0.0643062
1.31	1.06	0.0592152
1.31	1.07	0.0543251
1.31	1.08	0.0496357
1.31	1.09	0.0451472
1.31	1.1	0.0408594
1.31	1.11	0.0367723
1.31	1.12	0.0328861
1.31	1.13	0.0292005
1.31	1.14	0.0257158
1.31	1.15	0.0224317
1.31	1.16	0.0193484
1.31	1.17	0.0164659
1.31	1.18	0.013784
1.31	1.19	0.0113029
1.31	1.2	0.00902244
1.31	1.21	0.0069427
1.31	1.22	0.00506365
1.31	1.23	0.00338528
1.31	1.24	0.00190758
1.31	1.25	0.000630549
1.31	1.26	-0.00044583
1.31	1.27	-0.00132156
1.31	1.28	-0.00199666
1.31	1.29	-0.00247112
1.31	1.3	-0.00274497
1.31	1.31	-0.0028182
1.31	1.32	-0.00269083
1.31	1.33	-0.00236286
1.31	1.34	-0.00183431
1.31	1.35	-0.00110517
1.31	1.36	-0.000175461
1.31	1.37	0.000954814
1.31	1.38	0.00228565
1.31	1.39	0.00381702
1.31	1.4	0.00554894
1.31	1.41	0.00748139
1.31	1.42	0.00961435
1.31	1.43	0.0119478
1.31	1.44	0.0144818
1.31	1.45	0.0172163
1.31	1.46	0.0201512
1.31	1.47	0.0232866
1.31	1.48	0.0266225
1.31	1.49	0.0301588
1.31	1.5	0.0338956
1.31	1.51	0.0378328
1.31	1.52	0.0419704
1.31	1.53	0.0463085
1.31	1.54	0.050847
1.31	1.55	0.0555858
1.31	1.56	0.0605251
1.31	1.57	0.0656647
1.31	1.58	0.0710047
1.31	1.59	0.076545
1.31	1.6	0.0822857
1.31	1.61	0.0882268
1.31	1.62	0.0943682
1.31	1.63	0.10071
1.31	1.64	0.107252
1.31	1.65	0.113994
1.31	1.66	0.120937
1.31	1.67	0.12808
1.31	1.68	0.135423
1.31	1.69	0.142967
1.31	1.7	0.15071
1.31	1.71	0.158654
1.31	1.72	0.166798
1.31	1.73	0.175143
1.31	1.74	0.183688
1.31	1.75	0.192433
1.31	1.76	0.201378
1.31	1.77	0.210523
1.31	1.78	0.219869
1.31	1.79	0.229414
1.31	1.8	0.23916
1.31	1.81	0.249106
1.31	1.82	0.259252
1.31	1.83	0.269599
1.31	1.84	0.280145
1.31	1.85	0.290892
1.31	1.86	0.301838
1.31	1.87	0.312985
1.31	1.88	0.324332
1.31	1.89	0.335879
1.31	1.9	0.347626
1.31	1.91	0.359573
1.31	1.92	0.371721
1.31	1.93	0.384068
1.31	1.94	0.396615
1.31	1.95	0.409363
1.31	1.96	0.42231
1.31	1.97	0.435458
1.31	1.98	0.448805
1.31	1.99	0.462353
1.31	2	0.4761
1.315	0	1.72922
1.315	0.01	1.70297
1.315	0.02	1.67691
1.315	0.03	1.65105
1.315	0.04	1.62539
1.315	0.05	1.59994
1.315	0.06	1.57468
1.315	0.07	1.54962
1.315	0.08	1.52476
1.315	0.09	1.50011
1.315	0.1	1.47565
1.315	0.11	1.45139
1.315	0.12	1.42734
1.315	0.13	1.40348
1.315	0.14	1.37982
1.315	0.15	1.35637
1.315	0.16	1.33311
1.315	0.17	1.31006
1.315	0.18	1.2872
1.315	0.19	1.26455
1.315	0.2	1.24209
1.315	0.21	1.21984
1.315	0.22	1.19778
1.315	0.23	1.17593
1.315	0.24	1.15428
1.315	0.25	1.13283
1.315	0.26	1.11157
1.315	0.27	1.09052
1.315	0.28	1.06967
1.315	0.29	1.04902
1.315	0.3	1.02857
1.315	0.31	1.00832
1.315	0.32	0.988273
1.315	0.33	0.968424
1.315	0.34	0.948776
1.315	0.35	0.929329
1.315	0.36	0.910082
1.315	0.37	0.891036
1.315	0.38	0.87219
1.315	0.39	0.853545
1.315	0.4	0.835101
1.315	0.41	0.816857
1.315	0.42	0.798814
1.315	0.43	0.780972
1.315	0.44	0.76333
1.315	0.45	0.745889
1.315	0.46	0.728648
1.315	0.47	0.711609
1.315	0.48	0.69477
1.315	0.49	0.678131
1.315	0.5	0.661694
1.315	0.51	0.645457
1.315	0.52	0.629421
1.315	0.53	0.613586
1.315	0.54	0.597951
1.315	0.55	0.582517
1.315	0.56	0.567284
1.315	0.57	0.552252
1.315	0.58	0.537421
1.315	0.59	0.52279
1.315	0.6	0.50836
1.315	0.61	0.494131
1.315	0.62	0.480103
1.315	0.63	0.466275
1.315	0.64	0.452649
1.315	0.65	0.439223
1.315	0.66	0.425998
1.315	0.67	0.412974
1.315	0.68	0.400151
1.315	0.69	0.387528
1.315	0.7	0.375107
1.315	0.71	0.362886
1.315	0.72	0.350866
1.315	0.73	0.339047
1.315	0.74	0.327429
1.315	0.75	0.316012
1.315	0.76	0.304796
1.315	0.77	0.29378
1.315	0.78	0.282965
1.315	0.79	0.272352
1.315	0.8	0.261939
1.315	0.81	0.251727
1.315	0.82	0.241716
1.315	0.83	0.231905
1.315	0.84	0.222296
1.315	0.85	0.212887
1.315	0.86	0.20368
1.315	0.87	0.194673
1.315	0.88	0.185867
1.315	0.89	0.177262
1.315	0.9	0.168858
1.315	0.91	0.160654
1.315	0.92	0.152652
1.315	0.93	0.14485
1.315	0.94	0.137249
1.315	0.95	0.129849
1.315	0.96	0.12265
1.315	0.97	0.115652
1.315	0.98	0.108855
1.315	0.99	0.102258
1.315	1	0.0958624
1.315	1.01	0.0896675
1.315	1.02	0.0836734
1.315	1.03	0.0778802
1.315	1.04	0.0722877
1.315	1.05	0.0668961
1.315	1.06	0.0617052
1.315	1.07	0.0567152
1.315	1.08	0.051926
1.315	1.09	0.0473375
1.315	1.1	0.0429498
1.315	1.11	0.0387629
1.315	1.12	0.0347768
1.315	1.13	0.0309914
1.315	1.14	0.0274068
1.315	1.15	0.024023
1.315	1.16	0.0208399
1.315	1.17	0.0178575
1.315	1.18	0.0150758
1.315	1.19	0.0124949
1.315	1.2	0.0101147
1.315	1.21	0.00793514
1.315	1.22	0.00595632
1.315	1.23	0.00417818
1.315	1.24	0.00260072
1.315	1.25	0.00122393
1.315	1.26	4.7806e-05
1.315	1.27	-0.000927667
1.315	1.28	-0.00170249
1.315	1.29	-0.00227669
1.315	1.3	-0.00265025
1.315	1.31	-0.0028232
1.315	1.32	-0.00279553
1.315	1.33	-0.00256727
1.315	1.34	-0.00213841
1.315	1.35	-0.00150897
1.315	1.36	-0.000678941
1.315	1.37	0.000351656
1.315	1.38	0.00158281
1.315	1.39	0.00301453
1.315	1.4	0.00464678
1.315	1.41	0.00647957
1.315	1.42	0.00851289
1.315	1.43	0.0107467
1.315	1.44	0.0131811
1.315	1.45	0.0158159
1.315	1.46	0.0186512
1.315	1.47	0.021687
1.315	1.48	0.0249232
1.315	1.49	0.02836
1.315	1.5	0.0319971
1.315	1.51	0.0358347
1.315	1.52	0.0398728
1.315	1.53	0.0441112
1.315	1.54	0.0485501
1.315	1.55	0.0531893
1.315	1.56	0.058029
1.315	1.57	0.0630691
1.315	1.58	0.0683095
1.315	1.59	0.0737503
1.315	1.6	0.0793914
1.315	1.61	0.0852329
1.315	1.62	0.0912747
1.315	1.63	0.0975169
1.315	1.64	0.103959
1.315	1.65	0.110602
1.315	1.66	0.117445
1.315	1.67	0.124489
1.315	1.68	0.131732
1.315	1.69	0.139176
1.315	1.7	0.14682
1.315	1.71	0.154665
1.315	1.72	0.16271
1.315	1.73	0.170955
1.315	1.74	0.1794
1.315	1.75	0.188045
1.315	1.76	0.196891
1.315	1.77	0.205937
1.315	1.78	0.215183
1.315	1.79	0.224629
1.315	1.8	0.234275
1.315	1.81	0.244122
1.315	1.82	0.254168
1.315	1.83	0.264415
1.315	1.84	0.274862
1.315	1.85	0.285509
1.315	1.86	0.296356
1.315	1.87	0.307404
1.315	1.88	0.318651
1.315	1.89	0.330099
1.315	1.9	0.341746
1.315	1.91	0.353594
1.315	1.92	0.365642
1.315	1.93	0.377889
1.315	1.94	0.390337
1.315	1.95	0.402985
1.315	1.96	0.415833
1.315	1.97	0.428881
1.315	1.98	0.442129
1.315	1.99	0.455577
1.315	2	0.469225
1.32	0	1.7424
1.32	0.01	1.71604
1.32	0.02	1.68988
1.32	0.03	1.66392
1.32	0.04	1.63817
1.32	0.05	1.61261
1.32	0.06	1.58725
1.32	0.07	1.56209
1.32	0.08	1.53713
1.32	0.09	1.51238
1.32	0.1	1.48782
1.32	0.11	1.46346
1.32	0.12	1.4393
1.32	0.13	1.41535
1.32	0.14	1.39159
1.32	0.15	1.36803
1.32	0.16	1.34468
1.32	0.17	1.32152
1.32	0.18	1.29857
1.32	0.19	1.27581
1.32	0.2	1.25326
1.32	0.21	1.2309
1.32	0.22	1.20875
1.32	0.23	1.18679
1.32	0.24	1.16504
1.32	0.25	1.14349
1.32	0.26	1.12213
1.32	0.27	1.10098
1.32	0.28	1.08003
1.32	0.29	1.05928
1.32	0.3	1.03873
1.32	0.31	1.01838
1.32	0.32	0.998229
1.32	0.33	0.978281
1.32	0.34	0.958532
1.32	0.35	0.938984
1.32	0.36	0.919637
1.32	0.37	0.900491
1.32	0.38	0.881545
1.32	0.39	0.862799
1.32	0.4	0.844254
1.32	0.41	0.82591
1.32	0.42	0.807767
1.32	0.43	0.789824
1.32	0.44	0.772082
1.32	0.45	0.75454
1.32	0.46	0.737199
1.32	0.47	0.720059
1.32	0.48	0.70312
1.32	0.49	0.686381
1.32	0.5	0.669843
1.32	0.51	0.653506
1.32	0.52	0.63737
1.32	0.53	0.621434
1.32	0.54	0.605699
1.32	0.55	0.590165
1.32	0.56	0.574832
1.32	0.57	0.559699
1.32	0.58	0.544767
1.32	0.59	0.530036
1.32	0.6	0.515506
1.32	0.61	0.501177
1.32	0.62	0.487048
1.32	0.63	0.473121
1.32	0.64	0.459394
1.32	0.65	0.445868
1.32	0.66	0.432543
1.32	0.67	0.419418
1.32	0.68	0.406495
1.32	0.69	0.393772
1.32	0.7	0.38125
1.32	0.71	0.36893
1.32	0.72	0.35681
1.32	0.73	0.34489
1.32	0.74	0.333172
1.32	0.75	0.321655
1.32	0.76	0.310338
1.32	0.77	0.299222
1.32	0.78	0.288308
1.32	0.79	0.277594
1.32	0.8	0.267081
1.32	0.81	0.256769
1.32	0.82	0.246657
1.32	0.83	0.236747
1.32	0.84	0.227037
1.32	0.85	0.217529
1.32	0.86	0.208221
1.32	0.87	0.199114
1.32	0.88	0.190208
1.32	0.89	0.181503
1.32	0.9	0.172999
1.32	0.91	0.164695
1.32	0.92	0.156593
1.32	0.93	0.148691
1.32	0.94	0.14099
1.32	0.95	0.133491
1.32	0.96	0.126191
1.32	0.97	0.119093
1.32	0.98	0.112196
1.32	0.99	0.105499
1.32	1	0.0990036
1.32	1.01	0.0927088
1.32	1.02	0.0866147
1.32	1.03	0.0807215
1.32	1.04	0.0750292
1.32	1.05	0.0695376
1.32	1.06	0.0642469
1.32	1.07	0.0591569
1.32	1.08	0.0542678
1.32	1.09	0.0495795
1.32	1.1	0.0450919
1.32	1.11	0.0408051
1.32	1.12	0.0367192
1.32	1.13	0.0328339
1.32	1.14	0.0291495
1.32	1.15	0.0256658
1.32	1.16	0.0223828
1.32	1.17	0.0193006
1.32	1.18	0.0164192
1.32	1.19	0.0137384
1.32	1.2	0.0112584
1.32	1.21	0.00897909
1.32	1.22	0.00690048
1.32	1.23	0.00502257
1.32	1.24	0.00334534
1.32	1.25	0.00186878
1.32	1.26	0.000592898
1.32	1.27	-0.000482328
1.32	1.28	-0.0013569
1.32	1.29	-0.00203083
1.32	1.3	-0.00250413
1.32	1.31	-0.00277681
1.32	1.32	-0.00284887
1.32	1.33	-0.00272032
1.32	1.34	-0.00239117
1.32	1.35	-0.00186143
1.32	1.36	-0.0011311
1.32	1.37	-0.000200196
1.32	1.38	0.000931275
1.32	1.39	0.0022633
1.32	1.4	0.00379588
1.32	1.41	0.005529
1.32	1.42	0.00746265
1.32	1.43	0.00959682
1.32	1.44	0.0119315
1.32	1.45	0.0144667
1.32	1.46	0.0172023
1.32	1.47	0.0201385
1.32	1.48	0.0232751
1.32	1.49	0.0266122
1.32	1.5	0.0301497
1.32	1.51	0.0338877
1.32	1.52	0.0378261
1.32	1.53	0.041965
1.32	1.54	0.0463042
1.32	1.55	0.0508439
1.32	1.56	0.0555839
1.32	1.57	0.0605244
1.32	1.58	0.0656652
1.32	1.59	0.0710064
1.32	1.6	0.076548
1.32	1.61	0.0822899
1.32	1.62	0.0882321
1.32	1.63	0.0943747
1.32	1.64	0.100718
1.32	1.65	0.107261
1.32	1.66	0.114004
1.32	1.67	0.120948
1.32	1.68	0.128092
1.32	1.69	0.135437
1.32	1.7	0.142981
1.32	1.71	0.150726
1.32	1.72	0.158671
1.32	1.73	0.166817
1.32	1.74	0.175162
1.32	1.75	0.183708
1.32	1.76	0.192454
1.32	1.77	0.201401
1.32	1.78	0.210547
1.32	1.79	0.219894
1.32	1.8	0.22944
1.32	1.81	0.239187
1.32	1.82	0.249135
1.32	1.83	0.259282
1.32	1.84	0.269629
1.32	1.85	0.280177
1.32	1.86	0.290925
1.32	1.87	0.301872
1.32	1.88	0.31302
1.32	1.89	0.324368
1.32	1.9	0.335916
1.32	1.91	0.347665
1.32	1.92	0.359613
1.32	1.93	0.371761
1.32	1.94	0.384109
1.32	1.95	0.396658
1.32	1.96	0.409406
1.32	1.97	0.422355
1.32	1.98	0.435503
1.32	1.99	0.448852
1.32	2	0.4624
1.325	0	1.75562
1.325	0.01	1.72917
1.325	0.02	1.70291
1.325	0.03	1.67685
1.325	0.04	1.65099
1.325	0.05	1.62533
1.325	0.06	1.59987
1.325	0.07	1.57461
1.325	0.08	1.54955
1.325	0.09	1.5247
1.325	0.1	1.50004
1.325	0.11	1.47558
1.325	0.12	1.45132
1.325	0.13	1.42726
1.325	0.14	1.40341
1.325	0.15	1.37975
1.325	0.16	1.35629
1.325	0.17	1.33304
1.325	0.18	1.30998
1.325	0.19	1.28712
1.325	0.2	1.26447
1.325	0.21	1.24201
1.325	0.22	1.21976
1.325	0.23	1.19771
1.325	0.24	1.17585
1.325	0.25	1.1542
1.325	0.26	1.13274
1.325	0.27	1.11149
1.325	0.28	1.09044
1.325	0.29	1.06959
1.325	0.3	1.04894
1.325	0.31	1.02849
1.325	0.32	1.00824
1.325	0.33	0.988188
1.325	0.34	0.968339
1.325	0.35	0.948691
1.325	0.36	0.929243
1.325	0.37	0.909996
1.325	0.38	0.89095
1.325	0.39	0.872104
1.325	0.4	0.853459
1.325	0.41	0.835014
1.325	0.42	0.81677
1.325	0.43	0.798727
1.325	0.44	0.780884
1.325	0.45	0.763242
1.325	0.46	0.745801
1.325	0.47	0.728561
1.325	0.48	0.711521
1.325	0.49	0.694682
1.325	0.5	0.678044
1.325	0.51	0.661606
1.325	0.52	0.645369
1.325	0.53	0.629333
1.325	0.54	0.613498
1.325	0.55	0.597863
1.325	0.56	0.58243
1.325	0.57	0.567197
1.325	0.58	0.552165
1.325	0.59	0.537334
1.325	0.6	0.522703
1.325	0.61	0.508273
1.325	0.62	0.494045
1.325	0.63	0.480017
1.325	0.64	0.46619
1.325	0.65	0.452563
1.325	0.66	0.439138
1.325	0.67	0.425913
1.325	0.68	0.41289
1.325	0.69	0.400067
1.325	0.7	0.387445
1.325	0.71	0.375024
1.325	0.72	0.362804
1.325	0.73	0.350784
1.325	0.74	0.338966
1.325	0.75	0.327348
1.325	0.76	0.315931
1.325	0.77	0.304716
1.325	0.78	0.293701
1.325	0.79	0.282887
1.325	0.8	0.272274
1.325	0.81	0.261861
1.325	0.82	0.25165
1.325	0.83	0.241639
1.325	0.84	0.23183
1.325	0.85	0.222221
1.325	0.86	0.212813
1.325	0.87	0.203606
1.325	0.88	0.1946
1.325	0.89	0.185795
1.325	0.9	0.177191
1.325	0.91	0.168787
1.325	0.92	0.160585
1.325	0.93	0.152583
1.325	0.94	0.144782
1.325	0.95	0.137182
1.325	0.96	0.129783
1.325	0.97	0.122585
1.325	0.98	0.115588
1.325	0.99	0.108791
1.325	1	0.102196
1.325	1.01	0.0958008
1.325	1.02	0.0896069
1.325	1.03	0.0836137
1.325	1.04	0.0778214
1.325	1.05	0.07223
1.325	1.06	0.0668393
1.325	1.07	0.0616495
1.325	1.08	0.0566605
1.325	1.09	0.0518722
1.325	1.1	0.0472848
1.325	1.11	0.0428982
1.325	1.12	0.0387123
1.325	1.13	0.0347272
1.325	1.14	0.0309429
1.325	1.15	0.0273594
1.325	1.16	0.0239766
1.325	1.17	0.0207946
1.325	1.18	0.0178133
1.325	1.19	0.0150328
1.325	1.2	0.0124529
1.325	1.21	0.0100738
1.325	1.22	0.00789542
1.325	1.23	0.00591772
1.325	1.24	0.00414071
1.325	1.25	0.00256439
1.325	1.26	0.00118874
1.325	1.27	1.37546e-05
1.325	1.28	-0.000960573
1.325	1.29	-0.00173425
1.325	1.3	-0.00230729
1.325	1.31	-0.0026797
1.325	1.32	-0.00285149
1.325	1.33	-0.00282266
1.325	1.34	-0.00259323
1.325	1.35	-0.0021632
1.325	1.36	-0.00153324
1.325	1.37	-0.00070203
1.325	1.38	0.000329753
1.325	1.39	0.0015621
1.325	1.4	0.002995
1.325	1.41	0.00462845
1.325	1.42	0.00646243
1.325	1.43	0.00849693
1.325	1.44	0.010732
1.325	1.45	0.0131675
1.325	1.46	0.0158035
1.325	1.47	0.01864
1.325	1.48	0.021677
1.325	1.49	0.0249144
1.325	1.5	0.0283523
1.325	1.51	0.0319907
1.325	1.52	0.0358295
1.325	1.53	0.0398687
1.325	1.54	0.0441084
1.325	1.55	0.0485484
1.325	1.56	0.0531889
1.325	1.57	0.0580297
1.325	1.58	0.063071
1.325	1.59	0.0683126
1.325	1.6	0.0737545
1.325	1.61	0.0793969
1.325	1.62	0.0852395
1.325	1.63	0.0912825
1.325	1.64	0.0975259
1.325	1.65	0.10397
1.325	1.66	0.110613
1.325	1.67	0.117458
1.325	1.68	0.124502
1.325	1.69	0.131747
1.325	1.7	0.139192
1.325	1.71	0.146838
1.325	1.72	0.154683
1.325	1.73	0.162729
1.325	1.74	0.170975
1.325	1.75	0.179421
1.325	1.76	0.188068
1.325	1.77	0.196915
1.325	1.78	0.205962
1.325	1.79	0.215209
1.325	1.8	0.224656
1.325	1.81	0.234303
1.325	1.82	0.244151
1.325	1.83	0.254199
1.325	1.84	0.264447
1.325	1.85	0.274895
1.325	1.86	0.285543
1.325	1.87	0.296391
1.325	1.88	0.30744
1.325	1.89	0.318688
1.325	1.9	0.330137
1.325	1.91	0.341785
1.325	1.92	0.353634
1.325	1.93	0.365683
1.325	1.94	0.377931
1.325	1.95	0.39038
1.325	1.96	0.403029
1.325	1.97	0.415878
1.325	1.98	0.428927
1.325	1.99	0.442176
1.325	2	0.455625
1.33	0	1.7689
1.33	0.01	1.74234
1.33	0.02	1.71598
1.33	0.03	1.68982
1.33	0.04	1.66386
1.33	0.05	1.6381
1.33	0.06	1.61254
1.33	0.07	1.58718
1.33	0.08	1.56202
1.33	0.09	1.53707
1.33	0.1	1.51231
1.33	0.11	1.48775
1.33	0.12	1.46339
1.33	0.13	1.43923
1.33	0.14	1.41527
1.33	0.15	1.39152
1.33	0.16	1.36796
1.33	0.17	1.3446
1.33	0.18	1.32145
1.33	0.19	1.29849
1.33	0.2	1.27573
1.33	0.21	1.25318
1.33	0.22	1.23082
1.33	0.23	1.20867
1.33	0.24	1.18671
1.33	0.25	1.16496
1.33	0.26	1.14341
1.33	0.27	1.12205
1.33	0.28	1.1009
1.33	0.29	1.07995
1.33	0.3	1.0592
1.33	0.31	1.03865
1.33	0.32	1.0183
1.33	0.33	0.998145
1.33	0.34	0.978196
1.33	0.35	0.958447
1.33	0.36	0.938899
1.33	0.37	0.919552
1.33	0.38	0.900405
1.33	0.39	0.881458
1.33	0.4	0.862713
1.33	0.41	0.844168
1.33	0.42	0.825823
1.33	0.43	0.80768
1.33	0.44	0.789737
1.33	0.45	0.771994
1.33	0.46	0.754453
1.33	0.47	0.737112
1.33	0.48	0.719972
1.33	0.49	0.703032
1.33	0.5	0.686294
1.33	0.51	0.669756
1.33	0.52	0.653419
1.33	0.53	0.637282
1.33	0.54	0.621347
1.33	0.55	0.605612
1.33	0.56	0.590078
1.33	0.57	0.574745
1.33	0.58	0.559612
1.33	0.59	0.544681
1.33	0.6	0.52995
1.33	0.61	0.51542
1.33	0.62	0.501091
1.33	0.63	0.486963
1.33	0.64	0.473035
1.33	0.65	0.459309
1.33	0.66	0.445783
1.33	0.67	0.432458
1.33	0.68	0.419334
1.33	0.69	0.406411
1.33	0.7	0.393689
1.33	0.71	0.381168
1.33	0.72	0.368848
1.33	0.73	0.356728
1.33	0.74	0.344809
1.33	0.75	0.333092
1.33	0.76	0.321575
1.33	0.77	0.310259
1.33	0.78	0.299144
1.33	0.79	0.28823
1.33	0.8	0.277516
1.33	0.81	0.267004
1.33	0.82	0.256692
1.33	0.83	0.246582
1.33	0.84	0.236672
1.33	0.85	0.226963
1.33	0.86	0.217455
1.33	0.87	0.208148
1.33	0.88	0.199042
1.33	0.89	0.190137
1.33	0.9	0.181433
1.33	0.91	0.172929
1.33	0.92	0.164627
1.33	0.93	0.156525
1.33	0.94	0.148624
1.33	0.95	0.140924
1.33	0.96	0.133425
1.33	0.97	0.126127
1.33	0.98	0.11903
1.33	0.99	0.112133
1.33	1	0.105438
1.33	1.01	0.0989429
1.33	1.02	0.092649
1.33	1.03	0.086556
1.33	1.04	0.0806637
1.33	1.05	0.0749723
1.33	1.06	0.0694818
1.33	1.07	0.064192
1.33	1.08	0.0591031
1.33	1.09	0.054215
1.33	1.1	0.0495277
1.33	1.11	0.0450412
1.33	1.12	0.0407555
1.33	1.13	0.0366706
1.33	1.14	0.0327864
1.33	1.15	0.029103
1.33	1.16	0.0256204
1.33	1.17	0.0223386
1.33	1.18	0.0192575
1.33	1.19	0.0163771
1.33	1.2	0.0136975
1.33	1.21	0.0112186
1.33	1.22	0.00894037
1.33	1.23	0.00686289
1.33	1.24	0.00498611
1.33	1.25	0.00331001
1.33	1.26	0.0018346
1.33	1.27	0.000559853
1.33	1.28	-0.000514226
1.33	1.29	-0.00138765
1.33	1.3	-0.00206043
1.33	1.31	-0.00253257
1.33	1.32	-0.00280409
1.33	1.33	-0.00287498
1.33	1.34	-0.00274527
1.33	1.35	-0.00241495
1.33	1.36	-0.00188403
1.33	1.37	-0.00115253
1.33	1.38	-0.000220453
1.33	1.39	0.000912195
1.33	1.4	0.0022454
1.33	1.41	0.00377916
1.33	1.42	0.00551346
1.33	1.43	0.00744828
1.33	1.44	0.00958363
1.33	1.45	0.0119195
1.33	1.46	0.0144558
1.33	1.47	0.0171927
1.33	1.48	0.02013
1.33	1.49	0.0232678
1.33	1.5	0.0266061
1.33	1.51	0.0301448
1.33	1.52	0.0338839
1.33	1.53	0.0378235
1.33	1.54	0.0419636
1.33	1.55	0.046304
1.33	1.56	0.0508448
1.33	1.57	0.055586
1.33	1.58	0.0605277
1.33	1.59	0.0656697
1.33	1.6	0.071012
1.33	1.61	0.0765547
1.33	1.62	0.0822978
1.33	1.63	0.0882412
1.33	1.64	0.0943849
1.33	1.65	0.100729
1.33	1.66	0.107273
1.33	1.67	0.114018
1.33	1.68	0.120963
1.33	1.69	0.128108
1.33	1.7	0.135454
1.33	1.71	0.142999
1.33	1.72	0.150746
1.33	1.73	0.158692
1.33	1.74	0.166838
1.33	1.75	0.175185
1.33	1.76	0.183732
1.33	1.77	0.192479
1.33	1.78	0.201427
1.33	1.79	0.210574
1.33	1.8	0.219922
1.33	1.81	0.22947
1.33	1.82	0.239218
1.33	1.83	0.249166
1.33	1.84	0.259314
1.33	1.85	0.269663
1.33	1.86	0.280211
1.33	1.87	0.29096
1.33	1.88	0.301909
1.33	1.89	0.313058
1.33	1.9	0.324407
1.33	1.91	0.335956
1.33	1.92	0.347705
1.33	1.93	0.359654
1.33	1.94	0.371804
1.33	1.95	0.384153
1.33	1.96	0.396702
1.33	1.97	0.409452
1.33	1.98	0.422401
1.33	1.99	0.435551
1.33	2	0.4489
1.335	0	1.78222
1.335	0.01	1.75556
1.335	0.02	1.7291
1.335	0.03	1.70284
1.335	0.04	1.67678
1.335	0.05	1.65092
1.335	0.06	1.62526
1.335	0.07	1.5998
1.335	0.08	1.57455
1.335	0.09	1.54949
1.335	0.1	1.52463
1.335	0.11	1.49997
1.335	0.12	1.47551
1.335	0.13	1.45125
1.335	0.14	1.42719
1.335	0.15	1.40333
1.335	0.16	1.37968
1.335	0.17	1.35622
1.335	0.18	1.33296
1.335	0.19	1.3099
1.335	0.2	1.28705
1.335	0.21	1.26439
1.335	0.22	1.24194
1.335	0.23	1.21968
1.335	0.24	1.19763
1.335	0.25	1.17577
1.335	0.26	1.15412
1.335	0.27	1.13266
1.335	0.28	1.11141
1.335	0.29	1.09036
1.335	0.3	1.06951
1.335	0.31	1.04885
1.335	0.32	1.0284
1.335	0.33	1.00815
1.335	0.34	0.988104
1.335	0.35	0.968255
1.335	0.36	0.948606
1.335	0.37	0.929158
1.335	0.38	0.909911
1.335	0.39	0.890864
1.335	0.4	0.872018
1.335	0.41	0.853373
1.335	0.42	0.834928
1.335	0.43	0.816684
1.335	0.44	0.79864
1.335	0.45	0.780798
1.335	0.46	0.763156
1.335	0.47	0.745715
1.335	0.48	0.728474
1.335	0.49	0.711434
1.335	0.5	0.694595
1.335	0.51	0.677957
1.335	0.52	0.661519
1.335	0.53	0.645283
1.335	0.54	0.629247
1.335	0.55	0.613412
1.335	0.56	0.597777
1.335	0.57	0.582344
1.335	0.58	0.567111
1.335	0.59	0.552079
1.335	0.6	0.537248
1.335	0.61	0.522618
1.335	0.62	0.508189
1.335	0.63	0.49396
1.335	0.64	0.479933
1.335	0.65	0.466106
1.335	0.66	0.45248
1.335	0.67	0.439055
1.335	0.68	0.425831
1.335	0.69	0.412808
1.335	0.7	0.399985
1.335	0.71	0.387364
1.335	0.72	0.374943
1.335	0.73	0.362723
1.335	0.74	0.350705
1.335	0.75	0.338887
1.335	0.76	0.32727
1.335	0.77	0.315854
1.335	0.78	0.304638
1.335	0.79	0.293624
1.335	0.8	0.282811
1.335	0.81	0.272198
1.335	0.82	0.261787
1.335	0.83	0.251576
1.335	0.84	0.241566
1.335	0.85	0.231757
1.335	0.86	0.222149
1.335	0.87	0.212742
1.335	0.88	0.203536
1.335	0.89	0.194531
1.335	0.9	0.185726
1.335	0.91	0.177123
1.335	0.92	0.16872
1.335	0.93	0.160519
1.335	0.94	0.152518
1.335	0.95	0.144718
1.335	0.96	0.137119
1.335	0.97	0.129721
1.335	0.98	0.122523
1.335	0.99	0.115527
1.335	1	0.108731
1.335	1.01	0.102137
1.335	1.02	0.0957429
1.335	1.03	0.0895499
1.335	1.04	0.0835577
1.335	1.05	0.0777664
1.335	1.06	0.0721759
1.335	1.07	0.0667863
1.335	1.08	0.0615975
1.335	1.09	0.0566095
1.335	1.1	0.0518223
1.335	1.11	0.0472359
1.335	1.12	0.0428503
1.335	1.13	0.0386655
1.335	1.14	0.0346815
1.335	1.15	0.0308983
1.335	1.16	0.0273158
1.335	1.17	0.0239341
1.335	1.18	0.0207532
1.335	1.19	0.017773
1.335	1.2	0.0149936
1.335	1.21	0.0124149
1.335	1.22	0.0100369
1.335	1.23	0.0078596
1.335	1.24	0.00588302
1.335	1.25	0.00410714
1.335	1.26	0.00253195
1.335	1.27	0.00115744
1.335	1.28	-1.64071e-05
1.335	1.29	-0.000989592
1.335	1.3	-0.00176212
1.335	1.31	-0.00233402
1.335	1.32	-0.00270527
1.335	1.33	-0.00287591
1.335	1.34	-0.00284592
1.335	1.35	-0.00261533
1.335	1.36	-0.00218413
1.335	1.37	-0.00155235
1.335	1.38	-0.00071998
1.335	1.39	0.000312961
1.335	1.4	0.00154647
1.335	1.41	0.00298053
1.335	1.42	0.00461513
1.335	1.43	0.00645027
1.335	1.44	0.00848593
1.335	1.45	0.0107221
1.335	1.46	0.0131588
1.335	1.47	0.015796
1.335	1.48	0.0186336
1.335	1.49	0.0216718
1.335	1.5	0.0249104
1.335	1.51	0.0283494
1.335	1.52	0.0319889
1.335	1.53	0.0358289
1.335	1.54	0.0398693
1.335	1.55	0.0441101
1.335	1.56	0.0485513
1.335	1.57	0.0531929
1.335	1.58	0.0580349
1.335	1.59	0.0630772
1.335	1.6	0.06832
1.335	1.61	0.0737631
1.335	1.62	0.0794065
1.335	1.63	0.0852503
1.335	1.64	0.0912944
1.335	1.65	0.0975388
1.335	1.66	0.103984
1.335	1.67	0.110629
1.335	1.68	0.117474
1.335	1.69	0.12452
1.335	1.7	0.131766
1.335	1.71	0.139212
1.335	1.72	0.146858
1.335	1.73	0.154705
1.335	1.74	0.162752
1.335	1.75	0.170999
1.335	1.76	0.179446
1.335	1.77	0.188094
1.335	1.78	0.196942
1.335	1.79	0.20599
1.335	1.8	0.215238
1.335	1.81	0.224686
1.335	1.82	0.234335
1.335	1.83	0.244183
1.335	1.84	0.254232
1.335	1.85	0.264481
1.335	1.86	0.27493
1.335	1.87	0.285579
1.335	1.88	0.296429
1.335	1.89	0.307478
1.335	1.9	0.318727
1.335	1.91	0.330177
1.335	1.92	0.341827
1.335	1.93	0.353676
1.335	1.94	0.365726
1.335	1.95	0.377976
1.335	1.96	0.390426
1.335	1.97	0.403075
1.335	1.98	0.415925
1.335	1.99	0.428975
1.335	2	0.442225
1.34	0	1.7956
1.34	0.01	1.76884
1.34	0.02	1.74228
1.34	0.03	1.71592
1.34	0.04	1.68976
1.34	0.05	1.6638
1.34	0.06	1.63804
1.34	0.07	1.61248
1.34	0.08	1.58712
1.34	0.09	1.56196
1.34	0.1	1.537
1.34	0.11	1.51224
1.34	0.12	1.48768
1.34	0.13	1.46332
1.34	0.14	1.43916
1.34	0.15	1.4152
1.34	0.16	1.39144
1.34	0.17	1.36788
1.34	0.18	1.34453
1.34	0.19	1.32137
1.34	0.2	1.29841
1.34	0.21	1.27566
1.34	0.22	1.2531
1.34	0.23	1.23074
1.34	0.24	1.20859
1.34	0.25	1.18663
1.34	0.26	1.16488
1.34	0.27	1.14333
1.34	0.28	1.12197
1.34	0.29	1.10082
1.34	0.3	1.07987
1.34	0.31	1.05911
1.34	0.32	1.03856
1.34	0.33	1.01821
1.34	0.34	0.998062
1.34	0.35	0.978112
1.34	0.36	0.958363
1.34	0.37	0.938815
1.34	0.38	0.919467
1.34	0.39	0.90032
1.34	0.4	0.881373
1.34	0.41	0.862627
1.34	0.42	0.844082
1.34	0.43	0.825738
1.34	0.44	0.807594
1.34	0.45	0.789651
1.34	0.46	0.771909
1.34	0.47	0.754367
1.34	0.48	0.737026
1.34	0.49	0.719886
1.34	0.5	0.702947
1.34	0.51	0.686208
1.34	0.52	0.66967
1.34	0.53	0.653333
1.34	0.54	0.637197
1.34	0.55	0.621262
1.34	0.56	0.605527
1.34	0.57	0.589993
1.34	0.58	0.57466
1.34	0.59	0.559528
1.34	0.6	0.544597
1.34	0.61	0.529866
1.34	0.62	0.515337
1.34	0.63	0.501008
1.34	0.64	0.48688
1.34	0.65	0.472953
1.34	0.66	0.459227
1.34	0.67	0.445702
1.34	0.68	0.432377
1.34	0.69	0.419254
1.34	0.7	0.406331
1.34	0.71	0.39361
1.34	0.72	0.381089
1.34	0.73	0.368769
1.34	0.74	0.35665
1.34	0.75	0.344732
1.34	0.76	0.333015
1.34	0.77	0.321498
1.34	0.78	0.310183
1.34	0.79	0.299069
1.34	0.8	0.288155
1.34	0.81	0.277443
1.34	0.82	0.266931
1.34	0.83	0.25662
1.34	0.84	0.24651
1.34	0.85	0.236601
1.34	0.86	0.226893
1.34	0.87	0.217386
1.34	0.88	0.20808
1.34	0.89	0.198975
1.34	0.9	0.19007
1.34	0.91	0.181367
1.34	0.92	0.172864
1.34	0.93	0.164562
1.34	0.94	0.156461
1.34	0.95	0.148562
1.34	0.96	0.140863
1.34	0.97	0.133364
1.34	0.98	0.126067
1.34	0.99	0.118971
1.34	1	0.112075
1.34	1.01	0.105381
1.34	1.02	0.0988867
1.34	1.03	0.0925938
1.34	1.04	0.0865017
1.34	1.05	0.0806105
1.34	1.06	0.0749201
1.34	1.07	0.0694305
1.34	1.08	0.0641418
1.34	1.09	0.0590539
1.34	1.1	0.0541668
1.34	1.11	0.0494806
1.34	1.12	0.0449951
1.34	1.13	0.0407105
1.34	1.14	0.0366266
1.34	1.15	0.0327435
1.34	1.16	0.0290612
1.34	1.17	0.0255797
1.34	1.18	0.022299
1.34	1.19	0.019219
1.34	1.2	0.0163397
1.34	1.21	0.0136612
1.34	1.22	0.0111834
1.34	1.23	0.00890631
1.34	1.24	0.00682995
1.34	1.25	0.00495429
1.34	1.26	0.00327932
1.34	1.27	0.00180504
1.34	1.28	0.000531429
1.34	1.29	-0.000541515
1.34	1.3	-0.0014138
1.34	1.31	-0.00208544
1.34	1.32	-0.00255644
1.34	1.33	-0.00282681
1.34	1.34	-0.00289656
1.34	1.35	-0.00276569
1.34	1.36	-0.00243422
1.34	1.37	-0.00190215
1.34	1.38	-0.00116949
1.34	1.39	-0.000236254
1.34	1.4	0.00089755
1.34	1.41	0.00223191
1.34	1.42	0.00376682
1.34	1.43	0.00550228
1.34	1.44	0.00743826
1.34	1.45	0.00957476
1.34	1.46	0.0119118
1.34	1.47	0.0144493
1.34	1.48	0.0171873
1.34	1.49	0.0201258
1.34	1.5	0.0232647
1.34	1.51	0.0266041
1.34	1.52	0.030144
1.34	1.53	0.0338843
1.34	1.54	0.037825
1.34	1.55	0.0419662
1.34	1.56	0.0463077
1.34	1.57	0.0508497
1.34	1.58	0.0555921
1.34	1.59	0.0605348
1.34	1.6	0.065678
1.34	1.61	0.0710214
1.34	1.62	0.0765653
1.34	1.63	0.0823095
1.34	1.64	0.0882539
1.34	1.65	0.0943988
1.34	1.66	0.100744
1.34	1.67	0.107289
1.34	1.68	0.114035
1.34	1.69	0.120981
1.34	1.7	0.128128
1.34	1.71	0.135474
1.34	1.72	0.143021
1.34	1.73	0.150768
1.34	1.74	0.158716
1.34	1.75	0.166863
1.34	1.76	0.175211
1.34	1.77	0.183759
1.34	1.78	0.192507
1.34	1.79	0.201456
1.34	1.8	0.210604
1.34	1.81	0.219953
1.34	1.82	0.229502
1.34	1.83	0.239251
1.34	1.84	0.2492
1.34	1.85	0.259349
1.34	1.86	0.269699
1.34	1.87	0.280249
1.34	1.88	0.290998
1.34	1.89	0.301948
1.34	1.9	0.313098
1.34	1.91	0.324448
1.34	1.92	0.335998
1.34	1.93	0.347748
1.34	1.94	0.359698
1.34	1.95	0.371849
1.34	1.96	0.384199
1.34	1.97	0.396749
1.34	1.98	0.409499
1.34	1.99	0.42245
1.34	2	0.4356
1.345	0	1.80902
1.345	0.01	1.78216
1.345	0.02	1.7555
1.345	0.03	1.72904
1.345	0.04	1.70278
1.345	0.05	1.67672
1.345	0.06	1.65086
1.345	0.07	1.6252
1.345	0.08	1.59974
1.345	0.09	1.57448
1.345	0.1	1.54942
1.345	0.11	1.52456
1.345	0.12	1.4999
1.345	0.13	1.47544
1.345	0.14	1.45118
1.345	0.15	1.42712
1.345	0.16	1.40326
1.345	0.17	1.3796
1.345	0.18	1.35614
1.345	0.19	1.33288
1.345	0.2	1.30983
1.345	0.21	1.28697
1.345	0.22	1.26431
1.345	0.23	1.24186
1.345	0.24	1.2196
1.345	0.25	1.19755
1.345	0.26	1.17569
1.345	0.27	1.15404
1.345	0.28	1.13258
1.345	0.29	1.11133
1.345	0.3	1.09028
1.345	0.31	1.06942
1.345	0.32	1.04877
1.345	0.33	1.02832
1.345	0.34	1.00807
1.345	0.35	0.98802
1.345	0.36	0.968171
1.345	0.37	0.948522
1.345	0.38	0.929074
1.345	0.39	0.909826
1.345	0.4	0.89078
1.345	0.41	0.871933
1.345	0.42	0.853288
1.345	0.43	0.834843
1.345	0.44	0.816599
1.345	0.45	0.798556
1.345	0.46	0.780713
1.345	0.47	0.763071
1.345	0.48	0.74563
1.345	0.49	0.728389
1.345	0.5	0.711349
1.345	0.51	0.694511
1.345	0.52	0.677872
1.345	0.53	0.661435
1.345	0.54	0.645198
1.345	0.55	0.629163
1.345	0.56	0.613328
1.345	0.57	0.597694
1.345	0.58	0.58226
1.345	0.59	0.567028
1.345	0.6	0.551997
1.345	0.61	0.537166
1.345	0.62	0.522536
1.345	0.63	0.508107
1.345	0.64	0.493879
1.345	0.65	0.479852
1.345	0.66	0.466025
1.345	0.67	0.4524
1.345	0.68	0.438975
1.345	0.69	0.425752
1.345	0.7	0.412729
1.345	0.71	0.399907
1.345	0.72	0.387286
1.345	0.73	0.374866
1.345	0.74	0.362647
1.345	0.75	0.350629
1.345	0.76	0.338811
1.345	0.77	0.327195
1.345	0.78	0.315779
1.345	0.79	0.304565
1.345	0.8	0.293551
1.345	0.81	0.282739
1.345	0.82	0.272127
1.345	0.83	0.261716
1.345	0.84	0.251506
1.345	0.85	0.241497
1.345	0.86	0.231689
1.345	0.87	0.222082
1.345	0.88	0.212675
1.345	0.89	0.20347
1.345	0.9	0.194466
1.345	0.91	0.185662
1.345	0.92	0.177059
1.345	0.93	0.168658
1.345	0.94	0.160457
1.345	0.95	0.152457
1.345	0.96	0.144658
1.345	0.97	0.13706
1.345	0.98	0.129662
1.345	0.99	0.122466
1.345	1	0.115471
1.345	1.01	0.108676
1.345	1.02	0.102082
1.345	1.03	0.0956894
1.345	1.04	0.0894974
1.345	1.05	0.0835062
1.345	1.06	0.0777159
1.345	1.07	0.0721265
1.345	1.08	0.0667378
1.345	1.09	0.0615501
1.345	1.1	0.0565631
1.345	1.11	0.0517769
1.345	1.12	0.0471916
1.345	1.13	0.0428071
1.345	1.14	0.0386234
1.345	1.15	0.0346404
1.345	1.16	0.0308583
1.345	1.17	0.0272769
1.345	1.18	0.0238963
1.345	1.19	0.0207165
1.345	1.2	0.0177374
1.345	1.21	0.0149591
1.345	1.22	0.0123815
1.345	1.23	0.0100046
1.345	1.24	0.00782843
1.345	1.25	0.00585298
1.345	1.26	0.00407822
1.345	1.27	0.00250415
1.345	1.28	0.00113076
1.345	1.29	-4.1954e-05
1.345	1.3	-0.00101401
1.345	1.31	-0.00178541
1.345	1.32	-0.00235617
1.345	1.33	-0.00272629
1.345	1.34	-0.00289578
1.345	1.35	-0.00286465
1.345	1.36	-0.00263292
1.345	1.37	-0.00220058
1.345	1.38	-0.00156765
1.345	1.39	-0.000734138
1.345	1.4	0.000299948
1.345	1.41	0.0015346
1.345	1.42	0.0029698
1.345	1.43	0.00460555
1.345	1.44	0.00644183
1.345	1.45	0.00847863
1.345	1.46	0.0107159
1.345	1.47	0.0131538
1.345	1.48	0.0157921
1.345	1.49	0.0186309
1.345	1.5	0.0216702
1.345	1.51	0.0249099
1.345	1.52	0.0283501
1.345	1.53	0.0319907
1.345	1.54	0.0358318
1.345	1.55	0.0398733
1.345	1.56	0.0441152
1.345	1.57	0.0485576
1.345	1.58	0.0532003
1.345	1.59	0.0580434
1.345	1.6	0.0630869
1.345	1.61	0.0683307
1.345	1.62	0.0737749
1.345	1.63	0.0794195
1.345	1.64	0.0852644
1.345	1.65	0.0913096
1.345	1.66	0.0975551
1.345	1.67	0.104001
1.345	1.68	0.110647
1.345	1.69	0.117494
1.345	1.7	0.12454
1.345	1.71	0.131787
1.345	1.72	0.139235
1.345	1.73	0.146882
1.345	1.74	0.15473
1.345	1.75	0.162778
1.345	1.76	0.171026
1.345	1.77	0.179474
1.345	1.78	0.188123
1.345	1.79	0.196972
1.345	1.8	0.206021
1.345	1.81	0.21527
1.345	1.82	0.224719
1.345	1.83	0.234369
1.345	1.84	0.244218
1.345	1.85	0.254268
1.345	1.86	0.264518
1.345	1.87	0.274968
1.345	1.88	0.285618
1.345	1.89	0.296469
1.345	1.9	0.307519
1.345	1.91	0.318769
1.345	1.92	0.33022
1.345	1.93	0.34187
1.345	1.94	0.353721
1.345	1.95	0.365771
1.345	1.96	0.378022
1.345	1.97	0.390473
1.345	1.98	0.403124
1.345	1.99	0.415974
1.345	2	0.429025
1.35	0	1.8225
1.35	0.01	1.79554
1.35	0.02	1.76878
1.35	0.03	1.74221
1.35	0.04	1.71585
1.35	0.05	1.68969
1.35	0.06	1.66373
1.35	0.07	1.63797
1.35	0.08	1.61241
1.35	0.09	1.58705
1.35	0.1	1.56189
1.35	0.11	1.53693
1.35	0.12	1.51217
1.35	0.13	1.48761
1.35	0.14	1.46325
1.35	0.15	1.43909
1.35	0.16	1.41513
1.35	0.17	1.39137
1.35	0.18	1.36781
1.35	0.19	1.34445
1.35	0.2	1.32129
1.35	0.21	1.29833
1.35	0.22	1.27558
1.35	0.23	1.25302
1.35	0.24	1.23066
1.35	0.25	1.20851
1.35	0.26	1.18655
1.35	0.27	1.1648
1.35	0.28	1.14324
1.35	0.29	1.12189
1.35	0.3	1.10074
1.35	0.31	1.07978
1.35	0.32	1.05903
1.35	0.33	1.03848
1.35	0.34	1.01813
1.35	0.35	0.997979
1.35	0.36	0.978029
1.35	0.37	0.95828
1.35	0.38	0.938732
1.35	0.39	0.919384
1.35	0.4	0.900237
1.35	0.41	0.88129
1.35	0.42	0.862544
1.35	0.43	0.843999
1.35	0.44	0.825654
1.35	0.45	0.807511
1.35	0.46	0.789568
1.35	0.47	0.771825
1.35	0.48	0.754284
1.35	0.49	0.736943
1.35	0.5	0.719803
1.35	0.51	0.702864
1.35	0.52	0.686125
1.35	0.53	0.669588
1.35	0.54	0.653251
1.35	0.55	0.637115
1.35	0.56	0.621179
1.35	0.57	0.605445
1.35	0.58	0.589912
1.35	0.59	0.574579
1.35	0.6	0.559447
1.35	0.61	0.544516
1.35	0.62	0.529786
1.35	0.63	0.515257
1.35	0.64	0.500929
1.35	0.65	0.486801
1.35	0.66	0.472875
1.35	0.67	0.459149
1.35	0.68	0.445624
1.35	0.69	0.4323
1.35	0.7	0.419177
1.35	0.71	0.406255
1.35	0.72	0.393534
1.35	0.73	0.381014
1.35	0.74	0.368695
1.35	0.75	0.356576
1.35	0.76	0.344659
1.35	0.77	0.332942
1.35	0.78	0.321427
1.35	0.79	0.310112
1.35	0.8	0.298998
1.35	0.81	0.288085
1.35	0.82	0.277374
1.35	0.83	0.266863
1.35	0.84	0.256553
1.35	0.85	0.246444
1.35	0.86	0.236535
1.35	0.87	0.226828
1.35	0.88	0.217322
1.35	0.89	0.208016
1.35	0.9	0.198912
1.35	0.91	0.190008
1.35	0.92	0.181306
1.35	0.93	0.172804
1.35	0.94	0.164503
1.35	0.95	0.156403
1.35	0.96	0.148504
1.35	0.97	0.140806
1.35	0.98	0.133309
1.35	0.99	0.126012
1.35	1	0.118917
1.35	1.01	0.112022
1.35	1.02	0.105329
1.35	1.03	0.0988359
1.35	1.04	0.092544
1.35	1.05	0.0864529
1.35	1.06	0.0805627
1.35	1.07	0.0748733
1.35	1.08	0.0693847
1.35	1.09	0.0640971
1.35	1.1	0.0590102
1.35	1.11	0.0541242
1.35	1.12	0.0494389
1.35	1.13	0.0449546
1.35	1.14	0.040671
1.35	1.15	0.0365882
1.35	1.16	0.0327062
1.35	1.17	0.029025
1.35	1.18	0.0255445
1.35	1.19	0.0222649
1.35	1.2	0.0191859
1.35	1.21	0.0163078
1.35	1.22	0.0136304
1.35	1.23	0.0111537
1.35	1.24	0.00887771
1.35	1.25	0.00680245
1.35	1.26	0.0049279
1.35	1.27	0.00325404
1.35	1.28	0.00178087
1.35	1.29	0.00050837
1.35	1.3	-0.000563459
1.35	1.31	-0.00143536
1.35	1.32	-0.00210587
1.35	1.33	-0.00257574
1.35	1.34	-0.00284498
1.35	1.35	-0.0029136
1.35	1.36	-0.0027816
1.35	1.37	-0.00244899
1.35	1.38	-0.00191579
1.35	1.39	-0.001182
1.35	1.4	-0.000247635
1.35	1.41	0.000887301
1.35	1.42	0.00222279
1.35	1.43	0.00375884
1.35	1.44	0.00549542
1.35	1.45	0.00743253
1.35	1.46	0.00957015
1.35	1.47	0.0119083
1.35	1.48	0.0144469
1.35	1.49	0.017186
1.35	1.5	0.0201256
1.35	1.51	0.0232657
1.35	1.52	0.0266062
1.35	1.53	0.0301472
1.35	1.54	0.0338886
1.35	1.55	0.0378305
1.35	1.56	0.0419727
1.35	1.57	0.0463154
1.35	1.58	0.0508585
1.35	1.59	0.055602
1.35	1.6	0.0605458
1.35	1.61	0.06569
1.35	1.62	0.0710346
1.35	1.63	0.0765795
1.35	1.64	0.0823248
1.35	1.65	0.0882704
1.35	1.66	0.0944163
1.35	1.67	0.100763
1.35	1.68	0.107309
1.35	1.69	0.114056
1.35	1.7	0.121003
1.35	1.71	0.12815
1.35	1.72	0.135498
1.35	1.73	0.143046
1.35	1.74	0.150794
1.35	1.75	0.158742
1.35	1.76	0.166891
1.35	1.77	0.17524
1.35	1.78	0.183789
1.35	1.79	0.192538
1.35	1.8	0.201488
1.35	1.81	0.210637
1.35	1.82	0.219987
1.35	1.83	0.229537
1.35	1.84	0.239287
1.35	1.85	0.249237
1.35	1.86	0.259387
1.35	1.87	0.269738
1.35	1.88	0.280288
1.35	1.89	0.291039
1.35	1.9	0.30199
1.35	1.91	0.31314
1.35	1.92	0.324491
1.35	1.93	0.336042
1.35	1.94	0.347793
1.35	1.95	0.359744
1.35	1.96	0.371895
1.35	1.97	0.384247
1.35	1.98	0.396798
1.35	1.99	0.409549
1.35	2	0.4225
1.355	0	1.83603
1.355	0.01	1.80896
1.355	0.02	1.7821
1.355	0.03	1.75544
1.355	0.04	1.72898
1.355	0.05	1.70271
1.355	0.06	1.67665
1.355	0.07	1.65079
1.355	0.08	1.62513
1.355	0.09	1.59967
1.355	0.1	1.57441
1.355	0.11	1.54935
1.355	0.12	1.52448
1.355	0.13	1.49982
1.355	0.14	1.47536
1.355	0.15	1.4511
1.355	0.16	1.42704
1.355	0.17	1.40318
1.355	0.18	1.37953
1.355	0.19	1.35607
1.355	0.2	1.33281
1.355	0.21	1.30975
1.355	0.22	1.28689
1.355	0.23	1.26424
1.355	0.24	1.24178
1.355	0.25	1.21952
1.355	0.26	1.19747
1.355	0.27	1.17561
1.355	0.28	1.15396
1.355	0.29	1.1325
1.355	0.3	1.11125
1.355	0.31	1.0902
1.355	0.32	1.06934
1.355	0.33	1.04869
1.355	0.34	1.02824
1.355	0.35	1.00799
1.355	0.36	0.987938
1.355	0.37	0.968088
1.355	0.38	0.948439
1.355	0.39	0.928991
1.355	0.4	0.909743
1.355	0.41	0.890697
1.355	0.42	0.87185
1.355	0.43	0.853205
1.355	0.44	0.83476
1.355	0.45	0.816516
1.355	0.46	0.798472
1.355	0.47	0.78063
1.355	0.48	0.762988
1.355	0.49	0.745547
1.355	0.5	0.728306
1.355	0.51	0.711267
1.355	0.52	0.694428
1.355	0.53	0.67779
1.355	0.54	0.661353
1.355	0.55	0.645117
1.355	0.56	0.629081
1.355	0.57	0.613246
1.355	0.58	0.597613
1.355	0.59	0.58218
1.355	0.6	0.566948
1.355	0.61	0.551916
1.355	0.62	0.537086
1.355	0.63	0.522457
1.355	0.64	0.508028
1.355	0.65	0.4938
1.355	0.66	0.479774
1.355	0.67	0.465948
1.355	0.68	0.452323
1.355	0.69	0.438899
1.355	0.7	0.425676
1.355	0.71	0.412653
1.355	0.72	0.399832
1.355	0.73	0.387212
1.355	0.74	0.374792
1.355	0.75	0.362574
1.355	0.76	0.350556
1.355	0.77	0.33874
1.355	0.78	0.327124
1.355	0.79	0.315709
1.355	0.8	0.304495
1.355	0.81	0.293482
1.355	0.82	0.28267
1.355	0.83	0.272059
1.355	0.84	0.261649
1.355	0.85	0.25144
1.355	0.86	0.241432
1.355	0.87	0.231625
1.355	0.88	0.222018
1.355	0.89	0.212613
1.355	0.9	0.203408
1.355	0.91	0.194405
1.355	0.92	0.185602
1.355	0.93	0.177
1.355	0.94	0.168599
1.355	0.95	0.160399
1.355	0.96	0.1524
1.355	0.97	0.144602
1.355	0.98	0.137005
1.355	0.99	0.129609
1.355	1	0.122413
1.355	1.01	0.115419
1.355	1.02	0.108625
1.355	1.03	0.102032
1.355	1.04	0.0956406
1.355	1.05	0.0894495
1.355	1.06	0.0834594
1.355	1.07	0.0776701
1.355	1.08	0.0720817
1.355	1.09	0.0666941
1.355	1.1	0.0615073
1.355	1.11	0.0565214
1.355	1.12	0.0517363
1.355	1.13	0.047152
1.355	1.14	0.0427686
1.355	1.15	0.0385859
1.355	1.16	0.0346041
1.355	1.17	0.030823
1.355	1.18	0.0272427
1.355	1.19	0.0238632
1.355	1.2	0.0206845
1.355	1.21	0.0177065
1.355	1.22	0.0149293
1.355	1.23	0.0123528
1.355	1.24	0.009977
1.355	1.25	0.00780194
1.355	1.26	0.00582759
1.355	1.27	0.00405395
1.355	1.28	0.00248099
1.355	1.29	0.00110871
1.355	1.3	-6.28921e-05
1.355	1.31	-0.00103383
1.355	1.32	-0.00180412
1.355	1.33	-0.00237375
1.355	1.34	-0.00274275
1.355	1.35	-0.00291113
1.355	1.36	-0.00287888
1.355	1.37	-0.00264602
1.355	1.38	-0.00221256
1.355	1.39	-0.00157851
1.355	1.4	-0.000743883
1.355	1.41	0.000291322
1.355	1.42	0.00152709
1.355	1.43	0.00296341
1.355	1.44	0.00460027
1.355	1.45	0.00643766
1.355	1.46	0.00847558
1.355	1.47	0.010714
1.355	1.48	0.0131529
1.355	1.49	0.0157924
1.355	1.5	0.0186323
1.355	1.51	0.0216727
1.355	1.52	0.0249135
1.355	1.53	0.0283548
1.355	1.54	0.0319965
1.355	1.55	0.0358387
1.355	1.56	0.0398813
1.355	1.57	0.0441243
1.355	1.58	0.0485677
1.355	1.59	0.0532115
1.355	1.6	0.0580557
1.355	1.61	0.0631002
1.355	1.62	0.0683452
1.355	1.63	0.0737904
1.355	1.64	0.079436
1.355	1.65	0.085282
1.355	1.66	0.0913283
1.355	1.67	0.0975749
1.355	1.68	0.104022
1.355	1.69	0.110669
1.355	1.7	0.117516
1.355	1.71	0.124564
1.355	1.72	0.131812
1.355	1.73	0.13926
1.355	1.74	0.146909
1.355	1.75	0.154758
1.355	1.76	0.162807
1.355	1.77	0.171056
1.355	1.78	0.179505
1.355	1.79	0.188155
1.355	1.8	0.197005
1.355	1.81	0.206055
1.355	1.82	0.215305
1.355	1.83	0.224755
1.355	1.84	0.234405
1.355	1.85	0.244256
1.355	1.86	0.254307
1.355	1.87	0.264558
1.355	1.88	0.275009
1.355	1.89	0.28566
1.355	1.9	0.296511
1.355	1.91	0.307562
1.355	1.92	0.318813
1.355	1.93	0.330265
1.355	1.94	0.341916
1.355	1.95	0.353767
1.355	1.96	0.365819
1.355	1.97	0.37807
1.355	1.98	0.390522
1.355	1.99	0.403173
1.355	2	0.416025
1.36	0	1.8496
1.36	0.01	1.82244
1.36	0.02	1.79547
1.36	0.03	1.76871
1.36	0.04	1.74215
1.36	0.05	1.71579
1.36	0.06	1.68962
1.36	0.07	1.66366
1.36	0.08	1.6379
1.36	0.09	1.61234
1.36	0.1	1.58698
1.36	0.11	1.56182
1.36	0.12	1.53685
1.36	0.13	1.51209
1.36	0.14	1.48753
1.36	0.15	1.46317
1.36	0.16	1.43901
1.36	0.17	1.41505
1.36	0.18	1.39129
1.36	0.19	1.36773
1.36	0.2	1.34437
1.36	0.21	1.32122
1.36	0.22	1.29826
1.36	0.23	1.2755
1.36	0.24	1.25294
1.36	0.25	1.23059
1.36	0.26	1.20843
1.36	0.27	1.18647
1.36	0.28	1.16472
1.36	0.29	1.14316
1.36	0.3	1.12181
1.36	0.31	1.10066
1.36	0.32	1.0797
1.36	0.33	1.05895
1.36	0.34	1.0384
1.36	0.35	1.01805
1.36	0.36	0.997897
1.36	0.37	0.977948
1.36	0.38	0.958198
1.36	0.39	0.93865
1.36	0.4	0.919302
1.36	0.41	0.900154
1.36	0.42	0.881208
1.36	0.43	0.862462
1.36	0.44	0.843917
1.36	0.45	0.825572
1.36	0.46	0.807428
1.36	0.47	0.789485
1.36	0.48	0.771743
1.36	0.49	0.754202
1.36	0.5	0.736861
1.36	0.51	0.719721
1.36	0.52	0.702782
1.36	0.53	0.686044
1.36	0.54	0.669507
1.36	0.55	0.65317
1.36	0.56	0.637034
1.36	0.57	0.621099
1.36	0.58	0.605365
1.36	0.59	0.589832
1.36	0.6	0.5745
1.36	0.61	0.559368
1.36	0.62	0.544438
1.36	0.63	0.529708
1.36	0.64	0.515179
1.36	0.65	0.500851
1.36	0.66	0.486725
1.36	0.67	0.472798
1.36	0.68	0.459073
1.36	0.69	0.445549
1.36	0.7	0.432226
1.36	0.71	0.419103
1.36	0.72	0.406182
1.36	0.73	0.393461
1.36	0.74	0.380942
1.36	0.75	0.368623
1.36	0.76	0.356505
1.36	0.77	0.344589
1.36	0.78	0.332873
1.36	0.79	0.321358
1.36	0.8	0.310044
1.36	0.81	0.298931
1.36	0.82	0.288019
1.36	0.83	0.277308
1.36	0.84	0.266798
1.36	0.85	0.256488
1.36	0.86	0.24638
1.36	0.87	0.236473
1.36	0.88	0.226766
1.36	0.89	0.217261
1.36	0.9	0.207956
1.36	0.91	0.198853
1.36	0.92	0.18995
1.36	0.93	0.181248
1.36	0.94	0.172747
1.36	0.95	0.164447
1.36	0.96	0.156348
1.36	0.97	0.14845
1.36	0.98	0.140753
1.36	0.99	0.133257
1.36	1	0.125961
1.36	1.01	0.118867
1.36	1.02	0.111973
1.36	1.03	0.105281
1.36	1.04	0.0987889
1.36	1.05	0.0924979
1.36	1.06	0.0864079
1.36	1.07	0.0805187
1.36	1.08	0.0748303
1.36	1.09	0.0693428
1.36	1.1	0.0640561
1.36	1.11	0.0589703
1.36	1.12	0.0540853
1.36	1.13	0.0494012
1.36	1.14	0.0449179
1.36	1.15	0.0406353
1.36	1.16	0.0365536
1.36	1.17	0.0326727
1.36	1.18	0.0289926
1.36	1.19	0.0255132
1.36	1.2	0.0222347
1.36	1.21	0.0191568
1.36	1.22	0.0162798
1.36	1.23	0.0136035
1.36	1.24	0.0111279
1.36	1.25	0.00885301
1.36	1.26	0.00677885
1.36	1.27	0.0049054
1.36	1.28	0.00323264
1.36	1.29	0.00176057
1.36	1.3	0.000489179
1.36	1.31	-0.000581544
1.36	1.32	-0.00145161
1.36	1.33	-0.00212102
1.36	1.34	-0.00258979
1.36	1.35	-0.00285793
1.36	1.36	-0.00292544
1.36	1.37	-0.00279234
1.36	1.38	-0.00245863
1.36	1.39	-0.00192433
1.36	1.4	-0.00118944
1.36	1.41	-0.000253979
1.36	1.42	0.000882052
1.36	1.43	0.00221864
1.36	1.44	0.00375578
1.36	1.45	0.00549345
1.36	1.46	0.00743164
1.36	1.47	0.00957036
1.36	1.48	0.0119096
1.36	1.49	0.0144493
1.36	1.5	0.0171895
1.36	1.51	0.0201302
1.36	1.52	0.0232713
1.36	1.53	0.0266129
1.36	1.54	0.030155
1.36	1.55	0.0338974
1.36	1.56	0.0378404
1.36	1.57	0.0419837
1.36	1.58	0.0463274
1.36	1.59	0.0508715
1.36	1.6	0.055616
1.36	1.61	0.0605609
1.36	1.62	0.0657062
1.36	1.63	0.0710518
1.36	1.64	0.0765977
1.36	1.65	0.082344
1.36	1.66	0.0882907
1.36	1.67	0.0944376
1.36	1.68	0.100785
1.36	1.69	0.107332
1.36	1.7	0.11408
1.36	1.71	0.121028
1.36	1.72	0.128177
1.36	1.73	0.135525
1.36	1.74	0.143074
1.36	1.75	0.150823
1.36	1.76	0.158773
1.36	1.77	0.166922
1.36	1.78	0.175272
1.36	1.79	0.183822
1.36	1.8	0.192572
1.36	1.81	0.201522
1.36	1.82	0.210673
1.36	1.83	0.220024
1.36	1.84	0.229574
1.36	1.85	0.239325
1.36	1.86	0.249276
1.36	1.87	0.259428
1.36	1.88	0.269779
1.36	1.89	0.28033
1.36	1.9	0.291082
1.36	1.91	0.302033
1.36	1.92	0.313185
1.36	1.93	0.324537
1.36	1.94	0.336089
1.36	1.95	0.347841
1.36	1.96	0.359792
1.36	1.97	0.371944
1.36	1.98	0.384296
1.36	1.99	0.396848
1.36	2	0.4096
1.365	0	1.86322
1.365	0.01	1.83596
1.365	0.02	1.8089
1.365	0.03	1.78204
1.365	0.04	1.75537
1.365	0.05	1.72891
1.365	0.06	1.70265
1.365	0.07	1.67658
1.365	0.08	1.65072
1.365	0.09	1.62506
1.365	0.1	1.5996
1.365	0.11	1.57434
1.365	0.12	1.54927
1.365	0.13	1.52441
1.365	0.14	1.49975
1.365	0.15	1.47529
1.365	0.16	1.45103
1.365	0.17	1.42697
1.365	0.18	1.40311
1.365	0.19	1.37945
1.365	0.2	1.35599
1.365	0.21	1.33273
1.365	0.22	1.30967
1.365	0.23	1.28681
1.365	0.24	1.26416
1.365	0.25	1.2417
1.365	0.26	1.21944
1.365	0.27	1.19739
1.365	0.28	1.17553
1.365	0.29	1.15388
1.365	0.3	1.13242
1.365	0.31	1.11117
1.365	0.32	1.09011
1.365	0.33	1.06926
1.365	0.34	1.04861
1.365	0.35	1.02816
1.365	0.36	1.00791
1.365	0.37	0.987857
1.365	0.38	0.968007
1.365	0.39	0.948358
1.365	0.4	0.92891
1.365	0.41	0.909662
1.365	0.42	0.890615
1.365	0.43	0.871769
1.365	0.44	0.853123
1.365	0.45	0.834678
1.365	0.46	0.816434
1.365	0.47	0.798391
1.365	0.48	0.780549
1.365	0.49	0.762907
1.365	0.5	0.745466
1.365	0.51	0.728226
1.365	0.52	0.711186
1.365	0.53	0.694348
1.365	0.54	0.67771
1.365	0.55	0.661273
1.365	0.56	0.645037
1.365	0.57	0.629002
1.365	0.58	0.613168
1.365	0.59	0.597534
1.365	0.6	0.582102
1.365	0.61	0.56687
1.365	0.62	0.551839
1.365	0.63	0.53701
1.365	0.64	0.522381
1.365	0.65	0.507952
1.365	0.66	0.493725
1.365	0.67	0.479699
1.365	0.68	0.465874
1.365	0.69	0.452249
1.365	0.7	0.438826
1.365	0.71	0.425603
1.365	0.72	0.412582
1.365	0.73	0.399761
1.365	0.74	0.387141
1.365	0.75	0.374722
1.365	0.76	0.362505
1.365	0.77	0.350488
1.365	0.78	0.338672
1.365	0.79	0.327057
1.365	0.8	0.315643
1.365	0.81	0.30443
1.365	0.82	0.293417
1.365	0.83	0.282606
1.365	0.84	0.271996
1.365	0.85	0.261587
1.365	0.86	0.251378
1.365	0.87	0.241371
1.365	0.88	0.231564
1.365	0.89	0.221959
1.365	0.9	0.212554
1.365	0.91	0.203351
1.365	0.92	0.194348
1.365	0.93	0.185546
1.365	0.94	0.176945
1.365	0.95	0.168545
1.365	0.96	0.160346
1.365	0.97	0.152348
1.365	0.98	0.144551
1.365	0.99	0.136955
1.365	1	0.12956
1.365	1.01	0.122365
1.365	1.02	0.115372
1.365	1.03	0.108579
1.365	1.04	0.101987
1.365	1.05	0.0955964
1.365	1.06	0.0894063
1.365	1.07	0.0834172
1.365	1.08	0.0776289
1.365	1.09	0.0720415
1.365	1.1	0.066655
1.365	1.11	0.0614693
1.365	1.12	0.0564844
1.365	1.13	0.0517004
1.365	1.14	0.0471172
1.365	1.15	0.0427348
1.365	1.16	0.0385532
1.365	1.17	0.0345724
1.365	1.18	0.0307924
1.365	1.19	0.0272133
1.365	1.2	0.0238348
1.365	1.21	0.0206572
1.365	1.22	0.0176803
1.365	1.23	0.0149042
1.365	1.24	0.0123288
1.365	1.25	0.00995409
1.365	1.26	0.00778012
1.365	1.27	0.00580687
1.365	1.28	0.00403431
1.365	1.29	0.00246245
1.365	1.3	0.00109127
1.365	1.31	-7.92383e-05
1.365	1.32	-0.00104908
1.365	1.33	-0.00181827
1.365	1.34	-0.00238681
1.365	1.35	-0.00275471
1.365	1.36	-0.00292198
1.365	1.37	-0.00288864
1.365	1.38	-0.00265468
1.365	1.39	-0.00222013
1.365	1.4	-0.00158499
1.365	1.41	-0.00074926
1.365	1.42	0.000287036
1.365	1.43	0.00152389
1.365	1.44	0.0029613
1.365	1.45	0.00459925
1.365	1.46	0.00643773
1.365	1.47	0.00847673
1.365	1.48	0.0107162
1.365	1.49	0.0131562
1.365	1.5	0.0157967
1.365	1.51	0.0186377
1.365	1.52	0.0216792
1.365	1.53	0.0249211
1.365	1.54	0.0283634
1.365	1.55	0.0320062
1.365	1.56	0.0358494
1.365	1.57	0.0398931
1.365	1.58	0.0441371
1.365	1.59	0.0485816
1.365	1.6	0.0532264
1.365	1.61	0.0580716
1.365	1.62	0.0631172
1.365	1.63	0.0683632
1.365	1.64	0.0738095
1.365	1.65	0.0794561
1.365	1.66	0.0853031
1.365	1.67	0.0913504
1.365	1.68	0.0975979
1.365	1.69	0.104046
1.365	1.7	0.110694
1.365	1.71	0.117542
1.365	1.72	0.124591
1.365	1.73	0.13184
1.365	1.74	0.139289
1.365	1.75	0.146939
1.365	1.76	0.154789
1.365	1.77	0.162839
1.365	1.78	0.171089
1.365	1.79	0.179539
1.365	1.8	0.18819
1.365	1.81	0.19704
1.365	1.82	0.206091
1.365	1.83	0.215342
1.365	1.84	0.224793
1.365	1.85	0.234445
1.365	1.86	0.244296
1.365	1.87	0.254348
1.365	1.88	0.264599
1.365	1.89	0.275051
1.365	1.9	0.285703
1.365	1.91	0.296555
1.365	1.92	0.307607
1.365	1.93	0.318859
1.365	1.94	0.330311
1.365	1.95	0.341964
1.365	1.96	0.353816
1.365	1.97	0.365868
1.365	1.98	0.37812
1.365	1.99	0.390573
1.365	2	0.403225
1.37	0	1.8769
1.37	0.01	1.84954
1.37	0.02	1.82237
1.37	0.03	1.79541
1.37	0.04	1.76865
1.37	0.05	1.74208
1.37	0.06	1.71572
1.37	0.07	1.68956
1.37	0.08	1.66359
1.37	0.09	1.63783
1.37	0.1	1.61227
1.37	0.11	1.58691
1.37	0.12	1.56174
1.37	0.13	1.53678
1.37	0.14	1.51202
1.37	0.15	1.48746
1.37	0.16	1.4631
1.37	0.17	1.43894
1.37	0.18	1.41498
1.37	0.19	1.39122
1.37	0.2	1.36766
1.37	0.21	1.3443
1.37	0.22	1.32114
1.37	0.23	1.29818
1.37	0.24	1.27542
1.37	0.25	1.25286
1.37	0.26	1.23051
1.37	0.27	1.20835
1.37	0.28	1.1864
1.37	0.29	1.16464
1.37	0.3	1.14308
1.37	0.31	1.12173
1.37	0.32	1.10058
1.37	0.33	1.07962
1.37	0.34	1.05887
1.37	0.35	1.03832
1.37	0.36	1.01797
1.37	0.37	0.997817
1.37	0.38	0.977867
1.37	0.39	0.958117
1.37	0.4	0.938569
1.37	0.41	0.919221
1.37	0.42	0.900074
1.37	0.43	0.881127
1.37	0.44	0.862381
1.37	0.45	0.843836
1.37	0.46	0.825492
1.37	0.47	0.807348
1.37	0.48	0.789405
1.37	0.49	0.771663
1.37	0.5	0.754122
1.37	0.51	0.736782
1.37	0.52	0.719642
1.37	0.53	0.702703
1.37	0.54	0.685965
1.37	0.55	0.669428
1.37	0.56	0.653092
1.37	0.57	0.636956
1.37	0.58	0.621022
1.37	0.59	0.605288
1.37	0.6	0.589756
1.37	0.61	0.574424
1.37	0.62	0.559293
1.37	0.63	0.544363
1.37	0.64	0.529633
1.37	0.65	0.515105
1.37	0.66	0.500778
1.37	0.67	0.486651
1.37	0.68	0.472726
1.37	0.69	0.459001
1.37	0.7	0.445478
1.37	0.71	0.432155
1.37	0.72	0.419033
1.37	0.73	0.406112
1.37	0.74	0.393392
1.37	0.75	0.380874
1.37	0.76	0.368556
1.37	0.77	0.356439
1.37	0.78	0.344522
1.37	0.79	0.332807
1.37	0.8	0.321293
1.37	0.81	0.30998
1.37	0.82	0.298868
1.37	0.83	0.287957
1.37	0.84	0.277246
1.37	0.85	0.266737
1.37	0.86	0.256428
1.37	0.87	0.246321
1.37	0.88	0.236414
1.37	0.89	0.226709
1.37	0.9	0.217204
1.37	0.91	0.207901
1.37	0.92	0.198798
1.37	0.93	0.189896
1.37	0.94	0.181195
1.37	0.95	0.172695
1.37	0.96	0.164396
1.37	0.97	0.156298
1.37	0.98	0.148401
1.37	0.99	0.140705
1.37	1	0.13321
1.37	1.01	0.125915
1.37	1.02	0.118822
1.37	1.03	0.111929
1.37	1.04	0.105237
1.37	1.05	0.0987465
1.37	1.06	0.0924566
1.37	1.07	0.0863675
1.37	1.08	0.0804794
1.37	1.09	0.074792
1.37	1.1	0.0693056
1.37	1.11	0.06402
1.37	1.12	0.0589352
1.37	1.13	0.0540513
1.37	1.14	0.0493682
1.37	1.15	0.0448859
1.37	1.16	0.0406045
1.37	1.17	0.0365238
1.37	1.18	0.032644
1.37	1.19	0.028965
1.37	1.2	0.0254867
1.37	1.21	0.0222092
1.37	1.22	0.0191325
1.37	1.23	0.0162565
1.37	1.24	0.0135813
1.37	1.25	0.0111068
1.37	1.26	0.00883298
1.37	1.27	0.00675991
1.37	1.28	0.00488754
1.37	1.29	0.00321587
1.37	1.3	0.00174488
1.37	1.31	0.000474577
1.37	1.32	-0.000595059
1.37	1.33	-0.00146404
1.37	1.34	-0.00213236
1.37	1.35	-0.00260004
1.37	1.36	-0.0028671
1.37	1.37	-0.00293352
1.37	1.38	-0.00279934
1.37	1.39	-0.00246455
1.37	1.4	-0.00192916
1.37	1.41	-0.0011932
1.37	1.42	-0.000256653
1.37	1.43	0.000880455
1.37	1.44	0.00221812
1.37	1.45	0.00375632
1.37	1.46	0.00549506
1.37	1.47	0.00743433
1.37	1.48	0.0095741
1.37	1.49	0.0119144
1.37	1.5	0.0144552
1.37	1.51	0.0171964
1.37	1.52	0.0201381
1.37	1.53	0.0232803
1.37	1.54	0.026623
1.37	1.55	0.0301661
1.37	1.56	0.0339096
1.37	1.57	0.0378535
1.37	1.58	0.0419979
1.37	1.59	0.0463426
1.37	1.6	0.0508878
1.37	1.61	0.0556333
1.37	1.62	0.0605792
1.37	1.63	0.0657255
1.37	1.64	0.0710721
1.37	1.65	0.076619
1.37	1.66	0.0823663
1.37	1.67	0.0883139
1.37	1.68	0.0944618
1.37	1.69	0.10081
1.37	1.7	0.107359
1.37	1.71	0.114107
1.37	1.72	0.121056
1.37	1.73	0.128206
1.37	1.74	0.135555
1.37	1.75	0.143105
1.37	1.76	0.150855
1.37	1.77	0.158805
1.37	1.78	0.166956
1.37	1.79	0.175307
1.37	1.8	0.183857
1.37	1.81	0.192609
1.37	1.82	0.20156
1.37	1.83	0.210711
1.37	1.84	0.220063
1.37	1.85	0.229614
1.37	1.86	0.239366
1.37	1.87	0.249318
1.37	1.88	0.25947
1.37	1.89	0.269822
1.37	1.9	0.280375
1.37	1.91	0.291127
1.37	1.92	0.302079
1.37	1.93	0.313232
1.37	1.94	0.324584
1.37	1.95	0.336137
1.37	1.96	0.347889
1.37	1.97	0.359842
1.37	1.98	0.371995
1.37	1.99	0.384347
1.37	2	0.3969
1.375	0	1.89062
1.375	0.01	1.86316
1.375	0.02	1.8359
1.375	0.03	1.80883
1.375	0.04	1.78197
1.375	0.05	1.75531
1.375	0.06	1.72884
1.375	0.07	1.70258
1.375	0.08	1.67651
1.375	0.09	1.65065
1.375	0.1	1.62499
1.375	0.11	1.59953
1.375	0.12	1.57426
1.375	0.13	1.5492
1.375	0.14	1.52434
1.375	0.15	1.49968
1.375	0.16	1.47522
1.375	0.17	1.45095
1.375	0.18	1.42689
1.375	0.19	1.40303
1.375	0.2	1.37937
1.375	0.21	1.35591
1.375	0.22	1.33265
1.375	0.23	1.3096
1.375	0.24	1.28674
1.375	0.25	1.26408
1.375	0.26	1.24162
1.375	0.27	1.21937
1.375	0.28	1.19731
1.375	0.29	1.17545
1.375	0.3	1.1538
1.375	0.31	1.13234
1.375	0.32	1.11109
1.375	0.33	1.09004
1.375	0.34	1.06918
1.375	0.35	1.04853
1.375	0.36	1.02808
1.375	0.37	1.00783
1.375	0.38	0.987777
1.375	0.39	0.967928
1.375	0.4	0.948279
1.375	0.41	0.92883
1.375	0.42	0.909583
1.375	0.43	0.890536
1.375	0.44	0.87169
1.375	0.45	0.853044
1.375	0.46	0.8346
1.375	0.47	0.816356
1.375	0.48	0.798313
1.375	0.49	0.78047
1.375	0.5	0.762829
1.375	0.51	0.745388
1.375	0.52	0.728148
1.375	0.53	0.711109
1.375	0.54	0.694271
1.375	0.55	0.677634
1.375	0.56	0.661197
1.375	0.57	0.644962
1.375	0.58	0.628927
1.375	0.59	0.613093
1.375	0.6	0.59746
1.375	0.61	0.582028
1.375	0.62	0.566797
1.375	0.63	0.551766
1.375	0.64	0.536937
1.375	0.65	0.522309
1.375	0.66	0.507881
1.375	0.67	0.493654
1.375	0.68	0.479629
1.375	0.69	0.465804
1.375	0.7	0.45218
1.375	0.71	0.438757
1.375	0.72	0.425535
1.375	0.73	0.412514
1.375	0.74	0.399694
1.375	0.75	0.387075
1.375	0.76	0.374657
1.375	0.77	0.36244
1.375	0.78	0.350424
1.375	0.79	0.338609
1.375	0.8	0.326995
1.375	0.81	0.315581
1.375	0.82	0.304369
1.375	0.83	0.293358
1.375	0.84	0.282547
1.375	0.85	0.271938
1.375	0.86	0.261529
1.375	0.87	0.251322
1.375	0.88	0.241315
1.375	0.89	0.23151
1.375	0.9	0.221905
1.375	0.91	0.212501
1.375	0.92	0.203299
1.375	0.93	0.194297
1.375	0.94	0.185496
1.375	0.95	0.176896
1.375	0.96	0.168497
1.375	0.97	0.160299
1.375	0.98	0.152302
1.375	0.99	0.144506
1.375	1	0.13691
1.375	1.01	0.129516
1.375	1.02	0.122323
1.375	1.03	0.11533
1.375	1.04	0.108538
1.375	1.05	0.101948
1.375	1.06	0.0955578
1.375	1.07	0.0893688
1.375	1.08	0.0833807
1.375	1.09	0.0775934
1.375	1.1	0.0720071
1.375	1.11	0.0666215
1.375	1.12	0.0614369
1.375	1.13	0.0564531
1.375	1.14	0.0516701
1.375	1.15	0.0470879
1.375	1.16	0.0427066
1.375	1.17	0.0385261
1.375	1.18	0.0345464
1.375	1.19	0.0307675
1.375	1.2	0.0271894
1.375	1.21	0.0238121
1.375	1.22	0.0206355
1.375	1.23	0.0176597
1.375	1.24	0.0148846
1.375	1.25	0.0123103
1.375	1.26	0.00993585
1.375	1.27	0.00776296
1.375	1.28	0.00579078
1.375	1.29	0.0040193
1.375	1.3	0.00244852
1.375	1.31	0.00107841
1.375	1.32	-9.10192e-05
1.375	1.33	-0.00105979
1.375	1.34	-0.0018279
1.375	1.35	-0.00239536
1.375	1.36	-0.00276219
1.375	1.37	-0.00292839
1.375	1.38	-0.00289397
1.375	1.39	-0.00265895
1.375	1.4	-0.00222332
1.375	1.41	-0.00158711
1.375	1.42	-0.000750321
1.375	1.43	0.000287037
1.375	1.44	0.00152495
1.375	1.45	0.00296342
1.375	1.46	0.00460242
1.375	1.47	0.00644195
1.375	1.48	0.008482
1.375	1.49	0.0107225
1.375	1.5	0.0131636
1.375	1.51	0.0158051
1.375	1.52	0.0186471
1.375	1.53	0.0216896
1.375	1.54	0.0249326
1.375	1.55	0.0283759
1.375	1.56	0.0320197
1.375	1.57	0.035864
1.375	1.58	0.0399086
1.375	1.59	0.0441537
1.375	1.6	0.0485991
1.375	1.61	0.053245
1.375	1.62	0.0580912
1.375	1.63	0.0631378
1.375	1.64	0.0683847
1.375	1.65	0.073832
1.375	1.66	0.0794796
1.375	1.67	0.0853275
1.375	1.68	0.0913757
1.375	1.69	0.0976243
1.375	1.7	0.104073
1.375	1.71	0.110722
1.375	1.72	0.117572
1.375	1.73	0.124621
1.375	1.74	0.131871
1.375	1.75	0.139321
1.375	1.76	0.146972
1.375	1.77	0.154822
1.375	1.78	0.162873
1.375	1.79	0.171124
1.375	1.8	0.179575
1.375	1.81	0.188227
1.375	1.82	0.197078
1.375	1.83	0.20613
1.375	1.84	0.215382
1.375	1.85	0.224834
1.375	1.86	0.234486
1.375	1.87	0.244338
1.375	1.88	0.254391
1.375	1.89	0.264643
1.375	1.9	0.275096
1.375	1.91	0.285749
1.375	1.92	0.296601
1.375	1.93	0.307654
1.375	1.94	0.318907
1.375	1.95	0.33036
1.375	1.96	0.342013
1.375	1.97	0.353866
1.375	1.98	0.365919
1.375	1.99	0.378172
1.375	2	0.390625
1.38	0	1.9044
1.38	0.01	1.87684
1.38	0.02	1.84947
1.38	0.03	1.82231
1.38	0.04	1.79534
1.38	0.05	1.76858
1.38	0.06	1.74201
1.38	0.07	1.71565
1.38	0.08	1.68949
1.38	0.09	1.66352
1.38	0.1	1.63776
1.38	0.11	1.6122
1.38	0.12	1.58683
1.38	0.13	1.56167
1.38	0.14	1.53671
1.38	0.15	1.51195
1.38	0.16	1.48738
1.38	0.17	1.46302
1.38	0.18	1.43886
1.38	0.19	1.4149
1.38	0.2	1.39114
1.38	0.21	1.36758
1.38	0.22	1.34422
1.38	0.23	1.32106
1.38	0.24	1.2981
1.38	0.25	1.27534
1.38	0.26	1.25279
1.38	0.27	1.23043
1.38	0.28	1.20827
1.38	0.29	1.18632
1.38	0.3	1.16456
1.38	0.31	1.14301
1.38	0.32	1.12165
1.38	0.33	1.1005
1.38	0.34	1.07954
1.38	0.35	1.05879
1.38	0.36	1.03824
1.38	0.37	1.01789
1.38	0.38	0.997738
1.38	0.39	0.977788
1.38	0.4	0.958038
1.38	0.41	0.93849
1.38	0.42	0.919142
1.38	0.43	0.899995
1.38	0.44	0.881048
1.38	0.45	0.862302
1.38	0.46	0.843758
1.38	0.47	0.825413
1.38	0.48	0.80727
1.38	0.49	0.789327
1.38	0.5	0.771586
1.38	0.51	0.754045
1.38	0.52	0.736705
1.38	0.53	0.719565
1.38	0.54	0.702627
1.38	0.55	0.685889
1.38	0.56	0.669353
1.38	0.57	0.653017
1.38	0.58	0.636882
1.38	0.59	0.620948
1.38	0.6	0.605214
1.38	0.61	0.589682
1.38	0.62	0.574351
1.38	0.63	0.55922
1.38	0.64	0.544291
1.38	0.65	0.529562
1.38	0.66	0.515034
1.38	0.67	0.500707
1.38	0.68	0.486582
1.38	0.69	0.472657
1.38	0.7	0.458933
1.38	0.71	0.44541
1.38	0.72	0.432088
1.38	0.73	0.418967
1.38	0.74	0.406047
1.38	0.75	0.393327
1.38	0.76	0.380809
1.38	0.77	0.368492
1.38	0.78	0.356376
1.38	0.79	0.34446
1.38	0.8	0.332746
1.38	0.81	0.321233
1.38	0.82	0.30992
1.38	0.83	0.298809
1.38	0.84	0.287898
1.38	0.85	0.277189
1.38	0.86	0.26668
1.38	0.87	0.256373
1.38	0.88	0.246266
1.38	0.89	0.236361
1.38	0.9	0.226656
1.38	0.91	0.217152
1.38	0.92	0.207849
1.38	0.93	0.198748
1.38	0.94	0.189847
1.38	0.95	0.181147
1.38	0.96	0.172648
1.38	0.97	0.16435
1.38	0.98	0.156253
1.38	0.99	0.148357
1.38	1	0.140661
1.38	1.01	0.133167
1.38	1.02	0.125874
1.38	1.03	0.118781
1.38	1.04	0.111889
1.38	1.05	0.105199
1.38	1.06	0.0987089
1.38	1.07	0.09242
1.38	1.08	0.086332
1.38	1.09	0.0804448
1.38	1.1	0.0747585
1.38	1.11	0.0692731
1.38	1.12	0.0639886
1.38	1.13	0.0589049
1.38	1.14	0.054022
1.38	1.15	0.04934
1.38	1.16	0.0448587
1.38	1.17	0.0405784
1.38	1.18	0.0364988
1.38	1.19	0.0326201
1.38	1.2	0.0289421
1.38	1.21	0.0254649
1.38	1.22	0.0221885
1.38	1.23	0.0191128
1.38	1.24	0.0162379
1.38	1.25	0.0135638
1.38	1.26	0.0110903
1.38	1.27	0.0088176
1.38	1.28	0.0067456
1.38	1.29	0.0048743
1.38	1.3	0.00320369
1.38	1.31	0.00173377
1.38	1.32	0.000464534
1.38	1.33	-0.000604038
1.38	1.34	-0.00147195
1.38	1.35	-0.00213921
1.38	1.36	-0.00260583
1.38	1.37	-0.00287182
1.38	1.38	-0.00293719
1.38	1.39	-0.00280195
1.38	1.4	-0.0024661
1.38	1.41	-0.00192967
1.38	1.42	-0.00119265
1.38	1.43	-0.000255056
1.38	1.44	0.000883096
1.38	1.45	0.0022218
1.38	1.46	0.00376104
1.38	1.47	0.00550082
1.38	1.48	0.00744111
1.38	1.49	0.00958192
1.38	1.5	0.0119232
1.38	1.51	0.014465
1.38	1.52	0.0172073
1.38	1.53	0.02015
1.38	1.54	0.0232932
1.38	1.55	0.0266369
1.38	1.56	0.030181
1.38	1.57	0.0339255
1.38	1.58	0.0378704
1.38	1.59	0.0420158
1.38	1.6	0.0463615
1.38	1.61	0.0509076
1.38	1.62	0.0556541
1.38	1.63	0.060601
1.38	1.64	0.0657482
1.38	1.65	0.0710958
1.38	1.66	0.0766437
1.38	1.67	0.0823919
1.38	1.68	0.0883404
1.38	1.69	0.0944893
1.38	1.7	0.100838
1.38	1.71	0.107388
1.38	1.72	0.114138
1.38	1.73	0.121088
1.38	1.74	0.128238
1.38	1.75	0.135588
1.38	1.76	0.143139
1.38	1.77	0.15089
1.38	1.78	0.158841
1.38	1.79	0.166992
1.38	1.8	0.175344
1.38	1.81	0.183896
1.38	1.82	0.192647
1.38	1.83	0.2016
1.38	1.84	0.210752
1.38	1.85	0.220104
1.38	1.86	0.229657
1.38	1.87	0.239409
1.38	1.88	0.249362
1.38	1.89	0.259515
1.38	1.9	0.269868
1.38	1.91	0.280421
1.38	1.92	0.291174
1.38	1.93	0.302127
1.38	1.94	0.31328
1.38	1.95	0.324633
1.38	1.96	0.336187
1.38	1.97	0.34794
1.38	1.98	0.359893
1.38	1.99	0.372047
1.38	2	0.3844
1.385	0	1.91823
1.385	0.01	1.89056
1.385	0.02	1.8631
1.385	0.03	1.83583
1.385	0.04	1.80877
1.385	0.05	1.7819
1.385	0.06	1.75524
1.385	0.07	1.72877
1.385	0.08	1.70251
1.385	0.09	1.67644
1.385	0.1	1.65058
1.385	0.11	1.62492
1.385	0.12	1.59945
1.385	0.13	1.57419
1.385	0.14	1.54913
1.385	0.15	1.52427
1.385	0.16	1.4996
1.385	0.17	1.47514
1.385	0.18	1.45088
1.385	0.19	1.42682
1.385	0.2	1.40296
1.385	0.21	1.3793
1.385	0.22	1.35584
1.385	0.23	1.33258
1.385	0.24	1.30952
1.385	0.25	1.28666
1.385	0.26	1.264
1.385	0.27	1.24154
1.385	0.28	1.21929
1.385	0.29	1.19723
1.385	0.3	1.17538
1.385	0.31	1.15372
1.385	0.32	1.13226
1.385	0.33	1.11101
1.385	0.34	1.08996
1.385	0.35	1.0691
1.385	0.36	1.04845
1.385	0.37	1.028
1.385	0.38	1.00775
1.385	0.39	0.987699
1.385	0.4	0.967849
1.385	0.41	0.9482
1.385	0.42	0.928752
1.385	0.43	0.909505
1.385	0.44	0.890458
1.385	0.45	0.871612
1.385	0.46	0.852967
1.385	0.47	0.834522
1.385	0.48	0.816279
1.385	0.49	0.798236
1.385	0.5	0.780394
1.385	0.51	0.762753
1.385	0.52	0.745312
1.385	0.53	0.728073
1.385	0.54	0.711034
1.385	0.55	0.694196
1.385	0.56	0.677559
1.385	0.57	0.661123
1.385	0.58	0.644888
1.385	0.59	0.628854
1.385	0.6	0.61302
1.385	0.61	0.597388
1.385	0.62	0.581956
1.385	0.63	0.566726
1.385	0.64	0.551696
1.385	0.65	0.536867
1.385	0.66	0.522239
1.385	0.67	0.507812
1.385	0.68	0.493586
1.385	0.69	0.479561
1.385	0.7	0.465737
1.385	0.71	0.452114
1.385	0.72	0.438692
1.385	0.73	0.425471
1.385	0.74	0.41245
1.385	0.75	0.399631
1.385	0.76	0.387013
1.385	0.77	0.374595
1.385	0.78	0.362379
1.385	0.79	0.350364
1.385	0.8	0.338549
1.385	0.81	0.326936
1.385	0.82	0.315523
1.385	0.83	0.304312
1.385	0.84	0.293301
1.385	0.85	0.282492
1.385	0.86	0.271883
1.385	0.87	0.261476
1.385	0.88	0.251269
1.385	0.89	0.241263
1.385	0.9	0.231459
1.385	0.91	0.221855
1.385	0.92	0.212452
1.385	0.93	0.20325
1.385	0.94	0.194249
1.385	0.95	0.185449
1.385	0.96	0.17685
1.385	0.97	0.168452
1.385	0.98	0.160255
1.385	0.99	0.152259
1.385	1	0.144464
1.385	1.01	0.13687
1.385	1.02	0.129476
1.385	1.03	0.122284
1.385	1.04	0.115292
1.385	1.05	0.108502
1.385	1.06	0.101912
1.385	1.07	0.095523
1.385	1.08	0.0893351
1.385	1.09	0.083348
1.385	1.1	0.0775618
1.385	1.11	0.0719765
1.385	1.12	0.066592
1.385	1.13	0.0614084
1.385	1.14	0.0564257
1.385	1.15	0.0516437
1.385	1.16	0.0470626
1.385	1.17	0.0426824
1.385	1.18	0.0385029
1.385	1.19	0.0345243
1.385	1.2	0.0307465
1.385	1.21	0.0271695
1.385	1.22	0.0237932
1.385	1.23	0.0206177
1.385	1.24	0.0176429
1.385	1.25	0.0148689
1.385	1.26	0.0122956
1.385	1.27	0.00992306
1.385	1.28	0.00775122
1.385	1.29	0.00578009
1.385	1.3	0.00400966
1.385	1.31	0.00243992
1.385	1.32	0.00107086
1.385	1.33	-9.75236e-05
1.385	1.34	-0.00106525
1.385	1.35	-0.00183231
1.385	1.36	-0.00239874
1.385	1.37	-0.00276452
1.385	1.38	-0.00292969
1.385	1.39	-0.00289423
1.385	1.4	-0.00265818
1.385	1.41	-0.00222152
1.385	1.42	-0.00158428
1.385	1.43	-0.000746469
1.385	1.44	0.000291909
1.385	1.45	0.00153084
1.385	1.46	0.00297032
1.385	1.47	0.00461033
1.385	1.48	0.00645087
1.385	1.49	0.00849191
1.385	1.5	0.0107335
1.385	1.51	0.0131755
1.385	1.52	0.015818
1.385	1.53	0.018661
1.385	1.54	0.0217045
1.385	1.55	0.0249484
1.385	1.56	0.0283927
1.385	1.57	0.0320375
1.385	1.58	0.0358827
1.385	1.59	0.0399283
1.385	1.6	0.0441743
1.385	1.61	0.0486207
1.385	1.62	0.0532675
1.385	1.63	0.0581147
1.385	1.64	0.0631622
1.385	1.65	0.06841
1.385	1.66	0.0738582
1.385	1.67	0.0795067
1.385	1.68	0.0853556
1.385	1.69	0.0914047
1.385	1.7	0.0976541
1.385	1.71	0.104104
1.385	1.72	0.110754
1.385	1.73	0.117604
1.385	1.74	0.124655
1.385	1.75	0.131905
1.385	1.76	0.139356
1.385	1.77	0.147008
1.385	1.78	0.154859
1.385	1.79	0.162911
1.385	1.8	0.171163
1.385	1.81	0.179615
1.385	1.82	0.188267
1.385	1.83	0.197119
1.385	1.84	0.206172
1.385	1.85	0.215424
1.385	1.86	0.224877
1.385	1.87	0.23453
1.385	1.88	0.244383
1.385	1.89	0.254436
1.385	1.9	0.264689
1.385	1.91	0.275143
1.385	1.92	0.285796
1.385	1.93	0.29665
1.385	1.94	0.307703
1.385	1.95	0.318957
1.385	1.96	0.33041
1.385	1.97	0.342064
1.385	1.98	0.353918
1.385	1.99	0.365971
1.385	2	0.378225
1.39	0	1.9321
1.39	0.01	1.90433
1.39	0.02	1.87677
1.39	0.03	1.8494
1.39	0.04	1.82224
1.39	0.05	1.79527
1.39	0.06	1.76851
1.39	0.07	1.74195
1.39	0.08	1.71558
1.39	0.09	1.68942
1.39	0.1	1.66345
1.39	0.11	1.63769
1.39	0.12	1.61212
1.39	0.13	1.58676
1.39	0.14	1.5616
1.39	0.15	1.53664
1.39	0.16	1.51187
1.39	0.17	1.48731
1.39	0.18	1.46295
1.39	0.19	1.43879
1.39	0.2	1.41483
1.39	0.21	1.39107
1.39	0.22	1.3675
1.39	0.23	1.34414
1.39	0.24	1.32099
1.39	0.25	1.29803
1.39	0.26	1.27527
1.39	0.27	1.25271
1.39	0.28	1.23035
1.39	0.29	1.2082
1.39	0.3	1.18624
1.39	0.31	1.16448
1.39	0.32	1.14293
1.39	0.33	1.12157
1.39	0.34	1.10042
1.39	0.35	1.07947
1.39	0.36	1.05871
1.39	0.37	1.03816
1.39	0.38	1.01781
1.39	0.39	0.99766
1.39	0.4	0.97771
1.39	0.41	0.957961
1.39	0.42	0.938412
1.39	0.43	0.919065
1.39	0.44	0.899918
1.39	0.45	0.880972
1.39	0.46	0.862226
1.39	0.47	0.843681
1.39	0.48	0.825337
1.39	0.49	0.807194
1.39	0.5	0.789252
1.39	0.51	0.771511
1.39	0.52	0.75397
1.39	0.53	0.73663
1.39	0.54	0.719491
1.39	0.55	0.702553
1.39	0.56	0.685816
1.39	0.57	0.66928
1.39	0.58	0.652944
1.39	0.59	0.63681
1.39	0.6	0.620876
1.39	0.61	0.605144
1.39	0.62	0.589612
1.39	0.63	0.574281
1.39	0.64	0.559151
1.39	0.65	0.544222
1.39	0.66	0.529494
1.39	0.67	0.514967
1.39	0.68	0.500641
1.39	0.69	0.486516
1.39	0.7	0.472591
1.39	0.71	0.458868
1.39	0.72	0.445346
1.39	0.73	0.432025
1.39	0.74	0.418904
1.39	0.75	0.405985
1.39	0.76	0.393266
1.39	0.77	0.380749
1.39	0.78	0.368432
1.39	0.79	0.356317
1.39	0.8	0.344402
1.39	0.81	0.332689
1.39	0.82	0.321176
1.39	0.83	0.309865
1.39	0.84	0.298754
1.39	0.85	0.287845
1.39	0.86	0.277136
1.39	0.87	0.266628
1.39	0.88	0.256322
1.39	0.89	0.246216
1.39	0.9	0.236311
1.39	0.91	0.226607
1.39	0.92	0.217105
1.39	0.93	0.207803
1.39	0.94	0.198702
1.39	0.95	0.189802
1.39	0.96	0.181103
1.39	0.97	0.172605
1.39	0.98	0.164308
1.39	0.99	0.156212
1.39	1	0.148317
1.39	1.01	0.140622
1.39	1.02	0.133129
1.39	1.03	0.125837
1.39	1.04	0.118745
1.39	1.05	0.111855
1.39	1.06	0.105165
1.39	1.07	0.0986761
1.39	1.08	0.0923882
1.39	1.09	0.0863012
1.39	1.1	0.0804151
1.39	1.11	0.0747299
1.39	1.12	0.0692455
1.39	1.13	0.063962
1.39	1.14	0.0588793
1.39	1.15	0.0539975
1.39	1.16	0.0493165
1.39	1.17	0.0448364
1.39	1.18	0.0405571
1.39	1.19	0.0364786
1.39	1.2	0.0326009
1.39	1.21	0.028924
1.39	1.22	0.0254479
1.39	1.23	0.0221725
1.39	1.24	0.0190979
1.39	1.25	0.016224
1.39	1.26	0.0135509
1.39	1.27	0.0110785
1.39	1.28	0.00880686
1.39	1.29	0.0067359
1.39	1.3	0.00486564
1.39	1.31	0.00319608
1.39	1.32	0.00172721
1.39	1.33	0.000459009
1.39	1.34	-0.000608521
1.39	1.35	-0.00147539
1.39	1.36	-0.00214162
1.39	1.37	-0.0026072
1.39	1.38	-0.00287216
1.39	1.39	-0.0029365
1.39	1.4	-0.00280023
1.39	1.41	-0.00246336
1.39	1.42	-0.0019259
1.39	1.43	-0.00118786
1.39	1.44	-0.000249256
1.39	1.45	0.000889907
1.39	1.46	0.00222962
1.39	1.47	0.00376987
1.39	1.48	0.00551064
1.39	1.49	0.00745193
1.39	1.5	0.00959373
1.39	1.51	0.011936
1.39	1.52	0.0144788
1.39	1.53	0.017222
1.39	1.54	0.0201658
1.39	1.55	0.0233099
1.39	1.56	0.0266545
1.39	1.57	0.0301996
1.39	1.58	0.033945
1.39	1.59	0.0378909
1.39	1.6	0.0420372
1.39	1.61	0.0463839
1.39	1.62	0.0509309
1.39	1.63	0.0556784
1.39	1.64	0.0606261
1.39	1.65	0.0657743
1.39	1.66	0.0711228
1.39	1.67	0.0766716
1.39	1.68	0.0824207
1.39	1.69	0.0883701
1.39	1.7	0.0945198
1.39	1.71	0.10087
1.39	1.72	0.10742
1.39	1.73	0.114171
1.39	1.74	0.121122
1.39	1.75	0.128273
1.39	1.76	0.135624
1.39	1.77	0.143175
1.39	1.78	0.150927
1.39	1.79	0.158879
1.39	1.8	0.167031
1.39	1.81	0.175384
1.39	1.82	0.183936
1.39	1.83	0.192689
1.39	1.84	0.201642
1.39	1.85	0.210795
1.39	1.86	0.220148
1.39	1.87	0.229701
1.39	1.88	0.239454
1.39	1.89	0.249408
1.39	1.9	0.259561
1.39	1.91	0.269915
1.39	1.92	0.280469
1.39	1.93	0.291222
1.39	1.94	0.302176
1.39	1.95	0.31333
1.39	1.96	0.324684
1.39	1.97	0.336238
1.39	1.98	0.347992
1.39	1.99	0.359946
1.39	2	0.3721
1.395	0	1.94603
1.395	0.01	1.91816
1.395	0.02	1.89049
1.395	0.03	1.86303
1.395	0.04	1.83576
1.395	0.05	1.8087
1.395	0.06	1.78183
1.395	0.07	1.75517
1.395	0.08	1.7287
1.395	0.09	1.70244
1.395	0.1	1.67637
1.395	0.11	1.65051
1.395	0.12	1.62485
1.395	0.13	1.59938
1.395	0.14	1.57412
1.395	0.15	1.54905
1.395	0.16	1.52419
1.395	0.17	1.49953
1.395	0.18	1.47507
1.395	0.19	1.45081
1.395	0.2	1.42674
1.395	0.21	1.40288
1.395	0.22	1.37922
1.395	0.23	1.35576
1.395	0.24	1.3325
1.395	0.25	1.30944
1.395	0.26	1.28658
1.395	0.27	1.26393
1.395	0.28	1.24147
1.395	0.29	1.21921
1.395	0.3	1.19715
1.395	0.31	1.1753
1.395	0.32	1.15364
1.395	0.33	1.13219
1.395	0.34	1.11093
1.395	0.35	1.08988
1.395	0.36	1.06903
1.395	0.37	1.04837
1.395	0.38	1.02792
1.395	0.39	1.00767
1.395	0.4	0.987622
1.395	0.41	0.967773
1.395	0.42	0.948124
1.395	0.43	0.928676
1.395	0.44	0.909429
1.395	0.45	0.890382
1.395	0.46	0.871537
1.395	0.47	0.852892
1.395	0.48	0.834448
1.395	0.49	0.816204
1.395	0.5	0.798162
1.395	0.51	0.78032
1.395	0.52	0.762679
1.395	0.53	0.745239
1.395	0.54	0.728
1.395	0.55	0.710962
1.395	0.56	0.694125
1.395	0.57	0.677488
1.395	0.58	0.661052
1.395	0.59	0.644818
1.395	0.6	0.628784
1.395	0.61	0.612951
1.395	0.62	0.597319
1.395	0.63	0.581888
1.395	0.64	0.566658
1.395	0.65	0.551629
1.395	0.66	0.536801
1.395	0.67	0.522174
1.395	0.68	0.507747
1.395	0.69	0.493522
1.395	0.7	0.479498
1.395	0.71	0.465674
1.395	0.72	0.452052
1.395	0.73	0.43863
1.395	0.74	0.42541
1.395	0.75	0.41239
1.395	0.76	0.399572
1.395	0.77	0.386954
1.395	0.78	0.374538
1.395	0.79	0.362322
1.395	0.8	0.350307
1.395	0.81	0.338494
1.395	0.82	0.326881
1.395	0.83	0.31547
1.395	0.84	0.304259
1.395	0.85	0.293249
1.395	0.86	0.282441
1.395	0.87	0.271833
1.395	0.88	0.261426
1.395	0.89	0.251221
1.395	0.9	0.241216
1.395	0.91	0.231412
1.395	0.92	0.221809
1.395	0.93	0.212407
1.395	0.94	0.203206
1.395	0.95	0.194207
1.395	0.96	0.185408
1.395	0.97	0.17681
1.395	0.98	0.168413
1.395	0.99	0.160216
1.395	1	0.152221
1.395	1.01	0.144427
1.395	1.02	0.136834
1.395	1.03	0.129441
1.395	1.04	0.12225
1.395	1.05	0.115259
1.395	1.06	0.10847
1.395	1.07	0.101881
1.395	1.08	0.0954932
1.395	1.09	0.0893063
1.395	1.1	0.0833203
1.395	1.11	0.0775351
1.395	1.12	0.0719508
1.395	1.13	0.0665674
1.395	1.14	0.0613848
1.395	1.15	0.0564031
1.395	1.16	0.0516222
1.395	1.17	0.0470422
1.395	1.18	0.042663
1.395	1.19	0.0384846
1.395	1.2	0.034507
1.395	1.21	0.0307303
1.395	1.22	0.0271543
1.395	1.23	0.023779
1.395	1.24	0.0206046
1.395	1.25	0.0176308
1.395	1.26	0.0148579
1.395	1.27	0.0122856
1.395	1.28	0.00991409
1.395	1.29	0.00774329
1.395	1.3	0.0057732
1.395	1.31	0.0040038
1.395	1.32	0.00243509
1.395	1.33	0.00106706
1.395	1.34	-0.000100292
1.395	1.35	-0.00106699
1.395	1.36	-0.00183303
1.395	1.37	-0.00239843
1.395	1.38	-0.0027632
1.395	1.39	-0.00292734
1.395	1.4	-0.00289088
1.395	1.41	-0.00265381
1.395	1.42	-0.00221615
1.395	1.43	-0.00157791
1.395	1.44	-0.000739094
1.395	1.45	0.00030028
1.395	1.46	0.0015402
1.395	1.47	0.00298067
1.395	1.48	0.00462166
1.395	1.49	0.00646317
1.395	1.5	0.0085052
1.395	1.51	0.0107477
1.395	1.52	0.0131907
1.395	1.53	0.0158342
1.395	1.54	0.0186782
1.395	1.55	0.0217226
1.395	1.56	0.0249674
1.395	1.57	0.0284127
1.395	1.58	0.0320584
1.395	1.59	0.0359045
1.395	1.6	0.0399511
1.395	1.61	0.044198
1.395	1.62	0.0486453
1.395	1.63	0.053293
1.395	1.64	0.058141
1.395	1.65	0.0631894
1.395	1.66	0.0684382
1.395	1.67	0.0738872
1.395	1.68	0.0795366
1.395	1.69	0.0853863
1.395	1.7	0.0914363
1.395	1.71	0.0976866
1.395	1.72	0.104137
1.395	1.73	0.110788
1.395	1.74	0.117639
1.395	1.75	0.12469
1.395	1.76	0.131942
1.395	1.77	0.139394
1.395	1.78	0.147046
1.395	1.79	0.154898
1.395	1.8	0.162951
1.395	1.81	0.171203
1.395	1.82	0.179656
1.395	1.83	0.188309
1.395	1.84	0.197162
1.395	1.85	0.206215
1.395	1.86	0.215469
1.395	1.87	0.224922
1.395	1.88	0.234576
1.395	1.89	0.24443
1.395	1.9	0.254483
1.395	1.91	0.264737
1.395	1.92	0.275191
1.395	1.93	0.285845
1.395	1.94	0.2967
1.395	1.95	0.307754
1.395	1.96	0.319008
1.395	1.97	0.330462
1.395	1.98	0.342116
1.395	1.99	0.353971
1.395	2	0.366025
1.4	0	1.96
1.4	0.01	1.93203
1.4	0.02	1.90427
1.4	0.03	1.8767
1.4	0.04	1.84934
1.4	0.05	1.82217
1.4	0.06	1.79521
1.4	0.07	1.76844
1.4	0.08	1.74188
1.4	0.09	1.71551
1.4	0.1	1.68935
1.4	0.11	1.66338
1.4	0.12	1.63762
1.4	0.13	1.61205
1.4	0.14	1.58669
1.4	0.15	1.56152
1.4	0.16	1.53656
1.4	0.17	1.5118
1.4	0.18	1.48724
1.4	0.19	1.46287
1.4	0.2	1.43871
1.4	0.21	1.41475
1.4	0.22	1.39099
1.4	0.23	1.36743
1.4	0.24	1.34407
1.4	0.25	1.32091
1.4	0.26	1.29795
1.4	0.27	1.27519
1.4	0.28	1.25263
1.4	0.29	1.23028
1.4	0.3	1.20812
1.4	0.31	1.18616
1.4	0.32	1.16441
1.4	0.33	1.14285
1.4	0.34	1.1215
1.4	0.35	1.10034
1.4	0.36	1.07939
1.4	0.37	1.05864
1.4	0.38	1.03809
1.4	0.39	1.01774
1.4	0.4	0.997585
1.4	0.41	0.977635
1.4	0.42	0.957886
1.4	0.43	0.938338
1.4	0.44	0.918991
1.4	0.45	0.899844
1.4	0.46	0.880898
1.4	0.47	0.862153
1.4	0.48	0.843608
1.4	0.49	0.825265
1.4	0.5	0.807122
1.4	0.51	0.78918
1.4	0.52	0.771439
1.4	0.53	0.753899
1.4	0.54	0.73656
1.4	0.55	0.719421
1.4	0.56	0.702484
1.4	0.57	0.685747
1.4	0.58	0.669211
1.4	0.59	0.652876
1.4	0.6	0.636742
1.4	0.61	0.620809
1.4	0.62	0.605077
1.4	0.63	0.589546
1.4	0.64	0.574216
1.4	0.65	0.559087
1.4	0.66	0.544158
1.4	0.67	0.529431
1.4	0.68	0.514904
1.4	0.69	0.500579
1.4	0.7	0.486454
1.4	0.71	0.472531
1.4	0.72	0.458808
1.4	0.73	0.445287
1.4	0.74	0.431966
1.4	0.75	0.418847
1.4	0.76	0.405928
1.4	0.77	0.39321
1.4	0.78	0.380694
1.4	0.79	0.368378
1.4	0.8	0.356263
1.4	0.81	0.34435
1.4	0.82	0.332637
1.4	0.83	0.321126
1.4	0.84	0.309815
1.4	0.85	0.298705
1.4	0.86	0.287796
1.4	0.87	0.277089
1.4	0.88	0.266582
1.4	0.89	0.256276
1.4	0.9	0.246171
1.4	0.91	0.236267
1.4	0.92	0.226565
1.4	0.93	0.217063
1.4	0.94	0.207762
1.4	0.95	0.198662
1.4	0.96	0.189763
1.4	0.97	0.181065
1.4	0.98	0.172568
1.4	0.99	0.164272
1.4	1	0.156177
1.4	1.01	0.148283
1.4	1.02	0.140589
1.4	1.03	0.133097
1.4	1.04	0.125806
1.4	1.05	0.118715
1.4	1.06	0.111826
1.4	1.07	0.105137
1.4	1.08	0.0986491
1.4	1.09	0.0923623
1.4	1.1	0.0862763
1.4	1.11	0.0803912
1.4	1.12	0.074707
1.4	1.13	0.0692237
1.4	1.14	0.0639412
1.4	1.15	0.0588596
1.4	1.16	0.0539788
1.4	1.17	0.0492989
1.4	1.18	0.0448198
1.4	1.19	0.0405415
1.4	1.2	0.036464
1.4	1.21	0.0325865
1.4	1.22	0.0289107
1.4	1.23	0.0254356
1.4	1.24	0.0221612
1.4	1.25	0.0190876
1.4	1.26	0.0162148
1.4	1.27	0.0135427
1.4	1.28	0.0110714
1.4	1.29	0.0088007
1.4	1.3	0.00673077
1.4	1.31	0.00486154
1.4	1.32	0.003193
1.4	1.33	0.00172514
1.4	1.34	0.000457957
1.4	1.35	-0.000608559
1.4	1.36	-0.00147442
1.4	1.37	-0.00213963
1.4	1.38	-0.00260421
1.4	1.39	-0.00286817
1.4	1.4	-0.00293151
1.4	1.41	-0.00279424
1.4	1.42	-0.00245638
1.4	1.43	-0.00191793
1.4	1.44	-0.00117891
1.4	1.45	-0.000239326
1.4	1.46	0.000900812
1.4	1.47	0.00224149
1.4	1.48	0.00378271
1.4	1.49	0.00552444
1.4	1.5	0.00746669
1.4	1.51	0.00960943
1.4	1.52	0.0119527
1.4	1.53	0.0144964
1.4	1.54	0.0172406
1.4	1.55	0.0201852
1.4	1.56	0.0233303
1.4	1.57	0.0266758
1.4	1.58	0.0302218
1.4	1.59	0.0339682
1.4	1.6	0.037915
1.4	1.61	0.0420621
1.4	1.62	0.0464097
1.4	1.63	0.0509576
1.4	1.64	0.0557059
1.4	1.65	0.0606546
1.4	1.66	0.0658036
1.4	1.67	0.0711529
1.4	1.68	0.0767026
1.4	1.69	0.0824525
1.4	1.7	0.0884028
1.4	1.71	0.0945533
1.4	1.72	0.100904
1.4	1.73	0.107455
1.4	1.74	0.114207
1.4	1.75	0.121158
1.4	1.76	0.12831
1.4	1.77	0.135662
1.4	1.78	0.143215
1.4	1.79	0.150967
1.4	1.8	0.15892
1.4	1.81	0.167073
1.4	1.82	0.175426
1.4	1.83	0.183979
1.4	1.84	0.192732
1.4	1.85	0.201686
1.4	1.86	0.21084
1.4	1.87	0.220193
1.4	1.88	0.229747
1.4	1.89	0.239501
1.4	1.9	0.249456
1.4	1.91	0.25961
1.4	1.92	0.269964
1.4	1.93	0.280518
1.4	1.94	0.291273
1.4	1.95	0.302227
1.4	1.96	0.313382
1.4	1.97	0.324736
1.4	1.98	0.336291
1.4	1.99	0.348045
1.4	2	0.36
1.405	0	1.97403
1.405	0.01	1.94596
1.405	0.02	1.91809
1.405	0.03	1.89043
1.405	0.04	1.86296
1.405	0.05	1.83569
1.405	0.06	1.80863
1.405	0.07	1.78176
1.405	0.08	1.7551
1.405	0.09	1.72863
1.405	0.1	1.70237
1.405	0.11	1.6763
1.405	0.12	1.65044
1.405	0.13	1.62477
1.405	0.14	1.59931
1.405	0.15	1.57404
1.405	0.16	1.54898
1.405	0.17	1.52412
1.405	0.18	1.49946
1.405	0.19	1.47499
1.405	0.2	1.45073
1.405	0.21	1.42667
1.405	0.22	1.40281
1.405	0.23	1.37915
1.405	0.24	1.35569
1.405	0.25	1.33243
1.405	0.26	1.30937
1.405	0.27	1.28651
1.405	0.28	1.26385
1.405	0.29	1.24139
1.405	0.3	1.21914
1.405	0.31	1.19708
1.405	0.32	1.17522
1.405	0.33	1.15357
1.405	0.34	1.13211
1.405	0.35	1.11086
1.405	0.36	1.0898
1.405	0.37	1.06895
1.405	0.38	1.0483
1.405	0.39	1.02785
1.405	0.4	1.0076
1.405	0.41	0.987548
1.405	0.42	0.967699
1.405	0.43	0.94805
1.405	0.44	0.928602
1.405	0.45	0.909355
1.405	0.46	0.890309
1.405	0.47	0.871464
1.405	0.48	0.852819
1.405	0.49	0.834375
1.405	0.5	0.816132
1.405	0.51	0.79809
1.405	0.52	0.780249
1.405	0.53	0.762609
1.405	0.54	0.745169
1.405	0.55	0.727931
1.405	0.56	0.710893
1.405	0.57	0.694056
1.405	0.58	0.67742
1.405	0.59	0.660985
1.405	0.6	0.644751
1.405	0.61	0.628718
1.405	0.62	0.612885
1.405	0.63	0.597254
1.405	0.64	0.581824
1.405	0.65	0.566594
1.405	0.66	0.551566
1.405	0.67	0.536738
1.405	0.68	0.522112
1.405	0.69	0.507686
1.405	0.7	0.493461
1.405	0.71	0.479438
1.405	0.72	0.465615
1.405	0.73	0.451993
1.405	0.74	0.438573
1.405	0.75	0.425353
1.405	0.76	0.412334
1.405	0.77	0.399517
1.405	0.78	0.3869
1.405	0.79	0.374484
1.405	0.8	0.362269
1.405	0.81	0.350256
1.405	0.82	0.338443
1.405	0.83	0.326831
1.405	0.84	0.315421
1.405	0.85	0.304211
1.405	0.86	0.293202
1.405	0.87	0.282394
1.405	0.88	0.271787
1.405	0.89	0.261382
1.405	0.9	0.251177
1.405	0.91	0.241173
1.405	0.92	0.23137
1.405	0.93	0.221768
1.405	0.94	0.212367
1.405	0.95	0.203167
1.405	0.96	0.194169
1.405	0.97	0.185371
1.405	0.98	0.176774
1.405	0.99	0.168377
1.405	1	0.160182
1.405	1.01	0.152188
1.405	1.02	0.144395
1.405	1.03	0.136803
1.405	1.04	0.129411
1.405	1.05	0.122221
1.405	1.06	0.115231
1.405	1.07	0.108443
1.405	1.08	0.101855
1.405	1.09	0.0954683
1.405	1.1	0.0892824
1.405	1.11	0.0832974
1.405	1.12	0.0775132
1.405	1.13	0.07193
1.405	1.14	0.0665476
1.405	1.15	0.0613661
1.405	1.16	0.0563854
1.405	1.17	0.0516055
1.405	1.18	0.0470266
1.405	1.19	0.0426484
1.405	1.2	0.0384711
1.405	1.21	0.0344945
1.405	1.22	0.0307188
1.405	1.23	0.0271438
1.405	1.24	0.0237696
1.405	1.25	0.0205961
1.405	1.26	0.0176234
1.405	1.27	0.0148514
1.405	1.28	0.0122802
1.405	1.29	0.00990972
1.405	1.3	0.00773993
1.405	1.31	0.00577084
1.405	1.32	0.00400245
1.405	1.33	0.00243475
1.405	1.34	0.00106773
1.405	1.35	-9.86281e-05
1.405	1.36	-0.00106432
1.405	1.37	-0.00182937
1.405	1.38	-0.00239378
1.405	1.39	-0.00275756
1.405	1.4	-0.00292072
1.405	1.41	-0.00288327
1.405	1.42	-0.00264523
1.405	1.43	-0.0022066
1.405	1.44	-0.00156739
1.405	1.45	-0.000727611
1.405	1.46	0.000312721
1.405	1.47	0.0015536
1.405	1.48	0.00299501
1.405	1.49	0.00463695
1.405	1.5	0.0064794
1.405	1.51	0.00852235
1.405	1.52	0.0107658
1.405	1.53	0.0132097
1.405	1.54	0.0158541
1.405	1.55	0.018699
1.405	1.56	0.0217443
1.405	1.57	0.02499
1.405	1.58	0.0284362
1.405	1.59	0.0320828
1.405	1.6	0.0359298
1.405	1.61	0.0399772
1.405	1.62	0.044225
1.405	1.63	0.0486732
1.405	1.64	0.0533217
1.405	1.65	0.0581706
1.405	1.66	0.0632199
1.405	1.67	0.0684694
1.405	1.68	0.0739193
1.405	1.69	0.0795695
1.405	1.7	0.08542
1.405	1.71	0.0914708
1.405	1.72	0.0977219
1.405	1.73	0.104173
1.405	1.74	0.110825
1.405	1.75	0.117677
1.405	1.76	0.124729
1.405	1.77	0.131981
1.405	1.78	0.139434
1.405	1.79	0.147087
1.405	1.8	0.15494
1.405	1.81	0.162993
1.405	1.82	0.171246
1.405	1.83	0.1797
1.405	1.84	0.188353
1.405	1.85	0.197207
1.405	1.86	0.206261
1.405	1.87	0.215515
1.405	1.88	0.224969
1.405	1.89	0.234623
1.405	1.9	0.244478
1.405	1.91	0.254532
1.405	1.92	0.264787
1.405	1.93	0.275242
1.405	1.94	0.285896
1.405	1.95	0.296751
1.405	1.96	0.307806
1.405	1.97	0.319061
1.405	1.98	0.330515
1.405	1.99	0.34217
1.405	2	0.354025
1.41	0	1.9881
1.41	0.01	1.95993
1.41	0.02	1.93197
1.41	0.03	1.9042
1.41	0.04	1.87663
1.41	0.05	1.84927
1.41	0.06	1.8221
1.41	0.07	1.79514
1.41	0.08	1.76837
1.41	0.09	1.7418
1.41	0.1	1.71544
1.41	0.11	1.68927
1.41	0.12	1.66331
1.41	0.13	1.63754
1.41	0.14	1.61198
1.41	0.15	1.58662
1.41	0.16	1.56145
1.41	0.17	1.53649
1.41	0.18	1.51172
1.41	0.19	1.48716
1.41	0.2	1.4628
1.41	0.21	1.43864
1.41	0.22	1.41468
1.41	0.23	1.39092
1.41	0.24	1.36735
1.41	0.25	1.34399
1.41	0.26	1.32083
1.41	0.27	1.29788
1.41	0.28	1.27512
1.41	0.29	1.25256
1.41	0.3	1.2302
1.41	0.31	1.20804
1.41	0.32	1.18609
1.41	0.33	1.16433
1.41	0.34	1.14278
1.41	0.35	1.12142
1.41	0.36	1.10027
1.41	0.37	1.07932
1.41	0.38	1.05856
1.41	0.39	1.03801
1.41	0.4	1.01766
1.41	0.41	0.997511
1.41	0.42	0.977562
1.41	0.43	0.957813
1.41	0.44	0.938265
1.41	0.45	0.918918
1.41	0.46	0.899772
1.41	0.47	0.880826
1.41	0.48	0.862081
1.41	0.49	0.843537
1.41	0.5	0.825194
1.41	0.51	0.807052
1.41	0.52	0.78911
1.41	0.53	0.77137
1.41	0.54	0.75383
1.41	0.55	0.736491
1.41	0.56	0.719353
1.41	0.57	0.702416
1.41	0.58	0.68568
1.41	0.59	0.669145
1.41	0.6	0.652811
1.41	0.61	0.636677
1.41	0.62	0.620745
1.41	0.63	0.605014
1.41	0.64	0.589483
1.41	0.65	0.574154
1.41	0.66	0.559025
1.41	0.67	0.544097
1.41	0.68	0.529371
1.41	0.69	0.514845
1.41	0.7	0.50052
1.41	0.71	0.486396
1.41	0.72	0.472474
1.41	0.73	0.458752
1.41	0.74	0.445231
1.41	0.75	0.431911
1.41	0.76	0.418792
1.41	0.77	0.405875
1.41	0.78	0.393158
1.41	0.79	0.380642
1.41	0.8	0.368327
1.41	0.81	0.356214
1.41	0.82	0.344301
1.41	0.83	0.332589
1.41	0.84	0.321078
1.41	0.85	0.309768
1.41	0.86	0.29866
1.41	0.87	0.287752
1.41	0.88	0.277045
1.41	0.89	0.266539
1.41	0.9	0.256234
1.41	0.91	0.24613
1.41	0.92	0.236227
1.41	0.93	0.226526
1.41	0.94	0.217025
1.41	0.95	0.207725
1.41	0.96	0.198626
1.41	0.97	0.189728
1.41	0.98	0.181031
1.41	0.99	0.172535
1.41	1	0.16424
1.41	1.01	0.156146
1.41	1.02	0.148253
1.41	1.03	0.14056
1.41	1.04	0.133069
1.41	1.05	0.125779
1.41	1.06	0.118689
1.41	1.07	0.1118
1.41	1.08	0.105113
1.41	1.09	0.0986261
1.41	1.1	0.0923403
1.41	1.11	0.0862554
1.41	1.12	0.0803713
1.41	1.13	0.0746881
1.41	1.14	0.0692058
1.41	1.15	0.0639244
1.41	1.16	0.0588438
1.41	1.17	0.053964
1.41	1.18	0.0492851
1.41	1.19	0.0448071
1.41	1.2	0.0405298
1.41	1.21	0.0364534
1.41	1.22	0.0325777
1.41	1.23	0.0289029
1.41	1.24	0.0254288
1.41	1.25	0.0221554
1.41	1.26	0.0190828
1.41	1.27	0.016211
1.41	1.28	0.0135399
1.41	1.29	0.0110695
1.41	1.3	0.00879989
1.41	1.31	0.00673095
1.41	1.32	0.0048627
1.41	1.33	0.00319515
1.41	1.34	0.00172827
1.41	1.35	0.000462072
1.41	1.36	-0.000603467
1.41	1.37	-0.00146835
1.41	1.38	-0.0021326
1.41	1.39	-0.00259621
1.41	1.4	-0.00285921
1.41	1.41	-0.00292159
1.41	1.42	-0.00278337
1.41	1.43	-0.00244456
1.41	1.44	-0.00190518
1.41	1.45	-0.00116522
1.41	1.46	-0.000224702
1.41	1.47	0.000916362
1.41	1.48	0.00225796
1.41	1.49	0.00380009
1.41	1.5	0.00554274
1.41	1.51	0.00748589
1.41	1.52	0.00962953
1.41	1.53	0.0119737
1.41	1.54	0.0145183
1.41	1.55	0.0172633
1.41	1.56	0.0202088
1.41	1.57	0.0233548
1.41	1.58	0.0267012
1.41	1.59	0.030248
1.41	1.6	0.0339952
1.41	1.61	0.0379429
1.41	1.62	0.0420909
1.41	1.63	0.0464393
1.41	1.64	0.050988
1.41	1.65	0.0557371
1.41	1.66	0.0606866
1.41	1.67	0.0658364
1.41	1.68	0.0711865
1.41	1.69	0.0767369
1.41	1.7	0.0824877
1.41	1.71	0.0884387
1.41	1.72	0.09459
1.41	1.73	0.100942
1.41	1.74	0.107493
1.41	1.75	0.114246
1.41	1.76	0.121198
1.41	1.77	0.128351
1.41	1.78	0.135703
1.41	1.79	0.143256
1.41	1.8	0.15101
1.41	1.81	0.158963
1.41	1.82	0.167117
1.41	1.83	0.17547
1.41	1.84	0.184024
1.41	1.85	0.192778
1.41	1.86	0.201732
1.41	1.87	0.210887
1.41	1.88	0.220241
1.41	1.89	0.229796
1.41	1.9	0.23955
1.41	1.91	0.249505
1.41	1.92	0.25966
1.41	1.93	0.270015
1.41	1.94	0.28057
1.41	1.95	0.291325
1.41	1.96	0.30228
1.41	1.97	0.313435
1.41	1.98	0.32479
1.41	1.99	0.336345
1.41	2	0.3481
1.415	0	2.00223
1.415	0.01	1.97396
1.415	0.02	1.94589
1.415	0.03	1.91802
1.415	0.04	1.89036
1.415	0.05	1.86289
1.415	0.06	1.83563
1.415	0.07	1.80856
1.415	0.08	1.78169
1.415	0.09	1.75503
1.415	0.1	1.72856
1.415	0.11	1.7023
1.415	0.12	1.67623
1.415	0.13	1.65037
1.415	0.14	1.6247
1.415	0.15	1.59924
1.415	0.16	1.57397
1.415	0.17	1.54891
1.415	0.18	1.52404
1.415	0.19	1.49938
1.415	0.2	1.47492
1.415	0.21	1.45066
1.415	0.22	1.42659
1.415	0.23	1.40273
1.415	0.24	1.37907
1.415	0.25	1.35561
1.415	0.26	1.33235
1.415	0.27	1.30929
1.415	0.28	1.28643
1.415	0.29	1.26378
1.415	0.3	1.24132
1.415	0.31	1.21906
1.415	0.32	1.197
1.415	0.33	1.17515
1.415	0.34	1.15349
1.415	0.35	1.13204
1.415	0.36	1.11078
1.415	0.37	1.08973
1.415	0.38	1.06888
1.415	0.39	1.04823
1.415	0.4	1.02778
1.415	0.41	1.00753
1.415	0.42	0.987475
1.415	0.43	0.967626
1.415	0.44	0.947978
1.415	0.45	0.928531
1.415	0.46	0.909284
1.415	0.47	0.890238
1.415	0.48	0.871393
1.415	0.49	0.852749
1.415	0.5	0.834306
1.415	0.51	0.816064
1.415	0.52	0.798022
1.415	0.53	0.780181
1.415	0.54	0.762541
1.415	0.55	0.745102
1.415	0.56	0.727864
1.415	0.57	0.710827
1.415	0.58	0.693991
1.415	0.59	0.677355
1.415	0.6	0.660921
1.415	0.61	0.644687
1.415	0.62	0.628655
1.415	0.63	0.612823
1.415	0.64	0.597193
1.415	0.65	0.581763
1.415	0.66	0.566534
1.415	0.67	0.551506
1.415	0.68	0.53668
1.415	0.69	0.522054
1.415	0.7	0.507629
1.415	0.71	0.493405
1.415	0.72	0.479382
1.415	0.73	0.46556
1.415	0.74	0.451939
1.415	0.75	0.438519
1.415	0.76	0.425301
1.415	0.77	0.412283
1.415	0.78	0.399466
1.415	0.79	0.38685
1.415	0.8	0.374435
1.415	0.81	0.362221
1.415	0.82	0.350208
1.415	0.83	0.338397
1.415	0.84	0.326786
1.415	0.85	0.315376
1.415	0.86	0.304167
1.415	0.87	0.293159
1.415	0.88	0.282352
1.415	0.89	0.271747
1.415	0.9	0.261342
1.415	0.91	0.251138
1.415	0.92	0.241135
1.415	0.93	0.231333
1.415	0.94	0.221732
1.415	0.95	0.212332
1.415	0.96	0.203133
1.415	0.97	0.194135
1.415	0.98	0.185338
1.415	0.99	0.176742
1.415	1	0.168347
1.415	1.01	0.160153
1.415	1.02	0.15216
1.415	1.03	0.144368
1.415	1.04	0.136777
1.415	1.05	0.129386
1.415	1.06	0.122197
1.415	1.07	0.115208
1.415	1.08	0.108421
1.415	1.09	0.101834
1.415	1.1	0.0954482
1.415	1.11	0.0892634
1.415	1.12	0.0832794
1.415	1.13	0.0774963
1.415	1.14	0.071914
1.415	1.15	0.0665327
1.415	1.16	0.0613522
1.415	1.17	0.0563725
1.415	1.18	0.0515937
1.415	1.19	0.0470157
1.415	1.2	0.0426386
1.415	1.21	0.0384623
1.415	1.22	0.0344867
1.415	1.23	0.030712
1.415	1.24	0.027138
1.415	1.25	0.0237648
1.415	1.26	0.0205923
1.415	1.27	0.0176206
1.415	1.28	0.0148496
1.415	1.29	0.0122794
1.415	1.3	0.00990988
1.415	1.31	0.00774107
1.415	1.32	0.00577297
1.415	1.33	0.00400556
1.415	1.34	0.00243884
1.415	1.35	0.00107279
1.415	1.36	-9.25904e-05
1.415	1.37	-0.00105732
1.415	1.38	-0.0018214
1.415	1.39	-0.00238485
1.415	1.4	-0.00274767
1.415	1.41	-0.00290989
1.415	1.42	-0.00287149
1.415	1.43	-0.00263251
1.415	1.44	-0.00219294
1.415	1.45	-0.0015528
1.415	1.46	-0.000712103
1.415	1.47	0.000329148
1.415	1.48	0.00157094
1.415	1.49	0.00301326
1.415	1.5	0.0046561
1.415	1.51	0.00649944
1.415	1.52	0.00854329
1.415	1.53	0.0107876
1.415	1.54	0.0132324
1.415	1.55	0.0158777
1.415	1.56	0.0187234
1.415	1.57	0.0217696
1.415	1.58	0.0250162
1.415	1.59	0.0284632
1.415	1.6	0.0321107
1.415	1.61	0.0359585
1.415	1.62	0.0400067
1.415	1.63	0.0442553
1.415	1.64	0.0487043
1.415	1.65	0.0533536
1.415	1.66	0.0582033
1.415	1.67	0.0632534
1.415	1.68	0.0685037
1.415	1.69	0.0739544
1.415	1.7	0.0796053
1.415	1.71	0.0854566
1.415	1.72	0.0915082
1.415	1.73	0.09776
1.415	1.74	0.104212
1.415	1.75	0.110864
1.415	1.76	0.117717
1.415	1.77	0.12477
1.415	1.78	0.132023
1.415	1.79	0.139476
1.415	1.8	0.14713
1.415	1.81	0.154983
1.415	1.82	0.163037
1.415	1.83	0.171291
1.415	1.84	0.179745
1.415	1.85	0.188399
1.415	1.86	0.197254
1.415	1.87	0.206309
1.415	1.88	0.215563
1.415	1.89	0.225018
1.415	1.9	0.234673
1.415	1.91	0.244528
1.415	1.92	0.254583
1.415	1.93	0.264838
1.415	1.94	0.275293
1.415	1.95	0.285948
1.415	1.96	0.296804
1.415	1.97	0.307859
1.415	1.98	0.319114
1.415	1.99	0.33057
1.415	2	0.342225
1.42	0	2.0164
1.42	0.01	1.98803
1.42	0.02	1.95987
1.42	0.03	1.9319
1.42	0.04	1.90413
1.42	0.05	1.87657
1.42	0.06	1.8492
1.42	0.07	1.82203
1.42	0.08	1.79507
1.42	0.09	1.7683
1.42	0.1	1.74173
1.42	0.11	1.71537
1.42	0.12	1.6892
1.42	0.13	1.66324
1.42	0.14	1.63747
1.42	0.15	1.61191
1.42	0.16	1.58654
1.42	0.17	1.56138
1.42	0.18	1.53641
1.42	0.19	1.51165
1.42	0.2	1.48709
1.42	0.21	1.46273
1.42	0.22	1.43856
1.42	0.23	1.4146
1.42	0.24	1.39084
1.42	0.25	1.36728
1.42	0.26	1.34392
1.42	0.27	1.32076
1.42	0.28	1.2978
1.42	0.29	1.27504
1.42	0.3	1.25249
1.42	0.31	1.23013
1.42	0.32	1.20797
1.42	0.33	1.18602
1.42	0.34	1.16426
1.42	0.35	1.1427
1.42	0.36	1.12135
1.42	0.37	1.1002
1.42	0.38	1.07924
1.42	0.39	1.05849
1.42	0.4	1.03794
1.42	0.41	1.01759
1.42	0.42	0.99744
1.42	0.43	0.977491
1.42	0.44	0.957743
1.42	0.45	0.938195
1.42	0.46	0.918848
1.42	0.47	0.899702
1.42	0.48	0.880757
1.42	0.49	0.862013
1.42	0.5	0.843469
1.42	0.51	0.825127
1.42	0.52	0.806985
1.42	0.53	0.789044
1.42	0.54	0.771304
1.42	0.55	0.753765
1.42	0.56	0.736426
1.42	0.57	0.719289
1.42	0.58	0.702353
1.42	0.59	0.685617
1.42	0.6	0.669083
1.42	0.61	0.652749
1.42	0.62	0.636616
1.42	0.63	0.620684
1.42	0.64	0.604954
1.42	0.65	0.589424
1.42	0.66	0.574095
1.42	0.67	0.558967
1.42	0.68	0.54404
1.42	0.69	0.529314
1.42	0.7	0.514789
1.42	0.71	0.500465
1.42	0.72	0.486342
1.42	0.73	0.472421
1.42	0.74	0.4587
1.42	0.75	0.44518
1.42	0.76	0.431861
1.42	0.77	0.418743
1.42	0.78	0.405826
1.42	0.79	0.39311
1.42	0.8	0.380595
1.42	0.81	0.368281
1.42	0.82	0.356168
1.42	0.83	0.344256
1.42	0.84	0.332545
1.42	0.85	0.321035
1.42	0.86	0.309727
1.42	0.87	0.298619
1.42	0.88	0.287712
1.42	0.89	0.277006
1.42	0.9	0.266501
1.42	0.91	0.256197
1.42	0.92	0.246094
1.42	0.93	0.236192
1.42	0.94	0.226492
1.42	0.95	0.216992
1.42	0.96	0.207693
1.42	0.97	0.198595
1.42	0.98	0.189698
1.42	0.99	0.181002
1.42	1	0.172507
1.42	1.01	0.164213
1.42	1.02	0.15612
1.42	1.03	0.148227
1.42	1.04	0.140536
1.42	1.05	0.133046
1.42	1.06	0.125756
1.42	1.07	0.118668
1.42	1.08	0.11178
1.42	1.09	0.105094
1.42	1.1	0.098608
1.42	1.11	0.0923232
1.42	1.12	0.0862393
1.42	1.13	0.0803563
1.42	1.14	0.0746741
1.42	1.15	0.0691928
1.42	1.16	0.0639124
1.42	1.17	0.0588328
1.42	1.18	0.0539541
1.42	1.19	0.0492762
1.42	1.2	0.0447991
1.42	1.21	0.0405229
1.42	1.22	0.0364474
1.42	1.23	0.0325728
1.42	1.24	0.0288989
1.42	1.25	0.0254258
1.42	1.26	0.0221534
1.42	1.27	0.0190818
1.42	1.28	0.016211
1.42	1.29	0.0135409
1.42	1.3	0.0110715
1.42	1.31	0.00880279
1.42	1.32	0.00673482
1.42	1.33	0.00486754
1.42	1.34	0.00320095
1.42	1.35	0.00173504
1.42	1.36	0.000469795
1.42	1.37	-0.000594791
1.42	1.38	-0.00145873
1.42	1.39	-0.00212203
1.42	1.4	-0.00258471
1.42	1.41	-0.00284676
1.42	1.42	-0.00290822
1.42	1.43	-0.00276908
1.42	1.44	-0.00242935
1.42	1.45	-0.00188905
1.42	1.46	-0.00114818
1.42	1.47	-0.000206767
1.42	1.48	0.000935193
1.42	1.49	0.00227768
1.42	1.5	0.00382069
1.42	1.51	0.00556422
1.42	1.52	0.00750824
1.42	1.53	0.00965274
1.42	1.54	0.0119977
1.42	1.55	0.0145432
1.42	1.56	0.0172891
1.42	1.57	0.0202354
1.42	1.58	0.0233822
1.42	1.59	0.0267295
1.42	1.6	0.0302771
1.42	1.61	0.0340251
1.42	1.62	0.0379735
1.42	1.63	0.0421224
1.42	1.64	0.0464715
1.42	1.65	0.0510211
1.42	1.66	0.055771
1.42	1.67	0.0607212
1.42	1.68	0.0658717
1.42	1.69	0.0712226
1.42	1.7	0.0767738
1.42	1.71	0.0825253
1.42	1.72	0.088477
1.42	1.73	0.0946291
1.42	1.74	0.100981
1.42	1.75	0.107534
1.42	1.76	0.114287
1.42	1.77	0.12124
1.42	1.78	0.128393
1.42	1.79	0.135746
1.42	1.8	0.1433
1.42	1.81	0.151054
1.42	1.82	0.159008
1.42	1.83	0.167162
1.42	1.84	0.175517
1.42	1.85	0.184071
1.42	1.86	0.192826
1.42	1.87	0.201781
1.42	1.88	0.210936
1.42	1.89	0.220291
1.42	1.9	0.229846
1.42	1.91	0.239601
1.42	1.92	0.249556
1.42	1.93	0.259711
1.42	1.94	0.270067
1.42	1.95	0.280622
1.42	1.96	0.291378
1.42	1.97	0.302333
1.42	1.98	0.313489
1.42	1.99	0.324844
1.42	2	0.3364
1.425	0	2.03063
1.425	0.01	2.00216
1.425	0.02	1.97389
1.425	0.03	1.94582
1.425	0.04	1.91796
1.425	0.05	1.89029
1.425	0.06	1.86282
1.425	0.07	1.83556
1.425	0.08	1.80849
1.425	0.09	1.78162
1.425	0.1	1.75496
1.425	0.11	1.72849
1.425	0.12	1.70222
1.425	0.13	1.67616
1.425	0.14	1.65029
1.425	0.15	1.62463
1.425	0.16	1.59916
1.425	0.17	1.5739
1.425	0.18	1.54884
1.425	0.19	1.52397
1.425	0.2	1.49931
1.425	0.21	1.47485
1.425	0.22	1.45058
1.425	0.23	1.42652
1.425	0.24	1.40266
1.425	0.25	1.379
1.425	0.26	1.35554
1.425	0.27	1.33228
1.425	0.28	1.30922
1.425	0.29	1.28636
1.425	0.3	1.2637
1.425	0.31	1.24125
1.425	0.32	1.21899
1.425	0.33	1.19693
1.425	0.34	1.17508
1.425	0.35	1.15342
1.425	0.36	1.13197
1.425	0.37	1.11071
1.425	0.38	1.08966
1.425	0.39	1.06881
1.425	0.4	1.04816
1.425	0.41	1.02771
1.425	0.42	1.00746
1.425	0.43	0.987406
1.425	0.44	0.967558
1.425	0.45	0.94791
1.425	0.46	0.928463
1.425	0.47	0.909217
1.425	0.48	0.890171
1.425	0.49	0.871327
1.425	0.5	0.852683
1.425	0.51	0.83424
1.425	0.52	0.815998
1.425	0.53	0.797957
1.425	0.54	0.780117
1.425	0.55	0.762478
1.425	0.56	0.745039
1.425	0.57	0.727802
1.425	0.58	0.710765
1.425	0.59	0.69393
1.425	0.6	0.677295
1.425	0.61	0.660861
1.425	0.62	0.644628
1.425	0.63	0.628597
1.425	0.64	0.612766
1.425	0.65	0.597136
1.425	0.66	0.581707
1.425	0.67	0.566479
1.425	0.68	0.551452
1.425	0.69	0.536626
1.425	0.7	0.522001
1.425	0.71	0.507577
1.425	0.72	0.493354
1.425	0.73	0.479332
1.425	0.74	0.465511
1.425	0.75	0.451891
1.425	0.76	0.438472
1.425	0.77	0.425254
1.425	0.78	0.412237
1.425	0.79	0.399421
1.425	0.8	0.386806
1.425	0.81	0.374392
1.425	0.82	0.362179
1.425	0.83	0.350167
1.425	0.84	0.338356
1.425	0.85	0.326746
1.425	0.86	0.315337
1.425	0.87	0.304129
1.425	0.88	0.293122
1.425	0.89	0.282316
1.425	0.9	0.271711
1.425	0.91	0.261308
1.425	0.92	0.251105
1.425	0.93	0.241103
1.425	0.94	0.231302
1.425	0.95	0.221702
1.425	0.96	0.212303
1.425	0.97	0.203105
1.425	0.98	0.194108
1.425	0.99	0.185312
1.425	1	0.176717
1.425	1.01	0.168323
1.425	1.02	0.16013
1.425	1.03	0.152138
1.425	1.04	0.144347
1.425	1.05	0.136756
1.425	1.06	0.129367
1.425	1.07	0.122178
1.425	1.08	0.115191
1.425	1.09	0.108404
1.425	1.1	0.101819
1.425	1.11	0.095434
1.425	1.12	0.0892501
1.425	1.13	0.0832672
1.425	1.14	0.0774851
1.425	1.15	0.0719038
1.425	1.16	0.0665226
1.425	1.17	0.0613431
1.425	1.18	0.0563644
1.425	1.19	0.0515866
1.425	1.2	0.0470097
1.425	1.21	0.0426335
1.425	1.22	0.0384582
1.425	1.23	0.0344836
1.425	1.24	0.0307098
1.425	1.25	0.0271368
1.425	1.26	0.0237646
1.425	1.27	0.0205931
1.425	1.28	0.0176224
1.425	1.29	0.0148524
1.425	1.3	0.0122831
1.425	1.31	0.00991453
1.425	1.32	0.00774668
1.425	1.33	0.00577953
1.425	1.34	0.00401308
1.425	1.35	0.0024473
1.425	1.36	0.0010822
1.425	1.37	-8.22432e-05
1.425	1.38	-0.00104604
1.425	1.39	-0.00180919
1.425	1.4	-0.00237171
1.425	1.41	-0.00273362
1.425	1.42	-0.00289492
1.425	1.43	-0.00285562
1.425	1.44	-0.00261573
1.425	1.45	-0.00217527
1.425	1.46	-0.00153424
1.425	1.47	-0.000692659
1.425	1.48	0.000349469
1.425	1.49	0.00159213
1.425	1.5	0.00303531
1.425	1.51	0.00467901
1.425	1.52	0.00652321
1.425	1.53	0.00856789
1.425	1.54	0.0108131
1.425	1.55	0.0132587
1.425	1.56	0.0159048
1.425	1.57	0.0187513
1.425	1.58	0.0217983
1.425	1.59	0.0250457
1.425	1.6	0.0284935
1.425	1.61	0.0321418
1.425	1.62	0.0359904
1.425	1.63	0.0400394
1.425	1.64	0.0442888
1.425	1.65	0.0487385
1.425	1.66	0.0533886
1.425	1.67	0.058239
1.425	1.68	0.0632898
1.425	1.69	0.0685409
1.425	1.7	0.0739922
1.425	1.71	0.0796439
1.425	1.72	0.0854959
1.425	1.73	0.0915481
1.425	1.74	0.0978007
1.425	1.75	0.104253
1.425	1.76	0.110906
1.425	1.77	0.11776
1.425	1.78	0.124813
1.425	1.79	0.132067
1.425	1.8	0.139521
1.425	1.81	0.147175
1.425	1.82	0.155029
1.425	1.83	0.163083
1.425	1.84	0.171338
1.425	1.85	0.179793
1.425	1.86	0.188448
1.425	1.87	0.197303
1.425	1.88	0.206358
1.425	1.89	0.215613
1.425	1.9	0.225068
1.425	1.91	0.234724
1.425	1.92	0.244579
1.425	1.93	0.254635
1.425	1.94	0.264891
1.425	1.95	0.275346
1.425	1.96	0.286002
1.425	1.97	0.296858
1.425	1.98	0.307913
1.425	1.99	0.319169
1.425	2	0.330625
1.43	0	2.0449
1.43	0.01	2.01633
1.43	0.02	1.98796
1.43	0.03	1.9598
1.43	0.04	1.93183
1.43	0.05	1.90406
1.43	0.06	1.8765
1.43	0.07	1.84913
1.43	0.08	1.82196
1.43	0.09	1.79499
1.43	0.1	1.76823
1.43	0.11	1.74166
1.43	0.12	1.7153
1.43	0.13	1.68913
1.43	0.14	1.66316
1.43	0.15	1.6374
1.43	0.16	1.61183
1.43	0.17	1.58647
1.43	0.18	1.56131
1.43	0.19	1.53634
1.43	0.2	1.51158
1.43	0.21	1.48702
1.43	0.22	1.46265
1.43	0.23	1.43849
1.43	0.24	1.41453
1.43	0.25	1.39077
1.43	0.26	1.36721
1.43	0.27	1.34385
1.43	0.28	1.32069
1.43	0.29	1.29773
1.43	0.3	1.27497
1.43	0.31	1.25241
1.43	0.32	1.23006
1.43	0.33	1.2079
1.43	0.34	1.18594
1.43	0.35	1.16419
1.43	0.36	1.14263
1.43	0.37	1.12128
1.43	0.38	1.10013
1.43	0.39	1.07917
1.43	0.4	1.05842
1.43	0.41	1.03787
1.43	0.42	1.01752
1.43	0.43	0.997371
1.43	0.44	0.977423
1.43	0.45	0.957675
1.43	0.46	0.938127
1.43	0.47	0.918781
1.43	0.48	0.899636
1.43	0.49	0.880691
1.43	0.5	0.861947
1.43	0.51	0.843404
1.43	0.52	0.825062
1.43	0.53	0.806921
1.43	0.54	0.78898
1.43	0.55	0.771241
1.43	0.56	0.753702
1.43	0.57	0.736365
1.43	0.58	0.719228
1.43	0.59	0.702292
1.43	0.6	0.685558
1.43	0.61	0.669024
1.43	0.62	0.652691
1.43	0.63	0.636559
1.43	0.64	0.620628
1.43	0.65	0.604898
1.43	0.66	0.589369
1.43	0.67	0.574041
1.43	0.68	0.558913
1.43	0.69	0.543987
1.43	0.7	0.529262
1.43	0.71	0.514738
1.43	0.72	0.500415
1.43	0.73	0.486293
1.43	0.74	0.472372
1.43	0.75	0.458652
1.43	0.76	0.445132
1.43	0.77	0.431814
1.43	0.78	0.418697
1.43	0.79	0.405781
1.43	0.8	0.393066
1.43	0.81	0.380552
1.43	0.82	0.368239
1.43	0.83	0.356127
1.43	0.84	0.344216
1.43	0.85	0.332506
1.43	0.86	0.320997
1.43	0.87	0.309689
1.43	0.88	0.298583
1.43	0.89	0.287677
1.43	0.9	0.276972
1.43	0.91	0.266468
1.43	0.92	0.256165
1.43	0.93	0.246063
1.43	0.94	0.236162
1.43	0.95	0.226462
1.43	0.96	0.216963
1.43	0.97	0.207665
1.43	0.98	0.198568
1.43	0.99	0.189672
1.43	1	0.180977
1.43	1.01	0.172483
1.43	1.02	0.16419
1.43	1.03	0.156098
1.43	1.04	0.148207
1.43	1.05	0.140517
1.43	1.06	0.133027
1.43	1.07	0.125739
1.43	1.08	0.118652
1.43	1.09	0.111765
1.43	1.1	0.10508
1.43	1.11	0.0985948
1.43	1.12	0.092311
1.43	1.13	0.0862281
1.43	1.14	0.0803461
1.43	1.15	0.0746649
1.43	1.16	0.0691846
1.43	1.17	0.0639052
1.43	1.18	0.0588266
1.43	1.19	0.0539489
1.43	1.2	0.049272
1.43	1.21	0.0447959
1.43	1.22	0.0405206
1.43	1.23	0.0364461
1.43	1.24	0.0325724
1.43	1.25	0.0288995
1.43	1.26	0.0254274
1.43	1.27	0.022156
1.43	1.28	0.0190854
1.43	1.29	0.0162155
1.43	1.3	0.0135463
1.43	1.31	0.0110779
1.43	1.32	0.00881013
1.43	1.33	0.0067431
1.43	1.34	0.00487676
1.43	1.35	0.00321111
1.43	1.36	0.00174613
1.43	1.37	0.000481808
1.43	1.38	-0.000581858
1.43	1.39	-0.00144488
1.43	1.4	-0.00210728
1.43	1.41	-0.00256905
1.43	1.42	-0.00283021
1.43	1.43	-0.00289077
1.43	1.44	-0.00275075
1.43	1.45	-0.00241014
1.43	1.46	-0.00186897
1.43	1.47	-0.00112724
1.43	1.48	-0.000184965
1.43	1.49	0.000957847
1.43	1.5	0.00230118
1.43	1.51	0.00384503
1.43	1.52	0.00558938
1.43	1.53	0.00753423
1.43	1.54	0.00967955
1.43	1.55	0.0120254
1.43	1.56	0.0145716
1.43	1.57	0.0173183
1.43	1.58	0.0202655
1.43	1.59	0.023413
1.43	1.6	0.026761
1.43	1.61	0.0303094
1.43	1.62	0.0340582
1.43	1.63	0.0380074
1.43	1.64	0.0421569
1.43	1.65	0.0465068
1.43	1.66	0.0510571
1.43	1.67	0.0558077
1.43	1.68	0.0607587
1.43	1.69	0.0659099
1.43	1.7	0.0712615
1.43	1.71	0.0768134
1.43	1.72	0.0825655
1.43	1.73	0.0885179
1.43	1.74	0.0946706
1.43	1.75	0.101024
1.43	1.76	0.107577
1.43	1.77	0.11433
1.43	1.78	0.121284
1.43	1.79	0.128438
1.43	1.8	0.135792
1.43	1.81	0.143346
1.43	1.82	0.151101
1.43	1.83	0.159055
1.43	1.84	0.16721
1.43	1.85	0.175565
1.43	1.86	0.18412
1.43	1.87	0.192875
1.43	1.88	0.20183
1.43	1.89	0.210986
1.43	1.9	0.220341
1.43	1.91	0.229897
1.43	1.92	0.239653
1.43	1.93	0.249609
1.43	1.94	0.259764
1.43	1.95	0.27012
1.43	1.96	0.280676
1.43	1.97	0.291432
1.43	1.98	0.302388
1.43	1.99	0.313544
1.43	2	0.3249
1.435	0	2.05923
1.435	0.01	2.03056
1.435	0.02	2.00209
1.435	0.03	1.97382
1.435	0.04	1.94575
1.435	0.05	1.91789
1.435	0.06	1.89022
1.435	0.07	1.86275
1.435	0.08	1.83548
1.435	0.09	1.80842
1.435	0.1	1.78155
1.435	0.11	1.75488
1.435	0.12	1.72842
1.435	0.13	1.70215
1.435	0.14	1.67609
1.435	0.15	1.65022
1.435	0.16	1.62456
1.435	0.17	1.59909
1.435	0.18	1.57383
1.435	0.19	1.54876
1.435	0.2	1.5239
1.435	0.21	1.49924
1.435	0.22	1.47477
1.435	0.23	1.45051
1.435	0.24	1.42645
1.435	0.25	1.40259
1.435	0.26	1.37893
1.435	0.27	1.35547
1.435	0.28	1.33221
1.435	0.29	1.30915
1.435	0.3	1.28629
1.435	0.31	1.26363
1.435	0.32	1.24117
1.435	0.33	1.21892
1.435	0.34	1.19686
1.435	0.35	1.17501
1.435	0.36	1.15335
1.435	0.37	1.1319
1.435	0.38	1.11064
1.435	0.39	1.08959
1.435	0.4	1.06874
1.435	0.41	1.04809
1.435	0.42	1.02764
1.435	0.43	1.00739
1.435	0.44	0.987339
1.435	0.45	0.967491
1.435	0.46	0.947843
1.435	0.47	0.928397
1.435	0.48	0.909151
1.435	0.49	0.890107
1.435	0.5	0.871263
1.435	0.51	0.852619
1.435	0.52	0.834177
1.435	0.53	0.815936
1.435	0.54	0.797895
1.435	0.55	0.780056
1.435	0.56	0.762417
1.435	0.57	0.744979
1.435	0.58	0.727743
1.435	0.59	0.710707
1.435	0.6	0.693872
1.435	0.61	0.677238
1.435	0.62	0.660805
1.435	0.63	0.644573
1.435	0.64	0.628541
1.435	0.65	0.612711
1.435	0.66	0.597082
1.435	0.67	0.581654
1.435	0.68	0.566427
1.435	0.69	0.551401
1.435	0.7	0.536575
1.435	0.71	0.521951
1.435	0.72	0.507528
1.435	0.73	0.493306
1.435	0.74	0.479285
1.435	0.75	0.465464
1.435	0.76	0.451845
1.435	0.77	0.438427
1.435	0.78	0.42521
1.435	0.79	0.412194
1.435	0.8	0.399379
1.435	0.81	0.386765
1.435	0.82	0.374352
1.435	0.83	0.36214
1.435	0.84	0.350129
1.435	0.85	0.338319
1.435	0.86	0.32671
1.435	0.87	0.315302
1.435	0.88	0.304095
1.435	0.89	0.293089
1.435	0.9	0.282284
1.435	0.91	0.27168
1.435	0.92	0.261277
1.435	0.93	0.251075
1.435	0.94	0.241074
1.435	0.95	0.231274
1.435	0.96	0.221676
1.435	0.97	0.212278
1.435	0.98	0.203081
1.435	0.99	0.194085
1.435	1	0.18529
1.435	1.01	0.176696
1.435	1.02	0.168303
1.435	1.03	0.160111
1.435	1.04	0.152119
1.435	1.05	0.144329
1.435	1.06	0.13674
1.435	1.07	0.129352
1.435	1.08	0.122164
1.435	1.09	0.115178
1.435	1.1	0.108392
1.435	1.11	0.101807
1.435	1.12	0.0954237
1.435	1.13	0.0892408
1.435	1.14	0.0832589
1.435	1.15	0.0774778
1.435	1.16	0.0718975
1.435	1.17	0.0665182
1.435	1.18	0.0613397
1.435	1.19	0.056362
1.435	1.2	0.0515852
1.435	1.21	0.0470092
1.435	1.22	0.042634
1.435	1.23	0.0384596
1.435	1.24	0.0344859
1.435	1.25	0.0307131
1.435	1.26	0.0271411
1.435	1.27	0.0237698
1.435	1.28	0.0205992
1.435	1.29	0.0176294
1.435	1.3	0.0148604
1.435	1.31	0.012292
1.435	1.32	0.0099244
1.435	1.33	0.00775747
1.435	1.34	0.00579124
1.435	1.35	0.0040257
1.435	1.36	0.00246083
1.435	1.37	0.00109663
1.435	1.38	-6.69218e-05
1.435	1.39	-0.00102983
1.435	1.4	-0.0017921
1.435	1.41	-0.00235375
1.435	1.42	-0.00271478
1.435	1.43	-0.00287522
1.435	1.44	-0.00283506
1.435	1.45	-0.00259432
1.435	1.46	-0.00215302
1.435	1.47	-0.00151115
1.435	1.48	-0.000668738
1.435	1.49	0.000374213
1.435	1.5	0.00161769
1.435	1.51	0.00306168
1.435	1.52	0.00470618
1.435	1.53	0.00655117
1.435	1.54	0.00859664
1.435	1.55	0.0108426
1.435	1.56	0.013289
1.435	1.57	0.0159359
1.435	1.58	0.0187832
1.435	1.59	0.0218309
1.435	1.6	0.025079
1.435	1.61	0.0285276
1.435	1.62	0.0321765
1.435	1.63	0.0360259
1.435	1.64	0.0400756
1.435	1.65	0.0443257
1.435	1.66	0.0487761
1.435	1.67	0.0534269
1.435	1.68	0.058278
1.435	1.69	0.0633294
1.435	1.7	0.0685811
1.435	1.71	0.0740332
1.435	1.72	0.0796855
1.435	1.73	0.0855381
1.435	1.74	0.091591
1.435	1.75	0.0978441
1.435	1.76	0.104297
1.435	1.77	0.110951
1.435	1.78	0.117805
1.435	1.79	0.124859
1.435	1.8	0.132113
1.435	1.81	0.139568
1.435	1.82	0.147222
1.435	1.83	0.155077
1.435	1.84	0.163132
1.435	1.85	0.171387
1.435	1.86	0.179842
1.435	1.87	0.188498
1.435	1.88	0.197353
1.435	1.89	0.206409
1.435	1.9	0.215665
1.435	1.91	0.22512
1.435	1.92	0.234776
1.435	1.93	0.244632
1.435	1.94	0.254688
1.435	1.95	0.264944
1.435	1.96	0.2754
1.435	1.97	0.286057
1.435	1.98	0.296913
1.435	1.99	0.307969
1.435	2	0.319225
1.44	0	2.0736
1.44	0.01	2.04483
1.44	0.02	2.01626
1.44	0.03	1.9879
1.44	0.04	1.95973
1.44	0.05	1.93176
1.44	0.06	1.90399
1.44	0.07	1.87643
1.44	0.08	1.84906
1.44	0.09	1.82189
1.44	0.1	1.79492
1.44	0.11	1.76816
1.44	0.12	1.74159
1.44	0.13	1.71522
1.44	0.14	1.68906
1.44	0.15	1.66309
1.44	0.16	1.63733
1.44	0.17	1.61176
1.44	0.18	1.5864
1.44	0.19	1.56123
1.44	0.2	1.53627
1.44	0.21	1.51151
1.44	0.22	1.48694
1.44	0.23	1.46258
1.44	0.24	1.43842
1.44	0.25	1.41446
1.44	0.26	1.3907
1.44	0.27	1.36714
1.44	0.28	1.34378
1.44	0.29	1.32062
1.44	0.3	1.29766
1.44	0.31	1.2749
1.44	0.32	1.25234
1.44	0.33	1.22999
1.44	0.34	1.20783
1.44	0.35	1.18587
1.44	0.36	1.16412
1.44	0.37	1.14256
1.44	0.38	1.12121
1.44	0.39	1.10006
1.44	0.4	1.07911
1.44	0.41	1.05835
1.44	0.42	1.0378
1.44	0.43	1.01745
1.44	0.44	0.997305
1.44	0.45	0.977357
1.44	0.46	0.957609
1.44	0.47	0.938063
1.44	0.48	0.918717
1.44	0.49	0.899572
1.44	0.5	0.880628
1.44	0.51	0.861885
1.44	0.52	0.843342
1.44	0.53	0.825001
1.44	0.54	0.80686
1.44	0.55	0.78892
1.44	0.56	0.771182
1.44	0.57	0.753644
1.44	0.58	0.736307
1.44	0.59	0.719171
1.44	0.6	0.702236
1.44	0.61	0.685502
1.44	0.62	0.668969
1.44	0.63	0.652636
1.44	0.64	0.636505
1.44	0.65	0.620575
1.44	0.66	0.604846
1.44	0.67	0.589317
1.44	0.68	0.57399
1.44	0.69	0.558864
1.44	0.7	0.543939
1.44	0.71	0.529214
1.44	0.72	0.514691
1.44	0.73	0.500369
1.44	0.74	0.486247
1.44	0.75	0.472327
1.44	0.76	0.458608
1.44	0.77	0.44509
1.44	0.78	0.431773
1.44	0.79	0.418656
1.44	0.8	0.405741
1.44	0.81	0.393027
1.44	0.82	0.380514
1.44	0.83	0.368202
1.44	0.84	0.356091
1.44	0.85	0.344181
1.44	0.86	0.332472
1.44	0.87	0.320964
1.44	0.88	0.309657
1.44	0.89	0.298551
1.44	0.9	0.287646
1.44	0.91	0.276942
1.44	0.92	0.266439
1.44	0.93	0.256138
1.44	0.94	0.246037
1.44	0.95	0.236137
1.44	0.96	0.226438
1.44	0.97	0.21694
1.44	0.98	0.207643
1.44	0.99	0.198547
1.44	1	0.189652
1.44	1.01	0.180958
1.44	1.02	0.172465
1.44	1.03	0.164173
1.44	1.04	0.156082
1.44	1.05	0.148192
1.44	1.06	0.140502
1.44	1.07	0.133014
1.44	1.08	0.125727
1.44	1.09	0.11864
1.44	1.1	0.111755
1.44	1.11	0.10507
1.44	1.12	0.0985864
1.44	1.13	0.0923036
1.44	1.14	0.0862217
1.44	1.15	0.0803406
1.44	1.16	0.0746605
1.44	1.17	0.0691812
1.44	1.18	0.0639027
1.44	1.19	0.0588251
1.44	1.2	0.0539484
1.44	1.21	0.0492724
1.44	1.22	0.0447973
1.44	1.23	0.040523
1.44	1.24	0.0364495
1.44	1.25	0.0325767
1.44	1.26	0.0289048
1.44	1.27	0.0254336
1.44	1.28	0.0221631
1.44	1.29	0.0190934
1.44	1.3	0.0162244
1.44	1.31	0.0135562
1.44	1.32	0.0110887
1.44	1.33	0.00882186
1.44	1.34	0.00675574
1.44	1.35	0.00489031
1.44	1.36	0.00322555
1.44	1.37	0.00176147
1.44	1.38	0.000498036
1.44	1.39	-0.000564748
1.44	1.4	-0.0014269
1.44	1.41	-0.00208842
1.44	1.42	-0.00254933
1.44	1.43	-0.00280964
1.44	1.44	-0.00286935
1.44	1.45	-0.00272848
1.44	1.46	-0.00238704
1.44	1.47	-0.00184504
1.44	1.48	-0.00110249
1.44	1.49	-0.000159398
1.44	1.5	0.000984221
1.44	1.51	0.00232836
1.44	1.52	0.003873
1.44	1.53	0.00561813
1.44	1.54	0.00756375
1.44	1.55	0.00970985
1.44	1.56	0.0120564
1.44	1.57	0.0146034
1.44	1.58	0.0173509
1.44	1.59	0.0202988
1.44	1.6	0.0234471
1.44	1.61	0.0267958
1.44	1.62	0.0303449
1.44	1.63	0.0340944
1.44	1.64	0.0380443
1.44	1.65	0.0421945
1.44	1.66	0.0465451
1.44	1.67	0.051096
1.44	1.68	0.0558473
1.44	1.69	0.0607989
1.44	1.7	0.0659508
1.44	1.71	0.071303
1.44	1.72	0.0768555
1.44	1.73	0.0826083
1.44	1.74	0.0885613
1.44	1.75	0.0947146
1.44	1.76	0.101068
1.44	1.77	0.107622
1.44	1.78	0.114376
1.44	1.79	0.12133
1.44	1.8	0.128485
1.44	1.81	0.135839
1.44	1.82	0.143394
1.44	1.83	0.151149
1.44	1.84	0.159104
1.44	1.85	0.167259
1.44	1.86	0.175615
1.44	1.87	0.18417
1.44	1.88	0.192926
1.44	1.89	0.201882
1.44	1.9	0.211038
1.44	1.91	0.220394
1.44	1.92	0.22995
1.44	1.93	0.239706
1.44	1.94	0.249662
1.44	1.95	0.259818
1.44	1.96	0.270175
1.44	1.97	0.280731
1.44	1.98	0.291487
1.44	1.99	0.302444
1.44	2	0.3136
1.445	0	2.08803
1.445	0.01	2.05916
1.445	0.02	2.03049
1.445	0.03	2.00202
1.445	0.04	1.97375
1.445	0.05	1.94568
1.445	0.06	1.91782
1.445	0.07	1.89015
1.445	0.08	1.86268
1.445	0.09	1.83541
1.445	0.1	1.80835
1.445	0.11	1.78148
1.445	0.12	1.75481
1.445	0.13	1.72835
1.445	0.14	1.70208
1.445	0.15	1.67602
1.445	0.16	1.65015
1.445	0.17	1.62448
1.445	0.18	1.59902
1.445	0.19	1.57376
1.445	0.2	1.54869
1.445	0.21	1.52383
1.445	0.22	1.49916
1.445	0.23	1.4747
1.445	0.24	1.45044
1.445	0.25	1.42638
1.445	0.26	1.40252
1.445	0.27	1.37886
1.445	0.28	1.3554
1.445	0.29	1.33214
1.445	0.3	1.30908
1.445	0.31	1.28622
1.445	0.32	1.26356
1.445	0.33	1.2411
1.445	0.34	1.21885
1.445	0.35	1.19679
1.445	0.36	1.17494
1.445	0.37	1.15328
1.445	0.38	1.13183
1.445	0.39	1.11058
1.445	0.4	1.08952
1.445	0.41	1.06867
1.445	0.42	1.04802
1.445	0.43	1.02757
1.445	0.44	1.00732
1.445	0.45	0.987274
1.445	0.46	0.967427
1.445	0.47	0.94778
1.445	0.48	0.928334
1.445	0.49	0.909089
1.445	0.5	0.890045
1.445	0.51	0.871201
1.445	0.52	0.852559
1.445	0.53	0.834117
1.445	0.54	0.815877
1.445	0.55	0.797837
1.445	0.56	0.779998
1.445	0.57	0.76236
1.445	0.58	0.744923
1.445	0.59	0.727687
1.445	0.6	0.710652
1.445	0.61	0.693817
1.445	0.62	0.677184
1.445	0.63	0.660752
1.445	0.64	0.644521
1.445	0.65	0.62849
1.445	0.66	0.612661
1.445	0.67	0.597033
1.445	0.68	0.581605
1.445	0.69	0.566379
1.445	0.7	0.551354
1.445	0.71	0.536529
1.445	0.72	0.521906
1.445	0.73	0.507484
1.445	0.74	0.493262
1.445	0.75	0.479242
1.445	0.76	0.465423
1.445	0.77	0.451804
1.445	0.78	0.438387
1.445	0.79	0.425171
1.445	0.8	0.412156
1.445	0.81	0.399342
1.445	0.82	0.386729
1.445	0.83	0.374316
1.445	0.84	0.362105
1.445	0.85	0.350095
1.445	0.86	0.338286
1.445	0.87	0.326678
1.445	0.88	0.315271
1.445	0.89	0.304065
1.445	0.9	0.29306
1.445	0.91	0.282257
1.445	0.92	0.271654
1.445	0.93	0.261252
1.445	0.94	0.251051
1.445	0.95	0.241051
1.445	0.96	0.231252
1.445	0.97	0.221654
1.445	0.98	0.212257
1.445	0.99	0.203061
1.445	1	0.194066
1.445	1.01	0.185272
1.445	1.02	0.176679
1.445	1.03	0.168287
1.445	1.04	0.160096
1.445	1.05	0.152106
1.445	1.06	0.144317
1.445	1.07	0.136728
1.445	1.08	0.129341
1.445	1.09	0.122155
1.445	1.1	0.115169
1.445	1.11	0.108385
1.445	1.12	0.101801
1.445	1.13	0.0954182
1.445	1.14	0.0892363
1.445	1.15	0.0832554
1.445	1.16	0.0774752
1.445	1.17	0.071896
1.445	1.18	0.0665176
1.445	1.19	0.0613401
1.445	1.2	0.0563634
1.445	1.21	0.0515875
1.445	1.22	0.0470124
1.445	1.23	0.0426382
1.445	1.24	0.0384647
1.445	1.25	0.034492
1.445	1.26	0.0307201
1.445	1.27	0.027149
1.445	1.28	0.0237787
1.445	1.29	0.020609
1.445	1.3	0.0176402
1.445	1.31	0.014872
1.445	1.32	0.0123046
1.445	1.33	0.00993784
1.445	1.34	0.00777181
1.445	1.35	0.00580647
1.445	1.36	0.00404181
1.445	1.37	0.00247782
1.445	1.38	0.00111449
1.445	1.39	-4.8188e-05
1.445	1.4	-0.00101023
1.445	1.41	-0.00177165
1.445	1.42	-0.00233245
1.445	1.43	-0.00269265
1.445	1.44	-0.00285226
1.445	1.45	-0.00281127
1.445	1.46	-0.00256972
1.445	1.47	-0.0021276
1.445	1.48	-0.00148493
1.445	1.49	-0.000641726
1.445	1.5	0.000402012
1.445	1.51	0.00164627
1.445	1.52	0.00309103
1.445	1.53	0.00473629
1.445	1.54	0.00658204
1.445	1.55	0.00862826
1.445	1.56	0.0108749
1.445	1.57	0.0133221
1.445	1.58	0.0159697
1.445	1.59	0.0188177
1.445	1.6	0.0218661
1.445	1.61	0.025115
1.445	1.62	0.0285642
1.445	1.63	0.0322139
1.445	1.64	0.0360639
1.445	1.65	0.0401142
1.445	1.66	0.044365
1.445	1.67	0.0488161
1.445	1.68	0.0534675
1.445	1.69	0.0583192
1.445	1.7	0.0633713
1.445	1.71	0.0686236
1.445	1.72	0.0740763
1.445	1.73	0.0797292
1.445	1.74	0.0855824
1.445	1.75	0.0916358
1.445	1.76	0.0978895
1.445	1.77	0.104343
1.445	1.78	0.110998
1.445	1.79	0.117852
1.445	1.8	0.124907
1.445	1.81	0.132161
1.445	1.82	0.139616
1.445	1.83	0.147271
1.445	1.84	0.155127
1.445	1.85	0.163182
1.445	1.86	0.171438
1.445	1.87	0.179893
1.445	1.88	0.188549
1.445	1.89	0.197405
1.445	1.9	0.206461
1.445	1.91	0.215717
1.445	1.92	0.225174
1.445	1.93	0.23483
1.445	1.94	0.244686
1.445	1.95	0.254743
1.445	1.96	0.264999
1.445	1.97	0.275456
1.445	1.98	0.286112
1.445	1.99	0.296969
1.445	2	0.308025
1.45	0	2.1025
1.45	0.01	2.07353
1.45	0.02	2.04476
1.45	0.03	2.01619
1.45	0.04	1.98783
1.45	0.05	1.95966
1.45	0.06	1.93169
1.45	0.07	1.90392
1.45	0.08	1.87636
1.45	0.09	1.84899
1.45	0.1	1.82182
1.45	0.11	1.79485
1.45	0.12	1.76809
1.45	0.13	1.74152
1.45	0.14	1.71515
1.45	0.15	1.68899
1.45	0.16	1.66302
1.45	0.17	1.63726
1.45	0.18	1.61169
1.45	0.19	1.58633
1.45	0.2	1.56116
1.45	0.21	1.5362
1.45	0.22	1.51144
1.45	0.23	1.48687
1.45	0.24	1.46251
1.45	0.25	1.43835
1.45	0.26	1.41439
1.45	0.27	1.39063
1.45	0.28	1.36707
1.45	0.29	1.34371
1.45	0.3	1.32055
1.45	0.31	1.29759
1.45	0.32	1.27483
1.45	0.33	1.25227
1.45	0.34	1.22992
1.45	0.35	1.20776
1.45	0.36	1.18581
1.45	0.37	1.16405
1.45	0.38	1.1425
1.45	0.39	1.12115
1.45	0.4	1.09999
1.45	0.41	1.07904
1.45	0.42	1.05829
1.45	0.43	1.03774
1.45	0.44	1.01739
1.45	0.45	0.997243
1.45	0.46	0.977295
1.45	0.47	0.957548
1.45	0.48	0.938002
1.45	0.49	0.918657
1.45	0.5	0.899512
1.45	0.51	0.880569
1.45	0.52	0.861826
1.45	0.53	0.843285
1.45	0.54	0.824944
1.45	0.55	0.806804
1.45	0.56	0.788865
1.45	0.57	0.771127
1.45	0.58	0.75359
1.45	0.59	0.736253
1.45	0.6	0.719118
1.45	0.61	0.702184
1.45	0.62	0.685451
1.45	0.63	0.668918
1.45	0.64	0.652587
1.45	0.65	0.636457
1.45	0.66	0.620527
1.45	0.67	0.604799
1.45	0.68	0.589271
1.45	0.69	0.573945
1.45	0.7	0.558819
1.45	0.71	0.543895
1.45	0.72	0.529172
1.45	0.73	0.514649
1.45	0.74	0.500328
1.45	0.75	0.486208
1.45	0.76	0.472288
1.45	0.77	0.45857
1.45	0.78	0.445053
1.45	0.79	0.431736
1.45	0.8	0.418621
1.45	0.81	0.405707
1.45	0.82	0.392994
1.45	0.83	0.380482
1.45	0.84	0.368171
1.45	0.85	0.356061
1.45	0.86	0.344152
1.45	0.87	0.332444
1.45	0.88	0.320937
1.45	0.89	0.309631
1.45	0.9	0.298526
1.45	0.91	0.287622
1.45	0.92	0.276919
1.45	0.93	0.266417
1.45	0.94	0.256116
1.45	0.95	0.246016
1.45	0.96	0.236117
1.45	0.97	0.226419
1.45	0.98	0.216922
1.45	0.99	0.207626
1.45	1	0.198531
1.45	1.01	0.189637
1.45	1.02	0.180944
1.45	1.03	0.172452
1.45	1.04	0.164161
1.45	1.05	0.156071
1.45	1.06	0.148182
1.45	1.07	0.140494
1.45	1.08	0.133006
1.45	1.09	0.12572
1.45	1.1	0.118635
1.45	1.11	0.111749
1.45	1.12	0.105066
1.45	1.13	0.0985828
1.45	1.14	0.092301
1.45	1.15	0.0862201
1.45	1.16	0.08034
1.45	1.17	0.0746608
1.45	1.18	0.0691825
1.45	1.19	0.063905
1.45	1.2	0.0588284
1.45	1.21	0.0539525
1.45	1.22	0.0492775
1.45	1.23	0.0448033
1.45	1.24	0.04053
1.45	1.25	0.0364574
1.45	1.26	0.0325855
1.45	1.27	0.0289145
1.45	1.28	0.0254442
1.45	1.29	0.0221747
1.45	1.3	0.0191059
1.45	1.31	0.0162378
1.45	1.32	0.0135705
1.45	1.33	0.0111038
1.45	1.34	0.0088379
1.45	1.35	0.00677265
1.45	1.36	0.00490809
1.45	1.37	0.0032442
1.45	1.38	0.00178097
1.45	1.39	0.000518394
1.45	1.4	-0.000543548
1.45	1.41	-0.00140486
1.45	1.42	-0.00206556
1.45	1.43	-0.00252565
1.45	1.44	-0.00278514
1.45	1.45	-0.00284404
1.45	1.46	-0.00270238
1.45	1.47	-0.00236014
1.45	1.48	-0.00181736
1.45	1.49	-0.00107403
1.45	1.5	-0.000130175
1.45	1.51	0.0010142
1.45	1.52	0.00235909
1.45	1.53	0.00390447
1.45	1.54	0.00565035
1.45	1.55	0.0075967
1.45	1.56	0.00974351
1.45	1.57	0.0120908
1.45	1.58	0.0146385
1.45	1.59	0.0173866
1.45	1.6	0.0203352
1.45	1.61	0.0234842
1.45	1.62	0.0268336
1.45	1.63	0.0303834
1.45	1.64	0.0341335
1.45	1.65	0.038084
1.45	1.66	0.0422349
1.45	1.67	0.0465861
1.45	1.68	0.0511377
1.45	1.69	0.0558895
1.45	1.7	0.0608417
1.45	1.71	0.0659942
1.45	1.72	0.071347
1.45	1.73	0.0769001
1.45	1.74	0.0826534
1.45	1.75	0.088607
1.45	1.76	0.0947609
1.45	1.77	0.101115
1.45	1.78	0.107669
1.45	1.79	0.114424
1.45	1.8	0.121378
1.45	1.81	0.128533
1.45	1.82	0.135889
1.45	1.83	0.143444
1.45	1.84	0.151199
1.45	1.85	0.159155
1.45	1.86	0.167311
1.45	1.87	0.175666
1.45	1.88	0.184222
1.45	1.89	0.192979
1.45	1.9	0.201935
1.45	1.91	0.211091
1.45	1.92	0.220447
1.45	1.93	0.230004
1.45	1.94	0.23976
1.45	1.95	0.249717
1.45	1.96	0.259873
1.45	1.97	0.27023
1.45	1.98	0.280787
1.45	1.99	0.291543
1.45	2	0.3025
1.455	0	2.11703
1.455	0.01	2.08796
1.455	0.02	2.05909
1.455	0.03	2.03042
1.455	0.04	2.00195
1.455	0.05	1.97368
1.455	0.06	1.94561
1.455	0.07	1.91775
1.455	0.08	1.89008
1.455	0.09	1.86261
1.455	0.1	1.83534
1.455	0.11	1.80828
1.455	0.12	1.78141
1.455	0.13	1.75474
1.455	0.14	1.72828
1.455	0.15	1.70201
1.455	0.16	1.67594
1.455	0.17	1.65008
1.455	0.18	1.62441
1.455	0.19	1.59895
1.455	0.2	1.57368
1.455	0.21	1.54862
1.455	0.22	1.52376
1.455	0.23	1.49909
1.455	0.24	1.47463
1.455	0.25	1.45037
1.455	0.26	1.42631
1.455	0.27	1.40245
1.455	0.28	1.37879
1.455	0.29	1.35533
1.455	0.3	1.33207
1.455	0.31	1.30901
1.455	0.32	1.28615
1.455	0.33	1.26349
1.455	0.34	1.24104
1.455	0.35	1.21878
1.455	0.36	1.19673
1.455	0.37	1.17487
1.455	0.38	1.15322
1.455	0.39	1.13176
1.455	0.4	1.11051
1.455	0.41	1.08946
1.455	0.42	1.06861
1.455	0.43	1.04796
1.455	0.44	1.02751
1.455	0.45	1.00726
1.455	0.46	0.987213
1.455	0.47	0.967366
1.455	0.48	0.94772
1.455	0.49	0.928274
1.455	0.5	0.90903
1.455	0.51	0.889986
1.455	0.52	0.871144
1.455	0.53	0.852502
1.455	0.54	0.834061
1.455	0.55	0.815821
1.455	0.56	0.797782
1.455	0.57	0.779944
1.455	0.58	0.762306
1.455	0.59	0.74487
1.455	0.6	0.727635
1.455	0.61	0.7106
1.455	0.62	0.693767
1.455	0.63	0.677135
1.455	0.64	0.660703
1.455	0.65	0.644473
1.455	0.66	0.628443
1.455	0.67	0.612615
1.455	0.68	0.596987
1.455	0.69	0.581561
1.455	0.7	0.566335
1.455	0.71	0.551311
1.455	0.72	0.536487
1.455	0.73	0.521865
1.455	0.74	0.507444
1.455	0.75	0.493223
1.455	0.76	0.479204
1.455	0.77	0.465385
1.455	0.78	0.451768
1.455	0.79	0.438352
1.455	0.8	0.425137
1.455	0.81	0.412122
1.455	0.82	0.399309
1.455	0.83	0.386697
1.455	0.84	0.374286
1.455	0.85	0.362076
1.455	0.86	0.350067
1.455	0.87	0.338259
1.455	0.88	0.326652
1.455	0.89	0.315246
1.455	0.9	0.304041
1.455	0.91	0.293037
1.455	0.92	0.282234
1.455	0.93	0.271632
1.455	0.94	0.261231
1.455	0.95	0.251031
1.455	0.96	0.241032
1.455	0.97	0.231234
1.455	0.98	0.221637
1.455	0.99	0.212242
1.455	1	0.203047
1.455	1.01	0.194053
1.455	1.02	0.18526
1.455	1.03	0.176668
1.455	1.04	0.168277
1.455	1.05	0.160086
1.455	1.06	0.152097
1.455	1.07	0.144309
1.455	1.08	0.136722
1.455	1.09	0.129335
1.455	1.1	0.12215
1.455	1.11	0.115166
1.455	1.12	0.108382
1.455	1.13	0.101799
1.455	1.14	0.0954175
1.455	1.15	0.0892366
1.455	1.16	0.0832566
1.455	1.17	0.0774775
1.455	1.18	0.0718992
1.455	1.19	0.0665217
1.455	1.2	0.0613451
1.455	1.21	0.0563694
1.455	1.22	0.0515944
1.455	1.23	0.0470203
1.455	1.24	0.0426469
1.455	1.25	0.0384744
1.455	1.26	0.0345027
1.455	1.27	0.0307317
1.455	1.28	0.0271615
1.455	1.29	0.023792
1.455	1.3	0.0206233
1.455	1.31	0.0176553
1.455	1.32	0.014888
1.455	1.33	0.0123214
1.455	1.34	0.00995557
1.455	1.35	0.0077904
1.455	1.36	0.00582592
1.455	1.37	0.00406211
1.455	1.38	0.00249896
1.455	1.39	0.00113647
1.455	1.4	-2.53907e-05
1.455	1.41	-0.000986618
1.455	1.42	-0.00174723
1.455	1.43	-0.00230723
1.455	1.44	-0.00266663
1.455	1.45	-0.00282544
1.455	1.46	-0.00278368
1.455	1.47	-0.00254135
1.455	1.48	-0.00209847
1.455	1.49	-0.00145505
1.455	1.5	-0.000611093
1.455	1.51	0.000433384
1.455	1.52	0.00167837
1.455	1.53	0.00312386
1.455	1.54	0.00476983
1.455	1.55	0.00661629
1.455	1.56	0.00866321
1.455	1.57	0.0109106
1.455	1.58	0.0133584
1.455	1.59	0.0160067
1.455	1.6	0.0188553
1.455	1.61	0.0219044
1.455	1.62	0.0251539
1.455	1.63	0.0286038
1.455	1.64	0.0322541
1.455	1.65	0.0361047
1.455	1.66	0.0401557
1.455	1.67	0.044407
1.455	1.68	0.0488587
1.455	1.69	0.0535107
1.455	1.7	0.058363
1.455	1.71	0.0634156
1.455	1.72	0.0686685
1.455	1.73	0.0741217
1.455	1.74	0.0797752
1.455	1.75	0.0856289
1.455	1.76	0.0916829
1.455	1.77	0.0979371
1.455	1.78	0.104391
1.455	1.79	0.111046
1.455	1.8	0.117901
1.455	1.81	0.124956
1.455	1.82	0.132211
1.455	1.83	0.139667
1.455	1.84	0.147322
1.455	1.85	0.155178
1.455	1.86	0.163234
1.455	1.87	0.17149
1.455	1.88	0.179946
1.455	1.89	0.188602
1.455	1.9	0.197458
1.455	1.91	0.206515
1.455	1.92	0.215771
1.455	1.93	0.225228
1.455	1.94	0.234885
1.455	1.95	0.244741
1.455	1.96	0.254798
1.455	1.97	0.265055
1.455	1.98	0.275511
1.455	1.99	0.286168
1.455	2	0.297025
1.46	0	2.1316
1.46	0.01	2.10243
1.46	0.02	2.07346
1.46	0.03	2.04469
1.46	0.04	2.01613
1.46	0.05	1.98776
1.46	0.06	1.95959
1.46	0.07	1.93162
1.46	0.08	1.90385
1.46	0.09	1.87628
1.46	0.1	1.84892
1.46	0.11	1.82175
1.46	0.12	1.79478
1.46	0.13	1.76802
1.46	0.14	1.74145
1.46	0.15	1.71508
1.46	0.16	1.68892
1.46	0.17	1.66295
1.46	0.18	1.63719
1.46	0.19	1.61162
1.46	0.2	1.58626
1.46	0.21	1.56109
1.46	0.22	1.53613
1.46	0.23	1.51137
1.46	0.24	1.4868
1.46	0.25	1.46244
1.46	0.26	1.43828
1.46	0.27	1.41432
1.46	0.28	1.39056
1.46	0.29	1.367
1.46	0.3	1.34364
1.46	0.31	1.32048
1.46	0.32	1.29752
1.46	0.33	1.27477
1.46	0.34	1.25221
1.46	0.35	1.22985
1.46	0.36	1.2077
1.46	0.37	1.18574
1.46	0.38	1.16399
1.46	0.39	1.14243
1.46	0.4	1.12108
1.46	0.41	1.09993
1.46	0.42	1.07898
1.46	0.43	1.05823
1.46	0.44	1.03768
1.46	0.45	1.01733
1.46	0.46	0.997182
1.46	0.47	0.977235
1.46	0.48	0.957489
1.46	0.49	0.937944
1.46	0.5	0.918599
1.46	0.51	0.899455
1.46	0.52	0.880513
1.46	0.53	0.861771
1.46	0.54	0.84323
1.46	0.55	0.82489
1.46	0.56	0.80675
1.46	0.57	0.788812
1.46	0.58	0.771075
1.46	0.59	0.753539
1.46	0.6	0.736203
1.46	0.61	0.719069
1.46	0.62	0.702135
1.46	0.63	0.685403
1.46	0.64	0.668871
1.46	0.65	0.652541
1.46	0.66	0.636411
1.46	0.67	0.620483
1.46	0.68	0.604755
1.46	0.69	0.589229
1.46	0.7	0.573903
1.46	0.71	0.558778
1.46	0.72	0.543855
1.46	0.73	0.529133
1.46	0.74	0.514611
1.46	0.75	0.500291
1.46	0.76	0.486171
1.46	0.77	0.472253
1.46	0.78	0.458536
1.46	0.79	0.445019
1.46	0.8	0.431704
1.46	0.81	0.41859
1.46	0.82	0.405677
1.46	0.83	0.392964
1.46	0.84	0.380453
1.46	0.85	0.368143
1.46	0.86	0.356034
1.46	0.87	0.344126
1.46	0.88	0.332419
1.46	0.89	0.320913
1.46	0.9	0.309608
1.46	0.91	0.298504
1.46	0.92	0.287601
1.46	0.93	0.276899
1.46	0.94	0.266398
1.46	0.95	0.256098
1.46	0.96	0.245999
1.46	0.97	0.236101
1.46	0.98	0.226405
1.46	0.99	0.216909
1.46	1	0.207614
1.46	1.01	0.19852
1.46	1.02	0.189627
1.46	1.03	0.180935
1.46	1.04	0.172444
1.46	1.05	0.164154
1.46	1.06	0.156065
1.46	1.07	0.148176
1.46	1.08	0.140489
1.46	1.09	0.133003
1.46	1.1	0.125717
1.46	1.11	0.118633
1.46	1.12	0.111749
1.46	1.13	0.105067
1.46	1.14	0.098585
1.46	1.15	0.0923041
1.46	1.16	0.0862241
1.46	1.17	0.080345
1.46	1.18	0.0746668
1.46	1.19	0.0691894
1.46	1.2	0.0639128
1.46	1.21	0.0588371
1.46	1.22	0.0539622
1.46	1.23	0.0492881
1.46	1.24	0.0448148
1.46	1.25	0.0405423
1.46	1.26	0.0364706
1.46	1.27	0.0325997
1.46	1.28	0.0289295
1.46	1.29	0.0254601
1.46	1.3	0.0221915
1.46	1.31	0.0191235
1.46	1.32	0.0162563
1.46	1.33	0.0135898
1.46	1.34	0.011124
1.46	1.35	0.00885894
1.46	1.36	0.00679453
1.46	1.37	0.00493079
1.46	1.38	0.00326772
1.46	1.39	0.0018053
1.46	1.4	0.000543517
1.46	1.41	-0.000517634
1.46	1.42	-0.00137816
1.46	1.43	-0.00203808
1.46	1.44	-0.00249741
1.46	1.45	-0.00275614
1.46	1.46	-0.00281429
1.46	1.47	-0.00267188
1.46	1.48	-0.00232892
1.46	1.49	-0.00178541
1.46	1.5	-0.00104136
1.46	1.51	-9.67969e-05
1.46	1.52	0.00104828
1.46	1.53	0.00239386
1.46	1.54	0.00393993
1.46	1.55	0.00568647
1.46	1.56	0.00763349
1.46	1.57	0.00978096
1.46	1.58	0.0121289
1.46	1.59	0.0146772
1.46	1.6	0.017426
1.46	1.61	0.0203752
1.46	1.62	0.0235248
1.46	1.63	0.0268748
1.46	1.64	0.0304251
1.46	1.65	0.0341759
1.46	1.66	0.038127
1.46	1.67	0.0422784
1.46	1.68	0.0466302
1.46	1.69	0.0511823
1.46	1.7	0.0559347
1.46	1.71	0.0608874
1.46	1.72	0.0660404
1.46	1.73	0.0713937
1.46	1.74	0.0769473
1.46	1.75	0.0827011
1.46	1.76	0.0886552
1.46	1.77	0.0948095
1.46	1.78	0.101164
1.46	1.79	0.107719
1.46	1.8	0.114474
1.46	1.81	0.121429
1.46	1.82	0.128584
1.46	1.83	0.13594
1.46	1.84	0.143495
1.46	1.85	0.151251
1.46	1.86	0.159207
1.46	1.87	0.167363
1.46	1.88	0.17572
1.46	1.89	0.184276
1.46	1.9	0.193032
1.46	1.91	0.201989
1.46	1.92	0.211146
1.46	1.93	0.220502
1.46	1.94	0.230059
1.46	1.95	0.239816
1.46	1.96	0.249773
1.46	1.97	0.259929
1.46	1.98	0.270286
1.46	1.99	0.280843
1.46	2	0.2916
1.465	0	2.14623
1.465	0.01	2.11696
1.465	0.02	2.08789
1.465	0.03	2.05902
1.465	0.04	2.03035
1.465	0.05	2.00188
1.465	0.06	1.97361
1.465	0.07	1.94554
1.465	0.08	1.91768
1.465	0.09	1.89001
1.465	0.1	1.86254
1.465	0.11	1.83527
1.465	0.12	1.80821
1.465	0.13	1.78134
1.465	0.14	1.75467
1.465	0.15	1.72821
1.465	0.16	1.70194
1.465	0.17	1.67587
1.465	0.18	1.65001
1.465	0.19	1.62434
1.465	0.2	1.59888
1.465	0.21	1.57362
1.465	0.22	1.54855
1.465	0.23	1.52369
1.465	0.24	1.49903
1.465	0.25	1.47456
1.465	0.26	1.4503
1.465	0.27	1.42624
1.465	0.28	1.40238
1.465	0.29	1.37872
1.465	0.3	1.35526
1.465	0.31	1.332
1.465	0.32	1.30894
1.465	0.33	1.28609
1.465	0.34	1.26343
1.465	0.35	1.24097
1.465	0.36	1.21872
1.465	0.37	1.19666
1.465	0.38	1.17481
1.465	0.39	1.15315
1.465	0.4	1.1317
1.465	0.41	1.11045
1.465	0.42	1.0894
1.465	0.43	1.06855
1.465	0.44	1.0479
1.465	0.45	1.02745
1.465	0.46	1.0072
1.465	0.47	0.987155
1.465	0.48	0.967308
1.465	0.49	0.947663
1.465	0.5	0.928218
1.465	0.51	0.908974
1.465	0.52	0.889932
1.465	0.53	0.87109
1.465	0.54	0.852448
1.465	0.55	0.834008
1.465	0.56	0.815769
1.465	0.57	0.797731
1.465	0.58	0.779893
1.465	0.59	0.762257
1.465	0.6	0.744821
1.465	0.61	0.727587
1.465	0.62	0.710553
1.465	0.63	0.693721
1.465	0.64	0.677089
1.465	0.65	0.660659
1.465	0.66	0.644429
1.465	0.67	0.6284
1.465	0.68	0.612573
1.465	0.69	0.596946
1.465	0.7	0.581521
1.465	0.71	0.566296
1.465	0.72	0.551273
1.465	0.73	0.53645
1.465	0.74	0.521829
1.465	0.75	0.507408
1.465	0.76	0.493189
1.465	0.77	0.47917
1.465	0.78	0.465353
1.465	0.79	0.451737
1.465	0.8	0.438321
1.465	0.81	0.425107
1.465	0.82	0.412094
1.465	0.83	0.399282
1.465	0.84	0.38667
1.465	0.85	0.37426
1.465	0.86	0.362051
1.465	0.87	0.350043
1.465	0.88	0.338236
1.465	0.89	0.32663
1.465	0.9	0.315225
1.465	0.91	0.304021
1.465	0.92	0.293018
1.465	0.93	0.282216
1.465	0.94	0.271615
1.465	0.95	0.261215
1.465	0.96	0.251017
1.465	0.97	0.241019
1.465	0.98	0.231222
1.465	0.99	0.221626
1.465	1	0.212231
1.465	1.01	0.203037
1.465	1.02	0.194044
1.465	1.03	0.185252
1.465	1.04	0.176661
1.465	1.05	0.168271
1.465	1.06	0.160082
1.465	1.07	0.152094
1.465	1.08	0.144306
1.465	1.09	0.13672
1.465	1.1	0.129335
1.465	1.11	0.12215
1.465	1.12	0.115167
1.465	1.13	0.108384
1.465	1.14	0.101802
1.465	1.15	0.0954216
1.465	1.16	0.0892417
1.465	1.17	0.0832626
1.465	1.18	0.0774844
1.465	1.19	0.071907
1.465	1.2	0.0665305
1.465	1.21	0.0613548
1.465	1.22	0.05638
1.465	1.23	0.0516059
1.465	1.24	0.0470327
1.465	1.25	0.0426603
1.465	1.26	0.0384886
1.465	1.27	0.0345178
1.465	1.28	0.0307477
1.465	1.29	0.0271783
1.465	1.3	0.0238097
1.465	1.31	0.0206418
1.465	1.32	0.0176747
1.465	1.33	0.0149083
1.465	1.34	0.0123425
1.465	1.35	0.00997751
1.465	1.36	0.00781317
1.465	1.37	0.0058495
1.465	1.38	0.0040865
1.465	1.39	0.00252415
1.465	1.4	0.00116245
1.465	1.41	1.37253e-06
1.465	1.42	-0.000959079
1.465	1.43	-0.00171892
1.465	1.44	-0.00227816
1.465	1.45	-0.00263681
1.465	1.46	-0.00279488
1.465	1.47	-0.00275239
1.465	1.48	-0.00250934
1.465	1.49	-0.00206574
1.465	1.5	-0.00142161
1.465	1.51	-0.000576955
1.465	1.52	0.000468212
1.465	1.53	0.00171388
1.465	1.54	0.00316004
1.465	1.55	0.00480668
1.465	1.56	0.00665379
1.465	1.57	0.00870135
1.465	1.58	0.0109494
1.465	1.59	0.0133978
1.465	1.6	0.0160467
1.465	1.61	0.018896
1.465	1.62	0.0219457
1.465	1.63	0.0251958
1.465	1.64	0.0286462
1.465	1.65	0.0322971
1.465	1.66	0.0361482
1.465	1.67	0.0401998
1.465	1.68	0.0444517
1.465	1.69	0.0489039
1.465	1.7	0.0535564
1.465	1.71	0.0584092
1.465	1.72	0.0634623
1.465	1.73	0.0687157
1.465	1.74	0.0741694
1.465	1.75	0.0798233
1.465	1.76	0.0856775
1.465	1.77	0.0917319
1.465	1.78	0.0979866
1.465	1.79	0.104441
1.465	1.8	0.111097
1.465	1.81	0.117952
1.465	1.82	0.125007
1.465	1.83	0.132263
1.465	1.84	0.139719
1.465	1.85	0.147375
1.465	1.86	0.155231
1.465	1.87	0.163287
1.465	1.88	0.171543
1.465	1.89	0.18
1.465	1.9	0.188656
1.465	1.91	0.197513
1.465	1.92	0.20657
1.465	1.93	0.215826
1.465	1.94	0.225283
1.465	1.95	0.23494
1.465	1.96	0.244797
1.465	1.97	0.254854
1.465	1.98	0.265111
1.465	1.99	0.275568
1.465	2	0.286225
1.47	0	2.1609
1.47	0.01	2.13153
1.47	0.02	2.10236
1.47	0.03	2.07339
1.47	0.04	2.04462
1.47	0.05	2.01606
1.47	0.06	1.98769
1.47	0.07	1.95952
1.47	0.08	1.93155
1.47	0.09	1.90378
1.47	0.1	1.87622
1.47	0.11	1.84885
1.47	0.12	1.82168
1.47	0.13	1.79471
1.47	0.14	1.76795
1.47	0.15	1.74138
1.47	0.16	1.71501
1.47	0.17	1.68885
1.47	0.18	1.66288
1.47	0.19	1.63712
1.47	0.2	1.61155
1.47	0.21	1.58619
1.47	0.22	1.56102
1.47	0.23	1.53606
1.47	0.24	1.5113
1.47	0.25	1.48674
1.47	0.26	1.46237
1.47	0.27	1.43821
1.47	0.28	1.41425
1.47	0.29	1.39049
1.47	0.3	1.36693
1.47	0.31	1.34357
1.47	0.32	1.32042
1.47	0.33	1.29746
1.47	0.34	1.2747
1.47	0.35	1.25214
1.47	0.36	1.22979
1.47	0.37	1.20763
1.47	0.38	1.18568
1.47	0.39	1.16393
1.47	0.4	1.14237
1.47	0.41	1.12102
1.47	0.42	1.09987
1.47	0.43	1.07892
1.47	0.44	1.05817
1.47	0.45	1.03762
1.47	0.46	1.01727
1.47	0.47	0.997125
1.47	0.48	0.977179
1.47	0.49	0.957433
1.47	0.5	0.937889
1.47	0.51	0.918545
1.47	0.52	0.899402
1.47	0.53	0.88046
1.47	0.54	0.861719
1.47	0.55	0.843179
1.47	0.56	0.824839
1.47	0.57	0.806701
1.47	0.58	0.788763
1.47	0.59	0.771027
1.47	0.6	0.753491
1.47	0.61	0.736157
1.47	0.62	0.719023
1.47	0.63	0.702091
1.47	0.64	0.685359
1.47	0.65	0.668828
1.47	0.66	0.652499
1.47	0.67	0.63637
1.47	0.68	0.620442
1.47	0.69	0.604716
1.47	0.7	0.58919
1.47	0.71	0.573866
1.47	0.72	0.558742
1.47	0.73	0.543819
1.47	0.74	0.529098
1.47	0.75	0.514577
1.47	0.76	0.500258
1.47	0.77	0.48614
1.47	0.78	0.472222
1.47	0.79	0.458506
1.47	0.8	0.44499
1.47	0.81	0.431676
1.47	0.82	0.418563
1.47	0.83	0.405651
1.47	0.84	0.39294
1.47	0.85	0.380429
1.47	0.86	0.36812
1.47	0.87	0.356012
1.47	0.88	0.344105
1.47	0.89	0.332399
1.47	0.9	0.320894
1.47	0.91	0.30959
1.47	0.92	0.298487
1.47	0.93	0.287585
1.47	0.94	0.276884
1.47	0.95	0.266384
1.47	0.96	0.256086
1.47	0.97	0.245988
1.47	0.98	0.236091
1.47	0.99	0.226395
1.47	1	0.2169
1.47	1.01	0.207606
1.47	1.02	0.198513
1.47	1.03	0.189621
1.47	1.04	0.18093
1.47	1.05	0.17244
1.47	1.06	0.164151
1.47	1.07	0.156063
1.47	1.08	0.148176
1.47	1.09	0.140489
1.47	1.1	0.133004
1.47	1.11	0.12572
1.47	1.12	0.118636
1.47	1.13	0.111753
1.47	1.14	0.105072
1.47	1.15	0.098591
1.47	1.16	0.092311
1.47	1.17	0.086232
1.47	1.18	0.0803538
1.47	1.19	0.0746765
1.47	1.2	0.0692
1.47	1.21	0.0639244
1.47	1.22	0.0588495
1.47	1.23	0.0539755
1.47	1.24	0.0493024
1.47	1.25	0.04483
1.47	1.26	0.0405583
1.47	1.27	0.0364875
1.47	1.28	0.0326175
1.47	1.29	0.0289482
1.47	1.3	0.0254796
1.47	1.31	0.0222118
1.47	1.32	0.0191447
1.47	1.33	0.0162783
1.47	1.34	0.0136126
1.47	1.35	0.0111476
1.47	1.36	0.00888336
1.47	1.37	0.00681974
1.47	1.38	0.0049568
1.47	1.39	0.00329451
1.47	1.4	0.00183286
1.47	1.41	0.000571842
1.47	1.42	-0.000488552
1.47	1.43	-0.00134833
1.47	1.44	-0.00200751
1.47	1.45	-0.0024661
1.47	1.46	-0.00272411
1.47	1.47	-0.00278155
1.47	1.48	-0.00263844
1.47	1.49	-0.00229478
1.47	1.5	-0.00175058
1.47	1.51	-0.00100586
1.47	1.52	-6.06232e-05
1.47	1.53	0.00108511
1.47	1.54	0.00243134
1.47	1.55	0.00397805
1.47	1.56	0.00572523
1.47	1.57	0.00767287
1.47	1.58	0.00982095
1.47	1.59	0.0121695
1.47	1.6	0.0147184
1.47	1.61	0.0174678
1.47	1.62	0.0204175
1.47	1.63	0.0235677
1.47	1.64	0.0269182
1.47	1.65	0.0304692
1.47	1.66	0.0342204
1.47	1.67	0.0381721
1.47	1.68	0.042324
1.47	1.69	0.0466763
1.47	1.7	0.0512289
1.47	1.71	0.0559818
1.47	1.72	0.060935
1.47	1.73	0.0660885
1.47	1.74	0.0714422
1.47	1.75	0.0769962
1.47	1.76	0.0827505
1.47	1.77	0.088705
1.47	1.78	0.0948597
1.47	1.79	0.101215
1.47	1.8	0.10777
1.47	1.81	0.114525
1.47	1.82	0.121481
1.47	1.83	0.128636
1.47	1.84	0.135992
1.47	1.85	0.143548
1.47	1.86	0.151305
1.47	1.87	0.159261
1.47	1.88	0.167417
1.47	1.89	0.175774
1.47	1.9	0.18433
1.47	1.91	0.193087
1.47	1.92	0.202044
1.47	1.93	0.211201
1.47	1.94	0.220558
1.47	1.95	0.230115
1.47	1.96	0.239872
1.47	1.97	0.249829
1.47	1.98	0.259986
1.47	1.99	0.270343
1.47	2	0.2809
1.475	0	2.17563
1.475	0.01	2.14616
1.475	0.02	2.11689
1.475	0.03	2.08782
1.475	0.04	2.05895
1.475	0.05	2.03028
1.475	0.06	2.00181
1.475	0.07	1.97354
1.475	0.08	1.94548
1.475	0.09	1.91761
1.475	0.1	1.88994
1.475	0.11	1.86247
1.475	0.12	1.8352
1.475	0.13	1.80814
1.475	0.14	1.78127
1.475	0.15	1.7546
1.475	0.16	1.72814
1.475	0.17	1.70187
1.475	0.18	1.67581
1.475	0.19	1.64994
1.475	0.2	1.62428
1.475	0.21	1.59881
1.475	0.22	1.57355
1.475	0.23	1.54848
1.475	0.24	1.52362
1.475	0.25	1.49896
1.475	0.26	1.4745
1.475	0.27	1.45024
1.475	0.28	1.42618
1.475	0.29	1.40232
1.475	0.3	1.37866
1.475	0.31	1.3552
1.475	0.32	1.33194
1.475	0.33	1.30888
1.475	0.34	1.28602
1.475	0.35	1.26337
1.475	0.36	1.24091
1.475	0.37	1.21866
1.475	0.38	1.1966
1.475	0.39	1.17475
1.475	0.4	1.1531
1.475	0.41	1.13164
1.475	0.42	1.11039
1.475	0.43	1.08934
1.475	0.44	1.06849
1.475	0.45	1.04784
1.475	0.46	1.02739
1.475	0.47	1.00715
1.475	0.48	0.9871
1.475	0.49	0.967255
1.475	0.5	0.94761
1.475	0.51	0.928166
1.475	0.52	0.908923
1.475	0.53	0.889881
1.475	0.54	0.87104
1.475	0.55	0.8524
1.475	0.56	0.83396
1.475	0.57	0.815722
1.475	0.58	0.797684
1.475	0.59	0.779848
1.475	0.6	0.762212
1.475	0.61	0.744778
1.475	0.62	0.727544
1.475	0.63	0.710511
1.475	0.64	0.69368
1.475	0.65	0.677049
1.475	0.66	0.660619
1.475	0.67	0.644391
1.475	0.68	0.628363
1.475	0.69	0.612536
1.475	0.7	0.596911
1.475	0.71	0.581486
1.475	0.72	0.566262
1.475	0.73	0.55124
1.475	0.74	0.536418
1.475	0.75	0.521798
1.475	0.76	0.507378
1.475	0.77	0.49316
1.475	0.78	0.479142
1.475	0.79	0.465326
1.475	0.8	0.451711
1.475	0.81	0.438296
1.475	0.82	0.425083
1.475	0.83	0.412071
1.475	0.84	0.39926
1.475	0.85	0.38665
1.475	0.86	0.37424
1.475	0.87	0.362032
1.475	0.88	0.350025
1.475	0.89	0.338219
1.475	0.9	0.326614
1.475	0.91	0.31521
1.475	0.92	0.304007
1.475	0.93	0.293005
1.475	0.94	0.282204
1.475	0.95	0.271605
1.475	0.96	0.261206
1.475	0.97	0.251008
1.475	0.98	0.241011
1.475	0.99	0.231215
1.475	1	0.22162
1.475	1.01	0.212226
1.475	1.02	0.203033
1.475	1.03	0.194041
1.475	1.04	0.18525
1.475	1.05	0.17666
1.475	1.06	0.16827
1.475	1.07	0.160082
1.475	1.08	0.152095
1.475	1.09	0.144309
1.475	1.1	0.136723
1.475	1.11	0.129339
1.475	1.12	0.122155
1.475	1.13	0.115173
1.475	1.14	0.108391
1.475	1.15	0.10181
1.475	1.16	0.0954304
1.475	1.17	0.0892514
1.475	1.18	0.0832733
1.475	1.19	0.077496
1.475	1.2	0.0719195
1.475	1.21	0.0665439
1.475	1.22	0.0613691
1.475	1.23	0.0563952
1.475	1.24	0.051622
1.475	1.25	0.0470496
1.475	1.26	0.0426781
1.475	1.27	0.0385073
1.475	1.28	0.0345373
1.475	1.29	0.030768
1.475	1.3	0.0271995
1.475	1.31	0.0238317
1.475	1.32	0.0206647
1.475	1.33	0.0176983
1.475	1.34	0.0149327
1.475	1.35	0.0123678
1.475	1.36	0.0100036
1.475	1.37	0.00784001
1.475	1.38	0.00587712
1.475	1.39	0.00411488
1.475	1.4	0.00255329
1.475	1.41	0.00119233
1.475	1.42	3.19983e-05
1.475	1.43	-0.000927723
1.475	1.44	-0.00168684
1.475	1.45	-0.00224537
1.475	1.46	-0.00260332
1.475	1.47	-0.0027607
1.475	1.48	-0.00271752
1.475	1.49	-0.00247379
1.475	1.5	-0.00202953
1.475	1.51	-0.00138474
1.475	1.52	-0.000539435
1.475	1.53	0.00050637
1.475	1.54	0.00175267
1.475	1.55	0.00319945
1.475	1.56	0.0048467
1.475	1.57	0.0066944
1.475	1.58	0.00874256
1.475	1.59	0.0109911
1.475	1.6	0.0134402
1.475	1.61	0.0160896
1.475	1.62	0.0189394
1.475	1.63	0.0219897
1.475	1.64	0.0252403
1.475	1.65	0.0286913
1.475	1.66	0.0323426
1.475	1.67	0.0361943
1.475	1.68	0.0402464
1.475	1.69	0.0444987
1.475	1.7	0.0489514
1.475	1.71	0.0536044
1.475	1.72	0.0584577
1.475	1.73	0.0635112
1.475	1.74	0.0687651
1.475	1.75	0.0742192
1.475	1.76	0.0798735
1.475	1.77	0.0857281
1.475	1.78	0.0917829
1.475	1.79	0.0980379
1.475	1.8	0.104493
1.475	1.81	0.111149
1.475	1.82	0.118004
1.475	1.83	0.12506
1.475	1.84	0.132316
1.475	1.85	0.139772
1.475	1.86	0.147428
1.475	1.87	0.155285
1.475	1.88	0.163341
1.475	1.89	0.171598
1.475	1.9	0.180055
1.475	1.91	0.188711
1.475	1.92	0.197568
1.475	1.93	0.206625
1.475	1.94	0.215882
1.475	1.95	0.225339
1.475	1.96	0.234996
1.475	1.97	0.244854
1.475	1.98	0.254911
1.475	1.99	0.265168
1.475	2	0.275625
1.48	0	2.1904
1.48	0.01	2.16083
1.48	0.02	2.13146
1.48	0.03	2.10229
1.48	0.04	2.07332
1.48	0.05	2.04456
1.48	0.06	2.01599
1.48	0.07	1.98762
1.48	0.08	1.95945
1.48	0.09	1.93148
1.48	0.1	1.90371
1.48	0.11	1.87615
1.48	0.12	1.84878
1.48	0.13	1.82161
1.48	0.14	1.79464
1.48	0.15	1.76788
1.48	0.16	1.74131
1.48	0.17	1.71495
1.48	0.18	1.68878
1.48	0.19	1.66281
1.48	0.2	1.63705
1.48	0.21	1.61149
1.48	0.22	1.58612
1.48	0.23	1.56096
1.48	0.24	1.53599
1.48	0.25	1.51123
1.48	0.26	1.48667
1.48	0.27	1.46231
1.48	0.28	1.43815
1.48	0.29	1.41419
1.48	0.3	1.39043
1.48	0.31	1.36687
1.48	0.32	1.34351
1.48	0.33	1.32035
1.48	0.34	1.2974
1.48	0.35	1.27464
1.48	0.36	1.25208
1.48	0.37	1.22973
1.48	0.38	1.20757
1.48	0.39	1.18562
1.48	0.4	1.16387
1.48	0.41	1.14231
1.48	0.42	1.12096
1.48	0.43	1.09981
1.48	0.44	1.07886
1.48	0.45	1.05811
1.48	0.46	1.03757
1.48	0.47	1.01722
1.48	0.48	0.997072
1.48	0.49	0.977126
1.48	0.5	0.957381
1.48	0.51	0.937837
1.48	0.52	0.918494
1.48	0.53	0.899352
1.48	0.54	0.880411
1.48	0.55	0.861671
1.48	0.56	0.843131
1.48	0.57	0.824793
1.48	0.58	0.806655
1.48	0.59	0.788719
1.48	0.6	0.770983
1.48	0.61	0.753448
1.48	0.62	0.736115
1.48	0.63	0.718982
1.48	0.64	0.70205
1.48	0.65	0.68532
1.48	0.66	0.66879
1.48	0.67	0.652461
1.48	0.68	0.636333
1.48	0.69	0.620407
1.48	0.7	0.604681
1.48	0.71	0.589156
1.48	0.72	0.573833
1.48	0.73	0.55871
1.48	0.74	0.543789
1.48	0.75	0.529068
1.48	0.76	0.514549
1.48	0.77	0.50023
1.48	0.78	0.486113
1.48	0.79	0.472196
1.48	0.8	0.458481
1.48	0.81	0.444967
1.48	0.82	0.431653
1.48	0.83	0.418541
1.48	0.84	0.40563
1.48	0.85	0.39292
1.48	0.86	0.380411
1.48	0.87	0.368102
1.48	0.88	0.355995
1.48	0.89	0.344089
1.48	0.9	0.332384
1.48	0.91	0.32088
1.48	0.92	0.309577
1.48	0.93	0.298475
1.48	0.94	0.287575
1.48	0.95	0.276875
1.48	0.96	0.266376
1.48	0.97	0.256078
1.48	0.98	0.245981
1.48	0.99	0.236085
1.48	1	0.22639
1.48	1.01	0.216896
1.48	1.02	0.207603
1.48	1.03	0.198511
1.48	1.04	0.18962
1.48	1.05	0.18093
1.48	1.06	0.172441
1.48	1.07	0.164153
1.48	1.08	0.156066
1.48	1.09	0.14818
1.48	1.1	0.140494
1.48	1.11	0.13301
1.48	1.12	0.125727
1.48	1.13	0.118644
1.48	1.14	0.111762
1.48	1.15	0.105082
1.48	1.16	0.0986017
1.48	1.17	0.0923227
1.48	1.18	0.0862445
1.48	1.19	0.0803673
1.48	1.2	0.0746908
1.48	1.21	0.0692153
1.48	1.22	0.0639405
1.48	1.23	0.0588665
1.48	1.24	0.0539934
1.48	1.25	0.0493211
1.48	1.26	0.0448495
1.48	1.27	0.0405788
1.48	1.28	0.0365088
1.48	1.29	0.0326396
1.48	1.3	0.0289711
1.48	1.31	0.0255033
1.48	1.32	0.0222363
1.48	1.33	0.01917
1.48	1.34	0.0163044
1.48	1.35	0.0136395
1.48	1.36	0.0111753
1.48	1.37	0.00891182
1.48	1.38	0.00684897
1.48	1.39	0.00498677
1.48	1.4	0.00332521
1.48	1.41	0.00186429
1.48	1.42	0.000603998
1.48	1.43	-0.000455684
1.48	1.44	-0.00131476
1.48	1.45	-0.00197325
1.48	1.46	-0.00243116
1.48	1.47	-0.00268849
1.48	1.48	-0.00274527
1.48	1.49	-0.0026015
1.48	1.5	-0.00225719
1.48	1.51	-0.00171236
1.48	1.52	-0.000967009
1.48	1.53	-2.11574e-05
1.48	1.54	0.00112519
1.48	1.55	0.00247201
1.48	1.56	0.00401931
1.48	1.57	0.00576707
1.48	1.58	0.00771527
1.48	1.59	0.00986391
1.48	1.6	0.012213
1.48	1.61	0.0147625
1.48	1.62	0.0175123
1.48	1.63	0.0204626
1.48	1.64	0.0236133
1.48	1.65	0.0269644
1.48	1.66	0.0305158
1.48	1.67	0.0342675
1.48	1.68	0.0382196
1.48	1.69	0.042372
1.48	1.7	0.0467247
1.48	1.71	0.0512778
1.48	1.72	0.0560311
1.48	1.73	0.0609847
1.48	1.74	0.0661386
1.48	1.75	0.0714928
1.48	1.76	0.0770472
1.48	1.77	0.0828018
1.48	1.78	0.0887567
1.48	1.79	0.0949117
1.48	1.8	0.101267
1.48	1.81	0.107823
1.48	1.82	0.114578
1.48	1.83	0.121534
1.48	1.84	0.12869
1.48	1.85	0.136046
1.48	1.86	0.143603
1.48	1.87	0.151359
1.48	1.88	0.159316
1.48	1.89	0.167472
1.48	1.9	0.175829
1.48	1.91	0.184386
1.48	1.92	0.193143
1.48	1.93	0.2021
1.48	1.94	0.211257
1.48	1.95	0.220614
1.48	1.96	0.230171
1.48	1.97	0.239928
1.48	1.98	0.249886
1.48	1.99	0.260043
1.48	2	0.2704
1.485	0	2.20522
1.485	0.01	2.17556
1.485	0.02	2.14609
1.485	0.03	2.11682
1.485	0.04	2.08775
1.485	0.05	2.05888
1.485	0.06	2.03021
1.485	0.07	2.00174
1.485	0.08	1.97347
1.485	0.09	1.94541
1.485	0.1	1.91754
1.485	0.11	1.88987
1.485	0.12	1.8624
1.485	0.13	1.83514
1.485	0.14	1.80807
1.485	0.15	1.7812
1.485	0.16	1.75454
1.485	0.17	1.72807
1.485	0.18	1.7018
1.485	0.19	1.67574
1.485	0.2	1.64987
1.485	0.21	1.62421
1.485	0.22	1.59875
1.485	0.23	1.57348
1.485	0.24	1.54842
1.485	0.25	1.52356
1.485	0.26	1.49889
1.485	0.27	1.47443
1.485	0.28	1.45017
1.485	0.29	1.42611
1.485	0.3	1.40225
1.485	0.31	1.37859
1.485	0.32	1.35513
1.485	0.33	1.33188
1.485	0.34	1.30882
1.485	0.35	1.28596
1.485	0.36	1.26331
1.485	0.37	1.24085
1.485	0.38	1.2186
1.485	0.39	1.19654
1.485	0.4	1.17469
1.485	0.41	1.15304
1.485	0.42	1.13159
1.485	0.43	1.11034
1.485	0.44	1.08929
1.485	0.45	1.06844
1.485	0.46	1.04779
1.485	0.47	1.02734
1.485	0.48	1.00709
1.485	0.49	0.987049
1.485	0.5	0.967204
1.485	0.51	0.94756
1.485	0.52	0.928117
1.485	0.53	0.908875
1.485	0.54	0.889834
1.485	0.55	0.870993
1.485	0.56	0.852354
1.485	0.57	0.833915
1.485	0.58	0.815678
1.485	0.59	0.797641
1.485	0.6	0.779806
1.485	0.61	0.762171
1.485	0.62	0.744737
1.485	0.63	0.727504
1.485	0.64	0.710473
1.485	0.65	0.693642
1.485	0.66	0.677012
1.485	0.67	0.660584
1.485	0.68	0.644356
1.485	0.69	0.628329
1.485	0.7	0.612503
1.485	0.71	0.596879
1.485	0.72	0.581455
1.485	0.73	0.566232
1.485	0.74	0.551211
1.485	0.75	0.53639
1.485	0.76	0.521771
1.485	0.77	0.507352
1.485	0.78	0.493135
1.485	0.79	0.479118
1.485	0.8	0.465303
1.485	0.81	0.451689
1.485	0.82	0.438275
1.485	0.83	0.425063
1.485	0.84	0.412052
1.485	0.85	0.399242
1.485	0.86	0.386633
1.485	0.87	0.374225
1.485	0.88	0.362017
1.485	0.89	0.350011
1.485	0.9	0.338206
1.485	0.91	0.326602
1.485	0.92	0.315199
1.485	0.93	0.303998
1.485	0.94	0.292997
1.485	0.95	0.282197
1.485	0.96	0.271598
1.485	0.97	0.2612
1.485	0.98	0.251003
1.485	0.99	0.241007
1.485	1	0.231212
1.485	1.01	0.221618
1.485	1.02	0.212225
1.485	1.03	0.203033
1.485	1.04	0.194042
1.485	1.05	0.185252
1.485	1.06	0.176663
1.485	1.07	0.168275
1.485	1.08	0.160088
1.485	1.09	0.152102
1.485	1.1	0.144316
1.485	1.11	0.136732
1.485	1.12	0.129349
1.485	1.13	0.122166
1.485	1.14	0.115184
1.485	1.15	0.108404
1.485	1.16	0.101824
1.485	1.17	0.0954449
1.485	1.18	0.0892668
1.485	1.19	0.0832895
1.485	1.2	0.0775131
1.485	1.21	0.0719375
1.485	1.22	0.0665628
1.485	1.23	0.0613888
1.485	1.24	0.0564157
1.485	1.25	0.0516434
1.485	1.26	0.0470719
1.485	1.27	0.0427011
1.485	1.28	0.0385312
1.485	1.29	0.034562
1.485	1.3	0.0307935
1.485	1.31	0.0272258
1.485	1.32	0.0238588
1.485	1.33	0.0206925
1.485	1.34	0.017727
1.485	1.35	0.0149621
1.485	1.36	0.0123979
1.485	1.37	0.0100344
1.485	1.38	0.00787159
1.485	1.39	0.00590942
1.485	1.4	0.00414789
1.485	1.41	0.002587
1.485	1.42	0.00122674
1.485	1.43	6.7083e-05
1.485	1.44	-0.000891966
1.485	1.45	-0.00165042
1.485	1.46	-0.0022083
1.485	1.47	-0.0025656
1.485	1.48	-0.00272234
1.485	1.49	-0.00267854
1.485	1.5	-0.0024342
1.485	1.51	-0.00198933
1.485	1.52	-0.00134395
1.485	1.53	-0.000498064
1.485	1.54	0.000548316
1.485	1.55	0.00179518
1.485	1.56	0.00324251
1.485	1.57	0.0048903
1.485	1.58	0.00673854
1.485	1.59	0.00878722
1.485	1.6	0.0110363
1.485	1.61	0.0134858
1.485	1.62	0.0161358
1.485	1.63	0.0189861
1.485	1.64	0.0220368
1.485	1.65	0.0252879
1.485	1.66	0.0287393
1.485	1.67	0.0323911
1.485	1.68	0.0362433
1.485	1.69	0.0402957
1.485	1.7	0.0445485
1.485	1.71	0.0490016
1.485	1.72	0.0536549
1.485	1.73	0.0585086
1.485	1.74	0.0635625
1.485	1.75	0.0688167
1.485	1.76	0.0742711
1.485	1.77	0.0799258
1.485	1.78	0.0857807
1.485	1.79	0.0918359
1.485	1.8	0.0980912
1.485	1.81	0.104547
1.485	1.82	0.111202
1.485	1.83	0.118058
1.485	1.84	0.125114
1.485	1.85	0.132371
1.485	1.86	0.139827
1.485	1.87	0.147483
1.485	1.88	0.15534
1.485	1.89	0.163397
1.485	1.9	0.171654
1.485	1.91	0.18011
1.485	1.92	0.188767
1.485	1.93	0.197625
1.485	1.94	0.206682
1.485	1.95	0.215939
1.485	1.96	0.225396
1.485	1.97	0.235053
1.485	1.98	0.24491
1.485	1.99	0.254968
1.485	2	0.265225
1.49	0	2.2201
1.49	0.01	2.19033
1.49	0.02	2.16076
1.49	0.03	2.13139
1.49	0.04	2.10222
1.49	0.05	2.07325
1.49	0.06	2.04449
1.49	0.07	2.01592
1.49	0.08	1.98755
1.49	0.09	1.95938
1.49	0.1	1.93141
1.49	0.11	1.90364
1.49	0.12	1.87608
1.49	0.13	1.84871
1.49	0.14	1.82154
1.49	0.15	1.79458
1.49	0.16	1.76781
1.49	0.17	1.74124
1.49	0.18	1.71488
1.49	0.19	1.68871
1.49	0.2	1.66275
1.49	0.21	1.63698
1.49	0.22	1.61142
1.49	0.23	1.58606
1.49	0.24	1.56089
1.49	0.25	1.53593
1.49	0.26	1.51117
1.49	0.27	1.48661
1.49	0.28	1.46225
1.49	0.29	1.43809
1.49	0.3	1.41413
1.49	0.31	1.39037
1.49	0.32	1.36681
1.49	0.33	1.34345
1.49	0.34	1.32029
1.49	0.35	1.29734
1.49	0.36	1.27458
1.49	0.37	1.25202
1.49	0.38	1.22967
1.49	0.39	1.20752
1.49	0.4	1.18556
1.49	0.41	1.16381
1.49	0.42	1.14226
1.49	0.43	1.12091
1.49	0.44	1.09976
1.49	0.45	1.07881
1.49	0.46	1.05806
1.49	0.47	1.03751
1.49	0.48	1.01717
1.49	0.49	0.997022
1.49	0.5	0.977077
1.49	0.51	0.957333
1.49	0.52	0.93779
1.49	0.53	0.918448
1.49	0.54	0.899306
1.49	0.55	0.880366
1.49	0.56	0.861626
1.49	0.57	0.843088
1.49	0.58	0.82475
1.49	0.59	0.806614
1.49	0.6	0.788678
1.49	0.61	0.770943
1.49	0.62	0.75341
1.49	0.63	0.736077
1.49	0.64	0.718945
1.49	0.65	0.702014
1.49	0.66	0.685285
1.49	0.67	0.668756
1.49	0.68	0.652428
1.49	0.69	0.636301
1.49	0.7	0.620376
1.49	0.71	0.604651
1.49	0.72	0.589127
1.49	0.73	0.573805
1.49	0.74	0.558683
1.49	0.75	0.543762
1.49	0.76	0.529043
1.49	0.77	0.514524
1.49	0.78	0.500207
1.49	0.79	0.486091
1.49	0.8	0.472175
1.49	0.81	0.458461
1.49	0.82	0.444948
1.49	0.83	0.431635
1.49	0.84	0.418524
1.49	0.85	0.405614
1.49	0.86	0.392905
1.49	0.87	0.380397
1.49	0.88	0.36809
1.49	0.89	0.355983
1.49	0.9	0.344078
1.49	0.91	0.332374
1.49	0.92	0.320872
1.49	0.93	0.30957
1.49	0.94	0.298469
1.49	0.95	0.287569
1.49	0.96	0.27687
1.49	0.97	0.266372
1.49	0.98	0.256075
1.49	0.99	0.245979
1.49	1	0.236084
1.49	1.01	0.22639
1.49	1.02	0.216897
1.49	1.03	0.207605
1.49	1.04	0.198514
1.49	1.05	0.189624
1.49	1.06	0.180935
1.49	1.07	0.172447
1.49	1.08	0.16416
1.49	1.09	0.156074
1.49	1.1	0.148189
1.49	1.11	0.140504
1.49	1.12	0.133021
1.49	1.13	0.125738
1.49	1.14	0.118657
1.49	1.15	0.111776
1.49	1.16	0.105096
1.49	1.17	0.0986171
1.49	1.18	0.092339
1.49	1.19	0.0862617
1.49	1.2	0.0803853
1.49	1.21	0.0747098
1.49	1.22	0.069235
1.49	1.23	0.0639611
1.49	1.24	0.058888
1.49	1.25	0.0540157
1.49	1.26	0.0493442
1.49	1.27	0.0448735
1.49	1.28	0.0406036
1.49	1.29	0.0365344
1.49	1.3	0.0326659
1.49	1.31	0.0289982
1.49	1.32	0.0255313
1.49	1.33	0.022265
1.49	1.34	0.0191995
1.49	1.35	0.0163347
1.49	1.36	0.0136705
1.49	1.37	0.011207
1.49	1.38	0.00894424
1.49	1.39	0.00688209
1.49	1.4	0.00502059
1.49	1.41	0.00335973
1.49	1.42	0.0018995
1.49	1.43	0.000639873
1.49	1.44	-0.000419145
1.49	1.45	-0.00127757
1.49	1.46	-0.00193541
1.49	1.47	-0.00239268
1.49	1.48	-0.0026494
1.49	1.49	-0.00270556
1.49	1.5	-0.00256118
1.49	1.51	-0.00221628
1.49	1.52	-0.00167087
1.49	1.53	-0.000924946
1.49	1.54	2.14683e-05
1.49	1.55	0.00116837
1.49	1.56	0.00251573
1.49	1.57	0.00406356
1.49	1.58	0.00581184
1.49	1.59	0.00776055
1.49	1.6	0.00990969
1.49	1.61	0.0122593
1.49	1.62	0.0148092
1.49	1.63	0.0175596
1.49	1.64	0.0205103
1.49	1.65	0.0236615
1.49	1.66	0.0270129
1.49	1.67	0.0305648
1.49	1.68	0.0343169
1.49	1.69	0.0382694
1.49	1.7	0.0424222
1.49	1.71	0.0467754
1.49	1.72	0.0513288
1.49	1.73	0.0560825
1.49	1.74	0.0610364
1.49	1.75	0.0661907
1.49	1.76	0.0715451
1.49	1.77	0.0770999
1.49	1.78	0.0828548
1.49	1.79	0.08881
1.49	1.8	0.0949654
1.49	1.81	0.101321
1.49	1.82	0.107877
1.49	1.83	0.114633
1.49	1.84	0.121589
1.49	1.85	0.128745
1.49	1.86	0.136101
1.49	1.87	0.143658
1.49	1.88	0.151415
1.49	1.89	0.159371
1.49	1.9	0.167528
1.49	1.91	0.175885
1.49	1.92	0.184442
1.49	1.93	0.193199
1.49	1.94	0.202156
1.49	1.95	0.211314
1.49	1.96	0.220671
1.49	1.97	0.230228
1.49	1.98	0.239985
1.49	1.99	0.249943
1.49	2	0.2601
1.495	0	2.23503
1.495	0.01	2.20516
1.495	0.02	2.17549
1.495	0.03	2.14602
1.495	0.04	2.11675
1.495	0.05	2.08768
1.495	0.06	2.05881
1.495	0.07	2.03014
1.495	0.08	2.00167
1.495	0.09	1.97341
1.495	0.1	1.94534
1.495	0.11	1.91747
1.495	0.12	1.8898
1.495	0.13	1.86233
1.495	0.14	1.83507
1.495	0.15	1.808
1.495	0.16	1.78113
1.495	0.17	1.75447
1.495	0.18	1.728
1.495	0.19	1.70174
1.495	0.2	1.67567
1.495	0.21	1.64981
1.495	0.22	1.62414
1.495	0.23	1.59868
1.495	0.24	1.57342
1.495	0.25	1.54835
1.495	0.26	1.52349
1.495	0.27	1.49883
1.495	0.28	1.47437
1.495	0.29	1.45011
1.495	0.3	1.42605
1.495	0.31	1.40219
1.495	0.32	1.37853
1.495	0.33	1.35507
1.495	0.34	1.33182
1.495	0.35	1.30876
1.495	0.36	1.2859
1.495	0.37	1.26325
1.495	0.38	1.24079
1.495	0.39	1.21854
1.495	0.4	1.19649
1.495	0.41	1.17464
1.495	0.42	1.15298
1.495	0.43	1.13153
1.495	0.44	1.11028
1.495	0.45	1.08923
1.495	0.46	1.06839
1.495	0.47	1.04774
1.495	0.48	1.02729
1.495	0.49	1.00705
1.495	0.5	0.987001
1.495	0.51	0.967157
1.495	0.52	0.947514
1.495	0.53	0.928072
1.495	0.54	0.90883
1.495	0.55	0.88979
1.495	0.56	0.870951
1.495	0.57	0.852312
1.495	0.58	0.833874
1.495	0.59	0.815638
1.495	0.6	0.797602
1.495	0.61	0.779767
1.495	0.62	0.762134
1.495	0.63	0.744701
1.495	0.64	0.727469
1.495	0.65	0.710438
1.495	0.66	0.693609
1.495	0.67	0.67698
1.495	0.68	0.660552
1.495	0.69	0.644325
1.495	0.7	0.6283
1.495	0.71	0.612475
1.495	0.72	0.596851
1.495	0.73	0.581429
1.495	0.74	0.566207
1.495	0.75	0.551187
1.495	0.76	0.536367
1.495	0.77	0.521748
1.495	0.78	0.507331
1.495	0.79	0.493115
1.495	0.8	0.479099
1.495	0.81	0.465285
1.495	0.82	0.451672
1.495	0.83	0.438259
1.495	0.84	0.425048
1.495	0.85	0.412038
1.495	0.86	0.399229
1.495	0.87	0.386621
1.495	0.88	0.374214
1.495	0.89	0.362008
1.495	0.9	0.350003
1.495	0.91	0.338199
1.495	0.92	0.326596
1.495	0.93	0.315194
1.495	0.94	0.303993
1.495	0.95	0.292993
1.495	0.96	0.282194
1.495	0.97	0.271596
1.495	0.98	0.261199
1.495	0.99	0.251003
1.495	1	0.241008
1.495	1.01	0.231214
1.495	1.02	0.221621
1.495	1.03	0.212229
1.495	1.04	0.203039
1.495	1.05	0.194048
1.495	1.06	0.185259
1.495	1.07	0.176671
1.495	1.08	0.168284
1.495	1.09	0.160098
1.495	1.1	0.152113
1.495	1.11	0.144328
1.495	1.12	0.136745
1.495	1.13	0.129362
1.495	1.14	0.122181
1.495	1.15	0.1152
1.495	1.16	0.10842
1.495	1.17	0.101841
1.495	1.18	0.095463
1.495	1.19	0.0892858
1.495	1.2	0.0833094
1.495	1.21	0.0775338
1.495	1.22	0.0719591
1.495	1.23	0.0665852
1.495	1.24	0.0614121
1.495	1.25	0.0564398
1.495	1.26	0.0516683
1.495	1.27	0.0470976
1.495	1.28	0.0427277
1.495	1.29	0.0385585
1.495	1.3	0.0345901
1.495	1.31	0.0308224
1.495	1.32	0.0272554
1.495	1.33	0.0238892
1.495	1.34	0.0207236
1.495	1.35	0.0177588
1.495	1.36	0.0149947
1.495	1.37	0.0124312
1.495	1.38	0.0100684
1.495	1.39	0.00790628
1.495	1.4	0.00594479
1.495	1.41	0.00418394
1.495	1.42	0.00262371
1.495	1.43	0.0012641
1.495	1.44	0.000105091
1.495	1.45	-0.000853324
1.495	1.46	-0.00161116
1.495	1.47	-0.00216842
1.495	1.48	-0.00252512
1.495	1.49	-0.00268127
1.495	1.5	-0.00263688
1.495	1.51	-0.00239197
1.495	1.52	-0.00194654
1.495	1.53	-0.00130061
1.495	1.54	-0.000454181
1.495	1.55	0.000592729
1.495	1.56	0.00184011
1.495	1.57	0.00328795
1.495	1.58	0.00493624
1.495	1.59	0.00678497
1.495	1.6	0.00883412
1.495	1.61	0.0110837
1.495	1.62	0.0135337
1.495	1.63	0.0161841
1.495	1.64	0.0190348
1.495	1.65	0.022086
1.495	1.66	0.0253374
1.495	1.67	0.0287893
1.495	1.68	0.0324415
1.495	1.69	0.036294
1.495	1.7	0.0403468
1.495	1.71	0.0445999
1.495	1.72	0.0490534
1.495	1.73	0.0537071
1.495	1.74	0.0585611
1.495	1.75	0.0636153
1.495	1.76	0.0688698
1.495	1.77	0.0743245
1.495	1.78	0.0799795
1.495	1.79	0.0858347
1.495	1.8	0.0918901
1.495	1.81	0.0981457
1.495	1.82	0.104601
1.495	1.83	0.111257
1.495	1.84	0.118113
1.495	1.85	0.12517
1.495	1.86	0.132426
1.495	1.87	0.139883
1.495	1.88	0.147539
1.495	1.89	0.155396
1.495	1.9	0.163453
1.495	1.91	0.17171
1.495	1.92	0.180167
1.495	1.93	0.188824
1.495	1.94	0.197681
1.495	1.95	0.206739
1.495	1.96	0.215996
1.495	1.97	0.225453
1.495	1.98	0.23511
1.495	1.99	0.244968
1.495	2	0.255025
1.5	0	2.25
1.5	0.01	2.22003
1.5	0.02	2.19026
1.5	0.03	2.16069
1.5	0.04	2.13132
1.5	0.05	2.10215
1.5	0.06	2.07319
1.5	0.07	2.04442
1.5	0.08	2.01585
1.5	0.09	1.98748
1.5	0.1	1.95931
1.5	0.11	1.93134
1.5	0.12	1.90358
1.5	0.13	1.87601
1.5	0.14	1.84864
1.5	0.15	1.82148
1.5	0.16	1.79451
1.5	0.17	1.76774
1.5	0.18	1.74118
1.5	0.19	1.71481
1.5	0.2	1.68865
1.5	0.21	1.66268
1.5	0.22	1.63692
1.5	0.23	1.61136
1.5	0.24	1.58599
1.5	0.25	1.56083
1.5	0.26	1.53587
1.5	0.27	1.51111
1.5	0.28	1.48655
1.5	0.29	1.46218
1.5	0.3	1.43802
1.5	0.31	1.41407
1.5	0.32	1.39031
1.5	0.33	1.36675
1.5	0.34	1.34339
1.5	0.35	1.32024
1.5	0.36	1.29728
1.5	0.37	1.27452
1.5	0.38	1.25197
1.5	0.39	1.22962
1.5	0.4	1.20746
1.5	0.41	1.18551
1.5	0.42	1.16376
1.5	0.43	1.14221
1.5	0.44	1.12086
1.5	0.45	1.09971
1.5	0.46	1.07876
1.5	0.47	1.05801
1.5	0.48	1.03747
1.5	0.49	1.01712
1.5	0.5	0.996976
1.5	0.51	0.977032
1.5	0.52	0.957289
1.5	0.53	0.937747
1.5	0.54	0.918405
1.5	0.55	0.899265
1.5	0.56	0.880326
1.5	0.57	0.861587
1.5	0.58	0.84305
1.5	0.59	0.824713
1.5	0.6	0.806577
1.5	0.61	0.788643
1.5	0.62	0.770909
1.5	0.63	0.753376
1.5	0.64	0.736044
1.5	0.65	0.718914
1.5	0.66	0.701984
1.5	0.67	0.685255
1.5	0.68	0.668727
1.5	0.69	0.652401
1.5	0.7	0.636275
1.5	0.71	0.62035
1.5	0.72	0.604626
1.5	0.73	0.589104
1.5	0.74	0.573782
1.5	0.75	0.558662
1.5	0.76	0.543742
1.5	0.77	0.529024
1.5	0.78	0.514506
1.5	0.79	0.50019
1.5	0.8	0.486074
1.5	0.81	0.47216
1.5	0.82	0.458447
1.5	0.83	0.444934
1.5	0.84	0.431623
1.5	0.85	0.418513
1.5	0.86	0.405604
1.5	0.87	0.392896
1.5	0.88	0.380389
1.5	0.89	0.368083
1.5	0.9	0.355978
1.5	0.91	0.344074
1.5	0.92	0.332371
1.5	0.93	0.320869
1.5	0.94	0.309568
1.5	0.95	0.298468
1.5	0.96	0.287569
1.5	0.97	0.276871
1.5	0.98	0.266374
1.5	0.99	0.256078
1.5	1	0.245983
1.5	1.01	0.236088
1.5	1.02	0.226395
1.5	1.03	0.216904
1.5	1.04	0.207613
1.5	1.05	0.198523
1.5	1.06	0.189633
1.5	1.07	0.180945
1.5	1.08	0.172458
1.5	1.09	0.164172
1.5	1.1	0.156087
1.5	1.11	0.148202
1.5	1.12	0.140519
1.5	1.13	0.133036
1.5	1.14	0.125755
1.5	1.15	0.118674
1.5	1.16	0.111794
1.5	1.17	0.105115
1.5	1.18	0.0986371
1.5	1.19	0.0923599
1.5	1.2	0.0862835
1.5	1.21	0.0804079
1.5	1.22	0.0747332
1.5	1.23	0.0692593
1.5	1.24	0.0639862
1.5	1.25	0.0589139
1.5	1.26	0.0540424
1.5	1.27	0.0493717
1.5	1.28	0.0449018
1.5	1.29	0.0406326
1.5	1.3	0.0365642
1.5	1.31	0.0326965
1.5	1.32	0.0290296
1.5	1.33	0.0255633
1.5	1.34	0.0222978
1.5	1.35	0.019233
1.5	1.36	0.0163689
1.5	1.37	0.0137054
1.5	1.38	0.0112426
1.5	1.39	0.00898049
1.5	1.4	0.00691901
1.5	1.41	0.00505817
1.5	1.42	0.00339795
1.5	1.43	0.00193835
1.5	1.44	0.00067935
1.5	1.45	-0.000379054
1.5	1.46	-0.00123688
1.5	1.47	-0.00189413
1.5	1.48	-0.00235081
1.5	1.49	-0.00260695
1.5	1.5	-0.00266256
1.5	1.51	-0.00251763
1.5	1.52	-0.00217219
1.5	1.53	-0.00162625
1.5	1.54	-0.000879807
1.5	1.55	6.71149e-05
1.5	1.56	0.00121451
1.5	1.57	0.00256236
1.5	1.58	0.00411067
1.5	1.59	0.00585941
1.5	1.6	0.00780857
1.5	1.61	0.00995816
1.5	1.62	0.0123082
1.5	1.63	0.0148585
1.5	1.64	0.0176093
1.5	1.65	0.0205605
1.5	1.66	0.023712
1.5	1.67	0.0270638
1.5	1.68	0.030616
1.5	1.69	0.0343686
1.5	1.7	0.0383214
1.5	1.71	0.0424745
1.5	1.72	0.046828
1.5	1.73	0.0513817
1.5	1.74	0.0561357
1.5	1.75	0.06109
1.5	1.76	0.0662445
1.5	1.77	0.0715992
1.5	1.78	0.0771542
1.5	1.79	0.0829094
1.5	1.8	0.0888648
1.5	1.81	0.0950204
1.5	1.82	0.101376
1.5	1.83	0.107932
1.5	1.84	0.114688
1.5	1.85	0.121645
1.5	1.86	0.128801
1.5	1.87	0.136158
1.5	1.88	0.143714
1.5	1.89	0.151471
1.5	1.9	0.159428
1.5	1.91	0.167585
1.5	1.92	0.175942
1.5	1.93	0.184499
1.5	1.94	0.193256
1.5	1.95	0.202213
1.5	1.96	0.211371
1.5	1.97	0.220728
1.5	1.98	0.230285
1.5	1.99	0.240043
1.5	2	0.25
1.505	0	2.26502
1.505	0.01	2.23496
1.505	0.02	2.20509
1.505	0.03	2.17542
1.505	0.04	2.14595
1.505	0.05	2.11668
1.505	0.06	2.08761
1.505	0.07	2.05874
1.505	0.08	2.03007
1.505	0.09	2.00161
1.505	0.1	1.97334
1.505	0.11	1.94527
1.505	0.12	1.9174
1.505	0.13	1.88973
1.505	0.14	1.86227
1.505	0.15	1.835
1.505	0.16	1.80793
1.505	0.17	1.78107
1.505	0.18	1.7544
1.505	0.19	1.72794
1.505	0.2	1.70167
1.505	0.21	1.67561
1.505	0.22	1.64974
1.505	0.23	1.62408
1.505	0.24	1.59862
1.505	0.25	1.57335
1.505	0.26	1.54829
1.505	0.27	1.52343
1.505	0.28	1.49877
1.505	0.29	1.47431
1.505	0.3	1.45005
1.505	0.31	1.42599
1.505	0.32	1.40213
1.505	0.33	1.37847
1.505	0.34	1.35502
1.505	0.35	1.33176
1.505	0.36	1.3087
1.505	0.37	1.28585
1.505	0.38	1.26319
1.505	0.39	1.24074
1.505	0.4	1.21849
1.505	0.41	1.19644
1.505	0.42	1.17458
1.505	0.43	1.15293
1.505	0.44	1.13148
1.505	0.45	1.11023
1.505	0.46	1.08919
1.505	0.47	1.06834
1.505	0.48	1.04769
1.505	0.49	1.02725
1.505	0.5	1.007
1.505	0.51	0.986957
1.505	0.52	0.967114
1.505	0.53	0.947472
1.505	0.54	0.928031
1.505	0.55	0.90879
1.505	0.56	0.889751
1.505	0.57	0.870912
1.505	0.58	0.852275
1.505	0.59	0.833838
1.505	0.6	0.815602
1.505	0.61	0.797568
1.505	0.62	0.779734
1.505	0.63	0.762101
1.505	0.64	0.744669
1.505	0.65	0.727439
1.505	0.66	0.710409
1.505	0.67	0.69358
1.505	0.68	0.676952
1.505	0.69	0.660526
1.505	0.7	0.6443
1.505	0.71	0.628275
1.505	0.72	0.612451
1.505	0.73	0.596829
1.505	0.74	0.581407
1.505	0.75	0.566187
1.505	0.76	0.551167
1.505	0.77	0.536349
1.505	0.78	0.521731
1.505	0.79	0.507315
1.505	0.8	0.493099
1.505	0.81	0.479085
1.505	0.82	0.465272
1.505	0.83	0.451659
1.505	0.84	0.438248
1.505	0.85	0.425038
1.505	0.86	0.412029
1.505	0.87	0.399221
1.505	0.88	0.386614
1.505	0.89	0.374208
1.505	0.9	0.362003
1.505	0.91	0.349999
1.505	0.92	0.338196
1.505	0.93	0.326594
1.505	0.94	0.315193
1.505	0.95	0.303993
1.505	0.96	0.292994
1.505	0.97	0.282196
1.505	0.98	0.271599
1.505	0.99	0.261203
1.505	1	0.251008
1.505	1.01	0.241014
1.505	1.02	0.231222
1.505	1.03	0.22163
1.505	1.04	0.212239
1.505	1.05	0.203049
1.505	1.06	0.194059
1.505	1.07	0.185271
1.505	1.08	0.176684
1.505	1.09	0.168298
1.505	1.1	0.160113
1.505	1.11	0.152128
1.505	1.12	0.144345
1.505	1.13	0.136762
1.505	1.14	0.129381
1.505	1.15	0.1222
1.505	1.16	0.11522
1.505	1.17	0.108441
1.505	1.18	0.101863
1.505	1.19	0.0954858
1.505	1.2	0.0893094
1.505	1.21	0.0833338
1.505	1.22	0.0775591
1.505	1.23	0.0719852
1.505	1.24	0.0666121
1.505	1.25	0.0614398
1.505	1.26	0.0564683
1.505	1.27	0.0516976
1.505	1.28	0.0471276
1.505	1.29	0.0427584
1.505	1.3	0.03859
1.505	1.31	0.0346223
1.505	1.32	0.0308553
1.505	1.33	0.0272891
1.505	1.34	0.0239236
1.505	1.35	0.0207587
1.505	1.36	0.0177946
1.505	1.37	0.0150311
1.505	1.38	0.0124684
1.505	1.39	0.0101062
1.505	1.4	0.00794473
1.505	1.41	0.00598387
1.505	1.42	0.00422365
1.505	1.43	0.00266403
1.505	1.44	0.00130503
1.505	1.45	0.000146611
1.505	1.46	-0.00081122
1.505	1.47	-0.00156848
1.505	1.48	-0.00212518
1.505	1.49	-0.00248133
1.505	1.5	-0.00263694
1.505	1.51	-0.00259203
1.505	1.52	-0.0023466
1.505	1.53	-0.00190066
1.505	1.54	-0.00125423
1.505	1.55	-0.000407323
1.505	1.56	0.000640061
1.505	1.57	0.0018879
1.505	1.58	0.0033362
1.505	1.59	0.00498493
1.505	1.6	0.00683409
1.505	1.61	0.00888366
1.505	1.62	0.0111336
1.505	1.63	0.013584
1.505	1.64	0.0162348
1.505	1.65	0.0190859
1.505	1.66	0.0221374
1.505	1.67	0.0253893
1.505	1.68	0.0288415
1.505	1.69	0.032494
1.505	1.7	0.0363468
1.505	1.71	0.0403999
1.505	1.72	0.0446534
1.505	1.73	0.0491071
1.505	1.74	0.0537611
1.505	1.75	0.0586153
1.505	1.76	0.0636698
1.505	1.77	0.0689245
1.505	1.78	0.0743795
1.505	1.79	0.0800347
1.505	1.8	0.0858901
1.505	1.81	0.0919457
1.505	1.82	0.0982014
1.505	1.83	0.104657
1.505	1.84	0.111314
1.505	1.85	0.11817
1.505	1.86	0.125226
1.505	1.87	0.132483
1.505	1.88	0.139939
1.505	1.89	0.147596
1.505	1.9	0.155453
1.505	1.91	0.16351
1.505	1.92	0.171767
1.505	1.93	0.180224
1.505	1.94	0.188881
1.505	1.95	0.197739
1.505	1.96	0.206796
1.505	1.97	0.216053
1.505	1.98	0.22551
1.505	1.99	0.235168
1.505	2	0.245025
1.51	0	2.2801
1.51	0.01	2.24993
1.51	0.02	2.21996
1.51	0.03	2.19019
1.51	0.04	2.16062
1.51	0.05	2.13125
1.51	0.06	2.10209
1.51	0.07	2.07312
1.51	0.08	2.04435
1.51	0.09	2.01578
1.51	0.1	1.98741
1.51	0.11	1.95924
1.51	0.12	1.93128
1.51	0.13	1.90351
1.51	0.14	1.87594
1.51	0.15	1.84858
1.51	0.16	1.82141
1.51	0.17	1.79444
1.51	0.18	1.76768
1.51	0.19	1.74111
1.51	0.2	1.71475
1.51	0.21	1.68858
1.51	0.22	1.66262
1.51	0.23	1.63686
1.51	0.24	1.61129
1.51	0.25	1.58593
1.51	0.26	1.56077
1.51	0.27	1.53581
1.51	0.28	1.51105
1.51	0.29	1.48649
1.51	0.3	1.46213
1.51	0.31	1.43797
1.51	0.32	1.41401
1.51	0.33	1.39025
1.51	0.34	1.36669
1.51	0.35	1.34334
1.51	0.36	1.32018
1.51	0.37	1.29723
1.51	0.38	1.27447
1.51	0.39	1.25192
1.51	0.4	1.22956
1.51	0.41	1.20741
1.51	0.42	1.18546
1.51	0.43	1.16371
1.51	0.44	1.14216
1.51	0.45	1.12081
1.51	0.46	1.09966
1.51	0.47	1.07871
1.51	0.48	1.05797
1.51	0.49	1.03742
1.51	0.5	1.01708
1.51	0.51	0.996934
1.51	0.52	0.976991
1.51	0.53	0.957248
1.51	0.54	0.937707
1.51	0.55	0.918367
1.51	0.56	0.899227
1.51	0.57	0.880289
1.51	0.58	0.861551
1.51	0.59	0.843015
1.51	0.6	0.824679
1.51	0.61	0.806544
1.51	0.62	0.788611
1.51	0.63	0.770878
1.51	0.64	0.753346
1.51	0.65	0.736015
1.51	0.66	0.718886
1.51	0.67	0.701957
1.51	0.68	0.685229
1.51	0.69	0.668702
1.51	0.7	0.652377
1.51	0.71	0.636252
1.51	0.72	0.620328
1.51	0.73	0.604606
1.51	0.74	0.589084
1.51	0.75	0.573764
1.51	0.76	0.558644
1.51	0.77	0.543725
1.51	0.78	0.529008
1.51	0.79	0.514492
1.51	0.8	0.500176
1.51	0.81	0.486062
1.51	0.82	0.472149
1.51	0.83	0.458436
1.51	0.84	0.444925
1.51	0.85	0.431615
1.51	0.86	0.418506
1.51	0.87	0.405598
1.51	0.88	0.392891
1.51	0.89	0.380385
1.51	0.9	0.36808
1.51	0.91	0.355976
1.51	0.92	0.344073
1.51	0.93	0.332371
1.51	0.94	0.32087
1.51	0.95	0.30957
1.51	0.96	0.298471
1.51	0.97	0.287573
1.51	0.98	0.276876
1.51	0.99	0.26638
1.51	1	0.256085
1.51	1.01	0.245991
1.51	1.02	0.236099
1.51	1.03	0.226407
1.51	1.04	0.216916
1.51	1.05	0.207626
1.51	1.06	0.198536
1.51	1.07	0.189648
1.51	1.08	0.180961
1.51	1.09	0.172475
1.51	1.1	0.16419
1.51	1.11	0.156105
1.51	1.12	0.148222
1.51	1.13	0.140539
1.51	1.14	0.133058
1.51	1.15	0.125777
1.51	1.16	0.118697
1.51	1.17	0.111818
1.51	1.18	0.10514
1.51	1.19	0.0986626
1.51	1.2	0.0923862
1.51	1.21	0.0863106
1.51	1.22	0.0804359
1.51	1.23	0.0747619
1.51	1.24	0.0692888
1.51	1.25	0.0640165
1.51	1.26	0.058945
1.51	1.27	0.0540743
1.51	1.28	0.0494043
1.51	1.29	0.0449351
1.51	1.3	0.0406666
1.51	1.31	0.0365989
1.51	1.32	0.032732
1.51	1.33	0.0290657
1.51	1.34	0.0256002
1.51	1.35	0.0223353
1.51	1.36	0.0192712
1.51	1.37	0.0164077
1.51	1.38	0.0137449
1.51	1.39	0.0112827
1.51	1.4	0.0090212
1.51	1.41	0.00696033
1.51	1.42	0.00510008
1.51	1.43	0.00344045
1.51	1.44	0.00198142
1.51	1.45	0.000722986
1.51	1.46	-0.000334866
1.51	1.47	-0.00119215
1.51	1.48	-0.00184887
1.51	1.49	-0.00230504
1.51	1.5	-0.00256067
1.51	1.51	-0.00261578
1.51	1.52	-0.00247037
1.51	1.53	-0.00212446
1.51	1.54	-0.00157805
1.51	1.55	-0.000831161
1.51	1.56	0.000116201
1.51	1.57	0.00126402
1.51	1.58	0.00261229
1.51	1.59	0.004161
1.51	1.6	0.00591014
1.51	1.61	0.00785969
1.51	1.62	0.0100097
1.51	1.63	0.01236
1.51	1.64	0.0149108
1.51	1.65	0.0176619
1.51	1.66	0.0206133
1.51	1.67	0.0237652
1.51	1.68	0.0271173
1.51	1.69	0.0306698
1.51	1.7	0.0344226
1.51	1.71	0.0383757
1.51	1.72	0.0425291
1.51	1.73	0.0468828
1.51	1.74	0.0514368
1.51	1.75	0.056191
1.51	1.76	0.0611455
1.51	1.77	0.0663002
1.51	1.78	0.0716551
1.51	1.79	0.0772103
1.51	1.8	0.0829656
1.51	1.81	0.0889212
1.51	1.82	0.0950769
1.51	1.83	0.101433
1.51	1.84	0.107989
1.51	1.85	0.114745
1.51	1.86	0.121702
1.51	1.87	0.128858
1.51	1.88	0.136215
1.51	1.89	0.143771
1.51	1.9	0.151528
1.51	1.91	0.159485
1.51	1.92	0.167642
1.51	1.93	0.175999
1.51	1.94	0.184557
1.51	1.95	0.193314
1.51	1.96	0.202271
1.51	1.97	0.211428
1.51	1.98	0.220785
1.51	1.99	0.230343
1.51	2	0.2401
1.515	0	2.29523
1.515	0.01	2.26496
1.515	0.02	2.23489
1.515	0.03	2.20502
1.515	0.04	2.17535
1.515	0.05	2.14588
1.515	0.06	2.11661
1.515	0.07	2.08754
1.515	0.08	2.05867
1.515	0.09	2.03001
1.515	0.1	2.00154
1.515	0.11	1.97327
1.515	0.12	1.9452
1.515	0.13	1.91734
1.515	0.14	1.88967
1.515	0.15	1.8622
1.515	0.16	1.83494
1.515	0.17	1.80787
1.515	0.18	1.781
1.515	0.19	1.75434
1.515	0.2	1.72787
1.515	0.21	1.70161
1.515	0.22	1.67555
1.515	0.23	1.64968
1.515	0.24	1.62402
1.515	0.25	1.59856
1.515	0.26	1.57329
1.515	0.27	1.54823
1.515	0.28	1.52337
1.515	0.29	1.49871
1.515	0.3	1.47425
1.515	0.31	1.44999
1.515	0.32	1.42593
1.515	0.33	1.40208
1.515	0.34	1.37842
1.515	0.35	1.35496
1.515	0.36	1.33171
1.515	0.37	1.30865
1.515	0.38	1.2858
1.515	0.39	1.26314
1.515	0.4	1.24069
1.515	0.41	1.21844
1.515	0.42	1.19639
1.515	0.43	1.17454
1.515	0.44	1.15289
1.515	0.45	1.13144
1.515	0.46	1.11019
1.515	0.47	1.08914
1.515	0.48	1.06829
1.515	0.49	1.04765
1.515	0.5	1.0272
1.515	0.51	1.00696
1.515	0.52	0.986917
1.515	0.53	0.967075
1.515	0.54	0.947434
1.515	0.55	0.927993
1.515	0.56	0.908754
1.515	0.57	0.889715
1.515	0.58	0.870878
1.515	0.59	0.852241
1.515	0.6	0.833806
1.515	0.61	0.815571
1.515	0.62	0.797537
1.515	0.63	0.779705
1.515	0.64	0.762073
1.515	0.65	0.744642
1.515	0.66	0.727412
1.515	0.67	0.710384
1.515	0.68	0.693556
1.515	0.69	0.676929
1.515	0.7	0.660504
1.515	0.71	0.644279
1.515	0.72	0.628255
1.515	0.73	0.612433
1.515	0.74	0.596811
1.515	0.75	0.58139
1.515	0.76	0.566171
1.515	0.77	0.551152
1.515	0.78	0.536335
1.515	0.79	0.521719
1.515	0.8	0.507303
1.515	0.81	0.493089
1.515	0.82	0.479076
1.515	0.83	0.465263
1.515	0.84	0.451652
1.515	0.85	0.438242
1.515	0.86	0.425033
1.515	0.87	0.412025
1.515	0.88	0.399218
1.515	0.89	0.386612
1.515	0.9	0.374207
1.515	0.91	0.362003
1.515	0.92	0.35
1.515	0.93	0.338198
1.515	0.94	0.326597
1.515	0.95	0.315197
1.515	0.96	0.303998
1.515	0.97	0.293
1.515	0.98	0.282203
1.515	0.99	0.271607
1.515	1	0.261212
1.515	1.01	0.251018
1.515	1.02	0.241026
1.515	1.03	0.231234
1.515	1.04	0.221643
1.515	1.05	0.212253
1.515	1.06	0.203063
1.515	1.07	0.194075
1.515	1.08	0.185288
1.515	1.09	0.176702
1.515	1.1	0.168317
1.515	1.11	0.160132
1.515	1.12	0.152149
1.515	1.13	0.144366
1.515	1.14	0.136785
1.515	1.15	0.129404
1.515	1.16	0.122224
1.515	1.17	0.115245
1.515	1.18	0.108467
1.515	1.19	0.101889
1.515	1.2	0.095513
1.515	1.21	0.0893374
1.515	1.22	0.0833627
1.515	1.23	0.0775887
1.515	1.24	0.0720156
1.515	1.25	0.0666433
1.515	1.26	0.0614717
1.515	1.27	0.056501
1.515	1.28	0.051731
1.515	1.29	0.0471618
1.515	1.3	0.0427933
1.515	1.31	0.0386256
1.515	1.32	0.0346586
1.515	1.33	0.0308923
1.515	1.34	0.0273268
1.515	1.35	0.0239619
1.515	1.36	0.0207977
1.515	1.37	0.0178342
1.515	1.38	0.0150714
1.515	1.39	0.0125092
1.515	1.4	0.0101477
1.515	1.41	0.00798681
1.515	1.42	0.00602654
1.515	1.43	0.00426689
1.515	1.44	0.00270784
1.515	1.45	0.00134938
1.515	1.46	0.000191512
1.515	1.47	-0.00076579
1.515	1.48	-0.00152253
1.515	1.49	-0.00207872
1.515	1.5	-0.00243438
1.515	1.51	-0.00258951
1.515	1.52	-0.00254412
1.515	1.53	-0.00229823
1.515	1.54	-0.00185184
1.515	1.55	-0.00120498
1.515	1.56	-0.000357636
1.515	1.57	0.000690163
1.515	1.58	0.00193841
1.515	1.59	0.0033871
1.515	1.6	0.00503621
1.515	1.61	0.00688574
1.515	1.62	0.00893568
1.515	1.63	0.011186
1.515	1.64	0.0136367
1.515	1.65	0.0162878
1.515	1.66	0.0191393
1.515	1.67	0.0221911
1.515	1.68	0.0254432
1.515	1.69	0.0288957
1.515	1.7	0.0325484
1.515	1.71	0.0364015
1.515	1.72	0.0404549
1.515	1.73	0.0447086
1.515	1.74	0.0491625
1.515	1.75	0.0538167
1.515	1.76	0.0586711
1.515	1.77	0.0637258
1.515	1.78	0.0689807
1.515	1.79	0.0744359
1.515	1.8	0.0800912
1.515	1.81	0.0859467
1.515	1.82	0.0920025
1.515	1.83	0.0982584
1.515	1.84	0.104714
1.515	1.85	0.111371
1.515	1.86	0.118227
1.515	1.87	0.125283
1.515	1.88	0.13254
1.515	1.89	0.139997
1.515	1.9	0.147654
1.515	1.91	0.155511
1.515	1.92	0.163568
1.515	1.93	0.171825
1.515	1.94	0.180282
1.515	1.95	0.188939
1.515	1.96	0.197796
1.515	1.97	0.206853
1.515	1.98	0.216111
1.515	1.99	0.225568
1.515	2	0.235225
1.52	0	2.3104
1.52	0.01	2.28003
1.52	0.02	2.24986
1.52	0.03	2.21989
1.52	0.04	2.19012
1.52	0.05	2.16056
1.52	0.06	2.13119
1.52	0.07	2.10202
1.52	0.08	2.07305
1.52	0.09	2.04428
1.52	0.1	2.01571
1.52	0.11	1.98735
1.52	0.12	1.95918
1.52	0.13	1.93121
1.52	0.14	1.90344
1.52	0.15	1.87588
1.52	0.16	1.84851
1.52	0.17	1.82135
1.52	0.18	1.79438
1.52	0.19	1.76761
1.52	0.2	1.74105
1.52	0.21	1.71469
1.52	0.22	1.68852
1.52	0.23	1.66256
1.52	0.24	1.6368
1.52	0.25	1.61123
1.52	0.26	1.58587
1.52	0.27	1.56071
1.52	0.28	1.53575
1.52	0.29	1.51099
1.52	0.3	1.48643
1.52	0.31	1.46207
1.52	0.32	1.43791
1.52	0.33	1.41395
1.52	0.34	1.3902
1.52	0.35	1.36664
1.52	0.36	1.34328
1.52	0.37	1.32013
1.52	0.38	1.29717
1.52	0.39	1.27442
1.52	0.4	1.25187
1.52	0.41	1.22952
1.52	0.42	1.20736
1.52	0.43	1.18541
1.52	0.44	1.16366
1.52	0.45	1.14211
1.52	0.46	1.12077
1.52	0.47	1.09962
1.52	0.48	1.07867
1.52	0.49	1.05793
1.52	0.5	1.03738
1.52	0.51	1.01704
1.52	0.52	0.996895
1.52	0.53	0.976953
1.52	0.54	0.957212
1.52	0.55	0.937672
1.52	0.56	0.918332
1.52	0.57	0.899194
1.52	0.58	0.880256
1.52	0.59	0.86152
1.52	0.6	0.842984
1.52	0.61	0.824649
1.52	0.62	0.806516
1.52	0.63	0.788583
1.52	0.64	0.770851
1.52	0.65	0.753321
1.52	0.66	0.735991
1.52	0.67	0.718862
1.52	0.68	0.701935
1.52	0.69	0.685208
1.52	0.7	0.668682
1.52	0.71	0.652358
1.52	0.72	0.636234
1.52	0.73	0.620311
1.52	0.74	0.60459
1.52	0.75	0.589069
1.52	0.76	0.57375
1.52	0.77	0.558631
1.52	0.78	0.543714
1.52	0.79	0.528997
1.52	0.8	0.514482
1.52	0.81	0.500168
1.52	0.82	0.486055
1.52	0.83	0.472142
1.52	0.84	0.458431
1.52	0.85	0.444921
1.52	0.86	0.431612
1.52	0.87	0.418504
1.52	0.88	0.405597
1.52	0.89	0.392891
1.52	0.9	0.380386
1.52	0.91	0.368082
1.52	0.92	0.355979
1.52	0.93	0.344077
1.52	0.94	0.332376
1.52	0.95	0.320876
1.52	0.96	0.309577
1.52	0.97	0.298479
1.52	0.98	0.287582
1.52	0.99	0.276886
1.52	1	0.266391
1.52	1.01	0.256097
1.52	1.02	0.246004
1.52	1.03	0.236113
1.52	1.04	0.226422
1.52	1.05	0.216931
1.52	1.06	0.207642
1.52	1.07	0.198554
1.52	1.08	0.189667
1.52	1.09	0.180981
1.52	1.1	0.172495
1.52	1.11	0.164211
1.52	1.12	0.156128
1.52	1.13	0.148245
1.52	1.14	0.140563
1.52	1.15	0.133083
1.52	1.16	0.125803
1.52	1.17	0.118724
1.52	1.18	0.111845
1.52	1.19	0.105168
1.52	1.2	0.0986916
1.52	1.21	0.092416
1.52	1.22	0.0863412
1.52	1.23	0.0804673
1.52	1.24	0.0747941
1.52	1.25	0.0693218
1.52	1.26	0.0640502
1.52	1.27	0.0589794
1.52	1.28	0.0541094
1.52	1.29	0.0494402
1.52	1.3	0.0449717
1.52	1.31	0.0407039
1.52	1.32	0.0366369
1.52	1.33	0.0327706
1.52	1.34	0.029105
1.52	1.35	0.0256401
1.52	1.36	0.0223759
1.52	1.37	0.0193123
1.52	1.38	0.0164495
1.52	1.39	0.0137873
1.52	1.4	0.0113257
1.52	1.41	0.00906476
1.52	1.42	0.00700445
1.52	1.43	0.00514476
1.52	1.44	0.00348567
1.52	1.45	0.00202718
1.52	1.46	0.000769263
1.52	1.47	-0.000288081
1.52	1.48	-0.00114486
1.52	1.49	-0.0018011
1.52	1.5	-0.0022568
1.52	1.51	-0.00251197
1.52	1.52	-0.00256663
1.52	1.53	-0.00242078
1.52	1.54	-0.00207444
1.52	1.55	-0.00152762
1.52	1.56	-0.000780323
1.52	1.57	0.000167431
1.52	1.58	0.00131563
1.52	1.59	0.00266427
1.52	1.6	0.00421334
1.52	1.61	0.00596283
1.52	1.62	0.00791272
1.52	1.63	0.010063
1.52	1.64	0.0124137
1.52	1.65	0.0149647
1.52	1.66	0.0177161
1.52	1.67	0.0206679
1.52	1.68	0.0238199
1.52	1.69	0.0271724
1.52	1.7	0.0307251
1.52	1.71	0.0344781
1.52	1.72	0.0384314
1.52	1.73	0.042585
1.52	1.74	0.0469389
1.52	1.75	0.0514931
1.52	1.76	0.0562475
1.52	1.77	0.0612021
1.52	1.78	0.066357
1.52	1.79	0.071712
1.52	1.8	0.0772673
1.52	1.81	0.0830228
1.52	1.82	0.0889785
1.52	1.83	0.0951343
1.52	1.84	0.10149
1.52	1.85	0.108046
1.52	1.86	0.114803
1.52	1.87	0.121759
1.52	1.88	0.128916
1.52	1.89	0.136272
1.52	1.9	0.143829
1.52	1.91	0.151586
1.52	1.92	0.159543
1.52	1.93	0.1677
1.52	1.94	0.176057
1.52	1.95	0.184614
1.52	1.96	0.193371
1.52	1.97	0.202328
1.52	1.98	0.211486
1.52	1.99	0.220843
1.52	2	0.2304
1.525	0	2.32562
1.525	0.01	2.29516
1.525	0.02	2.26489
1.525	0.03	2.23482
1.525	0.04	2.20495
1.525	0.05	2.17528
1.525	0.06	2.14581
1.525	0.07	2.11654
1.525	0.08	2.08748
1.525	0.09	2.05861
1.525	0.1	2.02994
1.525	0.11	2.00147
1.525	0.12	1.9732
1.525	0.13	1.94514
1.525	0.14	1.91727
1.525	0.15	1.8896
1.525	0.16	1.86214
1.525	0.17	1.83487
1.525	0.18	1.80781
1.525	0.19	1.78094
1.525	0.2	1.75428
1.525	0.21	1.72781
1.525	0.22	1.70155
1.525	0.23	1.67549
1.525	0.24	1.64962
1.525	0.25	1.62396
1.525	0.26	1.5985
1.525	0.27	1.57324
1.525	0.28	1.54818
1.525	0.29	1.52332
1.525	0.3	1.49866
1.525	0.31	1.4742
1.525	0.32	1.44994
1.525	0.33	1.42588
1.525	0.34	1.40202
1.525	0.35	1.37837
1.525	0.36	1.35491
1.525	0.37	1.33166
1.525	0.38	1.3086
1.525	0.39	1.28575
1.525	0.4	1.2631
1.525	0.41	1.24064
1.525	0.42	1.21839
1.525	0.43	1.19634
1.525	0.44	1.17449
1.525	0.45	1.15284
1.525	0.46	1.1314
1.525	0.47	1.11015
1.525	0.48	1.0891
1.525	0.49	1.06826
1.525	0.5	1.04761
1.525	0.51	1.02717
1.525	0.52	1.00692
1.525	0.53	0.986882
1.525	0.54	0.967041
1.525	0.55	0.947401
1.525	0.56	0.927961
1.525	0.57	0.908723
1.525	0.58	0.889685
1.525	0.59	0.870849
1.525	0.6	0.852213
1.525	0.61	0.833779
1.525	0.62	0.815545
1.525	0.63	0.797512
1.525	0.64	0.779681
1.525	0.65	0.76205
1.525	0.66	0.74462
1.525	0.67	0.727392
1.525	0.68	0.710364
1.525	0.69	0.693537
1.525	0.7	0.676912
1.525	0.71	0.660487
1.525	0.72	0.644264
1.525	0.73	0.628241
1.525	0.74	0.612419
1.525	0.75	0.596799
1.525	0.76	0.58138
1.525	0.77	0.566161
1.525	0.78	0.551144
1.525	0.79	0.536327
1.525	0.8	0.521712
1.525	0.81	0.507298
1.525	0.82	0.493084
1.525	0.83	0.479072
1.525	0.84	0.465261
1.525	0.85	0.451651
1.525	0.86	0.438242
1.525	0.87	0.425034
1.525	0.88	0.412027
1.525	0.89	0.399221
1.525	0.9	0.386616
1.525	0.91	0.374212
1.525	0.92	0.362009
1.525	0.93	0.350007
1.525	0.94	0.338206
1.525	0.95	0.326606
1.525	0.96	0.315206
1.525	0.97	0.304008
1.525	0.98	0.293011
1.525	0.99	0.282215
1.525	1	0.27162
1.525	1.01	0.261226
1.525	1.02	0.251033
1.525	1.03	0.241041
1.525	1.04	0.23125
1.525	1.05	0.22166
1.525	1.06	0.212271
1.525	1.07	0.203083
1.525	1.08	0.194096
1.525	1.09	0.18531
1.525	1.1	0.176724
1.525	1.11	0.16834
1.525	1.12	0.160156
1.525	1.13	0.152174
1.525	1.14	0.144392
1.525	1.15	0.136811
1.525	1.16	0.129431
1.525	1.17	0.122252
1.525	1.18	0.115274
1.525	1.19	0.108497
1.525	1.2	0.10192
1.525	1.21	0.0955447
1.525	1.22	0.0893698
1.525	1.23	0.0833958
1.525	1.24	0.0776227
1.525	1.25	0.0720503
1.525	1.26	0.0666787
1.525	1.27	0.0615079
1.525	1.28	0.0565378
1.525	1.29	0.0517686
1.525	1.3	0.0472
1.525	1.31	0.0428322
1.525	1.32	0.0386652
1.525	1.33	0.0346988
1.525	1.34	0.0309332
1.525	1.35	0.0273683
1.525	1.36	0.024004
1.525	1.37	0.0208405
1.525	1.38	0.0178776
1.525	1.39	0.0151153
1.525	1.4	0.0125537
1.525	1.41	0.0101927
1.525	1.42	0.00803239
1.525	1.43	0.00607266
1.525	1.44	0.00431353
1.525	1.45	0.00275499
1.525	1.46	0.00139704
1.525	1.47	0.000239651
1.525	1.48	-0.000717175
1.525	1.49	-0.00147345
1.525	1.5	-0.00202919
1.525	1.51	-0.00238441
1.525	1.52	-0.00253911
1.525	1.53	-0.00249331
1.525	1.54	-0.00224701
1.525	1.55	-0.00180023
1.525	1.56	-0.00115299
1.525	1.57	-0.000305278
1.525	1.58	0.000742878
1.525	1.59	0.00199147
1.525	1.6	0.00344049
1.525	1.61	0.00508993
1.525	1.62	0.00693977
1.525	1.63	0.00899001
1.525	1.64	0.0112406
1.525	1.65	0.0136916
1.525	1.66	0.016343
1.525	1.67	0.0191947
1.525	1.68	0.0222467
1.525	1.69	0.0254991
1.525	1.7	0.0289517
1.525	1.71	0.0326047
1.525	1.72	0.036458
1.525	1.73	0.0405115
1.525	1.74	0.0447654
1.525	1.75	0.0492195
1.525	1.76	0.0538738
1.525	1.77	0.0587284
1.525	1.78	0.0637832
1.525	1.79	0.0690382
1.525	1.8	0.0744934
1.525	1.81	0.0801489
1.525	1.82	0.0860045
1.525	1.83	0.0920603
1.525	1.84	0.0983162
1.525	1.85	0.104772
1.525	1.86	0.111429
1.525	1.87	0.118285
1.525	1.88	0.125341
1.525	1.89	0.132598
1.525	1.9	0.140055
1.525	1.91	0.147712
1.525	1.92	0.155568
1.525	1.93	0.163625
1.525	1.94	0.171882
1.525	1.95	0.180339
1.525	1.96	0.188997
1.525	1.97	0.197854
1.525	1.98	0.206911
1.525	1.99	0.216168
1.525	2	0.225625
1.53	0	2.3409
1.53	0.01	2.31033
1.53	0.02	2.27996
1.53	0.03	2.24979
1.53	0.04	2.21982
1.53	0.05	2.19006
1.53	0.06	2.16049
1.53	0.07	2.13112
1.53	0.08	2.10195
1.53	0.09	2.07298
1.53	0.1	2.04422
1.53	0.11	2.01565
1.53	0.12	1.98728
1.53	0.13	1.95911
1.53	0.14	1.93115
1.53	0.15	1.90338
1.53	0.16	1.87581
1.53	0.17	1.84845
1.53	0.18	1.82128
1.53	0.19	1.79432
1.53	0.2	1.76755
1.53	0.21	1.74099
1.53	0.22	1.71463
1.53	0.23	1.68846
1.53	0.24	1.6625
1.53	0.25	1.63674
1.53	0.26	1.61118
1.53	0.27	1.58581
1.53	0.28	1.56065
1.53	0.29	1.53569
1.53	0.3	1.51093
1.53	0.31	1.48637
1.53	0.32	1.46202
1.53	0.33	1.43786
1.53	0.34	1.4139
1.53	0.35	1.39015
1.53	0.36	1.36659
1.53	0.37	1.34323
1.53	0.38	1.32008
1.53	0.39	1.29713
1.53	0.4	1.27437
1.53	0.41	1.25182
1.53	0.42	1.22947
1.53	0.43	1.20732
1.53	0.44	1.18537
1.53	0.45	1.16362
1.53	0.46	1.14207
1.53	0.47	1.12073
1.53	0.48	1.09958
1.53	0.49	1.07863
1.53	0.5	1.05789
1.53	0.51	1.03735
1.53	0.52	1.017
1.53	0.53	0.996861
1.53	0.54	0.97692
1.53	0.55	0.95718
1.53	0.56	0.93764
1.53	0.57	0.918302
1.53	0.58	0.899164
1.53	0.59	0.880228
1.53	0.6	0.861492
1.53	0.61	0.842958
1.53	0.62	0.824624
1.53	0.63	0.806492
1.53	0.64	0.78856
1.53	0.65	0.770829
1.53	0.66	0.7533
1.53	0.67	0.735971
1.53	0.68	0.718844
1.53	0.69	0.701917
1.53	0.7	0.685191
1.53	0.71	0.668667
1.53	0.72	0.652343
1.53	0.73	0.636221
1.53	0.74	0.620299
1.53	0.75	0.604579
1.53	0.76	0.589059
1.53	0.77	0.573741
1.53	0.78	0.558623
1.53	0.79	0.543707
1.53	0.8	0.528992
1.53	0.81	0.514478
1.53	0.82	0.500164
1.53	0.83	0.486052
1.53	0.84	0.472141
1.53	0.85	0.458431
1.53	0.86	0.444922
1.53	0.87	0.431614
1.53	0.88	0.418507
1.53	0.89	0.405601
1.53	0.9	0.392896
1.53	0.91	0.380392
1.53	0.92	0.368089
1.53	0.93	0.355987
1.53	0.94	0.344086
1.53	0.95	0.332386
1.53	0.96	0.320887
1.53	0.97	0.309589
1.53	0.98	0.298492
1.53	0.99	0.287596
1.53	1	0.276901
1.53	1.01	0.266407
1.53	1.02	0.256114
1.53	1.03	0.246022
1.53	1.04	0.236131
1.53	1.05	0.226441
1.53	1.06	0.216952
1.53	1.07	0.207664
1.53	1.08	0.198577
1.53	1.09	0.18969
1.53	1.1	0.181005
1.53	1.11	0.172521
1.53	1.12	0.164237
1.53	1.13	0.156155
1.53	1.14	0.148273
1.53	1.15	0.140592
1.53	1.16	0.133112
1.53	1.17	0.125833
1.53	1.18	0.118755
1.53	1.19	0.111877
1.53	1.2	0.105201
1.53	1.21	0.0987251
1.53	1.22	0.0924502
1.53	1.23	0.0863762
1.53	1.24	0.080503
1.53	1.25	0.0748305
1.53	1.26	0.0693589
1.53	1.27	0.064088
1.53	1.28	0.059018
1.53	1.29	0.0541486
1.53	1.3	0.0494801
1.53	1.31	0.0450122
1.53	1.32	0.0407451
1.53	1.33	0.0366787
1.53	1.34	0.032813
1.53	1.35	0.0291481
1.53	1.36	0.0256838
1.53	1.37	0.0224201
1.53	1.38	0.0193572
1.53	1.39	0.0164949
1.53	1.4	0.0138332
1.53	1.41	0.0113722
1.53	1.42	0.00911178
1.53	1.43	0.00705199
1.53	1.44	0.0051928
1.53	1.45	0.0035342
1.53	1.46	0.00207618
1.53	1.47	0.000818732
1.53	1.48	-0.000238158
1.53	1.49	-0.0010945
1.53	1.5	-0.00175031
1.53	1.51	-0.00220559
1.53	1.52	-0.00246035
1.53	1.53	-0.00251462
1.53	1.54	-0.00236839
1.53	1.55	-0.00202168
1.53	1.56	-0.0014745
1.53	1.57	-0.000726862
1.53	1.58	0.000221224
1.53	1.59	0.00136975
1.53	1.6	0.0027187
1.53	1.61	0.00426806
1.53	1.62	0.00601783
1.53	1.63	0.00796799
1.53	1.64	0.0101185
1.53	1.65	0.0124695
1.53	1.66	0.0150207
1.53	1.67	0.0177724
1.53	1.68	0.0207243
1.53	1.69	0.0238766
1.53	1.7	0.0272292
1.53	1.71	0.0307821
1.53	1.72	0.0345353
1.53	1.73	0.0384888
1.53	1.74	0.0426425
1.53	1.75	0.0469965
1.53	1.76	0.0515508
1.53	1.77	0.0563053
1.53	1.78	0.06126
1.53	1.79	0.066415
1.53	1.8	0.0717701
1.53	1.81	0.0773255
1.53	1.82	0.083081
1.53	1.83	0.0890367
1.53	1.84	0.0951926
1.53	1.85	0.101549
1.53	1.86	0.108105
1.53	1.87	0.114861
1.53	1.88	0.121817
1.53	1.89	0.128974
1.53	1.9	0.136331
1.53	1.91	0.143887
1.53	1.92	0.151644
1.53	1.93	0.159601
1.53	1.94	0.167758
1.53	1.95	0.176115
1.53	1.96	0.184672
1.53	1.97	0.193429
1.53	1.98	0.202386
1.53	1.99	0.211543
1.53	2	0.2209
1.535	0	2.35623
1.535	0.01	2.32556
1.535	0.02	2.29509
1.535	0.03	2.26482
1.535	0.04	2.23475
1.535	0.05	2.20488
1.535	0.06	2.17521
1.535	0.07	2.14575
1.535	0.08	2.11648
1.535	0.09	2.08741
1.535	0.1	2.05854
1.535	0.11	2.02987
1.535	0.12	2.00141
1.535	0.13	1.97314
1.535	0.14	1.94507
1.535	0.15	1.91721
1.535	0.16	1.88954
1.535	0.17	1.86208
1.535	0.18	1.83481
1.535	0.19	1.80775
1.535	0.2	1.78088
1.535	0.21	1.75422
1.535	0.22	1.72775
1.535	0.23	1.70149
1.535	0.24	1.67543
1.535	0.25	1.64957
1.535	0.26	1.6239
1.535	0.27	1.59844
1.535	0.28	1.57318
1.535	0.29	1.54812
1.535	0.3	1.52326
1.535	0.31	1.4986
1.535	0.32	1.47415
1.535	0.33	1.44989
1.535	0.34	1.42583
1.535	0.35	1.40197
1.535	0.36	1.37832
1.535	0.37	1.35486
1.535	0.38	1.33161
1.535	0.39	1.30856
1.535	0.4	1.2857
1.535	0.41	1.26305
1.535	0.42	1.2406
1.535	0.43	1.21835
1.535	0.44	1.1963
1.535	0.45	1.17445
1.535	0.46	1.1528
1.535	0.47	1.13136
1.535	0.48	1.11011
1.535	0.49	1.08906
1.535	0.5	1.06822
1.535	0.51	1.04758
1.535	0.52	1.02713
1.535	0.53	1.00689
1.535	0.54	0.98685
1.535	0.55	0.96701
1.535	0.56	0.947371
1.535	0.57	0.927933
1.535	0.58	0.908695
1.535	0.59	0.889659
1.535	0.6	0.870823
1.535	0.61	0.852189
1.535	0.62	0.833755
1.535	0.63	0.815523
1.535	0.64	0.797491
1.535	0.65	0.779661
1.535	0.66	0.762031
1.535	0.67	0.744603
1.535	0.68	0.727375
1.535	0.69	0.710348
1.535	0.7	0.693523
1.535	0.71	0.676898
1.535	0.72	0.660475
1.535	0.73	0.644252
1.535	0.74	0.628231
1.535	0.75	0.61241
1.535	0.76	0.596791
1.535	0.77	0.581373
1.535	0.78	0.566155
1.535	0.79	0.551139
1.535	0.8	0.536324
1.535	0.81	0.521709
1.535	0.82	0.507296
1.535	0.83	0.493084
1.535	0.84	0.479073
1.535	0.85	0.465263
1.535	0.86	0.451654
1.535	0.87	0.438246
1.535	0.88	0.425039
1.535	0.89	0.412032
1.535	0.9	0.399228
1.535	0.91	0.386624
1.535	0.92	0.374221
1.535	0.93	0.362019
1.535	0.94	0.350018
1.535	0.95	0.338218
1.535	0.96	0.326619
1.535	0.97	0.315221
1.535	0.98	0.304024
1.535	0.99	0.293028
1.535	1	0.282233
1.535	1.01	0.271639
1.535	1.02	0.261246
1.535	1.03	0.251054
1.535	1.04	0.241063
1.535	1.05	0.231273
1.535	1.06	0.221684
1.535	1.07	0.212296
1.535	1.08	0.203109
1.535	1.09	0.194122
1.535	1.1	0.185337
1.535	1.11	0.176752
1.535	1.12	0.168369
1.535	1.13	0.160186
1.535	1.14	0.152204
1.535	1.15	0.144424
1.535	1.16	0.136844
1.535	1.17	0.129464
1.535	1.18	0.122286
1.535	1.19	0.115309
1.535	1.2	0.108532
1.535	1.21	0.101956
1.535	1.22	0.0955815
1.535	1.23	0.0894074
1.535	1.24	0.0834341
1.535	1.25	0.0776617
1.535	1.26	0.07209
1.535	1.27	0.0667191
1.535	1.28	0.0615489
1.535	1.29	0.0565796
1.535	1.3	0.0518109
1.535	1.31	0.047243
1.535	1.32	0.0428759
1.535	1.33	0.0387094
1.535	1.34	0.0347437
1.535	1.35	0.0309786
1.535	1.36	0.0274143
1.535	1.37	0.0240506
1.535	1.38	0.0208876
1.535	1.39	0.0179252
1.535	1.4	0.0151635
1.535	1.41	0.0126024
1.535	1.42	0.0102419
1.535	1.43	0.00808204
1.535	1.44	0.00612278
1.535	1.45	0.00436411
1.535	1.46	0.00280602
1.535	1.47	0.0014485
1.535	1.48	0.000291534
1.535	1.49	-0.000664883
1.535	1.5	-0.00142076
1.535	1.51	-0.00197612
1.535	1.52	-0.00233096
1.535	1.53	-0.00248531
1.535	1.54	-0.00243916
1.535	1.55	-0.00219253
1.535	1.56	-0.00174543
1.535	1.57	-0.00109787
1.535	1.58	-0.000249868
1.535	1.59	0.000798573
1.535	1.6	0.00204744
1.535	1.61	0.00349672
1.535	1.62	0.00514641
1.535	1.63	0.00699648
1.535	1.64	0.00904694
1.535	1.65	0.0112978
1.535	1.66	0.013749
1.535	1.67	0.0164005
1.535	1.68	0.0192524
1.535	1.69	0.0223046
1.535	1.7	0.0255571
1.535	1.71	0.0290099
1.535	1.72	0.032663
1.535	1.73	0.0365164
1.535	1.74	0.04057
1.535	1.75	0.044824
1.535	1.76	0.0492781
1.535	1.77	0.0539325
1.535	1.78	0.0587872
1.535	1.79	0.063842
1.535	1.8	0.0690971
1.535	1.81	0.0745523
1.535	1.82	0.0802078
1.535	1.83	0.0860634
1.535	1.84	0.0921191
1.535	1.85	0.0983751
1.535	1.86	0.104831
1.535	1.87	0.111487
1.535	1.88	0.118344
1.535	1.89	0.1254
1.535	1.9	0.132657
1.535	1.91	0.140113
1.535	1.92	0.14777
1.535	1.93	0.155627
1.535	1.94	0.163683
1.535	1.95	0.17194
1.535	1.96	0.180397
1.535	1.97	0.189054
1.535	1.98	0.197911
1.535	1.99	0.206968
1.535	2	0.216225
1.54	0	2.3716
1.54	0.01	2.34083
1.54	0.02	2.31026
1.54	0.03	2.27989
1.54	0.04	2.24973
1.54	0.05	2.21976
1.54	0.06	2.18999
1.54	0.07	2.16042
1.54	0.08	2.13105
1.54	0.09	2.10189
1.54	0.1	2.07292
1.54	0.11	2.04415
1.54	0.12	2.01558
1.54	0.13	1.98722
1.54	0.14	1.95905
1.54	0.15	1.93108
1.54	0.16	1.90332
1.54	0.17	1.87575
1.54	0.18	1.84839
1.54	0.19	1.82122
1.54	0.2	1.79426
1.54	0.21	1.76749
1.54	0.22	1.74093
1.54	0.23	1.71457
1.54	0.24	1.68841
1.54	0.25	1.66244
1.54	0.26	1.63668
1.54	0.27	1.61112
1.54	0.28	1.58576
1.54	0.29	1.5606
1.54	0.3	1.53564
1.54	0.31	1.51088
1.54	0.32	1.48632
1.54	0.33	1.46197
1.54	0.34	1.43781
1.54	0.35	1.41385
1.54	0.36	1.3901
1.54	0.37	1.36654
1.54	0.38	1.34319
1.54	0.39	1.32004
1.54	0.4	1.29708
1.54	0.41	1.27433
1.54	0.42	1.25178
1.54	0.43	1.22943
1.54	0.44	1.20728
1.54	0.45	1.18533
1.54	0.46	1.16358
1.54	0.47	1.14204
1.54	0.48	1.12069
1.54	0.49	1.09954
1.54	0.5	1.0786
1.54	0.51	1.05786
1.54	0.52	1.03731
1.54	0.53	1.01697
1.54	0.54	0.996831
1.54	0.55	0.976891
1.54	0.56	0.957152
1.54	0.57	0.937613
1.54	0.58	0.918276
1.54	0.59	0.89914
1.54	0.6	0.880204
1.54	0.61	0.86147
1.54	0.62	0.842936
1.54	0.63	0.824604
1.54	0.64	0.806472
1.54	0.65	0.788542
1.54	0.66	0.770812
1.54	0.67	0.753284
1.54	0.68	0.735956
1.54	0.69	0.71883
1.54	0.7	0.701904
1.54	0.71	0.68518
1.54	0.72	0.668656
1.54	0.73	0.652334
1.54	0.74	0.636212
1.54	0.75	0.620292
1.54	0.76	0.604573
1.54	0.77	0.589054
1.54	0.78	0.573737
1.54	0.79	0.558621
1.54	0.8	0.543705
1.54	0.81	0.528991
1.54	0.82	0.514478
1.54	0.83	0.500166
1.54	0.84	0.486055
1.54	0.85	0.472145
1.54	0.86	0.458435
1.54	0.87	0.444927
1.54	0.88	0.43162
1.54	0.89	0.418514
1.54	0.9	0.405609
1.54	0.91	0.392905
1.54	0.92	0.380403
1.54	0.93	0.368101
1.54	0.94	0.356
1.54	0.95	0.3441
1.54	0.96	0.332401
1.54	0.97	0.320903
1.54	0.98	0.309606
1.54	0.99	0.29851
1.54	1	0.287615
1.54	1.01	0.276921
1.54	1.02	0.266428
1.54	1.03	0.256136
1.54	1.04	0.246045
1.54	1.05	0.236155
1.54	1.06	0.226466
1.54	1.07	0.216978
1.54	1.08	0.20769
1.54	1.09	0.198604
1.54	1.1	0.189719
1.54	1.11	0.181034
1.54	1.12	0.172551
1.54	1.13	0.164268
1.54	1.14	0.156186
1.54	1.15	0.148305
1.54	1.16	0.140625
1.54	1.17	0.133146
1.54	1.18	0.125868
1.54	1.19	0.11879
1.54	1.2	0.111914
1.54	1.21	0.105238
1.54	1.22	0.0987628
1.54	1.23	0.0924887
1.54	1.24	0.0864153
1.54	1.25	0.0805428
1.54	1.26	0.0748711
1.54	1.27	0.0694001
1.54	1.28	0.0641299
1.54	1.29	0.0590605
1.54	1.3	0.0541918
1.54	1.31	0.0495239
1.54	1.32	0.0450566
1.54	1.33	0.0407901
1.54	1.34	0.0367243
1.54	1.35	0.0328592
1.54	1.36	0.0291948
1.54	1.37	0.0257311
1.54	1.38	0.022468
1.54	1.39	0.0194055
1.54	1.4	0.0165437
1.54	1.41	0.0138826
1.54	1.42	0.0114221
1.54	1.43	0.00916212
1.54	1.44	0.00710279
1.54	1.45	0.00524405
1.54	1.46	0.00358588
1.54	1.47	0.00212829
1.54	1.48	0.00087125
1.54	1.49	-0.000185242
1.54	1.5	-0.0010412
1.54	1.51	-0.00169663
1.54	1.52	-0.00215155
1.54	1.53	-0.00240597
1.54	1.54	-0.0024599
1.54	1.55	-0.00231335
1.54	1.56	-0.00196633
1.54	1.57	-0.00141886
1.54	1.58	-0.000670937
1.54	1.59	0.000277421
1.54	1.6	0.0014262
1.54	1.61	0.0027754
1.54	1.62	0.004325
1.54	1.63	0.00607499
1.54	1.64	0.00802537
1.54	1.65	0.0101761
1.54	1.66	0.0125272
1.54	1.67	0.0150787
1.54	1.68	0.0178304
1.54	1.69	0.0207825
1.54	1.7	0.023935
1.54	1.71	0.0272877
1.54	1.72	0.0308407
1.54	1.73	0.034594
1.54	1.74	0.0385476
1.54	1.75	0.0427014
1.54	1.76	0.0470555
1.54	1.77	0.0516098
1.54	1.78	0.0563643
1.54	1.79	0.0613191
1.54	1.8	0.066474
1.54	1.81	0.0718292
1.54	1.82	0.0773845
1.54	1.83	0.08314
1.54	1.84	0.0890957
1.54	1.85	0.0952516
1.54	1.86	0.101608
1.54	1.87	0.108164
1.54	1.88	0.11492
1.54	1.89	0.121876
1.54	1.9	0.129033
1.54	1.91	0.136389
1.54	1.92	0.143946
1.54	1.93	0.151702
1.54	1.94	0.159659
1.54	1.95	0.167816
1.54	1.96	0.176173
1.54	1.97	0.184729
1.54	1.98	0.193486
1.54	1.99	0.202443
1.54	2	0.2116
1.545	0	2.38702
1.545	0.01	2.35616
1.545	0.02	2.32549
1.545	0.03	2.29502
1.545	0.04	2.26475
1.545	0.05	2.23468
1.545	0.06	2.20482
1.545	0.07	2.17515
1.545	0.08	2.14568
1.545	0.09	2.11641
1.545	0.1	2.08734
1.545	0.11	2.05848
1.545	0.12	2.02981
1.545	0.13	2.00134
1.545	0.14	1.97308
1.545	0.15	1.94501
1.545	0.16	1.91715
1.545	0.17	1.88948
1.545	0.18	1.86202
1.545	0.19	1.83475
1.545	0.2	1.80769
1.545	0.21	1.78082
1.545	0.22	1.75416
1.545	0.23	1.7277
1.545	0.24	1.70143
1.545	0.25	1.67537
1.545	0.26	1.64951
1.545	0.27	1.62385
1.545	0.28	1.59839
1.545	0.29	1.57313
1.545	0.3	1.54807
1.545	0.31	1.52321
1.545	0.32	1.49855
1.545	0.33	1.4741
1.545	0.34	1.44984
1.545	0.35	1.42578
1.545	0.36	1.40193
1.545	0.37	1.37827
1.545	0.38	1.35482
1.545	0.39	1.33157
1.545	0.4	1.30851
1.545	0.41	1.28566
1.545	0.42	1.26301
1.545	0.43	1.24056
1.545	0.44	1.21831
1.545	0.45	1.19626
1.545	0.46	1.17441
1.545	0.47	1.15277
1.545	0.48	1.13132
1.545	0.49	1.11008
1.545	0.5	1.08903
1.545	0.51	1.06819
1.545	0.52	1.04755
1.545	0.53	1.0271
1.545	0.54	1.00686
1.545	0.55	0.986823
1.545	0.56	0.966984
1.545	0.57	0.947346
1.545	0.58	0.927908
1.545	0.59	0.908672
1.545	0.6	0.889637
1.545	0.61	0.870802
1.545	0.62	0.852169
1.545	0.63	0.833737
1.545	0.64	0.815505
1.545	0.65	0.797475
1.545	0.66	0.779645
1.545	0.67	0.762017
1.545	0.68	0.744589
1.545	0.69	0.727363
1.545	0.7	0.710338
1.545	0.71	0.693513
1.545	0.72	0.67689
1.545	0.73	0.660467
1.545	0.74	0.644246
1.545	0.75	0.628225
1.545	0.76	0.612406
1.545	0.77	0.596788
1.545	0.78	0.581371
1.545	0.79	0.566154
1.545	0.8	0.551139
1.545	0.81	0.536325
1.545	0.82	0.521712
1.545	0.83	0.5073
1.545	0.84	0.493088
1.545	0.85	0.479078
1.545	0.86	0.465269
1.545	0.87	0.451661
1.545	0.88	0.438254
1.545	0.89	0.425048
1.545	0.9	0.412043
1.545	0.91	0.399239
1.545	0.92	0.386636
1.545	0.93	0.374235
1.545	0.94	0.362034
1.545	0.95	0.350034
1.545	0.96	0.338235
1.545	0.97	0.326637
1.545	0.98	0.31524
1.545	0.99	0.304044
1.545	1	0.293049
1.545	1.01	0.282255
1.545	1.02	0.271662
1.545	1.03	0.26127
1.545	1.04	0.251079
1.545	1.05	0.241089
1.545	1.06	0.2313
1.545	1.07	0.221711
1.545	1.08	0.212324
1.545	1.09	0.203138
1.545	1.1	0.194152
1.545	1.11	0.185368
1.545	1.12	0.176784
1.545	1.13	0.168401
1.545	1.14	0.16022
1.545	1.15	0.152239
1.545	1.16	0.144458
1.545	1.17	0.136879
1.545	1.18	0.129501
1.545	1.19	0.122323
1.545	1.2	0.115347
1.545	1.21	0.108571
1.545	1.22	0.101996
1.545	1.23	0.0956217
1.545	1.24	0.0894483
1.545	1.25	0.0834757
1.545	1.26	0.0777039
1.545	1.27	0.0721329
1.545	1.28	0.0667626
1.545	1.29	0.0615931
1.545	1.3	0.0566243
1.545	1.31	0.0518563
1.545	1.32	0.047289
1.545	1.33	0.0429224
1.545	1.34	0.0387566
1.545	1.35	0.0347914
1.545	1.36	0.0310269
1.545	1.37	0.0274631
1.545	1.38	0.0240999
1.545	1.39	0.0209374
1.545	1.4	0.0179755
1.545	1.41	0.0152142
1.545	1.42	0.0126536
1.545	1.43	0.0102936
1.545	1.44	0.00813418
1.545	1.45	0.00617535
1.545	1.46	0.00441709
1.545	1.47	0.0028594
1.545	1.48	0.00150227
1.545	1.49	0.000345678
1.545	1.5	-0.000610375
1.545	1.51	-0.00136591
1.545	1.52	-0.00192093
1.545	1.53	-0.00227545
1.545	1.54	-0.00242948
1.545	1.55	-0.00238303
1.545	1.56	-0.00213611
1.545	1.57	-0.00168874
1.545	1.58	-0.00104093
1.545	1.59	-0.000192674
1.545	1.6	0.000856002
1.545	1.61	0.00210509
1.545	1.62	0.00355458
1.545	1.63	0.00520446
1.545	1.64	0.00705473
1.545	1.65	0.00910536
1.545	1.66	0.0113563
1.545	1.67	0.0138077
1.545	1.68	0.0164593
1.545	1.69	0.0193113
1.545	1.7	0.0223636
1.545	1.71	0.0256163
1.545	1.72	0.0290692
1.545	1.73	0.0327223
1.545	1.74	0.0365758
1.545	1.75	0.0406295
1.545	1.76	0.0448835
1.545	1.77	0.0493376
1.545	1.78	0.0539921
1.545	1.79	0.0588467
1.545	1.8	0.0639015
1.545	1.81	0.0691566
1.545	1.82	0.0746118
1.545	1.83	0.0802672
1.545	1.84	0.0861227
1.545	1.85	0.0921784
1.545	1.86	0.0984343
1.545	1.87	0.10489
1.545	1.88	0.111546
1.545	1.89	0.118403
1.545	1.9	0.125459
1.545	1.91	0.132715
1.545	1.92	0.140172
1.545	1.93	0.147828
1.545	1.94	0.155685
1.545	1.95	0.163741
1.545	1.96	0.171998
1.545	1.97	0.180455
1.545	1.98	0.189112
1.545	1.99	0.197968
1.545	2	0.207025
1.55	0	2.4025
1.55	0.01	2.37153
1.55	0.02	2.34076
1.55	0.03	2.3102
1.55	0.04	2.27983
1.55	0.05	2.24966
1.55	0.06	2.21969
1.55	0.07	2.18992
1.55	0.08	2.16036
1.55	0.09	2.13099
1.55	0.1	2.10182
1.55	0.11	2.07285
1.55	0.12	2.04409
1.55	0.13	2.01552
1.55	0.14	1.98715
1.55	0.15	1.95899
1.55	0.16	1.93102
1.55	0.17	1.90326
1.55	0.18	1.87569
1.55	0.19	1.84833
1.55	0.2	1.82116
1.55	0.21	1.7942
1.55	0.22	1.76744
1.55	0.23	1.74087
1.55	0.24	1.71451
1.55	0.25	1.68835
1.55	0.26	1.66239
1.55	0.27	1.63663
1.55	0.28	1.61107
1.55	0.29	1.58571
1.55	0.3	1.56055
1.55	0.31	1.53559
1.55	0.32	1.51083
1.55	0.33	1.48628
1.55	0.34	1.46192
1.55	0.35	1.43776
1.55	0.36	1.41381
1.55	0.37	1.39005
1.55	0.38	1.3665
1.55	0.39	1.34315
1.55	0.4	1.31999
1.55	0.41	1.29704
1.55	0.42	1.27429
1.55	0.43	1.25174
1.55	0.44	1.22939
1.55	0.45	1.20724
1.55	0.46	1.1853
1.55	0.47	1.16355
1.55	0.48	1.142
1.55	0.49	1.12066
1.55	0.5	1.09951
1.55	0.51	1.07857
1.55	0.52	1.05783
1.55	0.53	1.03729
1.55	0.54	1.01695
1.55	0.55	0.996806
1.55	0.56	0.976867
1.55	0.57	0.957129
1.55	0.58	0.937592
1.55	0.59	0.918255
1.55	0.6	0.89912
1.55	0.61	0.880186
1.55	0.62	0.861453
1.55	0.63	0.84292
1.55	0.64	0.824589
1.55	0.65	0.806459
1.55	0.66	0.788529
1.55	0.67	0.770801
1.55	0.68	0.753273
1.55	0.69	0.735947
1.55	0.7	0.718822
1.55	0.71	0.701897
1.55	0.72	0.685174
1.55	0.73	0.668652
1.55	0.74	0.65233
1.55	0.75	0.63621
1.55	0.76	0.620291
1.55	0.77	0.604572
1.55	0.78	0.589055
1.55	0.79	0.573739
1.55	0.8	0.558624
1.55	0.81	0.54371
1.55	0.82	0.528996
1.55	0.83	0.514484
1.55	0.84	0.500173
1.55	0.85	0.486063
1.55	0.86	0.472154
1.55	0.87	0.458446
1.55	0.88	0.444939
1.55	0.89	0.431633
1.55	0.9	0.418528
1.55	0.91	0.405623
1.55	0.92	0.39292
1.55	0.93	0.380418
1.55	0.94	0.368118
1.55	0.95	0.356018
1.55	0.96	0.344119
1.55	0.97	0.332421
1.55	0.98	0.320924
1.55	0.99	0.309628
1.55	1	0.298533
1.55	1.01	0.287639
1.55	1.02	0.276946
1.55	1.03	0.266454
1.55	1.04	0.256163
1.55	1.05	0.246073
1.55	1.06	0.236183
1.55	1.07	0.226495
1.55	1.08	0.217008
1.55	1.09	0.207721
1.55	1.1	0.198636
1.55	1.11	0.189751
1.55	1.12	0.181068
1.55	1.13	0.172585
1.55	1.14	0.164303
1.55	1.15	0.156222
1.55	1.16	0.148342
1.55	1.17	0.140663
1.55	1.18	0.133184
1.55	1.19	0.125907
1.55	1.2	0.11883
1.55	1.21	0.111954
1.55	1.22	0.105279
1.55	1.23	0.0988047
1.55	1.24	0.0925313
1.55	1.25	0.0864586
1.55	1.26	0.0805868
1.55	1.27	0.0749157
1.55	1.28	0.0694453
1.55	1.29	0.0641758
1.55	1.3	0.0591069
1.55	1.31	0.0542388
1.55	1.32	0.0495714
1.55	1.33	0.0451048
1.55	1.34	0.0408388
1.55	1.35	0.0367735
1.55	1.36	0.032909
1.55	1.37	0.0292451
1.55	1.38	0.0257818
1.55	1.39	0.0225192
1.55	1.4	0.0194572
1.55	1.41	0.0165959
1.55	1.42	0.0139352
1.55	1.43	0.0114751
1.55	1.44	0.00921559
1.55	1.45	0.00715666
1.55	1.46	0.00529831
1.55	1.47	0.00364053
1.55	1.48	0.0021833
1.55	1.49	0.000926616
1.55	1.5	-0.000129534
1.55	1.51	-0.000985162
1.55	1.52	-0.00164028
1.55	1.53	-0.0020949
1.55	1.54	-0.00234903
1.55	1.55	-0.00240269
1.55	1.56	-0.00225588
1.55	1.57	-0.00190861
1.55	1.58	-0.0013609
1.55	1.59	-0.000612751
1.55	1.6	0.000335818
1.55	1.61	0.0014848
1.55	1.62	0.00283418
1.55	1.63	0.00438395
1.55	1.64	0.0061341
1.55	1.65	0.00808462
1.55	1.66	0.0102355
1.55	1.67	0.0125867
1.55	1.68	0.0151383
1.55	1.69	0.0178902
1.55	1.7	0.0208423
1.55	1.71	0.0239948
1.55	1.72	0.0273476
1.55	1.73	0.0309007
1.55	1.74	0.034654
1.55	1.75	0.0386076
1.55	1.76	0.0427615
1.55	1.77	0.0471155
1.55	1.78	0.0516698
1.55	1.79	0.0564243
1.55	1.8	0.0613791
1.55	1.81	0.066534
1.55	1.82	0.0718891
1.55	1.83	0.0774443
1.55	1.84	0.0831998
1.55	1.85	0.0891553
1.55	1.86	0.0953111
1.55	1.87	0.101667
1.55	1.88	0.108223
1.55	1.89	0.114979
1.55	1.9	0.121935
1.55	1.91	0.129091
1.55	1.92	0.136448
1.55	1.93	0.144004
1.55	1.94	0.151761
1.55	1.95	0.159717
1.55	1.96	0.167874
1.55	1.97	0.17623
1.55	1.98	0.184787
1.55	1.99	0.193543
1.55	2	0.2025
1.555	0	2.41803
1.555	0.01	2.38696
1.555	0.02	2.35609
1.555	0.03	2.32542
1.555	0.04	2.29495
1.555	0.05	2.26468
1.555	0.06	2.23462
1.555	0.07	2.20475
1.555	0.08	2.17508
1.555	0.09	2.14561
1.555	0.1	2.11635
1.555	0.11	2.08728
1.555	0.12	2.05841
1.555	0.13	2.02975
1.555	0.14	2.00128
1.555	0.15	1.97302
1.555	0.16	1.94495
1.555	0.17	1.91709
1.555	0.18	1.88942
1.555	0.19	1.86196
1.555	0.2	1.83469
1.555	0.21	1.80763
1.555	0.22	1.78077
1.555	0.23	1.7541
1.555	0.24	1.72764
1.555	0.25	1.70138
1.555	0.26	1.67532
1.555	0.27	1.64946
1.555	0.28	1.6238
1.555	0.29	1.59834
1.555	0.3	1.57308
1.555	0.31	1.54802
1.555	0.32	1.52316
1.555	0.33	1.49851
1.555	0.34	1.47405
1.555	0.35	1.44979
1.555	0.36	1.42574
1.555	0.37	1.40188
1.555	0.38	1.37823
1.555	0.39	1.35478
1.555	0.4	1.33153
1.555	0.41	1.30847
1.555	0.42	1.28562
1.555	0.43	1.26297
1.555	0.44	1.24052
1.555	0.45	1.21828
1.555	0.46	1.19623
1.555	0.47	1.17438
1.555	0.48	1.15274
1.555	0.49	1.13129
1.555	0.5	1.11005
1.555	0.51	1.089
1.555	0.52	1.06816
1.555	0.53	1.04752
1.555	0.54	1.02708
1.555	0.55	1.00684
1.555	0.56	0.9868
1.555	0.57	0.966962
1.555	0.58	0.947325
1.555	0.59	0.927889
1.555	0.6	0.908654
1.555	0.61	0.889619
1.555	0.62	0.870786
1.555	0.63	0.852154
1.555	0.64	0.833723
1.555	0.65	0.815492
1.555	0.66	0.797463
1.555	0.67	0.779635
1.555	0.68	0.762007
1.555	0.69	0.744581
1.555	0.7	0.727356
1.555	0.71	0.710331
1.555	0.72	0.693508
1.555	0.73	0.676886
1.555	0.74	0.660465
1.555	0.75	0.644244
1.555	0.76	0.628225
1.555	0.77	0.612407
1.555	0.78	0.59679
1.555	0.79	0.581374
1.555	0.8	0.566158
1.555	0.81	0.551144
1.555	0.82	0.536331
1.555	0.83	0.521719
1.555	0.84	0.507308
1.555	0.85	0.493098
1.555	0.86	0.479089
1.555	0.87	0.465281
1.555	0.88	0.451674
1.555	0.89	0.438268
1.555	0.9	0.425063
1.555	0.91	0.412059
1.555	0.92	0.399256
1.555	0.93	0.386654
1.555	0.94	0.374253
1.555	0.95	0.362054
1.555	0.96	0.350055
1.555	0.97	0.338257
1.555	0.98	0.32666
1.555	0.99	0.315264
1.555	1	0.304069
1.555	1.01	0.293075
1.555	1.02	0.282282
1.555	1.03	0.27169
1.555	1.04	0.261299
1.555	1.05	0.251108
1.555	1.06	0.241119
1.555	1.07	0.231331
1.555	1.08	0.221743
1.555	1.09	0.212357
1.555	1.1	0.203171
1.555	1.11	0.194187
1.555	1.12	0.185403
1.555	1.13	0.17682
1.555	1.14	0.168438
1.555	1.15	0.160257
1.555	1.16	0.152277
1.555	1.17	0.144498
1.555	1.18	0.136919
1.555	1.19	0.129542
1.555	1.2	0.122365
1.555	1.21	0.115389
1.555	1.22	0.108614
1.555	1.23	0.10204
1.555	1.24	0.095666
1.555	1.25	0.0894933
1.555	1.26	0.0835213
1.555	1.27	0.0777502
1.555	1.28	0.0721797
1.555	1.29	0.0668101
1.555	1.3	0.0616411
1.555	1.31	0.0566729
1.555	1.32	0.0519054
1.555	1.33	0.0473387
1.555	1.34	0.0429726
1.555	1.35	0.0388073
1.555	1.36	0.0348426
1.555	1.37	0.0310786
1.555	1.38	0.0275152
1.555	1.39	0.0241525
1.555	1.4	0.0209905
1.555	1.41	0.018029
1.555	1.42	0.0152682
1.555	1.43	0.012708
1.555	1.44	0.0103484
1.555	1.45	0.00818935
1.555	1.46	0.00623088
1.555	1.47	0.00447299
1.555	1.48	0.00291564
1.555	1.49	0.00155884
1.555	1.5	0.000402575
1.555	1.51	-0.000553173
1.555	1.52	-0.00130841
1.555	1.53	-0.00186315
1.555	1.54	-0.00221741
1.555	1.55	-0.00237119
1.555	1.56	-0.0023245
1.555	1.57	-0.00207736
1.555	1.58	-0.00162978
1.555	1.59	-0.000981764
1.555	1.6	-0.000133326
1.555	1.61	0.000915524
1.555	1.62	0.00216477
1.555	1.63	0.00361441
1.555	1.64	0.00526443
1.555	1.65	0.00711481
1.555	1.66	0.00916555
1.555	1.67	0.0114166
1.555	1.68	0.0138681
1.555	1.69	0.0165198
1.555	1.7	0.0193718
1.555	1.71	0.0224242
1.555	1.72	0.0256768
1.555	1.73	0.0291298
1.555	1.74	0.032783
1.555	1.75	0.0366364
1.555	1.76	0.0406901
1.555	1.77	0.044944
1.555	1.78	0.0493982
1.555	1.79	0.0540525
1.555	1.8	0.0589071
1.555	1.81	0.0639619
1.555	1.82	0.0692168
1.555	1.83	0.0746719
1.555	1.84	0.0803272
1.555	1.85	0.0861827
1.555	1.86	0.0922382
1.555	1.87	0.0984939
1.555	1.88	0.10495
1.555	1.89	0.111606
1.555	1.9	0.118462
1.555	1.91	0.125518
1.555	1.92	0.132774
1.555	1.93	0.14023
1.555	1.94	0.147887
1.555	1.95	0.155743
1.555	1.96	0.163799
1.555	1.97	0.172056
1.555	1.98	0.180512
1.555	1.99	0.189169
1.555	2	0.198025
1.56	0	2.4336
1.56	0.01	2.40243
1.56	0.02	2.37146
1.56	0.03	2.3407
1.56	0.04	2.31013
1.56	0.05	2.27976
1.56	0.06	2.24959
1.56	0.07	2.21963
1.56	0.08	2.18986
1.56	0.09	2.16029
1.56	0.1	2.13092
1.56	0.11	2.10176
1.56	0.12	2.07279
1.56	0.13	2.04403
1.56	0.14	2.01546
1.56	0.15	1.98709
1.56	0.16	1.95893
1.56	0.17	1.93096
1.56	0.18	1.9032
1.56	0.19	1.87564
1.56	0.2	1.84827
1.56	0.21	1.82111
1.56	0.22	1.79415
1.56	0.23	1.76738
1.56	0.24	1.74082
1.56	0.25	1.71446
1.56	0.26	1.6883
1.56	0.27	1.66234
1.56	0.28	1.63658
1.56	0.29	1.61102
1.56	0.3	1.58566
1.56	0.31	1.5605
1.56	0.32	1.53554
1.56	0.33	1.51079
1.56	0.34	1.48623
1.56	0.35	1.46188
1.56	0.36	1.43772
1.56	0.37	1.41377
1.56	0.38	1.39001
1.56	0.39	1.36646
1.56	0.4	1.34311
1.56	0.41	1.31996
1.56	0.42	1.29701
1.56	0.43	1.27426
1.56	0.44	1.25171
1.56	0.45	1.22936
1.56	0.46	1.20721
1.56	0.47	1.18527
1.56	0.48	1.16352
1.56	0.49	1.14197
1.56	0.5	1.12063
1.56	0.51	1.09949
1.56	0.52	1.07854
1.56	0.53	1.0578
1.56	0.54	1.03726
1.56	0.55	1.01692
1.56	0.56	0.996785
1.56	0.57	0.976847
1.56	0.58	0.95711
1.56	0.59	0.937574
1.56	0.6	0.918239
1.56	0.61	0.899105
1.56	0.62	0.880172
1.56	0.63	0.861439
1.56	0.64	0.842908
1.56	0.65	0.824578
1.56	0.66	0.806449
1.56	0.67	0.788521
1.56	0.68	0.770793
1.56	0.69	0.753267
1.56	0.7	0.735942
1.56	0.71	0.718818
1.56	0.72	0.701894
1.56	0.73	0.685172
1.56	0.74	0.668651
1.56	0.75	0.652331
1.56	0.76	0.636211
1.56	0.77	0.620293
1.56	0.78	0.604576
1.56	0.79	0.58906
1.56	0.8	0.573745
1.56	0.81	0.558631
1.56	0.82	0.543718
1.56	0.83	0.529006
1.56	0.84	0.514495
1.56	0.85	0.500185
1.56	0.86	0.486076
1.56	0.87	0.472168
1.56	0.88	0.458461
1.56	0.89	0.444955
1.56	0.9	0.43165
1.56	0.91	0.418546
1.56	0.92	0.405643
1.56	0.93	0.392941
1.56	0.94	0.38044
1.56	0.95	0.36814
1.56	0.96	0.356042
1.56	0.97	0.344144
1.56	0.98	0.332447
1.56	0.99	0.320951
1.56	1	0.309656
1.56	1.01	0.298562
1.56	1.02	0.287669
1.56	1.03	0.276976
1.56	1.04	0.266485
1.56	1.05	0.256195
1.56	1.06	0.246106
1.56	1.07	0.236217
1.56	1.08	0.22653
1.56	1.09	0.217044
1.56	1.1	0.207758
1.56	1.11	0.198673
1.56	1.12	0.18979
1.56	1.13	0.181107
1.56	1.14	0.172625
1.56	1.15	0.164344
1.56	1.16	0.156263
1.56	1.17	0.148384
1.56	1.18	0.140705
1.56	1.19	0.133228
1.56	1.2	0.125951
1.56	1.21	0.118875
1.56	1.22	0.112
1.56	1.23	0.105325
1.56	1.24	0.0988516
1.56	1.25	0.0925788
1.56	1.26	0.0865068
1.56	1.27	0.0806355
1.56	1.28	0.074965
1.56	1.29	0.0694952
1.56	1.3	0.0642261
1.56	1.31	0.0591578
1.56	1.32	0.0542903
1.56	1.33	0.0496234
1.56	1.34	0.0451573
1.56	1.35	0.0408918
1.56	1.36	0.036827
1.56	1.37	0.0329629
1.56	1.38	0.0292995
1.56	1.39	0.0258367
1.56	1.4	0.0225745
1.56	1.41	0.0195129
1.56	1.42	0.016652
1.56	1.43	0.0139917
1.56	1.44	0.0115319
1.56	1.45	0.00927278
1.56	1.46	0.00721419
1.56	1.47	0.00535617
1.56	1.48	0.0036987
1.56	1.49	0.00224177
1.56	1.5	0.000985377
1.56	1.51	-7.05026e-05
1.56	1.52	-0.000925875
1.56	1.53	-0.00158075
1.56	1.54	-0.00203514
1.56	1.55	-0.00228906
1.56	1.56	-0.00234251
1.56	1.57	-0.00219551
1.56	1.58	-0.00184807
1.56	1.59	-0.00130019
1.56	1.6	-0.000551899
1.56	1.61	0.000396806
1.56	1.62	0.00154591
1.56	1.63	0.0028954
1.56	1.64	0.00444527
1.56	1.65	0.0061955
1.56	1.66	0.00814609
1.56	1.67	0.010297
1.56	1.68	0.0126483
1.56	1.69	0.0151999
1.56	1.7	0.0179518
1.56	1.71	0.020904
1.56	1.72	0.0240565
1.56	1.73	0.0274092
1.56	1.74	0.0309623
1.56	1.75	0.0347156
1.56	1.76	0.0386691
1.56	1.77	0.0428229
1.56	1.78	0.0471769
1.56	1.79	0.0517311
1.56	1.8	0.0564855
1.56	1.81	0.0614401
1.56	1.82	0.0665949
1.56	1.83	0.0719498
1.56	1.84	0.0775049
1.56	1.85	0.0832602
1.56	1.86	0.0892156
1.56	1.87	0.0953711
1.56	1.88	0.101727
1.56	1.89	0.108282
1.56	1.9	0.115038
1.56	1.91	0.121994
1.56	1.92	0.12915
1.56	1.93	0.136506
1.56	1.94	0.144062
1.56	1.95	0.151819
1.56	1.96	0.159775
1.56	1.97	0.167931
1.56	1.98	0.176287
1.56	1.99	0.184844
1.56	2	0.1936
1.565	0	2.44922
1.565	0.01	2.41796
1.565	0.02	2.38689
1.565	0.03	2.35602
1.565	0.04	2.32535
1.565	0.05	2.29489
1.565	0.06	2.26462
1.565	0.07	2.23455
1.565	0.08	2.20469
1.565	0.09	2.17502
1.565	0.1	2.14555
1.565	0.11	2.11629
1.565	0.12	2.08722
1.565	0.13	2.05835
1.565	0.14	2.02969
1.565	0.15	2.00122
1.565	0.16	1.97296
1.565	0.17	1.94489
1.565	0.18	1.91703
1.565	0.19	1.88936
1.565	0.2	1.8619
1.565	0.21	1.83464
1.565	0.22	1.80758
1.565	0.23	1.78071
1.565	0.24	1.75405
1.565	0.25	1.72759
1.565	0.26	1.70133
1.565	0.27	1.67527
1.565	0.28	1.64941
1.565	0.29	1.62375
1.565	0.3	1.59829
1.565	0.31	1.57303
1.565	0.32	1.54798
1.565	0.33	1.52312
1.565	0.34	1.49846
1.565	0.35	1.47401
1.565	0.36	1.44975
1.565	0.37	1.4257
1.565	0.38	1.40185
1.565	0.39	1.37819
1.565	0.4	1.35474
1.565	0.41	1.33149
1.565	0.42	1.30844
1.565	0.43	1.28559
1.565	0.44	1.26294
1.565	0.45	1.24049
1.565	0.46	1.21825
1.565	0.47	1.1962
1.565	0.48	1.17435
1.565	0.49	1.15271
1.565	0.5	1.13126
1.565	0.51	1.11002
1.565	0.52	1.08898
1.565	0.53	1.06814
1.565	0.54	1.0475
1.565	0.55	1.02706
1.565	0.56	1.00682
1.565	0.57	0.986781
1.565	0.58	0.966945
1.565	0.59	0.947309
1.565	0.6	0.927874
1.565	0.61	0.90864
1.565	0.62	0.889607
1.565	0.63	0.870775
1.565	0.64	0.852144
1.565	0.65	0.833714
1.565	0.66	0.815484
1.565	0.67	0.797456
1.565	0.68	0.779629
1.565	0.69	0.762003
1.565	0.7	0.744578
1.565	0.71	0.727354
1.565	0.72	0.71033
1.565	0.73	0.693508
1.565	0.74	0.676887
1.565	0.75	0.660467
1.565	0.76	0.644248
1.565	0.77	0.62823
1.565	0.78	0.612413
1.565	0.79	0.596797
1.565	0.8	0.581382
1.565	0.81	0.566167
1.565	0.82	0.551154
1.565	0.83	0.536342
1.565	0.84	0.521731
1.565	0.85	0.507321
1.565	0.86	0.493113
1.565	0.87	0.479105
1.565	0.88	0.465298
1.565	0.89	0.451692
1.565	0.9	0.438287
1.565	0.91	0.425083
1.565	0.92	0.41208
1.565	0.93	0.399278
1.565	0.94	0.386677
1.565	0.95	0.374277
1.565	0.96	0.362078
1.565	0.97	0.35008
1.565	0.98	0.338283
1.565	0.99	0.326687
1.565	1	0.315292
1.565	1.01	0.304098
1.565	1.02	0.293105
1.565	1.03	0.282313
1.565	1.04	0.271722
1.565	1.05	0.261332
1.565	1.06	0.251142
1.565	1.07	0.241154
1.565	1.08	0.231367
1.565	1.09	0.22178
1.565	1.1	0.212395
1.565	1.11	0.20321
1.565	1.12	0.194226
1.565	1.13	0.185443
1.565	1.14	0.176861
1.565	1.15	0.16848
1.565	1.16	0.1603
1.565	1.17	0.15232
1.565	1.18	0.144541
1.565	1.19	0.136964
1.565	1.2	0.129587
1.565	1.21	0.122411
1.565	1.22	0.115435
1.565	1.23	0.108661
1.565	1.24	0.102087
1.565	1.25	0.0957143
1.565	1.26	0.0895422
1.565	1.27	0.0835709
1.565	1.28	0.0778003
1.565	1.29	0.0722304
1.565	1.3	0.0668612
1.565	1.31	0.0616928
1.565	1.32	0.0567252
1.565	1.33	0.0519582
1.565	1.34	0.047392
1.565	1.35	0.0430264
1.565	1.36	0.0388615
1.565	1.37	0.0348973
1.565	1.38	0.0311338
1.565	1.39	0.0275708
1.565	1.4	0.0242085
1.565	1.41	0.0210469
1.565	1.42	0.0180858
1.565	1.43	0.0153254
1.565	1.44	0.0127655
1.565	1.45	0.0104062
1.565	1.46	0.00824754
1.565	1.47	0.00628939
1.565	1.48	0.00453179
1.565	1.49	0.00297474
1.565	1.5	0.00161821
1.565	1.51	0.000462201
1.565	1.52	-0.000493304
1.565	1.53	-0.00124831
1.565	1.54	-0.00180284
1.565	1.55	-0.00215689
1.565	1.56	-0.00231049
1.565	1.57	-0.00226363
1.565	1.58	-0.00201632
1.565	1.59	-0.00156859
1.565	1.6	-0.000920442
1.565	1.61	-7.18826e-05
1.565	1.62	0.000977074
1.565	1.63	0.00222642
1.565	1.64	0.00367614
1.565	1.65	0.00532622
1.565	1.66	0.00717666
1.565	1.67	0.00922744
1.565	1.68	0.0114786
1.565	1.69	0.01393
1.565	1.7	0.0165817
1.565	1.71	0.0194338
1.565	1.72	0.0224861
1.565	1.73	0.0257387
1.565	1.74	0.0291916
1.565	1.75	0.0328447
1.565	1.76	0.0366981
1.565	1.77	0.0407517
1.565	1.78	0.0450056
1.565	1.79	0.0494596
1.565	1.8	0.0541139
1.565	1.81	0.0589683
1.565	1.82	0.0640229
1.565	1.83	0.0692777
1.565	1.84	0.0747326
1.565	1.85	0.0803877
1.565	1.86	0.086243
1.565	1.87	0.0922983
1.565	1.88	0.0985538
1.565	1.89	0.105009
1.565	1.9	0.111665
1.565	1.91	0.118521
1.565	1.92	0.125577
1.565	1.93	0.132833
1.565	1.94	0.140289
1.565	1.95	0.147945
1.565	1.96	0.155801
1.565	1.97	0.163857
1.565	1.98	0.172113
1.565	1.99	0.180569
1.565	2	0.189225
1.57	0	2.4649
1.57	0.01	2.43353
1.57	0.02	2.40237
1.57	0.03	2.3714
1.57	0.04	2.34063
1.57	0.05	2.31006
1.57	0.06	2.2797
1.57	0.07	2.24953
1.57	0.08	2.21956
1.57	0.09	2.1898
1.57	0.1	2.16023
1.57	0.11	2.13086
1.57	0.12	2.1017
1.57	0.13	2.07273
1.57	0.14	2.04397
1.57	0.15	2.0154
1.57	0.16	1.98704
1.57	0.17	1.95887
1.57	0.18	1.93091
1.57	0.19	1.90314
1.57	0.2	1.87558
1.57	0.21	1.84822
1.57	0.22	1.82106
1.57	0.23	1.79409
1.57	0.24	1.76733
1.57	0.25	1.74077
1.57	0.26	1.71441
1.57	0.27	1.68825
1.57	0.28	1.66229
1.57	0.29	1.63653
1.57	0.3	1.61097
1.57	0.31	1.58562
1.57	0.32	1.56046
1.57	0.33	1.5355
1.57	0.34	1.51075
1.57	0.35	1.48619
1.57	0.36	1.46184
1.57	0.37	1.43768
1.57	0.38	1.41373
1.57	0.39	1.38998
1.57	0.4	1.36642
1.57	0.41	1.34307
1.57	0.42	1.31992
1.57	0.43	1.29697
1.57	0.44	1.27423
1.57	0.45	1.25168
1.57	0.46	1.22933
1.57	0.47	1.20718
1.57	0.48	1.18524
1.57	0.49	1.16349
1.57	0.5	1.14195
1.57	0.51	1.12061
1.57	0.52	1.09946
1.57	0.53	1.07852
1.57	0.54	1.05778
1.57	0.55	1.03724
1.57	0.56	1.01691
1.57	0.57	0.996768
1.57	0.58	0.976831
1.57	0.59	0.957095
1.57	0.6	0.937561
1.57	0.61	0.918227
1.57	0.62	0.899094
1.57	0.63	0.880162
1.57	0.64	0.861431
1.57	0.65	0.842901
1.57	0.66	0.824572
1.57	0.67	0.806444
1.57	0.68	0.788517
1.57	0.69	0.770791
1.57	0.7	0.753266
1.57	0.71	0.735941
1.57	0.72	0.718818
1.57	0.73	0.701896
1.57	0.74	0.685175
1.57	0.75	0.668655
1.57	0.76	0.652336
1.57	0.77	0.636218
1.57	0.78	0.620301
1.57	0.79	0.604585
1.57	0.8	0.58907
1.57	0.81	0.573756
1.57	0.82	0.558643
1.57	0.83	0.543731
1.57	0.84	0.52902
1.57	0.85	0.51451
1.57	0.86	0.500201
1.57	0.87	0.486093
1.57	0.88	0.472186
1.57	0.89	0.458481
1.57	0.9	0.444976
1.57	0.91	0.431672
1.57	0.92	0.418569
1.57	0.93	0.405667
1.57	0.94	0.392966
1.57	0.95	0.380466
1.57	0.96	0.368167
1.57	0.97	0.356069
1.57	0.98	0.344172
1.57	0.99	0.332476
1.57	1	0.320981
1.57	1.01	0.309687
1.57	1.02	0.298594
1.57	1.03	0.287702
1.57	1.04	0.277011
1.57	1.05	0.26652
1.57	1.06	0.256231
1.57	1.07	0.246143
1.57	1.08	0.236255
1.57	1.09	0.226569
1.57	1.1	0.217083
1.57	1.11	0.207798
1.57	1.12	0.198714
1.57	1.13	0.189831
1.57	1.14	0.181149
1.57	1.15	0.172668
1.57	1.16	0.164388
1.57	1.17	0.156308
1.57	1.18	0.148429
1.57	1.19	0.140751
1.57	1.2	0.133274
1.57	1.21	0.125998
1.57	1.22	0.118923
1.57	1.23	0.112048
1.57	1.24	0.105375
1.57	1.25	0.0989016
1.57	1.26	0.0926294
1.57	1.27	0.0865579
1.57	1.28	0.0806872
1.57	1.29	0.0750173
1.57	1.3	0.069548
1.57	1.31	0.0642795
1.57	1.32	0.0592117
1.57	1.33	0.0543447
1.57	1.34	0.0496783
1.57	1.35	0.0452126
1.57	1.36	0.0409476
1.57	1.37	0.0368833
1.57	1.38	0.0330196
1.57	1.39	0.0293565
1.57	1.4	0.0258941
1.57	1.41	0.0226323
1.57	1.42	0.0195711
1.57	1.43	0.0167105
1.57	1.44	0.0140505
1.57	1.45	0.0115911
1.57	1.46	0.00933227
1.57	1.47	0.00727398
1.57	1.48	0.00541624
1.57	1.49	0.00375903
1.57	1.5	0.00230235
1.57	1.51	0.00104619
1.57	1.52	-9.47067e-06
1.57	1.53	-0.000864638
1.57	1.54	-0.00151932
1.57	1.55	-0.00197354
1.57	1.56	-0.00222729
1.57	1.57	-0.00228059
1.57	1.58	-0.00213346
1.57	1.59	-0.00178589
1.57	1.6	-0.00123791
1.57	1.61	-0.000489521
1.57	1.62	0.000459265
1.57	1.63	0.00160844
1.57	1.64	0.00295798
1.57	1.65	0.00450789
1.57	1.66	0.00625816
1.57	1.67	0.00820876
1.57	1.68	0.0103597
1.57	1.69	0.012711
1.57	1.7	0.0152625
1.57	1.71	0.0180144
1.57	1.72	0.0209665
1.57	1.73	0.024119
1.57	1.74	0.0274717
1.57	1.75	0.0310246
1.57	1.76	0.0347778
1.57	1.77	0.0387312
1.57	1.78	0.0428849
1.57	1.79	0.0472387
1.57	1.8	0.0517928
1.57	1.81	0.056547
1.57	1.82	0.0615014
1.57	1.83	0.066656
1.57	1.84	0.0720108
1.57	1.85	0.0775657
1.57	1.86	0.0833207
1.57	1.87	0.0892759
1.57	1.88	0.0954312
1.57	1.89	0.101787
1.57	1.9	0.108342
1.57	1.91	0.115098
1.57	1.92	0.122053
1.57	1.93	0.129209
1.57	1.94	0.136565
1.57	1.95	0.144121
1.57	1.96	0.151876
1.57	1.97	0.159832
1.57	1.98	0.167988
1.57	1.99	0.176344
1.57	2	0.1849
1.575	0	2.48063
1.575	0.01	2.44916
1.575	0.02	2.41789
1.575	0.03	2.38682
1.575	0.04	2.35596
1.575	0.05	2.32529
1.575	0.06	2.29482
1.575	0.07	2.26456
1.575	0.08	2.23449
1.575	0.09	2.20462
1.575	0.1	2.17496
1.575	0.11	2.14549
1.575	0.12	2.11623
1.575	0.13	2.08716
1.575	0.14	2.05829
1.575	0.15	2.02963
1.575	0.16	2.00117
1.575	0.17	1.9729
1.575	0.18	1.94484
1.575	0.19	1.91697
1.575	0.2	1.88931
1.575	0.21	1.86185
1.575	0.22	1.83459
1.575	0.23	1.80752
1.575	0.24	1.78066
1.575	0.25	1.754
1.575	0.26	1.72754
1.575	0.27	1.70128
1.575	0.28	1.67522
1.575	0.29	1.64936
1.575	0.3	1.62371
1.575	0.31	1.59825
1.575	0.32	1.57299
1.575	0.33	1.54793
1.575	0.34	1.52308
1.575	0.35	1.49842
1.575	0.36	1.47397
1.575	0.37	1.44972
1.575	0.38	1.42566
1.575	0.39	1.40181
1.575	0.4	1.37816
1.575	0.41	1.35471
1.575	0.42	1.33146
1.575	0.43	1.30841
1.575	0.44	1.28556
1.575	0.45	1.26291
1.575	0.46	1.24047
1.575	0.47	1.21822
1.575	0.48	1.19617
1.575	0.49	1.17433
1.575	0.5	1.15269
1.575	0.51	1.13124
1.575	0.52	1.11
1.575	0.53	1.08896
1.575	0.54	1.06812
1.575	0.55	1.04748
1.575	0.56	1.02704
1.575	0.57	1.0068
1.575	0.58	0.986768
1.575	0.59	0.966933
1.575	0.6	0.947298
1.575	0.61	0.927864
1.575	0.62	0.908632
1.575	0.63	0.8896
1.575	0.64	0.870769
1.575	0.65	0.852139
1.575	0.66	0.83371
1.575	0.67	0.815482
1.575	0.68	0.797455
1.575	0.69	0.779629
1.575	0.7	0.762004
1.575	0.71	0.74458
1.575	0.72	0.727357
1.575	0.73	0.710335
1.575	0.74	0.693514
1.575	0.75	0.676894
1.575	0.76	0.660475
1.575	0.77	0.644257
1.575	0.78	0.62824
1.575	0.79	0.612424
1.575	0.8	0.596809
1.575	0.81	0.581395
1.575	0.82	0.566183
1.575	0.83	0.551171
1.575	0.84	0.53636
1.575	0.85	0.52175
1.575	0.86	0.50734
1.575	0.87	0.493132
1.575	0.88	0.479125
1.575	0.89	0.465319
1.575	0.9	0.451714
1.575	0.91	0.438311
1.575	0.92	0.425108
1.575	0.93	0.412106
1.575	0.94	0.399305
1.575	0.95	0.386705
1.575	0.96	0.374306
1.575	0.97	0.362108
1.575	0.98	0.350111
1.575	0.99	0.338315
1.575	1	0.32672
1.575	1.01	0.315326
1.575	1.02	0.304133
1.575	1.03	0.293141
1.575	1.04	0.282349
1.575	1.05	0.271759
1.575	1.06	0.26137
1.575	1.07	0.251181
1.575	1.08	0.241194
1.575	1.09	0.231407
1.575	1.1	0.221821
1.575	1.11	0.212437
1.575	1.12	0.203253
1.575	1.13	0.19427
1.575	1.14	0.185487
1.575	1.15	0.176906
1.575	1.16	0.168526
1.575	1.17	0.160346
1.575	1.18	0.152367
1.575	1.19	0.144589
1.575	1.2	0.137012
1.575	1.21	0.129636
1.575	1.22	0.12246
1.575	1.23	0.115486
1.575	1.24	0.108712
1.575	1.25	0.102139
1.575	1.26	0.0957666
1.575	1.27	0.089595
1.575	1.28	0.0836242
1.575	1.29	0.0778541
1.575	1.3	0.0722848
1.575	1.31	0.0669162
1.575	1.32	0.0617483
1.575	1.33	0.0567811
1.575	1.34	0.0520147
1.575	1.35	0.0474489
1.575	1.36	0.0430837
1.575	1.37	0.0389193
1.575	1.38	0.0349554
1.575	1.39	0.0311923
1.575	1.4	0.0276297
1.575	1.41	0.0242678
1.575	1.42	0.0211065
1.575	1.43	0.0181457
1.575	1.44	0.0153856
1.575	1.45	0.012826
1.575	1.46	0.010467
1.575	1.47	0.00830859
1.575	1.48	0.0063507
1.575	1.49	0.00459335
1.575	1.5	0.00303652
1.575	1.51	0.0016802
1.575	1.52	0.000524385
1.575	1.53	-0.000430939
1.575	1.54	-0.00118578
1.575	1.55	-0.00174016
1.575	1.56	-0.00209407
1.575	1.57	-0.00224754
1.575	1.58	-0.00220057
1.575	1.59	-0.00195317
1.575	1.6	-0.00150536
1.575	1.61	-0.000857139
1.575	1.62	-8.52425e-06
1.575	1.63	0.00104047
1.575	1.64	0.00228985
1.575	1.65	0.00373958
1.575	1.66	0.00538967
1.575	1.67	0.0072401
1.575	1.68	0.00929085
1.575	1.69	0.0115419
1.575	1.7	0.0139933
1.575	1.71	0.016645
1.575	1.72	0.019497
1.575	1.73	0.0225492
1.575	1.74	0.0258017
1.575	1.75	0.0292545
1.575	1.76	0.0329075
1.575	1.77	0.0367607
1.575	1.78	0.0408142
1.575	1.79	0.0450679
1.575	1.8	0.0495217
1.575	1.81	0.0541758
1.575	1.82	0.05903
1.575	1.83	0.0640844
1.575	1.84	0.069339
1.575	1.85	0.0747937
1.575	1.86	0.0804485
1.575	1.87	0.0863035
1.575	1.88	0.0923586
1.575	1.89	0.0986138
1.575	1.9	0.105069
1.575	1.91	0.111724
1.575	1.92	0.11858
1.575	1.93	0.125635
1.575	1.94	0.132891
1.575	1.95	0.140347
1.575	1.96	0.148002
1.575	1.97	0.155858
1.575	1.98	0.163914
1.575	1.99	0.172169
1.575	2	0.180625
1.58	0	2.4964
1.58	0.01	2.46483
1.58	0.02	2.43347
1.58	0.03	2.4023
1.58	0.04	2.37133
1.58	0.05	2.34057
1.58	0.06	2.31
1.58	0.07	2.27963
1.58	0.08	2.24947
1.58	0.09	2.2195
1.58	0.1	2.18973
1.58	0.11	2.16017
1.58	0.12	2.1308
1.58	0.13	2.10164
1.58	0.14	2.07267
1.58	0.15	2.04391
1.58	0.16	2.01534
1.58	0.17	1.98698
1.58	0.18	1.95882
1.58	0.19	1.93085
1.58	0.2	1.90309
1.58	0.21	1.87553
1.58	0.22	1.84817
1.58	0.23	1.821
1.58	0.24	1.79404
1.58	0.25	1.76728
1.58	0.26	1.74072
1.58	0.27	1.71436
1.58	0.28	1.6882
1.58	0.29	1.66225
1.58	0.3	1.63649
1.58	0.31	1.61093
1.58	0.32	1.58557
1.58	0.33	1.56042
1.58	0.34	1.53546
1.58	0.35	1.51071
1.58	0.36	1.48615
1.58	0.37	1.4618
1.58	0.38	1.43765
1.58	0.39	1.41369
1.58	0.4	1.38994
1.58	0.41	1.36639
1.58	0.42	1.34304
1.58	0.43	1.31989
1.58	0.44	1.29695
1.58	0.45	1.2742
1.58	0.46	1.25165
1.58	0.47	1.2293
1.58	0.48	1.20716
1.58	0.49	1.18522
1.58	0.5	1.16347
1.58	0.51	1.14193
1.58	0.52	1.12059
1.58	0.53	1.09945
1.58	0.54	1.07851
1.58	0.55	1.05777
1.58	0.56	1.03723
1.58	0.57	1.01689
1.58	0.58	0.996756
1.58	0.59	0.97682
1.58	0.6	0.957086
1.58	0.61	0.937552
1.58	0.62	0.918219
1.58	0.63	0.899088
1.58	0.64	0.880157
1.58	0.65	0.861427
1.58	0.66	0.842898
1.58	0.67	0.824571
1.58	0.68	0.806444
1.58	0.69	0.788518
1.58	0.7	0.770793
1.58	0.71	0.753269
1.58	0.72	0.735946
1.58	0.73	0.718824
1.58	0.74	0.701903
1.58	0.75	0.685183
1.58	0.76	0.668664
1.58	0.77	0.652346
1.58	0.78	0.63623
1.58	0.79	0.620314
1.58	0.8	0.604599
1.58	0.81	0.589085
1.58	0.82	0.573772
1.58	0.83	0.55866
1.58	0.84	0.543749
1.58	0.85	0.529039
1.58	0.86	0.514531
1.58	0.87	0.500223
1.58	0.88	0.486116
1.58	0.89	0.47221
1.58	0.9	0.458505
1.58	0.91	0.445001
1.58	0.92	0.431698
1.58	0.93	0.418597
1.58	0.94	0.405696
1.58	0.95	0.392996
1.58	0.96	0.380497
1.58	0.97	0.368199
1.58	0.98	0.356102
1.58	0.99	0.344206
1.58	1	0.332511
1.58	1.01	0.321017
1.58	1.02	0.309723
1.58	1.03	0.298631
1.58	1.04	0.28774
1.58	1.05	0.27705
1.58	1.06	0.26656
1.58	1.07	0.256272
1.58	1.08	0.246184
1.58	1.09	0.236297
1.58	1.1	0.226612
1.58	1.11	0.217127
1.58	1.12	0.207843
1.58	1.13	0.19876
1.58	1.14	0.189877
1.58	1.15	0.181196
1.58	1.16	0.172715
1.58	1.17	0.164436
1.58	1.18	0.156357
1.58	1.19	0.148479
1.58	1.2	0.140802
1.58	1.21	0.133325
1.58	1.22	0.12605
1.58	1.23	0.118975
1.58	1.24	0.112101
1.58	1.25	0.105428
1.58	1.26	0.0989554
1.58	1.27	0.0926838
1.58	1.28	0.0866128
1.58	1.29	0.0807427
1.58	1.3	0.0750732
1.58	1.31	0.0696045
1.58	1.32	0.0643365
1.58	1.33	0.0592692
1.58	1.34	0.0544025
1.58	1.35	0.0497366
1.58	1.36	0.0452713
1.58	1.37	0.0410067
1.58	1.38	0.0369428
1.58	1.39	0.0330794
1.58	1.4	0.0294167
1.58	1.41	0.0259546
1.58	1.42	0.0226932
1.58	1.43	0.0196323
1.58	1.44	0.016772
1.58	1.45	0.0141123
1.58	1.46	0.0116531
1.58	1.47	0.00939451
1.58	1.48	0.00733645
1.58	1.49	0.00547892
1.58	1.5	0.00382192
1.58	1.51	0.00236543
1.58	1.52	0.00110944
1.58	1.53	5.39331e-05
1.58	1.54	-0.000801092
1.58	1.55	-0.00145565
1.58	1.56	-0.00190975
1.58	1.57	-0.0021634
1.58	1.58	-0.00221662
1.58	1.59	-0.00206941
1.58	1.6	-0.00172179
1.58	1.61	-0.00117376
1.58	1.62	-0.000425343
1.58	1.63	0.00052346
1.58	1.64	0.00167263
1.58	1.65	0.00302217
1.58	1.66	0.00457206
1.58	1.67	0.00632228
1.58	1.68	0.00827284
1.58	1.69	0.0104237
1.58	1.7	0.0127749
1.58	1.71	0.0153264
1.58	1.72	0.0180781
1.58	1.73	0.0210302
1.58	1.74	0.0241825
1.58	1.75	0.027535
1.58	1.76	0.0310878
1.58	1.77	0.0348408
1.58	1.78	0.0387941
1.58	1.79	0.0429475
1.58	1.8	0.0473012
1.58	1.81	0.051855
1.58	1.82	0.056609
1.58	1.83	0.0615632
1.58	1.84	0.0667175
1.58	1.85	0.072072
1.58	1.86	0.0776266
1.58	1.87	0.0833814
1.58	1.88	0.0893363
1.58	1.89	0.0954912
1.58	1.9	0.101846
1.58	1.91	0.108401
1.58	1.92	0.115157
1.58	1.93	0.122112
1.58	1.94	0.129267
1.58	1.95	0.136623
1.58	1.96	0.144178
1.58	1.97	0.151934
1.58	1.98	0.159889
1.58	1.99	0.168045
1.58	2	0.1764
1.585	0	2.51222
1.585	0.01	2.48056
1.585	0.02	2.44909
1.585	0.03	2.41783
1.585	0.04	2.38676
1.585	0.05	2.35589
1.585	0.06	2.32523
1.585	0.07	2.29476
1.585	0.08	2.26449
1.585	0.09	2.23443
1.585	0.1	2.20456
1.585	0.11	2.1749
1.585	0.12	2.14543
1.585	0.13	2.11617
1.585	0.14	2.0871
1.585	0.15	2.05824
1.585	0.16	2.02957
1.585	0.17	2.00111
1.585	0.18	1.97285
1.585	0.19	1.94478
1.585	0.2	1.91692
1.585	0.21	1.88926
1.585	0.22	1.8618
1.585	0.23	1.83454
1.585	0.24	1.80748
1.585	0.25	1.78061
1.585	0.26	1.75395
1.585	0.27	1.7275
1.585	0.28	1.70124
1.585	0.29	1.67518
1.585	0.3	1.64932
1.585	0.31	1.62366
1.585	0.32	1.59821
1.585	0.33	1.57295
1.585	0.34	1.5479
1.585	0.35	1.52304
1.585	0.36	1.49839
1.585	0.37	1.47393
1.585	0.38	1.44968
1.585	0.39	1.42563
1.585	0.4	1.40178
1.585	0.41	1.37813
1.585	0.42	1.35468
1.585	0.43	1.33143
1.585	0.44	1.30838
1.585	0.45	1.28553
1.585	0.46	1.26289
1.585	0.47	1.24044
1.585	0.48	1.2182
1.585	0.49	1.19615
1.585	0.5	1.17431
1.585	0.51	1.15267
1.585	0.52	1.13123
1.585	0.53	1.10998
1.585	0.54	1.08895
1.585	0.55	1.06811
1.585	0.56	1.04747
1.585	0.57	1.02703
1.585	0.58	1.00679
1.585	0.59	0.986759
1.585	0.6	0.966925
1.585	0.61	0.947291
1.585	0.62	0.927859
1.585	0.63	0.908627
1.585	0.64	0.889597
1.585	0.65	0.870767
1.585	0.66	0.852138
1.585	0.67	0.833711
1.585	0.68	0.815484
1.585	0.69	0.797458
1.585	0.7	0.779633
1.585	0.71	0.76201
1.585	0.72	0.744587
1.585	0.73	0.727365
1.585	0.74	0.710344
1.585	0.75	0.693524
1.585	0.76	0.676905
1.585	0.77	0.660488
1.585	0.78	0.644271
1.585	0.79	0.628255
1.585	0.8	0.61244
1.585	0.81	0.596826
1.585	0.82	0.581413
1.585	0.83	0.566202
1.585	0.84	0.551191
1.585	0.85	0.536381
1.585	0.86	0.521772
1.585	0.87	0.507364
1.585	0.88	0.493158
1.585	0.89	0.479152
1.585	0.9	0.465347
1.585	0.91	0.451743
1.585	0.92	0.43834
1.585	0.93	0.425138
1.585	0.94	0.412137
1.585	0.95	0.399337
1.585	0.96	0.386739
1.585	0.97	0.374341
1.585	0.98	0.362144
1.585	0.99	0.350147
1.585	1	0.338352
1.585	1.01	0.326758
1.585	1.02	0.315365
1.585	1.03	0.304173
1.585	1.04	0.293181
1.585	1.05	0.282391
1.585	1.06	0.271802
1.585	1.07	0.261413
1.585	1.08	0.251225
1.585	1.09	0.241239
1.585	1.1	0.231453
1.585	1.11	0.221868
1.585	1.12	0.212484
1.585	1.13	0.203301
1.585	1.14	0.194318
1.585	1.15	0.185537
1.585	1.16	0.176956
1.585	1.17	0.168576
1.585	1.18	0.160397
1.585	1.19	0.152419
1.585	1.2	0.144642
1.585	1.21	0.137066
1.585	1.22	0.12969
1.585	1.23	0.122515
1.585	1.24	0.115541
1.585	1.25	0.108768
1.585	1.26	0.102195
1.585	1.27	0.0958233
1.585	1.28	0.0896523
1.585	1.29	0.083682
1.585	1.3	0.0779124
1.585	1.31	0.0723436
1.585	1.32	0.0669754
1.585	1.33	0.061808
1.585	1.34	0.0568412
1.585	1.35	0.0520751
1.585	1.36	0.0475097
1.585	1.37	0.0431449
1.585	1.38	0.0389808
1.585	1.39	0.0350173
1.585	1.4	0.0312545
1.585	1.41	0.0276922
1.585	1.42	0.0243306
1.585	1.43	0.0211695
1.585	1.44	0.0182091
1.585	1.45	0.0154492
1.585	1.46	0.0128899
1.585	1.47	0.0105311
1.585	1.48	0.00837284
1.585	1.49	0.00641514
1.585	1.5	0.00465795
1.585	1.51	0.00310127
1.585	1.52	0.00174509
1.585	1.53	0.000589401
1.585	1.54	-0.000365815
1.585	1.55	-0.00112057
1.585	1.56	-0.00167486
1.585	1.57	-0.00202871
1.585	1.58	-0.00218213
1.585	1.59	-0.00213512
1.585	1.6	-0.0018877
1.585	1.61	-0.00143988
1.585	1.62	-0.000791668
1.585	1.63	5.69262e-05
1.585	1.64	0.00110589
1.585	1.65	0.00235522
1.585	1.66	0.00380489
1.585	1.67	0.0054549
1.585	1.68	0.00730524
1.585	1.69	0.0093559
1.585	1.7	0.0116069
1.585	1.71	0.0140581
1.585	1.72	0.0167097
1.585	1.73	0.0195615
1.585	1.74	0.0226136
1.585	1.75	0.0258659
1.585	1.76	0.0293185
1.585	1.77	0.0329713
1.585	1.78	0.0368243
1.585	1.79	0.0408775
1.585	1.8	0.0451309
1.585	1.81	0.0495845
1.585	1.82	0.0542383
1.585	1.83	0.059092
1.585	1.84	0.0641461
1.585	1.85	0.0694004
1.585	1.86	0.0748548
1.585	1.87	0.0805093
1.585	1.88	0.086364
1.585	1.89	0.0924187
1.585	1.9	0.0986735
1.585	1.91	0.105128
1.585	1.92	0.111783
1.585	1.93	0.118639
1.585	1.94	0.125694
1.585	1.95	0.132949
1.585	1.96	0.140404
1.585	1.97	0.148059
1.585	1.98	0.155915
1.585	1.99	0.16397
1.585	2	0.172225
1.59	0	2.5281
1.59	0.01	2.49633
1.59	0.02	2.46477
1.59	0.03	2.4334
1.59	0.04	2.40223
1.59	0.05	2.37127
1.59	0.06	2.3405
1.59	0.07	2.30994
1.59	0.08	2.27957
1.59	0.09	2.24941
1.59	0.1	2.21944
1.59	0.11	2.18967
1.59	0.12	2.16011
1.59	0.13	2.13075
1.59	0.14	2.10158
1.59	0.15	2.07262
1.59	0.16	2.04385
1.59	0.17	2.01529
1.59	0.18	1.98693
1.59	0.19	1.95876
1.59	0.2	1.9308
1.59	0.21	1.90304
1.59	0.22	1.87548
1.59	0.23	1.84812
1.59	0.24	1.82096
1.59	0.25	1.794
1.59	0.26	1.76724
1.59	0.27	1.74068
1.59	0.28	1.71432
1.59	0.29	1.68816
1.59	0.3	1.6622
1.59	0.31	1.63645
1.59	0.32	1.61089
1.59	0.33	1.58554
1.59	0.34	1.56038
1.59	0.35	1.53543
1.59	0.36	1.51067
1.59	0.37	1.48612
1.59	0.38	1.46177
1.59	0.39	1.43762
1.59	0.4	1.41366
1.59	0.41	1.38991
1.59	0.42	1.36636
1.59	0.43	1.34302
1.59	0.44	1.31987
1.59	0.45	1.29692
1.59	0.46	1.27417
1.59	0.47	1.25163
1.59	0.48	1.22928
1.59	0.49	1.20714
1.59	0.5	1.1852
1.59	0.51	1.16345
1.59	0.52	1.14191
1.59	0.53	1.12057
1.59	0.54	1.09943
1.59	0.55	1.07849
1.59	0.56	1.05776
1.59	0.57	1.03722
1.59	0.58	1.01688
1.59	0.59	0.996748
1.59	0.6	0.976814
1.59	0.61	0.957081
1.59	0.62	0.937548
1.59	0.63	0.918217
1.59	0.64	0.899086
1.59	0.65	0.880157
1.59	0.66	0.861428
1.59	0.67	0.842901
1.59	0.68	0.824574
1.59	0.69	0.806448
1.59	0.7	0.788524
1.59	0.71	0.7708
1.59	0.72	0.753277
1.59	0.73	0.735956
1.59	0.74	0.718835
1.59	0.75	0.701915
1.59	0.76	0.685196
1.59	0.77	0.668679
1.59	0.78	0.652362
1.59	0.79	0.636246
1.59	0.8	0.620331
1.59	0.81	0.604618
1.59	0.82	0.589105
1.59	0.83	0.573793
1.59	0.84	0.558682
1.59	0.85	0.543772
1.59	0.86	0.529064
1.59	0.87	0.514556
1.59	0.88	0.500249
1.59	0.89	0.486143
1.59	0.9	0.472239
1.59	0.91	0.458535
1.59	0.92	0.445032
1.59	0.93	0.43173
1.59	0.94	0.418629
1.59	0.95	0.405729
1.59	0.96	0.39303
1.59	0.97	0.380532
1.59	0.98	0.368235
1.59	0.99	0.356139
1.59	1	0.344244
1.59	1.01	0.33255
1.59	1.02	0.321057
1.59	1.03	0.309764
1.59	1.04	0.298673
1.59	1.05	0.287783
1.59	1.06	0.277093
1.59	1.07	0.266604
1.59	1.08	0.256317
1.59	1.09	0.24623
1.59	1.1	0.236344
1.59	1.11	0.226659
1.59	1.12	0.217175
1.59	1.13	0.207892
1.59	1.14	0.198809
1.59	1.15	0.189928
1.59	1.16	0.181247
1.59	1.17	0.172767
1.59	1.18	0.164488
1.59	1.19	0.15641
1.59	1.2	0.148532
1.59	1.21	0.140856
1.59	1.22	0.13338
1.59	1.23	0.126105
1.59	1.24	0.119031
1.59	1.25	0.112158
1.59	1.26	0.105485
1.59	1.27	0.0990129
1.59	1.28	0.0927418
1.59	1.29	0.0866713
1.59	1.3	0.0808016
1.59	1.31	0.0751327
1.59	1.32	0.0696644
1.59	1.33	0.0643968
1.59	1.34	0.0593299
1.59	1.35	0.0544637
1.59	1.36	0.0497981
1.59	1.37	0.0453332
1.59	1.38	0.0410689
1.59	1.39	0.0370053
1.59	1.4	0.0331422
1.59	1.41	0.0294798
1.59	1.42	0.026018
1.59	1.43	0.0227568
1.59	1.44	0.0196962
1.59	1.45	0.0168361
1.59	1.46	0.0141766
1.59	1.47	0.0117177
1.59	1.48	0.00945926
1.59	1.49	0.00740137
1.59	1.5	0.005544
1.59	1.51	0.00388714
1.59	1.52	0.00243077
1.59	1.53	0.00117489
1.59	1.54	0.000119483
1.59	1.55	-0.000735461
1.59	1.56	-0.00138995
1.59	1.57	-0.001844
1.59	1.58	-0.00209762
1.59	1.59	-0.00215081
1.59	1.6	-0.0020036
1.59	1.61	-0.00165598
1.59	1.62	-0.00110797
1.59	1.63	-0.000359587
1.59	1.64	0.000589168
1.59	1.65	0.00173828
1.59	1.66	0.00308774
1.59	1.67	0.00463754
1.59	1.68	0.00638767
1.59	1.69	0.00833811
1.59	1.7	0.0104889
1.59	1.71	0.0128399
1.59	1.72	0.0153912
1.59	1.73	0.0181428
1.59	1.74	0.0210947
1.59	1.75	0.0242468
1.59	1.76	0.0275991
1.59	1.77	0.0311517
1.59	1.78	0.0349045
1.59	1.79	0.0388575
1.59	1.8	0.0430106
1.59	1.81	0.047364
1.59	1.82	0.0519176
1.59	1.83	0.0566713
1.59	1.84	0.0616252
1.59	1.85	0.0667792
1.59	1.86	0.0721333
1.59	1.87	0.0776876
1.59	1.88	0.083442
1.59	1.89	0.0893965
1.59	1.9	0.0955511
1.59	1.91	0.101906
1.59	1.92	0.10846
1.59	1.93	0.115215
1.59	1.94	0.12217
1.59	1.95	0.129325
1.59	1.96	0.13668
1.59	1.97	0.144235
1.59	1.98	0.15199
1.59	1.99	0.159945
1.59	2	0.1681
1.595	0	2.54402
1.595	0.01	2.51216
1.595	0.02	2.48049
1.595	0.03	2.44903
1.595	0.04	2.41776
1.595	0.05	2.3867
1.595	0.06	2.35583
1.595	0.07	2.32516
1.595	0.08	2.2947
1.595	0.09	2.26443
1.595	0.1	2.23437
1.595	0.11	2.2045
1.595	0.12	2.17484
1.595	0.13	2.14537
1.595	0.14	2.11611
1.595	0.15	2.08705
1.595	0.16	2.05818
1.595	0.17	2.02952
1.595	0.18	2.00106
1.595	0.19	1.97279
1.595	0.2	1.94473
1.595	0.21	1.91687
1.595	0.22	1.88921
1.595	0.23	1.86175
1.595	0.24	1.83449
1.595	0.25	1.80743
1.595	0.26	1.78057
1.595	0.27	1.75391
1.595	0.28	1.72745
1.595	0.29	1.7012
1.595	0.3	1.67514
1.595	0.31	1.64928
1.595	0.32	1.62363
1.595	0.33	1.59817
1.595	0.34	1.57292
1.595	0.35	1.54786
1.595	0.36	1.52301
1.595	0.37	1.49836
1.595	0.38	1.4739
1.595	0.39	1.44965
1.595	0.4	1.4256
1.595	0.41	1.40175
1.595	0.42	1.3781
1.595	0.43	1.35465
1.595	0.44	1.33141
1.595	0.45	1.30836
1.595	0.46	1.28551
1.595	0.47	1.26287
1.595	0.48	1.24042
1.595	0.49	1.21818
1.595	0.5	1.19614
1.595	0.51	1.17429
1.595	0.52	1.15265
1.595	0.53	1.13121
1.595	0.54	1.10997
1.595	0.55	1.08893
1.595	0.56	1.0681
1.595	0.57	1.04746
1.595	0.58	1.02702
1.595	0.59	1.00679
1.595	0.6	0.986755
1.595	0.61	0.966922
1.595	0.62	0.94729
1.595	0.63	0.927858
1.595	0.64	0.908628
1.595	0.65	0.889599
1.595	0.66	0.87077
1.595	0.67	0.852143
1.595	0.68	0.833716
1.595	0.69	0.815491
1.595	0.7	0.797466
1.595	0.71	0.779642
1.595	0.72	0.76202
1.595	0.73	0.744598
1.595	0.74	0.727378
1.595	0.75	0.710358
1.595	0.76	0.693539
1.595	0.77	0.676922
1.595	0.78	0.660505
1.595	0.79	0.644289
1.595	0.8	0.628274
1.595	0.81	0.612461
1.595	0.82	0.596848
1.595	0.83	0.581436
1.595	0.84	0.566226
1.595	0.85	0.551216
1.595	0.86	0.536407
1.595	0.87	0.521799
1.595	0.88	0.507393
1.595	0.89	0.493187
1.595	0.9	0.479182
1.595	0.91	0.465378
1.595	0.92	0.451775
1.595	0.93	0.438374
1.595	0.94	0.425173
1.595	0.95	0.412173
1.595	0.96	0.399374
1.595	0.97	0.386776
1.595	0.98	0.374379
1.595	0.99	0.362183
1.595	1	0.350188
1.595	1.01	0.338393
1.595	1.02	0.3268
1.595	1.03	0.315408
1.595	1.04	0.304216
1.595	1.05	0.293226
1.595	1.06	0.282436
1.595	1.07	0.271848
1.595	1.08	0.26146
1.595	1.09	0.251273
1.595	1.1	0.241287
1.595	1.11	0.231502
1.595	1.12	0.221918
1.595	1.13	0.212534
1.595	1.14	0.203352
1.595	1.15	0.19437
1.595	1.16	0.185589
1.595	1.17	0.17701
1.595	1.18	0.16863
1.595	1.19	0.160452
1.595	1.2	0.152475
1.595	1.21	0.144698
1.595	1.22	0.137122
1.595	1.23	0.129747
1.595	1.24	0.122573
1.595	1.25	0.115599
1.595	1.26	0.108826
1.595	1.27	0.102254
1.595	1.28	0.0958829
1.595	1.29	0.0897123
1.595	1.3	0.0837425
1.595	1.31	0.0779733
1.595	1.32	0.0724049
1.595	1.33	0.0670372
1.595	1.34	0.0618701
1.595	1.35	0.0569037
1.595	1.36	0.052138
1.595	1.37	0.0475729
1.595	1.38	0.0432085
1.595	1.39	0.0390446
1.595	1.4	0.0350814
1.595	1.41	0.0313189
1.595	1.42	0.0277569
1.595	1.43	0.0243955
1.595	1.44	0.0212347
1.595	1.45	0.0182744
1.595	1.46	0.0155147
1.595	1.47	0.0129556
1.595	1.48	0.0105969
1.595	1.49	0.00843886
1.595	1.5	0.00648129
1.595	1.51	0.00472422
1.595	1.52	0.00316765
1.595	1.53	0.00181155
1.595	1.54	0.000655931
1.595	1.55	-0.00029923
1.595	1.56	-0.00105394
1.595	1.57	-0.00160821
1.595	1.58	-0.00196205
1.595	1.59	-0.00211547
1.595	1.6	-0.00206848
1.595	1.61	-0.00182109
1.595	1.62	-0.00137331
1.595	1.63	-0.000725156
1.595	1.64	0.000123365
1.595	1.65	0.00117224
1.595	1.66	0.00242147
1.595	1.67	0.00387103
1.595	1.68	0.00552091
1.595	1.69	0.00737111
1.595	1.7	0.00942162
1.595	1.71	0.0116724
1.595	1.72	0.0141235
1.595	1.73	0.0167748
1.595	1.74	0.0196265
1.595	1.75	0.0226783
1.595	1.76	0.0259304
1.595	1.77	0.0293827
1.595	1.78	0.0330353
1.595	1.79	0.036888
1.595	1.8	0.0409409
1.595	1.81	0.045194
1.595	1.82	0.0496473
1.595	1.83	0.0543008
1.595	1.84	0.0591544
1.595	1.85	0.0642081
1.595	1.86	0.069462
1.595	1.87	0.074916
1.595	1.88	0.0805702
1.595	1.89	0.0864244
1.595	1.9	0.0924787
1.595	1.91	0.0987331
1.595	1.92	0.105188
1.595	1.93	0.111842
1.595	1.94	0.118697
1.595	1.95	0.125751
1.595	1.96	0.133006
1.595	1.97	0.140461
1.595	1.98	0.148116
1.595	1.99	0.15597
1.595	2	0.164025
1.6	0	2.56
1.6	0.01	2.52803
1.6	0.02	2.49627
1.6	0.03	2.4647
1.6	0.04	2.43334
1.6	0.05	2.40217
1.6	0.06	2.37121
1.6	0.07	2.34044
1.6	0.08	2.30988
1.6	0.09	2.27951
1.6	0.1	2.24935
1.6	0.11	2.21938
1.6	0.12	2.18962
1.6	0.13	2.16005
1.6	0.14	2.13069
1.6	0.15	2.10153
1.6	0.16	2.07256
1.6	0.17	2.0438
1.6	0.18	2.01524
1.6	0.19	1.98688
1.6	0.2	1.95871
1.6	0.21	1.93075
1.6	0.22	1.90299
1.6	0.23	1.87543
1.6	0.24	1.84807
1.6	0.25	1.82091
1.6	0.26	1.79395
1.6	0.27	1.7672
1.6	0.28	1.74064
1.6	0.29	1.71428
1.6	0.3	1.68812
1.6	0.31	1.66217
1.6	0.32	1.63641
1.6	0.33	1.61086
1.6	0.34	1.5855
1.6	0.35	1.56035
1.6	0.36	1.53539
1.6	0.37	1.51064
1.6	0.38	1.48609
1.6	0.39	1.46174
1.6	0.4	1.43759
1.6	0.41	1.41364
1.6	0.42	1.38989
1.6	0.43	1.36634
1.6	0.44	1.34299
1.6	0.45	1.31985
1.6	0.46	1.2969
1.6	0.47	1.27416
1.6	0.48	1.25161
1.6	0.49	1.22927
1.6	0.5	1.20713
1.6	0.51	1.18518
1.6	0.52	1.16344
1.6	0.53	1.1419
1.6	0.54	1.12056
1.6	0.55	1.09943
1.6	0.56	1.07849
1.6	0.57	1.05775
1.6	0.58	1.03722
1.6	0.59	1.01688
1.6	0.6	0.996747
1.6	0.61	0.976814
1.6	0.62	0.957082
1.6	0.63	0.93755
1.6	0.64	0.91822
1.6	0.65	0.899091
1.6	0.66	0.880163
1.6	0.67	0.861435
1.6	0.68	0.842909
1.6	0.69	0.824584
1.6	0.7	0.806459
1.6	0.71	0.788536
1.6	0.72	0.770813
1.6	0.73	0.753292
1.6	0.74	0.735971
1.6	0.75	0.718852
1.6	0.76	0.701933
1.6	0.77	0.685215
1.6	0.78	0.668699
1.6	0.79	0.652383
1.6	0.8	0.636269
1.6	0.81	0.620354
1.6	0.82	0.604641
1.6	0.83	0.58913
1.6	0.84	0.573819
1.6	0.85	0.558709
1.6	0.86	0.543801
1.6	0.87	0.529093
1.6	0.88	0.514586
1.6	0.89	0.50028
1.6	0.9	0.486176
1.6	0.91	0.472272
1.6	0.92	0.458569
1.6	0.93	0.445067
1.6	0.94	0.431766
1.6	0.95	0.418666
1.6	0.96	0.405767
1.6	0.97	0.393069
1.6	0.98	0.380572
1.6	0.99	0.368276
1.6	1	0.356181
1.6	1.01	0.344287
1.6	1.02	0.332594
1.6	1.03	0.321101
1.6	1.04	0.30981
1.6	1.05	0.298719
1.6	1.06	0.28783
1.6	1.07	0.277141
1.6	1.08	0.266653
1.6	1.09	0.256366
1.6	1.1	0.24628
1.6	1.11	0.236395
1.6	1.12	0.226711
1.6	1.13	0.217227
1.6	1.14	0.207945
1.6	1.15	0.198863
1.6	1.16	0.189982
1.6	1.17	0.181302
1.6	1.18	0.172823
1.6	1.19	0.164544
1.6	1.2	0.156467
1.6	1.21	0.14859
1.6	1.22	0.140914
1.6	1.23	0.133439
1.6	1.24	0.126164
1.6	1.25	0.119091
1.6	1.26	0.112218
1.6	1.27	0.105545
1.6	1.28	0.099074
1.6	1.29	0.0928033
1.6	1.3	0.0867333
1.6	1.31	0.080864
1.6	1.32	0.0751955
1.6	1.33	0.0697276
1.6	1.34	0.0644603
1.6	1.35	0.0593938
1.6	1.36	0.0545279
1.6	1.37	0.0498626
1.6	1.38	0.045398
1.6	1.39	0.041134
1.6	1.4	0.0370707
1.6	1.41	0.0332079
1.6	1.42	0.0295457
1.6	1.43	0.0260842
1.6	1.44	0.0228231
1.6	1.45	0.0197627
1.6	1.46	0.0169028
1.6	1.47	0.0142435
1.6	1.48	0.0117847
1.6	1.49	0.00952637
1.6	1.5	0.0074686
1.6	1.51	0.00561132
1.6	1.52	0.00395454
1.6	1.53	0.00249824
1.6	1.54	0.0012424
1.6	1.55	0.000187024
1.6	1.56	-0.000667903
1.6	1.57	-0.00132239
1.6	1.58	-0.00177645
1.6	1.59	-0.0020301
1.6	1.6	-0.00208333
1.6	1.61	-0.00193617
1.6	1.62	-0.00158863
1.6	1.63	-0.0010407
1.6	1.64	-0.000292417
1.6	1.65	0.000656225
1.6	1.66	0.00180521
1.6	1.67	0.00315453
1.6	1.68	0.00470418
1.6	1.69	0.00645414
1.6	1.7	0.0084044
1.6	1.71	0.010555
1.6	1.72	0.0129058
1.6	1.73	0.0154569
1.6	1.74	0.0182083
1.6	1.75	0.0211599
1.6	1.76	0.0243117
1.6	1.77	0.0276638
1.6	1.78	0.031216
1.6	1.79	0.0349685
1.6	1.8	0.0389212
1.6	1.81	0.0430741
1.6	1.82	0.0474271
1.6	1.83	0.0519803
1.6	1.84	0.0567336
1.6	1.85	0.0616871
1.6	1.86	0.0668407
1.6	1.87	0.0721945
1.6	1.88	0.0777484
1.6	1.89	0.0835023
1.6	1.9	0.0894564
1.6	1.91	0.0956105
1.6	1.92	0.101965
1.6	1.93	0.108519
1.6	1.94	0.115273
1.6	1.95	0.122228
1.6	1.96	0.129382
1.6	1.97	0.136737
1.6	1.98	0.144291
1.6	1.99	0.152046
1.6	2	0.16
1.605	0	2.57603
1.605	0.01	2.54396
1.605	0.02	2.51209
1.605	0.03	2.48043
1.605	0.04	2.44896
1.605	0.05	2.4177
1.605	0.06	2.38663
1.605	0.07	2.35577
1.605	0.08	2.3251
1.605	0.09	2.29464
1.605	0.1	2.26437
1.605	0.11	2.23431
1.605	0.12	2.20445
1.605	0.13	2.17478
1.605	0.14	2.14532
1.605	0.15	2.11606
1.605	0.16	2.08699
1.605	0.17	2.05813
1.605	0.18	2.02947
1.605	0.19	2.00101
1.605	0.2	1.97275
1.605	0.21	1.94469
1.605	0.22	1.91682
1.605	0.23	1.88916
1.605	0.24	1.8617
1.605	0.25	1.83445
1.605	0.26	1.80739
1.605	0.27	1.78053
1.605	0.28	1.75387
1.605	0.29	1.72741
1.605	0.3	1.70116
1.605	0.31	1.6751
1.605	0.32	1.64925
1.605	0.33	1.62359
1.605	0.34	1.59814
1.605	0.35	1.57288
1.605	0.36	1.54783
1.605	0.37	1.52298
1.605	0.38	1.49833
1.605	0.39	1.47388
1.605	0.4	1.44963
1.605	0.41	1.42558
1.605	0.42	1.40173
1.605	0.43	1.37808
1.605	0.44	1.35463
1.605	0.45	1.33139
1.605	0.46	1.30834
1.605	0.47	1.2855
1.605	0.48	1.26285
1.605	0.49	1.24041
1.605	0.5	1.21817
1.605	0.51	1.19612
1.605	0.52	1.17428
1.605	0.53	1.15264
1.605	0.54	1.1312
1.605	0.55	1.10997
1.605	0.56	1.08893
1.605	0.57	1.06809
1.605	0.58	1.04746
1.605	0.59	1.02702
1.605	0.6	1.00679
1.605	0.61	0.986755
1.605	0.62	0.966923
1.605	0.63	0.947292
1.605	0.64	0.927862
1.605	0.65	0.908633
1.605	0.66	0.889605
1.605	0.67	0.870778
1.605	0.68	0.852152
1.605	0.69	0.833726
1.605	0.7	0.815502
1.605	0.71	0.797479
1.605	0.72	0.779656
1.605	0.73	0.762035
1.605	0.74	0.744615
1.605	0.75	0.727395
1.605	0.76	0.710377
1.605	0.77	0.693559
1.605	0.78	0.676943
1.605	0.79	0.660527
1.605	0.8	0.644313
1.605	0.81	0.628299
1.605	0.82	0.612486
1.605	0.83	0.596875
1.605	0.84	0.581464
1.605	0.85	0.566255
1.605	0.86	0.551246
1.605	0.87	0.536438
1.605	0.88	0.521832
1.605	0.89	0.507426
1.605	0.9	0.493221
1.605	0.91	0.479217
1.605	0.92	0.465415
1.605	0.93	0.451813
1.605	0.94	0.438412
1.605	0.95	0.425212
1.605	0.96	0.412213
1.605	0.97	0.399415
1.605	0.98	0.386818
1.605	0.99	0.374422
1.605	1	0.362227
1.605	1.01	0.350232
1.605	1.02	0.338439
1.605	1.03	0.326847
1.605	1.04	0.315455
1.605	1.05	0.304264
1.605	1.06	0.293275
1.605	1.07	0.282486
1.605	1.08	0.271898
1.605	1.09	0.261511
1.605	1.1	0.251325
1.605	1.11	0.24134
1.605	1.12	0.231555
1.605	1.13	0.221972
1.605	1.14	0.212589
1.605	1.15	0.203407
1.605	1.16	0.194426
1.605	1.17	0.185646
1.605	1.18	0.177067
1.605	1.19	0.168688
1.605	1.2	0.160511
1.605	1.21	0.152534
1.605	1.22	0.144758
1.605	1.23	0.137182
1.605	1.24	0.129808
1.605	1.25	0.122634
1.605	1.26	0.115661
1.605	1.27	0.108888
1.605	1.28	0.102317
1.605	1.29	0.0959459
1.605	1.3	0.0897758
1.605	1.31	0.0838063
1.605	1.32	0.0780376
1.605	1.33	0.0724695
1.605	1.34	0.0671021
1.605	1.35	0.0619354
1.605	1.36	0.0569693
1.605	1.37	0.0522039
1.605	1.38	0.0476391
1.605	1.39	0.0432749
1.605	1.4	0.0391113
1.605	1.41	0.0351484
1.605	1.42	0.031386
1.605	1.43	0.0278242
1.605	1.44	0.024463
1.605	1.45	0.0213023
1.605	1.46	0.0183422
1.605	1.47	0.0155827
1.605	1.48	0.0130236
1.605	1.49	0.0106651
1.605	1.5	0.00850713
1.605	1.51	0.00654963
1.605	1.52	0.00479262
1.605	1.53	0.00323608
1.605	1.54	0.00188001
1.605	1.55	0.000724396
1.605	1.56	-0.000230772
1.605	1.57	-0.000985503
1.605	1.58	-0.00153981
1.605	1.59	-0.0018937
1.605	1.6	-0.00204719
1.605	1.61	-0.00200028
1.605	1.62	-0.00175298
1.605	1.63	-0.00130532
1.605	1.64	-0.000657287
1.605	1.65	0.000191096
1.605	1.66	0.00123982
1.605	1.67	0.00248888
1.605	1.68	0.00393826
1.605	1.69	0.00558796
1.605	1.7	0.00743795
1.605	1.71	0.00948824
1.605	1.72	0.0117388
1.605	1.73	0.0141896
1.605	1.74	0.0168407
1.605	1.75	0.0196921
1.605	1.76	0.0227436
1.605	1.77	0.0259954
1.605	1.78	0.0294474
1.605	1.79	0.0330996
1.605	1.8	0.036952
1.605	1.81	0.0410046
1.605	1.82	0.0452573
1.605	1.83	0.0497102
1.605	1.84	0.0543633
1.605	1.85	0.0592165
1.605	1.86	0.0642698
1.605	1.87	0.0695233
1.605	1.88	0.0749769
1.605	1.89	0.0806305
1.605	1.9	0.0864843
1.605	1.91	0.0925382
1.605	1.92	0.0987921
1.605	1.93	0.105246
1.605	1.94	0.1119
1.605	1.95	0.118754
1.605	1.96	0.125808
1.605	1.97	0.133062
1.605	1.98	0.140517
1.605	1.99	0.148171
1.605	2	0.156025
1.61	0	2.5921
1.61	0.01	2.55993
1.61	0.02	2.52797
1.61	0.03	2.4962
1.61	0.04	2.46464
1.61	0.05	2.43328
1.61	0.06	2.40211
1.61	0.07	2.37115
1.61	0.08	2.34038
1.61	0.09	2.30982
1.61	0.1	2.27945
1.61	0.11	2.24929
1.61	0.12	2.21933
1.61	0.13	2.18956
1.61	0.14	2.16
1.61	0.15	2.13064
1.61	0.16	2.10147
1.61	0.17	2.07251
1.61	0.18	2.04375
1.61	0.19	2.01519
1.61	0.2	1.98683
1.61	0.21	1.95867
1.61	0.22	1.93071
1.61	0.23	1.90295
1.61	0.24	1.87539
1.61	0.25	1.84803
1.61	0.26	1.82087
1.61	0.27	1.79391
1.61	0.28	1.76716
1.61	0.29	1.7406
1.61	0.3	1.71424
1.61	0.31	1.68809
1.61	0.32	1.66213
1.61	0.33	1.63638
1.61	0.34	1.61082
1.61	0.35	1.58547
1.61	0.36	1.56032
1.61	0.37	1.53537
1.61	0.38	1.51061
1.61	0.39	1.48606
1.61	0.4	1.46171
1.61	0.41	1.43757
1.61	0.42	1.41362
1.61	0.43	1.38987
1.61	0.44	1.36632
1.61	0.45	1.34298
1.61	0.46	1.31983
1.61	0.47	1.29689
1.61	0.48	1.27414
1.61	0.49	1.2516
1.61	0.5	1.22926
1.61	0.51	1.20712
1.61	0.52	1.18517
1.61	0.53	1.16343
1.61	0.54	1.1419
1.61	0.55	1.12056
1.61	0.56	1.09942
1.61	0.57	1.07848
1.61	0.58	1.05775
1.61	0.59	1.03721
1.61	0.6	1.01688
1.61	0.61	0.996749
1.61	0.62	0.976817
1.61	0.63	0.957086
1.61	0.64	0.937556
1.61	0.65	0.918227
1.61	0.66	0.899099
1.61	0.67	0.880172
1.61	0.68	0.861446
1.61	0.69	0.842921
1.61	0.7	0.824597
1.61	0.71	0.806474
1.61	0.72	0.788552
1.61	0.73	0.77083
1.61	0.74	0.75331
1.61	0.75	0.735991
1.61	0.76	0.718872
1.61	0.77	0.701955
1.61	0.78	0.685238
1.61	0.79	0.668723
1.61	0.8	0.652408
1.61	0.81	0.636295
1.61	0.82	0.620382
1.61	0.83	0.604671
1.61	0.84	0.58916
1.61	0.85	0.573851
1.61	0.86	0.558742
1.61	0.87	0.543835
1.61	0.88	0.529128
1.61	0.89	0.514622
1.61	0.9	0.500318
1.61	0.91	0.486214
1.61	0.92	0.472311
1.61	0.93	0.458609
1.61	0.94	0.445108
1.61	0.95	0.431808
1.61	0.96	0.418709
1.61	0.97	0.405811
1.61	0.98	0.393114
1.61	0.99	0.380618
1.61	1	0.368323
1.61	1.01	0.356229
1.61	1.02	0.344335
1.61	1.03	0.332643
1.61	1.04	0.321151
1.61	1.05	0.309861
1.61	1.06	0.298771
1.61	1.07	0.287882
1.61	1.08	0.277194
1.61	1.09	0.266707
1.61	1.1	0.256421
1.61	1.11	0.246335
1.61	1.12	0.236451
1.61	1.13	0.226767
1.61	1.14	0.217285
1.61	1.15	0.208003
1.61	1.16	0.198922
1.61	1.17	0.190041
1.61	1.18	0.181362
1.61	1.19	0.172883
1.61	1.2	0.164605
1.61	1.21	0.156528
1.61	1.22	0.148652
1.61	1.23	0.140976
1.61	1.24	0.133502
1.61	1.25	0.126228
1.61	1.26	0.119155
1.61	1.27	0.112282
1.61	1.28	0.10561
1.61	1.29	0.0991393
1.61	1.3	0.092869
1.61	1.31	0.0867994
1.61	1.32	0.0809305
1.61	1.33	0.0752622
1.61	1.34	0.0697946
1.61	1.35	0.0645277
1.61	1.36	0.0594615
1.61	1.37	0.0545958
1.61	1.38	0.0499308
1.61	1.39	0.0454664
1.61	1.4	0.0412027
1.61	1.41	0.0371395
1.61	1.42	0.0332769
1.61	1.43	0.0296149
1.61	1.44	0.0261535
1.61	1.45	0.0228926
1.61	1.46	0.0198323
1.61	1.47	0.0169725
1.61	1.48	0.0143133
1.61	1.49	0.0118545
1.61	1.5	0.00959628
1.61	1.51	0.00753855
1.61	1.52	0.00568129
1.61	1.53	0.00402451
1.61	1.54	0.0025682
1.61	1.55	0.00131233
1.61	1.56	0.000256914
1.61	1.57	-0.000598071
1.61	1.58	-0.00125263
1.61	1.59	-0.00170678
1.61	1.6	-0.00196053
1.61	1.61	-0.00201388
1.61	1.62	-0.00186685
1.61	1.63	-0.00151945
1.61	1.64	-0.000971694
1.61	1.65	-0.000223581
1.61	1.66	0.000724872
1.61	1.67	0.00187366
1.61	1.68	0.00322276
1.61	1.69	0.00477218
1.61	1.7	0.00652189
1.61	1.71	0.0084719
1.61	1.72	0.0106222
1.61	1.73	0.0129727
1.61	1.74	0.0155235
1.61	1.75	0.0182746
1.61	1.76	0.0212259
1.61	1.77	0.0243774
1.61	1.78	0.0277288
1.61	1.79	0.0312807
1.61	1.8	0.0350328
1.61	1.81	0.0389851
1.61	1.82	0.0431376
1.61	1.83	0.0474902
1.61	1.84	0.0520429
1.61	1.85	0.0567959
1.61	1.86	0.0617489
1.61	1.87	0.0669021
1.61	1.88	0.0722554
1.61	1.89	0.0778087
1.61	1.9	0.0835622
1.61	1.91	0.0895158
1.61	1.92	0.0956694
1.61	1.93	0.102023
1.61	1.94	0.108577
1.61	1.95	0.115331
1.61	1.96	0.122285
1.61	1.97	0.129438
1.61	1.98	0.136792
1.61	1.99	0.144346
1.61	2	0.1521
1.615	0	2.60823
1.615	0.01	2.57596
1.615	0.02	2.5439
1.615	0.03	2.51203
1.615	0.04	2.48037
1.615	0.05	2.4489
1.615	0.06	2.41764
1.615	0.07	2.38657
1.615	0.08	2.35571
1.615	0.09	2.32505
1.615	0.1	2.29458
1.615	0.11	2.26432
1.615	0.12	2.23426
1.615	0.13	2.20439
1.615	0.14	2.17473
1.615	0.15	2.14527
1.615	0.16	2.11601
1.615	0.17	2.08694
1.615	0.18	2.05808
1.615	0.19	2.02942
1.615	0.2	2.00096
1.615	0.21	1.9727
1.615	0.22	1.94464
1.615	0.23	1.91678
1.615	0.24	1.88912
1.615	0.25	1.86166
1.615	0.26	1.83441
1.615	0.27	1.80735
1.615	0.28	1.78049
1.615	0.29	1.75383
1.615	0.3	1.72738
1.615	0.31	1.70112
1.615	0.32	1.67507
1.615	0.33	1.64921
1.615	0.34	1.62356
1.615	0.35	1.59811
1.615	0.36	1.57286
1.615	0.37	1.5478
1.615	0.38	1.52295
1.615	0.39	1.4983
1.615	0.4	1.47385
1.615	0.41	1.4496
1.615	0.42	1.42556
1.615	0.43	1.40171
1.615	0.44	1.37806
1.615	0.45	1.35462
1.615	0.46	1.33137
1.615	0.47	1.30833
1.615	0.48	1.28548
1.615	0.49	1.26284
1.615	0.5	1.2404
1.615	0.51	1.21816
1.615	0.52	1.19612
1.615	0.53	1.17428
1.615	0.54	1.15264
1.615	0.55	1.1312
1.615	0.56	1.10996
1.615	0.57	1.08893
1.615	0.58	1.06809
1.615	0.59	1.04746
1.615	0.6	1.02702
1.615	0.61	1.00679
1.615	0.62	0.986761
1.615	0.63	0.96693
1.615	0.64	0.9473
1.615	0.65	0.927872
1.615	0.66	0.908644
1.615	0.67	0.889617
1.615	0.68	0.870791
1.615	0.69	0.852166
1.615	0.7	0.833742
1.615	0.71	0.815519
1.615	0.72	0.797497
1.615	0.73	0.779675
1.615	0.74	0.762055
1.615	0.75	0.744636
1.615	0.76	0.727418
1.615	0.77	0.7104
1.615	0.78	0.693584
1.615	0.79	0.676969
1.615	0.8	0.660554
1.615	0.81	0.644341
1.615	0.82	0.628328
1.615	0.83	0.612517
1.615	0.84	0.596906
1.615	0.85	0.581497
1.615	0.86	0.566288
1.615	0.87	0.551281
1.615	0.88	0.536474
1.615	0.89	0.521869
1.615	0.9	0.507464
1.615	0.91	0.49326
1.615	0.92	0.479257
1.615	0.93	0.465456
1.615	0.94	0.451855
1.615	0.95	0.438455
1.615	0.96	0.425256
1.615	0.97	0.412258
1.615	0.98	0.399461
1.615	0.99	0.386865
1.615	1	0.374469
1.615	1.01	0.362275
1.615	1.02	0.350282
1.615	1.03	0.338489
1.615	1.04	0.326897
1.615	1.05	0.315507
1.615	1.06	0.304317
1.615	1.07	0.293328
1.615	1.08	0.28254
1.615	1.09	0.271953
1.615	1.1	0.261567
1.615	1.11	0.251381
1.615	1.12	0.241397
1.615	1.13	0.231613
1.615	1.14	0.22203
1.615	1.15	0.212648
1.615	1.16	0.203467
1.615	1.17	0.194486
1.615	1.18	0.185707
1.615	1.19	0.177128
1.615	1.2	0.16875
1.615	1.21	0.160573
1.615	1.22	0.152596
1.615	1.23	0.144821
1.615	1.24	0.137246
1.615	1.25	0.129872
1.615	1.26	0.122698
1.615	1.27	0.115726
1.615	1.28	0.108954
1.615	1.29	0.102383
1.615	1.3	0.0960123
1.615	1.31	0.0898425
1.615	1.32	0.0838734
1.615	1.33	0.078105
1.615	1.34	0.0725372
1.615	1.35	0.0671701
1.615	1.36	0.0620036
1.615	1.37	0.0570378
1.615	1.38	0.0522726
1.615	1.39	0.047708
1.615	1.4	0.0433441
1.615	1.41	0.0391807
1.615	1.42	0.0352179
1.615	1.43	0.0314557
1.615	1.44	0.027894
1.615	1.45	0.0245329
1.615	1.46	0.0213724
1.615	1.47	0.0184124
1.615	1.48	0.0156529
1.615	1.49	0.0130939
1.615	1.5	0.0107355
1.615	1.51	0.00857748
1.615	1.52	0.00661999
1.615	1.53	0.00486297
1.615	1.54	0.0033064
1.615	1.55	0.00195029
1.615	1.56	0.000794622
1.615	1.57	-0.000160616
1.615	1.58	-0.000915435
1.615	1.59	-0.00146984
1.615	1.6	-0.00182385
1.615	1.61	-0.00197747
1.615	1.62	-0.0019307
1.615	1.63	-0.00168357
1.615	1.64	-0.00123608
1.615	1.65	-0.00058824
1.615	1.66	0.00025994
1.615	1.67	0.00130845
1.615	1.68	0.00255728
1.615	1.69	0.00400641
1.615	1.7	0.00565585
1.615	1.71	0.00750558
1.615	1.72	0.00955558
1.615	1.73	0.0118059
1.615	1.74	0.0142564
1.615	1.75	0.0169071
1.615	1.76	0.0197581
1.615	1.77	0.0228093
1.615	1.78	0.0260607
1.615	1.79	0.0295123
1.615	1.8	0.0331641
1.615	1.81	0.0370161
1.615	1.82	0.0410683
1.615	1.83	0.0453206
1.615	1.84	0.049773
1.615	1.85	0.0544256
1.615	1.86	0.0592784
1.615	1.87	0.0643312
1.615	1.88	0.0695842
1.615	1.89	0.0750372
1.615	1.9	0.0806904
1.615	1.91	0.0865437
1.615	1.92	0.092597
1.615	1.93	0.0988504
1.615	1.94	0.105304
1.615	1.95	0.111957
1.615	1.96	0.118811
1.615	1.97	0.125864
1.615	1.98	0.133118
1.615	1.99	0.140571
1.615	2	0.148225
1.62	0	2.6244
1.62	0.01	2.59204
1.62	0.02	2.55987
1.62	0.03	2.52791
1.62	0.04	2.49614
1.62	0.05	2.46458
1.62	0.06	2.43322
1.62	0.07	2.40205
1.62	0.08	2.37109
1.62	0.09	2.34032
1.62	0.1	2.30976
1.62	0.11	2.2794
1.62	0.12	2.24924
1.62	0.13	2.21927
1.62	0.14	2.18951
1.62	0.15	2.15995
1.62	0.16	2.13059
1.62	0.17	2.10143
1.62	0.18	2.07246
1.62	0.19	2.0437
1.62	0.2	2.01514
1.62	0.21	1.98678
1.62	0.22	1.95862
1.62	0.23	1.93066
1.62	0.24	1.90291
1.62	0.25	1.87535
1.62	0.26	1.84799
1.62	0.27	1.82083
1.62	0.28	1.79388
1.62	0.29	1.76712
1.62	0.3	1.74056
1.62	0.31	1.71421
1.62	0.32	1.68806
1.62	0.33	1.6621
1.62	0.34	1.63635
1.62	0.35	1.6108
1.62	0.36	1.58544
1.62	0.37	1.56029
1.62	0.38	1.53534
1.62	0.39	1.51059
1.62	0.4	1.48604
1.62	0.41	1.46169
1.62	0.42	1.43755
1.62	0.43	1.4136
1.62	0.44	1.38985
1.62	0.45	1.36631
1.62	0.46	1.34296
1.62	0.47	1.31982
1.62	0.48	1.29687
1.62	0.49	1.27413
1.62	0.5	1.25159
1.62	0.51	1.22925
1.62	0.52	1.20711
1.62	0.53	1.18517
1.62	0.54	1.16343
1.62	0.55	1.14189
1.62	0.56	1.12056
1.62	0.57	1.09942
1.62	0.58	1.07849
1.62	0.59	1.05775
1.62	0.6	1.03722
1.62	0.61	1.01689
1.62	0.62	0.996756
1.62	0.63	0.976825
1.62	0.64	0.957096
1.62	0.65	0.937567
1.62	0.66	0.91824
1.62	0.67	0.899113
1.62	0.68	0.880187
1.62	0.69	0.861462
1.62	0.7	0.842938
1.62	0.71	0.824615
1.62	0.72	0.806493
1.62	0.73	0.788572
1.62	0.74	0.770852
1.62	0.75	0.753333
1.62	0.76	0.736015
1.62	0.77	0.718898
1.62	0.78	0.701982
1.62	0.79	0.685266
1.62	0.8	0.668752
1.62	0.81	0.652439
1.62	0.82	0.636326
1.62	0.83	0.620415
1.62	0.84	0.604704
1.62	0.85	0.589195
1.62	0.86	0.573886
1.62	0.87	0.558779
1.62	0.88	0.543872
1.62	0.89	0.529167
1.62	0.9	0.514662
1.62	0.91	0.500358
1.62	0.92	0.486256
1.62	0.93	0.472354
1.62	0.94	0.458653
1.62	0.95	0.445153
1.62	0.96	0.431854
1.62	0.97	0.418756
1.62	0.98	0.405859
1.62	0.99	0.393163
1.62	1	0.380667
1.62	1.01	0.368373
1.62	1.02	0.35628
1.62	1.03	0.344387
1.62	1.04	0.332695
1.62	1.05	0.321205
1.62	1.06	0.309915
1.62	1.07	0.298826
1.62	1.08	0.287938
1.62	1.09	0.277251
1.62	1.1	0.266764
1.62	1.11	0.256479
1.62	1.12	0.246394
1.62	1.13	0.23651
1.62	1.14	0.226827
1.62	1.15	0.217345
1.62	1.16	0.208064
1.62	1.17	0.198983
1.62	1.18	0.190103
1.62	1.19	0.181425
1.62	1.2	0.172946
1.62	1.21	0.164669
1.62	1.22	0.156593
1.62	1.23	0.148717
1.62	1.24	0.141042
1.62	1.25	0.133568
1.62	1.26	0.126294
1.62	1.27	0.119221
1.62	1.28	0.112349
1.62	1.29	0.105678
1.62	1.3	0.0992071
1.62	1.31	0.0929371
1.62	1.32	0.0868678
1.62	1.33	0.0809992
1.62	1.34	0.0753313
1.62	1.35	0.0698639
1.62	1.36	0.0645973
1.62	1.37	0.0595313
1.62	1.38	0.0546658
1.62	1.39	0.050001
1.62	1.4	0.0455368
1.62	1.41	0.0412732
1.62	1.42	0.0372102
1.62	1.43	0.0333478
1.62	1.44	0.0296859
1.62	1.45	0.0262246
1.62	1.46	0.0229638
1.62	1.47	0.0199035
1.62	1.48	0.0170438
1.62	1.49	0.0143846
1.62	1.5	0.0119258
1.62	1.51	0.00966761
1.62	1.52	0.00760985
1.62	1.53	0.00575257
1.62	1.54	0.00409574
1.62	1.55	0.00263936
1.62	1.56	0.00138341
1.62	1.57	0.0003279
1.62	1.58	-0.000527196
1.62	1.59	-0.00118188
1.62	1.6	-0.00163617
1.62	1.61	-0.00189008
1.62	1.62	-0.0019436
1.62	1.63	-0.00179676
1.62	1.64	-0.00144956
1.62	1.65	-0.000902018
1.62	1.66	-0.000154136
1.62	1.67	0.000794074
1.62	1.68	0.0019426
1.62	1.69	0.00329144
1.62	1.7	0.00484057
1.62	1.71	0.00658999
1.62	1.72	0.00853969
1.62	1.73	0.0106897
1.62	1.74	0.0130399
1.62	1.75	0.0155903
1.62	1.76	0.018341
1.62	1.77	0.0212919
1.62	1.78	0.024443
1.62	1.79	0.0277942
1.62	1.8	0.0313457
1.62	1.81	0.0350974
1.62	1.82	0.0390492
1.62	1.83	0.0432012
1.62	1.84	0.0475533
1.62	1.85	0.0521056
1.62	1.86	0.056858
1.62	1.87	0.0618105
1.62	1.88	0.0669632
1.62	1.89	0.0723159
1.62	1.9	0.0778687
1.62	1.91	0.0836216
1.62	1.92	0.0895746
1.62	1.93	0.0957277
1.62	1.94	0.102081
1.62	1.95	0.108634
1.62	1.96	0.115387
1.62	1.97	0.12234
1.62	1.98	0.129494
1.62	1.99	0.136847
1.62	2	0.1444
1.625	0	2.64062
1.625	0.01	2.60816
1.625	0.02	2.5759
1.625	0.03	2.54383
1.625	0.04	2.51197
1.625	0.05	2.48031
1.625	0.06	2.44884
1.625	0.07	2.41758
1.625	0.08	2.38652
1.625	0.09	2.35565
1.625	0.1	2.32499
1.625	0.11	2.29453
1.625	0.12	2.26427
1.625	0.13	2.2342
1.625	0.14	2.20434
1.625	0.15	2.17468
1.625	0.16	2.14522
1.625	0.17	2.11596
1.625	0.18	2.0869
1.625	0.19	2.05804
1.625	0.2	2.02938
1.625	0.21	2.00092
1.625	0.22	1.97266
1.625	0.23	1.9446
1.625	0.24	1.91674
1.625	0.25	1.88908
1.625	0.26	1.86163
1.625	0.27	1.83437
1.625	0.28	1.80731
1.625	0.29	1.78046
1.625	0.3	1.7538
1.625	0.31	1.72735
1.625	0.32	1.70109
1.625	0.33	1.67504
1.625	0.34	1.64919
1.625	0.35	1.62353
1.625	0.36	1.59808
1.625	0.37	1.57283
1.625	0.38	1.54778
1.625	0.39	1.52293
1.625	0.4	1.49828
1.625	0.41	1.47383
1.625	0.42	1.44959
1.625	0.43	1.42554
1.625	0.44	1.40169
1.625	0.45	1.37805
1.625	0.46	1.3546
1.625	0.47	1.33136
1.625	0.48	1.30832
1.625	0.49	1.28547
1.625	0.5	1.26283
1.625	0.51	1.24039
1.625	0.52	1.21815
1.625	0.53	1.19611
1.625	0.54	1.17428
1.625	0.55	1.15264
1.625	0.56	1.1312
1.625	0.57	1.10997
1.625	0.58	1.08893
1.625	0.59	1.0681
1.625	0.6	1.04746
1.625	0.61	1.02703
1.625	0.62	1.0068
1.625	0.63	0.986772
1.625	0.64	0.966942
1.625	0.65	0.947314
1.625	0.66	0.927886
1.625	0.67	0.90866
1.625	0.68	0.889634
1.625	0.69	0.870809
1.625	0.7	0.852186
1.625	0.71	0.833763
1.625	0.72	0.815541
1.625	0.73	0.79752
1.625	0.74	0.7797
1.625	0.75	0.762081
1.625	0.76	0.744662
1.625	0.77	0.727445
1.625	0.78	0.710429
1.625	0.79	0.693614
1.625	0.8	0.677
1.625	0.81	0.660586
1.625	0.82	0.644374
1.625	0.83	0.628363
1.625	0.84	0.612552
1.625	0.85	0.596943
1.625	0.86	0.581535
1.625	0.87	0.566327
1.625	0.88	0.551321
1.625	0.89	0.536515
1.625	0.9	0.52191
1.625	0.91	0.507507
1.625	0.92	0.493304
1.625	0.93	0.479302
1.625	0.94	0.465501
1.625	0.95	0.451901
1.625	0.96	0.438502
1.625	0.97	0.425304
1.625	0.98	0.412307
1.625	0.99	0.399511
1.625	1	0.386916
1.625	1.01	0.374521
1.625	1.02	0.362328
1.625	1.03	0.350335
1.625	1.04	0.338543
1.625	1.05	0.326953
1.625	1.06	0.315563
1.625	1.07	0.304374
1.625	1.08	0.293386
1.625	1.09	0.282598
1.625	1.1	0.272012
1.625	1.11	0.261626
1.625	1.12	0.251441
1.625	1.13	0.241458
1.625	1.14	0.231674
1.625	1.15	0.222092
1.625	1.16	0.212711
1.625	1.17	0.20353
1.625	1.18	0.19455
1.625	1.19	0.185771
1.625	1.2	0.177193
1.625	1.21	0.168815
1.625	1.22	0.160639
1.625	1.23	0.152663
1.625	1.24	0.144888
1.625	1.25	0.137313
1.625	1.26	0.12994
1.625	1.27	0.122767
1.625	1.28	0.115794
1.625	1.29	0.109023
1.625	1.3	0.102452
1.625	1.31	0.0960818
1.625	1.32	0.0899123
1.625	1.33	0.0839435
1.625	1.34	0.0781753
1.625	1.35	0.0726078
1.625	1.36	0.067241
1.625	1.37	0.0620747
1.625	1.38	0.0571091
1.625	1.39	0.0523441
1.625	1.4	0.0477796
1.625	1.41	0.0434158
1.625	1.42	0.0392525
1.625	1.43	0.0352899
1.625	1.44	0.0315278
1.625	1.45	0.0279662
1.625	1.46	0.0246052
1.625	1.47	0.0214447
1.625	1.48	0.0184847
1.625	1.49	0.0157252
1.625	1.5	0.0131663
1.625	1.51	0.0108078
1.625	1.52	0.00864974
1.625	1.53	0.00669219
1.625	1.54	0.0049351
1.625	1.55	0.00337845
1.625	1.56	0.00202223
1.625	1.57	0.00086644
1.625	1.58	-8.89352e-05
1.625	1.59	-0.000843905
1.625	1.6	-0.00139848
1.625	1.61	-0.00175267
1.625	1.62	-0.00190648
1.625	1.63	-0.00185993
1.625	1.64	-0.00161303
1.625	1.65	-0.00116578
1.625	1.66	-0.000518191
1.625	1.67	0.000329719
1.625	1.68	0.00137794
1.625	1.69	0.00262648
1.625	1.7	0.00407531
1.625	1.71	0.00572442
1.625	1.72	0.00757381
1.625	1.73	0.00962346
1.625	1.74	0.0118734
1.625	1.75	0.0143235
1.625	1.76	0.0169738
1.625	1.77	0.0198244
1.625	1.78	0.0228752
1.625	1.79	0.0261262
1.625	1.8	0.0295773
1.625	1.81	0.0332286
1.625	1.82	0.0370801
1.625	1.83	0.0411318
1.625	1.84	0.0453836
1.625	1.85	0.0498356
1.625	1.86	0.0544876
1.625	1.87	0.0593398
1.625	1.88	0.0643921
1.625	1.89	0.0696445
1.625	1.9	0.075097
1.625	1.91	0.0807496
1.625	1.92	0.0866023
1.625	1.93	0.092655
1.625	1.94	0.0989078
1.625	1.95	0.105361
1.625	1.96	0.112013
1.625	1.97	0.118866
1.625	1.98	0.125919
1.625	1.99	0.133172
1.625	2	0.140625
1.63	0	2.6569
1.63	0.01	2.62434
1.63	0.02	2.59197
1.63	0.03	2.55981
1.63	0.04	2.52785
1.63	0.05	2.49608
1.63	0.06	2.46452
1.63	0.07	2.43316
1.63	0.08	2.40199
1.63	0.09	2.37103
1.63	0.1	2.34027
1.63	0.11	2.30971
1.63	0.12	2.27935
1.63	0.13	2.24918
1.63	0.14	2.21922
1.63	0.15	2.18946
1.63	0.16	2.1599
1.63	0.17	2.13054
1.63	0.18	2.10138
1.63	0.19	2.07242
1.63	0.2	2.04366
1.63	0.21	2.0151
1.63	0.22	1.98674
1.63	0.23	1.95858
1.63	0.24	1.93063
1.63	0.25	1.90287
1.63	0.26	1.87531
1.63	0.27	1.84795
1.63	0.28	1.8208
1.63	0.29	1.79384
1.63	0.3	1.76709
1.63	0.31	1.74053
1.63	0.32	1.71418
1.63	0.33	1.68803
1.63	0.34	1.66207
1.63	0.35	1.63632
1.63	0.36	1.61077
1.63	0.37	1.58542
1.63	0.38	1.56027
1.63	0.39	1.53532
1.63	0.4	1.51057
1.63	0.41	1.48602
1.63	0.42	1.46168
1.63	0.43	1.43753
1.63	0.44	1.41359
1.63	0.45	1.38984
1.63	0.46	1.3663
1.63	0.47	1.34295
1.63	0.48	1.31981
1.63	0.49	1.29687
1.63	0.5	1.27413
1.63	0.51	1.25159
1.63	0.52	1.22925
1.63	0.53	1.20711
1.63	0.54	1.18517
1.63	0.55	1.16343
1.63	0.56	1.1419
1.63	0.57	1.12056
1.63	0.58	1.09943
1.63	0.59	1.07849
1.63	0.6	1.05776
1.63	0.61	1.03723
1.63	0.62	1.0169
1.63	0.63	0.996768
1.63	0.64	0.976839
1.63	0.65	0.95711
1.63	0.66	0.937583
1.63	0.67	0.918257
1.63	0.68	0.899131
1.63	0.69	0.880207
1.63	0.7	0.861483
1.63	0.71	0.84296
1.63	0.72	0.824639
1.63	0.73	0.806518
1.63	0.74	0.788598
1.63	0.75	0.770879
1.63	0.76	0.753361
1.63	0.77	0.736044
1.63	0.78	0.718928
1.63	0.79	0.702013
1.63	0.8	0.685299
1.63	0.81	0.668786
1.63	0.82	0.652474
1.63	0.83	0.636363
1.63	0.84	0.620452
1.63	0.85	0.604743
1.63	0.86	0.589234
1.63	0.87	0.573927
1.63	0.88	0.558821
1.63	0.89	0.543915
1.63	0.9	0.52921
1.63	0.91	0.514707
1.63	0.92	0.500404
1.63	0.93	0.486302
1.63	0.94	0.472401
1.63	0.95	0.458702
1.63	0.96	0.445203
1.63	0.97	0.431904
1.63	0.98	0.418807
1.63	0.99	0.405911
1.63	1	0.393216
1.63	1.01	0.380721
1.63	1.02	0.368428
1.63	1.03	0.356335
1.63	1.04	0.344443
1.63	1.05	0.332752
1.63	1.06	0.321262
1.63	1.07	0.309973
1.63	1.08	0.298885
1.63	1.09	0.287998
1.63	1.1	0.277311
1.63	1.11	0.266825
1.63	1.12	0.256541
1.63	1.13	0.246457
1.63	1.14	0.236573
1.63	1.15	0.226891
1.63	1.16	0.217409
1.63	1.17	0.208129
1.63	1.18	0.199049
1.63	1.19	0.190169
1.63	1.2	0.181491
1.63	1.21	0.173013
1.63	1.22	0.164737
1.63	1.23	0.156661
1.63	1.24	0.148785
1.63	1.25	0.141111
1.63	1.26	0.133637
1.63	1.27	0.126364
1.63	1.28	0.119291
1.63	1.29	0.112419
1.63	1.3	0.105748
1.63	1.31	0.099278
1.63	1.32	0.0930083
1.63	1.33	0.0869393
1.63	1.34	0.0810709
1.63	1.35	0.0754032
1.63	1.36	0.0699361
1.63	1.37	0.0646696
1.63	1.38	0.0596038
1.63	1.39	0.0547385
1.63	1.4	0.0500738
1.63	1.41	0.0456097
1.63	1.42	0.0413462
1.63	1.43	0.0372834
1.63	1.44	0.033421
1.63	1.45	0.0297592
1.63	1.46	0.0262979
1.63	1.47	0.0230371
1.63	1.48	0.0199769
1.63	1.49	0.0171171
1.63	1.5	0.0144579
1.63	1.51	0.0119991
1.63	1.52	0.0097408
1.63	1.53	0.00768296
1.63	1.54	0.00582558
1.63	1.55	0.00416864
1.63	1.56	0.00271212
1.63	1.57	0.00145604
1.63	1.58	0.000400361
1.63	1.59	-0.000454911
1.63	1.6	-0.00110979
1.63	1.61	-0.00156429
1.63	1.62	-0.00181842
1.63	1.63	-0.00187218
1.63	1.64	-0.00172559
1.63	1.65	-0.00137866
1.63	1.66	-0.000831395
1.63	1.67	-8.38081e-05
1.63	1.68	0.000864092
1.63	1.69	0.0020123
1.63	1.7	0.0033608
1.63	1.71	0.00490958
1.63	1.72	0.00665864
1.63	1.73	0.00860796
1.63	1.74	0.0107575
1.63	1.75	0.0131073
1.63	1.76	0.0156573
1.63	1.77	0.0184076
1.63	1.78	0.021358
1.63	1.79	0.0245086
1.63	1.8	0.0278594
1.63	1.81	0.0314104
1.63	1.82	0.0351615
1.63	1.83	0.0391129
1.63	1.84	0.0432643
1.63	1.85	0.0476159
1.63	1.86	0.0521676
1.63	1.87	0.0569195
1.63	1.88	0.0618714
1.63	1.89	0.0670235
1.63	1.9	0.0723756
1.63	1.91	0.0779278
1.63	1.92	0.0836801
1.63	1.93	0.0896325
1.63	1.94	0.0957849
1.63	1.95	0.102137
1.63	1.96	0.10869
1.63	1.97	0.115442
1.63	1.98	0.122395
1.63	1.99	0.129547
1.63	2	0.1369
1.635	0	2.67322
1.635	0.01	2.64056
1.635	0.02	2.6081
1.635	0.03	2.57584
1.635	0.04	2.54377
1.635	0.05	2.51191
1.635	0.06	2.48025
1.635	0.07	2.44879
1.635	0.08	2.41752
1.635	0.09	2.38646
1.635	0.1	2.3556
1.635	0.11	2.32494
1.635	0.12	2.29448
1.635	0.13	2.26421
1.635	0.14	2.23415
1.635	0.15	2.20429
1.635	0.16	2.17463
1.635	0.17	2.14517
1.635	0.18	2.11591
1.635	0.19	2.08685
1.635	0.2	2.05799
1.635	0.21	2.02933
1.635	0.22	2.00088
1.635	0.23	1.97262
1.635	0.24	1.94456
1.635	0.25	1.9167
1.635	0.26	1.88905
1.635	0.27	1.86159
1.635	0.28	1.83434
1.635	0.29	1.80728
1.635	0.3	1.78043
1.635	0.31	1.75377
1.635	0.32	1.72732
1.635	0.33	1.70107
1.635	0.34	1.67501
1.635	0.35	1.64916
1.635	0.36	1.62351
1.635	0.37	1.59806
1.635	0.38	1.57281
1.635	0.39	1.54776
1.635	0.4	1.52291
1.635	0.41	1.49827
1.635	0.42	1.47382
1.635	0.43	1.44957
1.635	0.44	1.42553
1.635	0.45	1.40168
1.635	0.46	1.37804
1.635	0.47	1.3546
1.635	0.48	1.33135
1.635	0.49	1.30831
1.635	0.5	1.28547
1.635	0.51	1.26283
1.635	0.52	1.24039
1.635	0.53	1.21815
1.635	0.54	1.19612
1.635	0.55	1.17428
1.635	0.56	1.15264
1.635	0.57	1.13121
1.635	0.58	1.10997
1.635	0.59	1.08894
1.635	0.6	1.06811
1.635	0.61	1.04748
1.635	0.62	1.02705
1.635	0.63	1.00682
1.635	0.64	0.986787
1.635	0.65	0.966958
1.635	0.66	0.947331
1.635	0.67	0.927905
1.635	0.68	0.90868
1.635	0.69	0.889656
1.635	0.7	0.870832
1.635	0.71	0.85221
1.635	0.72	0.833788
1.635	0.73	0.815567
1.635	0.74	0.797548
1.635	0.75	0.779729
1.635	0.76	0.762111
1.635	0.77	0.744694
1.635	0.78	0.727478
1.635	0.79	0.710464
1.635	0.8	0.69365
1.635	0.81	0.677036
1.635	0.82	0.660624
1.635	0.83	0.644413
1.635	0.84	0.628403
1.635	0.85	0.612594
1.635	0.86	0.596985
1.635	0.87	0.581578
1.635	0.88	0.566371
1.635	0.89	0.551366
1.635	0.9	0.536561
1.635	0.91	0.521958
1.635	0.92	0.507555
1.635	0.93	0.493353
1.635	0.94	0.479353
1.635	0.95	0.465553
1.635	0.96	0.451954
1.635	0.97	0.438556
1.635	0.98	0.425358
1.635	0.99	0.412362
1.635	1	0.399567
1.635	1.01	0.386972
1.635	1.02	0.374579
1.635	1.03	0.362386
1.635	1.04	0.350394
1.635	1.05	0.338603
1.635	1.06	0.327013
1.635	1.07	0.315624
1.635	1.08	0.304436
1.635	1.09	0.293448
1.635	1.1	0.282661
1.635	1.11	0.272076
1.635	1.12	0.261691
1.635	1.13	0.251507
1.635	1.14	0.241523
1.635	1.15	0.231741
1.635	1.16	0.222159
1.635	1.17	0.212778
1.635	1.18	0.203598
1.635	1.19	0.194619
1.635	1.2	0.18584
1.635	1.21	0.177262
1.635	1.22	0.168885
1.635	1.23	0.160709
1.635	1.24	0.152734
1.635	1.25	0.144959
1.635	1.26	0.137385
1.635	1.27	0.130011
1.635	1.28	0.122839
1.635	1.29	0.115867
1.635	1.3	0.109096
1.635	1.31	0.102525
1.635	1.32	0.0961551
1.635	1.33	0.0899859
1.635	1.34	0.0840173
1.635	1.35	0.0782493
1.635	1.36	0.072682
1.635	1.37	0.0673153
1.635	1.38	0.0621492
1.635	1.39	0.0571837
1.635	1.4	0.0524184
1.635	1.41	0.0478541
1.635	1.42	0.0434903
1.635	1.43	0.0393272
1.635	1.44	0.0353646
1.635	1.45	0.0316025
1.635	1.46	0.028041
1.635	1.47	0.0246799
1.635	1.48	0.0215194
1.635	1.49	0.0185594
1.635	1.5	0.0157998
1.635	1.51	0.0132408
1.635	1.52	0.0108822
1.635	1.53	0.00872406
1.635	1.54	0.00676639
1.635	1.55	0.00500915
1.635	1.56	0.00345233
1.635	1.57	0.00209594
1.635	1.58	0.000939961
1.635	1.59	-1.5622e-05
1.635	1.6	-0.000770815
1.635	1.61	-0.00132563
1.635	1.62	-0.00168007
1.635	1.63	-0.00183416
1.635	1.64	-0.00178789
1.635	1.65	-0.00154128
1.635	1.66	-0.00109435
1.635	1.67	-0.000447092
1.635	1.68	0.000400475
1.635	1.69	0.00144835
1.635	1.7	0.00269651
1.635	1.71	0.00414495
1.635	1.72	0.00579367
1.635	1.73	0.00764246
1.635	1.74	0.00969169
1.635	1.75	0.0119411
1.635	1.76	0.0143908
1.635	1.77	0.0170407
1.635	1.78	0.0198908
1.635	1.79	0.0229411
1.635	1.8	0.0261915
1.635	1.81	0.0296422
1.635	1.82	0.033293
1.635	1.83	0.0371439
1.635	1.84	0.041195
1.635	1.85	0.0454463
1.635	1.86	0.0498976
1.635	1.87	0.0545491
1.635	1.88	0.0594007
1.635	1.89	0.0644524
1.635	1.9	0.0697042
1.635	1.91	0.0751561
1.635	1.92	0.080808
1.635	1.93	0.08666
1.635	1.94	0.0927121
1.635	1.95	0.0989642
1.635	1.96	0.105416
1.635	1.97	0.112068
1.635	1.98	0.118921
1.635	1.99	0.125973
1.635	2	0.133225
1.64	0	2.6896
1.64	0.01	2.65684
1.64	0.02	2.62427
1.64	0.03	2.59191
1.64	0.04	2.55975
1.64	0.05	2.52779
1.64	0.06	2.49603
1.64	0.07	2.46446
1.64	0.08	2.4331
1.64	0.09	2.40194
1.64	0.1	2.37098
1.64	0.11	2.34022
1.64	0.12	2.30966
1.64	0.13	2.27929
1.64	0.14	2.24913
1.64	0.15	2.21917
1.64	0.16	2.18941
1.64	0.17	2.15985
1.64	0.18	2.13049
1.64	0.19	2.10134
1.64	0.2	2.07238
1.64	0.21	2.04362
1.64	0.22	2.01506
1.64	0.23	1.9867
1.64	0.24	1.95855
1.64	0.25	1.93059
1.64	0.26	1.90283
1.64	0.27	1.87528
1.64	0.28	1.84792
1.64	0.29	1.82077
1.64	0.3	1.79381
1.64	0.31	1.76706
1.64	0.32	1.74051
1.64	0.33	1.71416
1.64	0.34	1.688
1.64	0.35	1.66205
1.64	0.36	1.6363
1.64	0.37	1.61075
1.64	0.38	1.5854
1.64	0.39	1.56025
1.64	0.4	1.53531
1.64	0.41	1.51056
1.64	0.42	1.48601
1.64	0.43	1.46167
1.64	0.44	1.43752
1.64	0.45	1.41358
1.64	0.46	1.38983
1.64	0.47	1.36629
1.64	0.48	1.34295
1.64	0.49	1.31981
1.64	0.5	1.29687
1.64	0.51	1.27413
1.64	0.52	1.25159
1.64	0.53	1.22925
1.64	0.54	1.20711
1.64	0.55	1.18517
1.64	0.56	1.16344
1.64	0.57	1.1419
1.64	0.58	1.12057
1.64	0.59	1.09944
1.64	0.6	1.0785
1.64	0.61	1.05777
1.64	0.62	1.03724
1.64	0.63	1.01691
1.64	0.64	0.996784
1.64	0.65	0.976857
1.64	0.66	0.95713
1.64	0.67	0.937604
1.64	0.68	0.918279
1.64	0.69	0.899154
1.64	0.7	0.880231
1.64	0.71	0.861509
1.64	0.72	0.842987
1.64	0.73	0.824667
1.64	0.74	0.806547
1.64	0.75	0.788629
1.64	0.76	0.770911
1.64	0.77	0.753394
1.64	0.78	0.736079
1.64	0.79	0.718964
1.64	0.8	0.70205
1.64	0.81	0.685337
1.64	0.82	0.668825
1.64	0.83	0.652514
1.64	0.84	0.636404
1.64	0.85	0.620494
1.64	0.86	0.604786
1.64	0.87	0.589279
1.64	0.88	0.573972
1.64	0.89	0.558867
1.64	0.9	0.543962
1.64	0.91	0.529259
1.64	0.92	0.514756
1.64	0.93	0.500454
1.64	0.94	0.486354
1.64	0.95	0.472454
1.64	0.96	0.458755
1.64	0.97	0.445257
1.64	0.98	0.431959
1.64	0.99	0.418863
1.64	1	0.405968
1.64	1.01	0.393273
1.64	1.02	0.380779
1.64	1.03	0.368487
1.64	1.04	0.356395
1.64	1.05	0.344504
1.64	1.06	0.332814
1.64	1.07	0.321324
1.64	1.08	0.310036
1.64	1.09	0.298948
1.64	1.1	0.288062
1.64	1.11	0.277376
1.64	1.12	0.266891
1.64	1.13	0.256607
1.64	1.14	0.246523
1.64	1.15	0.23664
1.64	1.16	0.226959
1.64	1.17	0.217478
1.64	1.18	0.208197
1.64	1.19	0.199118
1.64	1.2	0.190239
1.64	1.21	0.181561
1.64	1.22	0.173084
1.64	1.23	0.164808
1.64	1.24	0.156732
1.64	1.25	0.148857
1.64	1.26	0.141183
1.64	1.27	0.133709
1.64	1.28	0.126436
1.64	1.29	0.119364
1.64	1.3	0.112493
1.64	1.31	0.105822
1.64	1.32	0.0993519
1.64	1.33	0.0930825
1.64	1.34	0.0870136
1.64	1.35	0.0811455
1.64	1.36	0.0754779
1.64	1.37	0.070011
1.64	1.38	0.0647446
1.64	1.39	0.0596789
1.64	1.4	0.0548137
1.64	1.41	0.0501491
1.64	1.42	0.0456851
1.64	1.43	0.0414217
1.64	1.44	0.0373588
1.64	1.45	0.0334964
1.64	1.46	0.0298346
1.64	1.47	0.0263733
1.64	1.48	0.0231125
1.64	1.49	0.0200522
1.64	1.5	0.0171923
1.64	1.51	0.014533
1.64	1.52	0.0120741
1.64	1.53	0.00981568
1.64	1.54	0.0077577
1.64	1.55	0.00590015
1.64	1.56	0.00424303
1.64	1.57	0.00278632
1.64	1.58	0.00153003
1.64	1.59	0.000474124
1.64	1.6	-0.000381391
1.64	1.61	-0.00103653
1.64	1.62	-0.0014913
1.64	1.63	-0.00174572
1.64	1.64	-0.00179978
1.64	1.65	-0.00165351
1.64	1.66	-0.00130692
1.64	1.67	-0.000760002
1.64	1.68	-1.27781e-05
1.64	1.69	0.000934746
1.64	1.7	0.00208256
1.64	1.71	0.00343066
1.64	1.72	0.00497902
1.64	1.73	0.00672764
1.64	1.74	0.0086765
1.64	1.75	0.0108256
1.64	1.76	0.0131749
1.64	1.77	0.0157244
1.64	1.78	0.0184741
1.64	1.79	0.021424
1.64	1.8	0.0245741
1.64	1.81	0.0279244
1.64	1.82	0.0314748
1.64	1.83	0.0352254
1.64	1.84	0.0391761
1.64	1.85	0.043327
1.64	1.86	0.047678
1.64	1.87	0.0522291
1.64	1.88	0.0569803
1.64	1.89	0.0619316
1.64	1.9	0.067083
1.64	1.91	0.0724345
1.64	1.92	0.0779861
1.64	1.93	0.0837377
1.64	1.94	0.0896894
1.64	1.95	0.0958411
1.64	1.96	0.102193
1.64	1.97	0.108745
1.64	1.98	0.115496
1.64	1.99	0.122448
1.64	2	0.1296
1.645	0	2.70602
1.645	0.01	2.67316
1.645	0.02	2.6405
1.645	0.03	2.60804
1.645	0.04	2.57578
1.645	0.05	2.54372
1.645	0.06	2.51185
1.645	0.07	2.48019
1.645	0.08	2.44873
1.645	0.09	2.41747
1.645	0.1	2.38641
1.645	0.11	2.35555
1.645	0.12	2.32489
1.645	0.13	2.29443
1.645	0.14	2.26417
1.645	0.15	2.23411
1.645	0.16	2.20425
1.645	0.17	2.17459
1.645	0.18	2.14513
1.645	0.19	2.11587
1.645	0.2	2.08681
1.645	0.21	2.05795
1.645	0.22	2.0293
1.645	0.23	2.00084
1.645	0.24	1.97258
1.645	0.25	1.94453
1.645	0.26	1.91667
1.645	0.27	1.88902
1.645	0.28	1.86156
1.645	0.29	1.83431
1.645	0.3	1.80725
1.645	0.31	1.7804
1.645	0.32	1.75375
1.645	0.33	1.7273
1.645	0.34	1.70104
1.645	0.35	1.67499
1.645	0.36	1.64914
1.645	0.37	1.62349
1.645	0.38	1.59804
1.645	0.39	1.5728
1.645	0.4	1.54775
1.645	0.41	1.5229
1.645	0.42	1.49826
1.645	0.43	1.47381
1.645	0.44	1.44956
1.645	0.45	1.42552
1.645	0.46	1.40168
1.645	0.47	1.37803
1.645	0.48	1.35459
1.645	0.49	1.33135
1.645	0.5	1.30831
1.645	0.51	1.28547
1.645	0.52	1.26283
1.645	0.53	1.2404
1.645	0.54	1.21816
1.645	0.55	1.19612
1.645	0.56	1.17429
1.645	0.57	1.15265
1.645	0.58	1.13122
1.645	0.59	1.10999
1.645	0.6	1.08895
1.645	0.61	1.06812
1.645	0.62	1.04749
1.645	0.63	1.02706
1.645	0.64	1.00683
1.645	0.65	0.986806
1.645	0.66	0.96698
1.645	0.67	0.947354
1.645	0.68	0.927929
1.645	0.69	0.908705
1.645	0.7	0.889682
1.645	0.71	0.87086
1.645	0.72	0.852239
1.645	0.73	0.833818
1.645	0.74	0.815599
1.645	0.75	0.79758
1.645	0.76	0.779763
1.645	0.77	0.762146
1.645	0.78	0.744731
1.645	0.79	0.727516
1.645	0.8	0.710502
1.645	0.81	0.693689
1.645	0.82	0.677077
1.645	0.83	0.660666
1.645	0.84	0.644456
1.645	0.85	0.628447
1.645	0.86	0.612639
1.645	0.87	0.597031
1.645	0.88	0.581625
1.645	0.89	0.56642
1.645	0.9	0.551415
1.645	0.91	0.536612
1.645	0.92	0.522009
1.645	0.93	0.507607
1.645	0.94	0.493406
1.645	0.95	0.479407
1.645	0.96	0.465608
1.645	0.97	0.452009
1.645	0.98	0.438612
1.645	0.99	0.425416
1.645	1	0.41242
1.645	1.01	0.399626
1.645	1.02	0.387032
1.645	1.03	0.374639
1.645	1.04	0.362447
1.645	1.05	0.350456
1.645	1.06	0.338666
1.645	1.07	0.327077
1.645	1.08	0.315688
1.645	1.09	0.304501
1.645	1.1	0.293514
1.645	1.11	0.282728
1.645	1.12	0.272143
1.645	1.13	0.261758
1.645	1.14	0.251575
1.645	1.15	0.241592
1.645	1.16	0.23181
1.645	1.17	0.222229
1.645	1.18	0.212848
1.645	1.19	0.203669
1.645	1.2	0.19469
1.645	1.21	0.185912
1.645	1.22	0.177334
1.645	1.23	0.168958
1.645	1.24	0.160782
1.645	1.25	0.152807
1.645	1.26	0.145032
1.645	1.27	0.137459
1.645	1.28	0.130086
1.645	1.29	0.122913
1.645	1.3	0.115942
1.645	1.31	0.109171
1.645	1.32	0.1026
1.645	1.33	0.0962305
1.645	1.34	0.0900615
1.645	1.35	0.0840931
1.645	1.36	0.0783253
1.645	1.37	0.0727581
1.645	1.38	0.0673915
1.645	1.39	0.0622255
1.645	1.4	0.05726
1.645	1.41	0.0524952
1.645	1.42	0.0479309
1.645	1.43	0.0435672
1.645	1.44	0.039404
1.645	1.45	0.0354414
1.645	1.46	0.0316792
1.645	1.47	0.0281176
1.645	1.48	0.0247565
1.645	1.49	0.0215959
1.645	1.5	0.0186358
1.645	1.51	0.0158761
1.645	1.52	0.0133169
1.645	1.53	0.0109582
1.645	1.54	0.00879987
1.645	1.55	0.006842
1.645	1.56	0.00508455
1.645	1.57	0.00352752
1.645	1.58	0.00217089
1.645	1.59	0.00101465
1.645	1.6	5.8793e-05
1.645	1.61	-0.000696688
1.645	1.62	-0.00125181
1.645	1.63	-0.00160657
1.645	1.64	-0.00176099
1.645	1.65	-0.00171507
1.645	1.66	-0.00146883
1.645	1.67	-0.00102228
1.645	1.68	-0.000375414
1.645	1.69	0.000471745
1.645	1.7	0.00151919
1.645	1.71	0.00276692
1.645	1.72	0.00421491
1.645	1.73	0.00586316
1.645	1.74	0.00771164
1.645	1.75	0.00976035
1.645	1.76	0.0120093
1.645	1.77	0.0144584
1.645	1.78	0.0171078
1.645	1.79	0.0199573
1.645	1.8	0.023007
1.645	1.81	0.0262569
1.645	1.82	0.0297069
1.645	1.83	0.0333571
1.645	1.84	0.0372074
1.645	1.85	0.0412579
1.645	1.86	0.0455085
1.645	1.87	0.0499592
1.645	1.88	0.0546101
1.645	1.89	0.059461
1.645	1.9	0.064512
1.645	1.91	0.0697631
1.645	1.92	0.0752143
1.645	1.93	0.0808655
1.645	1.94	0.0867168
1.645	1.95	0.0927681
1.645	1.96	0.0990194
1.645	1.97	0.105471
1.645	1.98	0.112122
1.645	1.99	0.118974
1.645	2	0.126025
1.65	0	2.7225
1.65	0.01	2.68954
1.65	0.02	2.65678
1.65	0.03	2.62422
1.65	0.04	2.59185
1.65	0.05	2.55969
1.65	0.06	2.52773
1.65	0.07	2.49597
1.65	0.08	2.46441
1.65	0.09	2.43305
1.65	0.1	2.40189
1.65	0.11	2.37093
1.65	0.12	2.34017
1.65	0.13	2.30961
1.65	0.14	2.27925
1.65	0.15	2.24909
1.65	0.16	2.21913
1.65	0.17	2.18937
1.65	0.18	2.15981
1.65	0.19	2.13045
1.65	0.2	2.1013
1.65	0.21	2.07234
1.65	0.22	2.04358
1.65	0.23	2.01503
1.65	0.24	1.98667
1.65	0.25	1.95851
1.65	0.26	1.93056
1.65	0.27	1.9028
1.65	0.28	1.87525
1.65	0.29	1.8479
1.65	0.3	1.82074
1.65	0.31	1.79379
1.65	0.32	1.76704
1.65	0.33	1.74049
1.65	0.34	1.71413
1.65	0.35	1.68798
1.65	0.36	1.66203
1.65	0.37	1.63628
1.65	0.38	1.61074
1.65	0.39	1.58539
1.65	0.4	1.56024
1.65	0.41	1.53529
1.65	0.42	1.51055
1.65	0.43	1.486
1.65	0.44	1.46166
1.65	0.45	1.43752
1.65	0.46	1.41357
1.65	0.47	1.38983
1.65	0.48	1.36629
1.65	0.49	1.34295
1.65	0.5	1.31981
1.65	0.51	1.29687
1.65	0.52	1.27413
1.65	0.53	1.25159
1.65	0.54	1.22926
1.65	0.55	1.20712
1.65	0.56	1.18518
1.65	0.57	1.16345
1.65	0.58	1.14192
1.65	0.59	1.12058
1.65	0.6	1.09945
1.65	0.61	1.07852
1.65	0.62	1.05779
1.65	0.63	1.03726
1.65	0.64	1.01693
1.65	0.65	0.996807
1.65	0.66	0.97688
1.65	0.67	0.957155
1.65	0.68	0.93763
1.65	0.69	0.918306
1.65	0.7	0.899183
1.65	0.71	0.880261
1.65	0.72	0.86154
1.65	0.73	0.843019
1.65	0.74	0.8247
1.65	0.75	0.806582
1.65	0.76	0.788664
1.65	0.77	0.770948
1.65	0.78	0.753432
1.65	0.79	0.736118
1.65	0.8	0.719004
1.65	0.81	0.702091
1.65	0.82	0.685379
1.65	0.83	0.668869
1.65	0.84	0.652559
1.65	0.85	0.636449
1.65	0.86	0.620541
1.65	0.87	0.604834
1.65	0.88	0.589328
1.65	0.89	0.574022
1.65	0.9	0.558918
1.65	0.91	0.544014
1.65	0.92	0.529312
1.65	0.93	0.51481
1.65	0.94	0.500509
1.65	0.95	0.486409
1.65	0.96	0.47251
1.65	0.97	0.458812
1.65	0.98	0.445315
1.65	0.99	0.432019
1.65	1	0.418923
1.65	1.01	0.406029
1.65	1.02	0.393335
1.65	1.03	0.380842
1.65	1.04	0.36855
1.65	1.05	0.356459
1.65	1.06	0.344569
1.65	1.07	0.332879
1.65	1.08	0.321391
1.65	1.09	0.310103
1.65	1.1	0.299016
1.65	1.11	0.28813
1.65	1.12	0.277444
1.65	1.13	0.26696
1.65	1.14	0.256676
1.65	1.15	0.246593
1.65	1.16	0.236711
1.65	1.17	0.22703
1.65	1.18	0.217549
1.65	1.19	0.20827
1.65	1.2	0.199191
1.65	1.21	0.190312
1.65	1.22	0.181635
1.65	1.23	0.173158
1.65	1.24	0.164882
1.65	1.25	0.156807
1.65	1.26	0.148932
1.65	1.27	0.141258
1.65	1.28	0.133785
1.65	1.29	0.126512
1.65	1.3	0.11944
1.65	1.31	0.112569
1.65	1.32	0.105899
1.65	1.33	0.0994286
1.65	1.34	0.0931593
1.65	1.35	0.0870907
1.65	1.36	0.0812226
1.65	1.37	0.0755552
1.65	1.38	0.0700883
1.65	1.39	0.0648221
1.65	1.4	0.0597564
1.65	1.41	0.0548913
1.65	1.42	0.0502267
1.65	1.43	0.0457627
1.65	1.44	0.0414993
1.65	1.45	0.0374363
1.65	1.46	0.0335739
1.65	1.47	0.029912
1.65	1.48	0.0264506
1.65	1.49	0.0231897
1.65	1.5	0.0201292
1.65	1.51	0.0172693
1.65	1.52	0.0146098
1.65	1.53	0.0121507
1.65	1.54	0.00989207
1.65	1.55	0.00783388
1.65	1.56	0.0059761
1.65	1.57	0.00431874
1.65	1.58	0.00286177
1.65	1.59	0.00160519
1.65	1.6	0.000548999
1.65	1.61	-0.000306826
1.65	1.62	-0.000962289
1.65	1.63	-0.0014174
1.65	1.64	-0.00167217
1.65	1.65	-0.00172661
1.65	1.66	-0.00158073
1.65	1.67	-0.00123453
1.65	1.68	-0.000688032
1.65	1.69	5.8762e-05
1.65	1.7	0.00100584
1.65	1.71	0.0021532
1.65	1.72	0.00350082
1.65	1.73	0.00504869
1.65	1.74	0.0067968
1.65	1.75	0.00874513
1.65	1.76	0.0108937
1.65	1.77	0.0132424
1.65	1.78	0.0157914
1.65	1.79	0.0185405
1.65	1.8	0.0214899
1.65	1.81	0.0246393
1.65	1.82	0.027989
1.65	1.83	0.0315388
1.65	1.84	0.0352888
1.65	1.85	0.0392388
1.65	1.86	0.043389
1.65	1.87	0.0477394
1.65	1.88	0.0522898
1.65	1.89	0.0570403
1.65	1.9	0.061991
1.65	1.91	0.0671417
1.65	1.92	0.0724924
1.65	1.93	0.0780433
1.65	1.94	0.0837941
1.65	1.95	0.0897451
1.65	1.96	0.095896
1.65	1.97	0.102247
1.65	1.98	0.108798
1.65	1.99	0.115549
1.65	2	0.1225
1.655	0	2.73903
1.655	0.01	2.70596
1.655	0.02	2.6731
1.655	0.03	2.64044
1.655	0.04	2.60798
1.655	0.05	2.57572
1.655	0.06	2.54366
1.655	0.07	2.5118
1.655	0.08	2.48014
1.655	0.09	2.44868
1.655	0.1	2.41742
1.655	0.11	2.38636
1.655	0.12	2.3555
1.655	0.13	2.32484
1.655	0.14	2.29438
1.655	0.15	2.26412
1.655	0.16	2.23406
1.655	0.17	2.2042
1.655	0.18	2.17455
1.655	0.19	2.14509
1.655	0.2	2.11583
1.655	0.21	2.08677
1.655	0.22	2.05792
1.655	0.23	2.02926
1.655	0.24	2.00081
1.655	0.25	1.97255
1.655	0.26	1.9445
1.655	0.27	1.91664
1.655	0.28	1.88899
1.655	0.29	1.86153
1.655	0.3	1.83428
1.655	0.31	1.80723
1.655	0.32	1.78038
1.655	0.33	1.75373
1.655	0.34	1.72728
1.655	0.35	1.70103
1.655	0.36	1.67498
1.655	0.37	1.64913
1.655	0.38	1.62348
1.655	0.39	1.59803
1.655	0.4	1.57278
1.655	0.41	1.54774
1.655	0.42	1.52289
1.655	0.43	1.49825
1.655	0.44	1.4738
1.655	0.45	1.44956
1.655	0.46	1.42552
1.655	0.47	1.40168
1.655	0.48	1.37803
1.655	0.49	1.35459
1.655	0.5	1.33135
1.655	0.51	1.30832
1.655	0.52	1.28548
1.655	0.53	1.26284
1.655	0.54	1.2404
1.655	0.55	1.21817
1.655	0.56	1.19613
1.655	0.57	1.1743
1.655	0.58	1.15267
1.655	0.59	1.13123
1.655	0.6	1.11
1.655	0.61	1.08897
1.655	0.62	1.06814
1.655	0.63	1.04751
1.655	0.64	1.02708
1.655	0.65	1.00686
1.655	0.66	0.986831
1.655	0.67	0.967006
1.655	0.68	0.947381
1.655	0.69	0.927958
1.655	0.7	0.908735
1.655	0.71	0.889713
1.655	0.72	0.870892
1.655	0.73	0.852272
1.655	0.74	0.833853
1.655	0.75	0.815635
1.655	0.76	0.797618
1.655	0.77	0.779801
1.655	0.78	0.762186
1.655	0.79	0.744772
1.655	0.8	0.727558
1.655	0.81	0.710545
1.655	0.82	0.693734
1.655	0.83	0.677123
1.655	0.84	0.660713
1.655	0.85	0.644504
1.655	0.86	0.628496
1.655	0.87	0.612689
1.655	0.88	0.597082
1.655	0.89	0.581677
1.655	0.9	0.566473
1.655	0.91	0.551469
1.655	0.92	0.536666
1.655	0.93	0.522065
1.655	0.94	0.507664
1.655	0.95	0.493464
1.655	0.96	0.479465
1.655	0.97	0.465667
1.655	0.98	0.45207
1.655	0.99	0.438673
1.655	1	0.425478
1.655	1.01	0.412483
1.655	1.02	0.399689
1.655	1.03	0.387096
1.655	1.04	0.374704
1.655	1.05	0.362513
1.655	1.06	0.350523
1.655	1.07	0.338733
1.655	1.08	0.327145
1.655	1.09	0.315757
1.655	1.1	0.30457
1.655	1.11	0.293583
1.655	1.12	0.282798
1.655	1.13	0.272213
1.655	1.14	0.26183
1.655	1.15	0.251647
1.655	1.16	0.241664
1.655	1.17	0.231883
1.655	1.18	0.222302
1.655	1.19	0.212922
1.655	1.2	0.203743
1.655	1.21	0.194764
1.655	1.22	0.185987
1.655	1.23	0.17741
1.655	1.24	0.169034
1.655	1.25	0.160858
1.655	1.26	0.152883
1.655	1.27	0.145109
1.655	1.28	0.137536
1.655	1.29	0.130163
1.655	1.3	0.122991
1.655	1.31	0.116019
1.655	1.32	0.109248
1.655	1.33	0.102678
1.655	1.34	0.0963087
1.655	1.35	0.0901397
1.655	1.36	0.0841714
1.655	1.37	0.0784037
1.655	1.38	0.0728366
1.655	1.39	0.06747
1.655	1.4	0.0623041
1.655	1.41	0.0573387
1.655	1.42	0.0525738
1.655	1.43	0.0480095
1.655	1.44	0.0436458
1.655	1.45	0.0394825
1.655	1.46	0.0355198
1.655	1.47	0.0317576
1.655	1.48	0.0281958
1.655	1.49	0.0248346
1.655	1.5	0.0216738
1.655	1.51	0.0187136
1.655	1.52	0.0159537
1.655	1.53	0.0133943
1.655	1.54	0.0110353
1.655	1.55	0.00887681
1.655	1.56	0.00691868
1.655	1.57	0.00516097
1.655	1.58	0.00360365
1.655	1.59	0.00224671
1.655	1.6	0.00109016
1.655	1.61	0.000133967
1.655	1.62	-0.000621864
1.655	1.63	-0.00117735
1.655	1.64	-0.00153249
1.655	1.65	-0.00168731
1.655	1.66	-0.00164181
1.655	1.67	-0.00139599
1.655	1.68	-0.000949878
1.655	1.69	-0.000303472
1.655	1.7	0.000543217
1.655	1.71	0.00159018
1.655	1.72	0.0028374
1.655	1.73	0.00428487
1.655	1.74	0.00593258
1.655	1.75	0.00778051
1.655	1.76	0.00982866
1.655	1.77	0.012077
1.655	1.78	0.0145256
1.655	1.79	0.0171743
1.655	1.8	0.0200232
1.655	1.81	0.0230723
1.655	1.82	0.0263215
1.655	1.83	0.0297709
1.655	1.84	0.0334205
1.655	1.85	0.0372701
1.655	1.86	0.0413199
1.655	1.87	0.0455698
1.655	1.88	0.0500199
1.655	1.89	0.05467
1.655	1.9	0.0595202
1.655	1.91	0.0645704
1.655	1.92	0.0698208
1.655	1.93	0.0752712
1.655	1.94	0.0809217
1.655	1.95	0.0867722
1.655	1.96	0.0928227
1.655	1.97	0.0990733
1.655	1.98	0.105524
1.655	1.99	0.112174
1.655	2	0.119025
1.66	0	2.7556
1.66	0.01	2.72244
1.66	0.02	2.68948
1.66	0.03	2.65672
1.66	0.04	2.62416
1.66	0.05	2.5918
1.66	0.06	2.55964
1.66	0.07	2.52768
1.66	0.08	2.49592
1.66	0.09	2.46436
1.66	0.1	2.433
1.66	0.11	2.40184
1.66	0.12	2.37088
1.66	0.13	2.34012
1.66	0.14	2.30956
1.66	0.15	2.2792
1.66	0.16	2.24905
1.66	0.17	2.21909
1.66	0.18	2.18933
1.66	0.19	2.15977
1.66	0.2	2.13042
1.66	0.21	2.10126
1.66	0.22	2.0723
1.66	0.23	2.04355
1.66	0.24	2.01499
1.66	0.25	1.98664
1.66	0.26	1.95848
1.66	0.27	1.93053
1.66	0.28	1.90278
1.66	0.29	1.87522
1.66	0.3	1.84787
1.66	0.31	1.82072
1.66	0.32	1.79377
1.66	0.33	1.76702
1.66	0.34	1.74047
1.66	0.35	1.71412
1.66	0.36	1.68797
1.66	0.37	1.66202
1.66	0.38	1.63627
1.66	0.39	1.61072
1.66	0.4	1.58538
1.66	0.41	1.56023
1.66	0.42	1.53529
1.66	0.43	1.51054
1.66	0.44	1.486
1.66	0.45	1.46166
1.66	0.46	1.43751
1.66	0.47	1.41357
1.66	0.48	1.38983
1.66	0.49	1.36629
1.66	0.5	1.34295
1.66	0.51	1.31981
1.66	0.52	1.29688
1.66	0.53	1.27414
1.66	0.54	1.2516
1.66	0.55	1.22927
1.66	0.56	1.20713
1.66	0.57	1.1852
1.66	0.58	1.16347
1.66	0.59	1.14193
1.66	0.6	1.1206
1.66	0.61	1.09947
1.66	0.62	1.07854
1.66	0.63	1.05781
1.66	0.64	1.03729
1.66	0.65	1.01696
1.66	0.66	0.996834
1.66	0.67	0.976908
1.66	0.68	0.957184
1.66	0.69	0.937661
1.66	0.7	0.918338
1.66	0.71	0.899217
1.66	0.72	0.880296
1.66	0.73	0.861576
1.66	0.74	0.843057
1.66	0.75	0.824739
1.66	0.76	0.806622
1.66	0.77	0.788706
1.66	0.78	0.77099
1.66	0.79	0.753476
1.66	0.8	0.736163
1.66	0.81	0.71905
1.66	0.82	0.702138
1.66	0.83	0.685428
1.66	0.84	0.668918
1.66	0.85	0.652609
1.66	0.86	0.636501
1.66	0.87	0.620594
1.66	0.88	0.604888
1.66	0.89	0.589382
1.66	0.9	0.574078
1.66	0.91	0.558975
1.66	0.92	0.544072
1.66	0.93	0.52937
1.66	0.94	0.514869
1.66	0.95	0.500569
1.66	0.96	0.48647
1.66	0.97	0.472572
1.66	0.98	0.458875
1.66	0.99	0.445379
1.66	1	0.432083
1.66	1.01	0.418988
1.66	1.02	0.406095
1.66	1.03	0.393402
1.66	1.04	0.380909
1.66	1.05	0.368618
1.66	1.06	0.356528
1.66	1.07	0.344638
1.66	1.08	0.332949
1.66	1.09	0.321461
1.66	1.1	0.310174
1.66	1.11	0.299088
1.66	1.12	0.288202
1.66	1.13	0.277518
1.66	1.14	0.267034
1.66	1.15	0.25675
1.66	1.16	0.246668
1.66	1.17	0.236786
1.66	1.18	0.227106
1.66	1.19	0.217625
1.66	1.2	0.208346
1.66	1.21	0.199267
1.66	1.22	0.19039
1.66	1.23	0.181712
1.66	1.24	0.173236
1.66	1.25	0.16496
1.66	1.26	0.156885
1.66	1.27	0.149011
1.66	1.28	0.141337
1.66	1.29	0.133864
1.66	1.3	0.126592
1.66	1.31	0.11952
1.66	1.32	0.112649
1.66	1.33	0.105978
1.66	1.34	0.0995087
1.66	1.35	0.0932395
1.66	1.36	0.0871709
1.66	1.37	0.0813029
1.66	1.38	0.0756355
1.66	1.39	0.0701687
1.66	1.4	0.0649024
1.66	1.41	0.0598367
1.66	1.42	0.0549716
1.66	1.43	0.050307
1.66	1.44	0.0458429
1.66	1.45	0.0415793
1.66	1.46	0.0375163
1.66	1.47	0.0336538
1.66	1.48	0.0299917
1.66	1.49	0.0265301
1.66	1.5	0.023269
1.66	1.51	0.0202084
1.66	1.52	0.0173482
1.66	1.53	0.0146885
1.66	1.54	0.0122292
1.66	1.55	0.00997027
1.66	1.56	0.00791179
1.66	1.57	0.00605371
1.66	1.58	0.00439602
1.66	1.59	0.00293872
1.66	1.6	0.00168179
1.66	1.61	0.000625223
1.66	1.62	-0.000230987
1.66	1.63	-0.000886853
1.66	1.64	-0.00134238
1.66	1.65	-0.00159759
1.66	1.66	-0.00165248
1.66	1.67	-0.00150706
1.66	1.68	-0.00116171
1.66	1.69	-0.000615689
1.66	1.7	0.000130608
1.66	1.71	0.00107717
1.66	1.72	0.002224
1.66	1.73	0.00357107
1.66	1.74	0.00511838
1.66	1.75	0.00686591
1.66	1.76	0.00881365
1.66	1.77	0.0109616
1.66	1.78	0.0133097
1.66	1.79	0.0158581
1.66	1.8	0.0186066
1.66	1.81	0.0215552
1.66	1.82	0.0247041
1.66	1.83	0.0280531
1.66	1.84	0.0316022
1.66	1.85	0.0353514
1.66	1.86	0.0393008
1.66	1.87	0.0434503
1.66	1.88	0.0477999
1.66	1.89	0.0523496
1.66	1.9	0.0570994
1.66	1.91	0.0620492
1.66	1.92	0.0671992
1.66	1.93	0.0725492
1.66	1.94	0.0780992
1.66	1.95	0.0838493
1.66	1.96	0.0897994
1.66	1.97	0.0959495
1.66	1.98	0.1023
1.66	1.99	0.10885
1.66	2	0.1156
1.665	0	2.77223
1.665	0.01	2.73896
1.665	0.02	2.7059
1.665	0.03	2.67304
1.665	0.04	2.64039
1.665	0.05	2.60793
1.665	0.06	2.57567
1.665	0.07	2.54361
1.665	0.08	2.51175
1.665	0.09	2.48009
1.665	0.1	2.44863
1.665	0.11	2.41737
1.665	0.12	2.38631
1.665	0.13	2.35545
1.665	0.14	2.32479
1.665	0.15	2.29434
1.665	0.16	2.26408
1.665	0.17	2.23402
1.665	0.18	2.20416
1.665	0.19	2.17451
1.665	0.2	2.14505
1.665	0.21	2.1158
1.665	0.22	2.08674
1.665	0.23	2.05788
1.665	0.24	2.02923
1.665	0.25	2.00078
1.665	0.26	1.97252
1.665	0.27	1.94447
1.665	0.28	1.91662
1.665	0.29	1.88896
1.665	0.3	1.86151
1.665	0.31	1.83426
1.665	0.32	1.80721
1.665	0.33	1.78036
1.665	0.34	1.75371
1.665	0.35	1.72726
1.665	0.36	1.70101
1.665	0.37	1.67496
1.665	0.38	1.64912
1.665	0.39	1.62347
1.665	0.4	1.59802
1.665	0.41	1.57278
1.665	0.42	1.54773
1.665	0.43	1.52289
1.665	0.44	1.49825
1.665	0.45	1.4738
1.665	0.46	1.44956
1.665	0.47	1.42552
1.665	0.48	1.40168
1.665	0.49	1.37804
1.665	0.5	1.3546
1.665	0.51	1.33136
1.665	0.52	1.30832
1.665	0.53	1.28549
1.665	0.54	1.26285
1.665	0.55	1.24042
1.665	0.56	1.21818
1.665	0.57	1.19615
1.665	0.58	1.17432
1.665	0.59	1.15268
1.665	0.6	1.13125
1.665	0.61	1.11002
1.665	0.62	1.08899
1.665	0.63	1.06817
1.665	0.64	1.04754
1.665	0.65	1.02711
1.665	0.66	1.00689
1.665	0.67	0.986861
1.665	0.68	0.967037
1.665	0.69	0.947414
1.665	0.7	0.927991
1.665	0.71	0.90877
1.665	0.72	0.889749
1.665	0.73	0.87093
1.665	0.74	0.852311
1.665	0.75	0.833893
1.665	0.76	0.815676
1.665	0.77	0.79766
1.665	0.78	0.779845
1.665	0.79	0.762231
1.665	0.8	0.744817
1.665	0.81	0.727605
1.665	0.82	0.710593
1.665	0.83	0.693783
1.665	0.84	0.677173
1.665	0.85	0.660764
1.665	0.86	0.644556
1.665	0.87	0.628549
1.665	0.88	0.612743
1.665	0.89	0.597138
1.665	0.9	0.581733
1.665	0.91	0.56653
1.665	0.92	0.551527
1.665	0.93	0.536726
1.665	0.94	0.522125
1.665	0.95	0.507725
1.665	0.96	0.493526
1.665	0.97	0.479528
1.665	0.98	0.46573
1.665	0.99	0.452134
1.665	1	0.438738
1.665	1.01	0.425544
1.665	1.02	0.41255
1.665	1.03	0.399757
1.665	1.04	0.387165
1.665	1.05	0.374773
1.665	1.06	0.362583
1.665	1.07	0.350593
1.665	1.08	0.338804
1.665	1.09	0.327216
1.665	1.1	0.315829
1.665	1.11	0.304642
1.665	1.12	0.293657
1.665	1.13	0.282872
1.665	1.14	0.272288
1.665	1.15	0.261904
1.665	1.16	0.251722
1.665	1.17	0.24174
1.665	1.18	0.231959
1.665	1.19	0.222379
1.665	1.2	0.212999
1.665	1.21	0.20382
1.665	1.22	0.194842
1.665	1.23	0.186065
1.665	1.24	0.177488
1.665	1.25	0.169112
1.665	1.26	0.160937
1.665	1.27	0.152963
1.665	1.28	0.145189
1.665	1.29	0.137615
1.665	1.3	0.130243
1.665	1.31	0.123071
1.665	1.32	0.116099
1.665	1.33	0.109329
1.665	1.34	0.102759
1.665	1.35	0.0963893
1.665	1.36	0.0902204
1.665	1.37	0.0842521
1.665	1.38	0.0784845
1.665	1.39	0.0729174
1.665	1.4	0.0675508
1.665	1.41	0.0623848
1.665	1.42	0.0574194
1.665	1.43	0.0526545
1.665	1.44	0.0480901
1.665	1.45	0.0437262
1.665	1.46	0.0395628
1.665	1.47	0.0356
1.665	1.48	0.0318376
1.665	1.49	0.0282757
1.665	1.5	0.0249143
1.665	1.51	0.0217533
1.665	1.52	0.0187927
1.665	1.53	0.0160327
1.665	1.54	0.013473
1.665	1.55	0.0111137
1.665	1.56	0.00895491
1.665	1.57	0.00699647
1.665	1.58	0.00523841
1.665	1.59	0.00368074
1.665	1.6	0.00232344
1.665	1.61	0.0011665
1.665	1.62	0.00020991
1.665	1.63	-0.000546338
1.665	1.64	-0.00110225
1.665	1.65	-0.00145785
1.665	1.66	-0.00161313
1.665	1.67	-0.0015681
1.665	1.68	-0.00132278
1.665	1.69	-0.000877175
1.665	1.7	-0.000231293
1.665	1.71	0.000614856
1.665	1.72	0.00166126
1.665	1.73	0.00290791
1.665	1.74	0.00435479
1.665	1.75	0.0060019
1.665	1.76	0.00784922
1.665	1.77	0.00989673
1.665	1.78	0.0121444
1.665	1.79	0.0145923
1.665	1.8	0.0172404
1.665	1.81	0.0200887
1.665	1.82	0.023137
1.665	1.83	0.0263856
1.665	1.84	0.0298343
1.665	1.85	0.0334831
1.665	1.86	0.037332
1.665	1.87	0.0413811
1.665	1.88	0.0456302
1.665	1.89	0.0500795
1.665	1.9	0.0547288
1.665	1.91	0.0595782
1.665	1.92	0.0646277
1.665	1.93	0.0698773
1.665	1.94	0.0753269
1.665	1.95	0.0809765
1.665	1.96	0.0868262
1.665	1.97	0.0928759
1.665	1.98	0.0991256
1.665	1.99	0.105575
1.665	2	0.112225
1.67	0	2.7889
1.67	0.01	2.75554
1.67	0.02	2.72238
1.67	0.03	2.68942
1.67	0.04	2.65666
1.67	0.05	2.6241
1.67	0.06	2.59174
1.67	0.07	2.55958
1.67	0.08	2.52763
1.67	0.09	2.49587
1.67	0.1	2.46431
1.67	0.11	2.43295
1.67	0.12	2.40179
1.67	0.13	2.37083
1.67	0.14	2.34008
1.67	0.15	2.30952
1.67	0.16	2.27916
1.67	0.17	2.24901
1.67	0.18	2.21905
1.67	0.19	2.18929
1.67	0.2	2.15974
1.67	0.21	2.13038
1.67	0.22	2.10123
1.67	0.23	2.07227
1.67	0.24	2.04352
1.67	0.25	2.01496
1.67	0.26	1.98661
1.67	0.27	1.95846
1.67	0.28	1.9305
1.67	0.29	1.90275
1.67	0.3	1.8752
1.67	0.31	1.84785
1.67	0.32	1.8207
1.67	0.33	1.79375
1.67	0.34	1.767
1.67	0.35	1.74045
1.67	0.36	1.7141
1.67	0.37	1.68796
1.67	0.38	1.66201
1.67	0.39	1.63626
1.67	0.4	1.61072
1.67	0.41	1.58537
1.67	0.42	1.56023
1.67	0.43	1.53529
1.67	0.44	1.51054
1.67	0.45	1.486
1.67	0.46	1.46166
1.67	0.47	1.43752
1.67	0.48	1.41358
1.67	0.49	1.38984
1.67	0.5	1.3663
1.67	0.51	1.34296
1.67	0.52	1.31982
1.67	0.53	1.29689
1.67	0.54	1.27415
1.67	0.55	1.25162
1.67	0.56	1.22928
1.67	0.57	1.20715
1.67	0.58	1.18522
1.67	0.59	1.16349
1.67	0.6	1.14196
1.67	0.61	1.12063
1.67	0.62	1.0995
1.67	0.63	1.07857
1.67	0.64	1.05784
1.67	0.65	1.03732
1.67	0.66	1.01699
1.67	0.67	0.996865
1.67	0.68	0.976941
1.67	0.69	0.957218
1.67	0.7	0.937696
1.67	0.71	0.918375
1.67	0.72	0.899255
1.67	0.73	0.880335
1.67	0.74	0.861616
1.67	0.75	0.843099
1.67	0.76	0.824782
1.67	0.77	0.806666
1.67	0.78	0.788751
1.67	0.79	0.771037
1.67	0.8	0.753524
1.67	0.81	0.736211
1.67	0.82	0.7191
1.67	0.83	0.702189
1.67	0.84	0.68548
1.67	0.85	0.668971
1.67	0.86	0.652663
1.67	0.87	0.636556
1.67	0.88	0.62065
1.67	0.89	0.604945
1.67	0.9	0.589441
1.67	0.91	0.574137
1.67	0.92	0.559035
1.67	0.93	0.544133
1.67	0.94	0.529432
1.67	0.95	0.514932
1.67	0.96	0.500633
1.67	0.97	0.486535
1.67	0.98	0.472638
1.67	0.99	0.458941
1.67	1	0.445446
1.67	1.01	0.432151
1.67	1.02	0.419057
1.67	1.03	0.406164
1.67	1.04	0.393471
1.67	1.05	0.38098
1.67	1.06	0.368689
1.67	1.07	0.3566
1.67	1.08	0.344711
1.67	1.09	0.333023
1.67	1.1	0.321535
1.67	1.11	0.310249
1.67	1.12	0.299163
1.67	1.13	0.288278
1.67	1.14	0.277594
1.67	1.15	0.26711
1.67	1.16	0.256827
1.67	1.17	0.246745
1.67	1.18	0.236864
1.67	1.19	0.227184
1.67	1.2	0.217704
1.67	1.21	0.208425
1.67	1.22	0.199347
1.67	1.23	0.190469
1.67	1.24	0.181792
1.67	1.25	0.173316
1.67	1.26	0.165041
1.67	1.27	0.156966
1.67	1.28	0.149092
1.67	1.29	0.141418
1.67	1.3	0.133945
1.67	1.31	0.126673
1.67	1.32	0.119601
1.67	1.33	0.112731
1.67	1.34	0.10606
1.67	1.35	0.0995904
1.67	1.36	0.0933213
1.67	1.37	0.0872527
1.67	1.38	0.0813847
1.67	1.39	0.0757173
1.67	1.4	0.0702505
1.67	1.41	0.0649842
1.67	1.42	0.0599184
1.67	1.43	0.0550532
1.67	1.44	0.0503885
1.67	1.45	0.0459243
1.67	1.46	0.0416606
1.67	1.47	0.0375973
1.67	1.48	0.0337346
1.67	1.49	0.0300724
1.67	1.5	0.0266106
1.67	1.51	0.0233493
1.67	1.52	0.0202884
1.67	1.53	0.0174279
1.67	1.54	0.0147679
1.67	1.55	0.0123082
1.67	1.56	0.010049
1.67	1.57	0.0079902
1.67	1.58	0.00613177
1.67	1.59	0.0044737
1.67	1.6	0.00301601
1.67	1.61	0.00175867
1.67	1.62	0.000701681
1.67	1.63	-0.00015497
1.67	1.64	-0.000811293
1.67	1.65	-0.0012673
1.67	1.66	-0.00152299
1.67	1.67	-0.00157838
1.67	1.68	-0.00143348
1.67	1.69	-0.0010883
1.67	1.7	-0.000542839
1.67	1.71	0.000202882
1.67	1.72	0.00114886
1.67	1.73	0.00229507
1.67	1.74	0.00364152
1.67	1.75	0.00518819
1.67	1.76	0.00693506
1.67	1.77	0.00888214
1.67	1.78	0.0110294
1.67	1.79	0.0133769
1.67	1.8	0.0159245
1.67	1.81	0.0186723
1.67	1.82	0.0216202
1.67	1.83	0.0247683
1.67	1.84	0.0281166
1.67	1.85	0.0316649
1.67	1.86	0.0354134
1.67	1.87	0.039362
1.67	1.88	0.0435107
1.67	1.89	0.0478595
1.67	1.9	0.0524084
1.67	1.91	0.0571574
1.67	1.92	0.0621064
1.67	1.93	0.0672555
1.67	1.94	0.0726046
1.67	1.95	0.0781538
1.67	1.96	0.083903
1.67	1.97	0.0898522
1.67	1.98	0.0960015
1.67	1.99	0.102351
1.67	2	0.1089
1.675	0	2.80563
1.675	0.01	2.77217
1.675	0.02	2.73891
1.675	0.03	2.70585
1.675	0.04	2.67299
1.675	0.05	2.64033
1.675	0.06	2.60787
1.675	0.07	2.57561
1.675	0.08	2.54356
1.675	0.09	2.5117
1.675	0.1	2.48004
1.675	0.11	2.44858
1.675	0.12	2.41732
1.675	0.13	2.38627
1.675	0.14	2.35541
1.675	0.15	2.32475
1.675	0.16	2.2943
1.675	0.17	2.26404
1.675	0.18	2.23398
1.675	0.19	2.20413
1.675	0.2	2.17447
1.675	0.21	2.14502
1.675	0.22	2.11576
1.675	0.23	2.08671
1.675	0.24	2.05786
1.675	0.25	2.0292
1.675	0.26	2.00075
1.675	0.27	1.9725
1.675	0.28	1.94445
1.675	0.29	1.91659
1.675	0.3	1.88894
1.675	0.31	1.86149
1.675	0.32	1.83424
1.675	0.33	1.80719
1.675	0.34	1.78034
1.675	0.35	1.7537
1.675	0.36	1.72725
1.675	0.37	1.701
1.675	0.38	1.67495
1.675	0.39	1.64911
1.675	0.4	1.62346
1.675	0.41	1.59802
1.675	0.42	1.57278
1.675	0.43	1.54773
1.675	0.44	1.52289
1.675	0.45	1.49825
1.675	0.46	1.47381
1.675	0.47	1.44957
1.675	0.48	1.42553
1.675	0.49	1.40169
1.675	0.5	1.37805
1.675	0.51	1.35461
1.675	0.52	1.33137
1.675	0.53	1.30834
1.675	0.54	1.2855
1.675	0.55	1.26287
1.675	0.56	1.24044
1.675	0.57	1.2182
1.675	0.58	1.19617
1.675	0.59	1.17434
1.675	0.6	1.15271
1.675	0.61	1.13128
1.675	0.62	1.11005
1.675	0.63	1.08902
1.675	0.64	1.0682
1.675	0.65	1.04757
1.675	0.66	1.02714
1.675	0.67	1.00692
1.675	0.68	0.986896
1.675	0.69	0.967073
1.675	0.7	0.947451
1.675	0.71	0.92803
1.675	0.72	0.90881
1.675	0.73	0.88979
1.675	0.74	0.870972
1.675	0.75	0.852354
1.675	0.76	0.833938
1.675	0.77	0.815722
1.675	0.78	0.797707
1.675	0.79	0.779893
1.675	0.8	0.76228
1.675	0.81	0.744868
1.675	0.82	0.727656
1.675	0.83	0.710646
1.675	0.84	0.693836
1.675	0.85	0.677228
1.675	0.86	0.66082
1.675	0.87	0.644613
1.675	0.88	0.628607
1.675	0.89	0.612802
1.675	0.9	0.597198
1.675	0.91	0.581794
1.675	0.92	0.566592
1.675	0.93	0.55159
1.675	0.94	0.536789
1.675	0.95	0.522189
1.675	0.96	0.50779
1.675	0.97	0.493592
1.675	0.98	0.479595
1.675	0.99	0.465798
1.675	1	0.452203
1.675	1.01	0.438808
1.675	1.02	0.425614
1.675	1.03	0.412621
1.675	1.04	0.399828
1.675	1.05	0.387237
1.675	1.06	0.374846
1.675	1.07	0.362656
1.675	1.08	0.350667
1.675	1.09	0.338879
1.675	1.1	0.327291
1.675	1.11	0.315905
1.675	1.12	0.304719
1.675	1.13	0.293734
1.675	1.14	0.282949
1.675	1.15	0.272366
1.675	1.16	0.261983
1.675	1.17	0.251801
1.675	1.18	0.241819
1.675	1.19	0.232039
1.675	1.2	0.222459
1.675	1.21	0.21308
1.675	1.22	0.203901
1.675	1.23	0.194923
1.675	1.24	0.186146
1.675	1.25	0.17757
1.675	1.26	0.169194
1.675	1.27	0.161019
1.675	1.28	0.153045
1.675	1.29	0.145271
1.675	1.3	0.137698
1.675	1.31	0.130325
1.675	1.32	0.123153
1.675	1.33	0.116182
1.675	1.34	0.109412
1.675	1.35	0.102842
1.675	1.36	0.0964722
1.675	1.37	0.0903033
1.675	1.38	0.084335
1.675	1.39	0.0785673
1.675	1.4	0.0730002
1.675	1.41	0.0676336
1.675	1.42	0.0624675
1.675	1.43	0.0575019
1.675	1.44	0.0527369
1.675	1.45	0.0481723
1.675	1.46	0.0438083
1.675	1.47	0.0396448
1.675	1.48	0.0356817
1.675	1.49	0.0319191
1.675	1.5	0.0283569
1.675	1.51	0.0249952
1.675	1.52	0.021834
1.675	1.53	0.0188732
1.675	1.54	0.0161128
1.675	1.55	0.0135528
1.675	1.56	0.0111932
1.675	1.57	0.00903396
1.675	1.58	0.00707514
1.675	1.59	0.00531669
1.675	1.6	0.0037586
1.675	1.61	0.00240086
1.675	1.62	0.00124347
1.675	1.63	0.000286416
1.675	1.64	-0.000470314
1.675	1.65	-0.00102673
1.675	1.66	-0.00138283
1.675	1.67	-0.00153864
1.675	1.68	-0.00149416
1.675	1.69	-0.0012494
1.675	1.7	-0.000804369
1.675	1.71	-0.000159078
1.675	1.72	0.000686465
1.675	1.73	0.00173225
1.675	1.74	0.00297826
1.675	1.75	0.00442449
1.675	1.76	0.00607093
1.675	1.77	0.00791757
1.675	1.78	0.0099644
1.675	1.79	0.0122114
1.675	1.8	0.0146586
1.675	1.81	0.0173059
1.675	1.82	0.0201534
1.675	1.83	0.0232011
1.675	1.84	0.0264489
1.675	1.85	0.0298968
1.675	1.86	0.0335448
1.675	1.87	0.037393
1.675	1.88	0.0414412
1.675	1.89	0.0456896
1.675	1.9	0.050138
1.675	1.91	0.0547865
1.675	1.92	0.0596351
1.675	1.93	0.0646837
1.675	1.94	0.0699324
1.675	1.95	0.0753811
1.675	1.96	0.0810298
1.675	1.97	0.0868786
1.675	1.98	0.0929274
1.675	1.99	0.0991762
1.675	2	0.105625
1.68	0	2.8224
1.68	0.01	2.78884
1.68	0.02	2.75548
1.68	0.03	2.72233
1.68	0.04	2.68937
1.68	0.05	2.65661
1.68	0.06	2.62405
1.68	0.07	2.59169
1.68	0.08	2.55954
1.68	0.09	2.52758
1.68	0.1	2.49582
1.68	0.11	2.46426
1.68	0.12	2.43291
1.68	0.13	2.40175
1.68	0.14	2.37079
1.68	0.15	2.34004
1.68	0.16	2.30948
1.68	0.17	2.27912
1.68	0.18	2.24897
1.68	0.19	2.21901
1.68	0.2	2.18926
1.68	0.21	2.1597
1.68	0.22	2.13035
1.68	0.23	2.1012
1.68	0.24	2.07224
1.68	0.25	2.04349
1.68	0.26	2.01494
1.68	0.27	1.98659
1.68	0.28	1.95844
1.68	0.29	1.93048
1.68	0.3	1.90273
1.68	0.31	1.87518
1.68	0.32	1.84783
1.68	0.33	1.82069
1.68	0.34	1.79374
1.68	0.35	1.76699
1.68	0.36	1.74044
1.68	0.37	1.7141
1.68	0.38	1.68795
1.68	0.39	1.662
1.68	0.4	1.63626
1.68	0.41	1.61072
1.68	0.42	1.58537
1.68	0.43	1.56023
1.68	0.44	1.53529
1.68	0.45	1.51055
1.68	0.46	1.486
1.68	0.47	1.46166
1.68	0.48	1.43753
1.68	0.49	1.41359
1.68	0.5	1.38985
1.68	0.51	1.36631
1.68	0.52	1.34298
1.68	0.53	1.31984
1.68	0.54	1.2969
1.68	0.55	1.27417
1.68	0.56	1.25164
1.68	0.57	1.2293
1.68	0.58	1.20717
1.68	0.59	1.18524
1.68	0.6	1.16351
1.68	0.61	1.14198
1.68	0.62	1.12065
1.68	0.63	1.09953
1.68	0.64	1.0786
1.68	0.65	1.05787
1.68	0.66	1.03735
1.68	0.67	1.01702
1.68	0.68	0.996901
1.68	0.69	0.976979
1.68	0.7	0.957257
1.68	0.71	0.937736
1.68	0.72	0.918416
1.68	0.73	0.899297
1.68	0.74	0.880379
1.68	0.75	0.861662
1.68	0.76	0.843145
1.68	0.77	0.82483
1.68	0.78	0.806715
1.68	0.79	0.788801
1.68	0.8	0.771088
1.68	0.81	0.753576
1.68	0.82	0.736265
1.68	0.83	0.719154
1.68	0.84	0.702245
1.68	0.85	0.685536
1.68	0.86	0.669029
1.68	0.87	0.652722
1.68	0.88	0.636616
1.68	0.89	0.620711
1.68	0.9	0.605007
1.68	0.91	0.589503
1.68	0.92	0.574201
1.68	0.93	0.559099
1.68	0.94	0.544198
1.68	0.95	0.529498
1.68	0.96	0.514999
1.68	0.97	0.500701
1.68	0.98	0.486604
1.68	0.99	0.472707
1.68	1	0.459011
1.68	1.01	0.445517
1.68	1.02	0.432223
1.68	1.03	0.419129
1.68	1.04	0.406237
1.68	1.05	0.393545
1.68	1.06	0.381055
1.68	1.07	0.368765
1.68	1.08	0.356675
1.68	1.09	0.344787
1.68	1.1	0.333099
1.68	1.11	0.321613
1.68	1.12	0.310327
1.68	1.13	0.299241
1.68	1.14	0.288357
1.68	1.15	0.277673
1.68	1.16	0.26719
1.68	1.17	0.256908
1.68	1.18	0.246826
1.68	1.19	0.236945
1.68	1.2	0.227265
1.68	1.21	0.217786
1.68	1.22	0.208507
1.68	1.23	0.199429
1.68	1.24	0.190552
1.68	1.25	0.181875
1.68	1.26	0.173399
1.68	1.27	0.165124
1.68	1.28	0.157049
1.68	1.29	0.149175
1.68	1.3	0.141502
1.68	1.31	0.134029
1.68	1.32	0.126757
1.68	1.33	0.119685
1.68	1.34	0.112814
1.68	1.35	0.106144
1.68	1.36	0.0996744
1.68	1.37	0.0934052
1.68	1.38	0.0873367
1.68	1.39	0.0814686
1.68	1.4	0.0758011
1.68	1.41	0.0703342
1.68	1.42	0.0650678
1.68	1.43	0.0600019
1.68	1.44	0.0551365
1.68	1.45	0.0504716
1.68	1.46	0.0460072
1.68	1.47	0.0417433
1.68	1.48	0.0376799
1.68	1.49	0.0338169
1.68	1.5	0.0301544
1.68	1.51	0.0266923
1.68	1.52	0.0234307
1.68	1.53	0.0203695
1.68	1.54	0.0175087
1.68	1.55	0.0148483
1.68	1.56	0.0123883
1.68	1.57	0.0101287
1.68	1.58	0.00806945
1.68	1.59	0.00621059
1.68	1.6	0.00455208
1.68	1.61	0.00309393
1.68	1.62	0.00183612
1.68	1.63	0.000778637
1.68	1.64	-7.85218e-05
1.68	1.65	-0.000735367
1.68	1.66	-0.00119191
1.68	1.67	-0.00144815
1.68	1.68	-0.00150411
1.68	1.69	-0.0013598
1.68	1.7	-0.00101521
1.68	1.71	-0.000470374
1.68	1.72	0.000274716
1.68	1.73	0.00122004
1.68	1.74	0.0023656
1.68	1.75	0.00371137
1.68	1.76	0.00525735
1.68	1.77	0.00700352
1.68	1.78	0.00894989
1.68	1.79	0.0110964
1.68	1.8	0.0134431
1.68	1.81	0.01599
1.68	1.82	0.0187371
1.68	1.83	0.0216842
1.68	1.84	0.0248315
1.68	1.85	0.028179
1.68	1.86	0.0317265
1.68	1.87	0.0354742
1.68	1.88	0.039422
1.68	1.89	0.0435699
1.68	1.9	0.0479178
1.68	1.91	0.0524658
1.68	1.92	0.0572139
1.68	1.93	0.0621621
1.68	1.94	0.0673103
1.68	1.95	0.0726585
1.68	1.96	0.0782068
1.68	1.97	0.0839551
1.68	1.98	0.0899034
1.68	1.99	0.0960517
1.68	2	0.1024
1.685	0	2.83923
1.685	0.01	2.80557
1.685	0.02	2.77211
1.685	0.03	2.73885
1.685	0.04	2.70579
1.685	0.05	2.67294
1.685	0.06	2.64028
1.685	0.07	2.60782
1.685	0.08	2.57556
1.685	0.09	2.54351
1.685	0.1	2.51165
1.685	0.11	2.47999
1.685	0.12	2.44854
1.685	0.13	2.41728
1.685	0.14	2.38623
1.685	0.15	2.35537
1.685	0.16	2.32471
1.685	0.17	2.29426
1.685	0.18	2.264
1.685	0.19	2.23395
1.685	0.2	2.2041
1.685	0.21	2.17444
1.685	0.22	2.14499
1.685	0.23	2.11574
1.685	0.24	2.08668
1.685	0.25	2.05783
1.685	0.26	2.02918
1.685	0.27	2.00073
1.685	0.28	1.97248
1.685	0.29	1.94443
1.685	0.3	1.91658
1.685	0.31	1.88893
1.685	0.32	1.86148
1.685	0.33	1.83423
1.685	0.34	1.80718
1.685	0.35	1.78033
1.685	0.36	1.75369
1.685	0.37	1.72724
1.685	0.38	1.701
1.685	0.39	1.67495
1.685	0.4	1.64911
1.685	0.41	1.62346
1.685	0.42	1.59802
1.685	0.43	1.57278
1.685	0.44	1.54774
1.685	0.45	1.52289
1.685	0.46	1.49825
1.685	0.47	1.47381
1.685	0.48	1.44958
1.685	0.49	1.42554
1.685	0.5	1.4017
1.685	0.51	1.37806
1.685	0.52	1.35463
1.685	0.53	1.33139
1.685	0.54	1.30836
1.685	0.55	1.28552
1.685	0.56	1.26289
1.685	0.57	1.24046
1.685	0.58	1.21823
1.685	0.59	1.1962
1.685	0.6	1.17437
1.685	0.61	1.15274
1.685	0.62	1.13131
1.685	0.63	1.11008
1.685	0.64	1.08906
1.685	0.65	1.06823
1.685	0.66	1.04761
1.685	0.67	1.02718
1.685	0.68	1.00696
1.685	0.69	0.986936
1.685	0.7	0.967114
1.685	0.71	0.947494
1.685	0.72	0.928074
1.685	0.73	0.908855
1.685	0.74	0.889837
1.685	0.75	0.87102
1.685	0.76	0.852403
1.685	0.77	0.833988
1.685	0.78	0.815773
1.685	0.79	0.79776
1.685	0.8	0.779947
1.685	0.81	0.762335
1.685	0.82	0.744924
1.685	0.83	0.727714
1.685	0.84	0.710704
1.685	0.85	0.693896
1.685	0.86	0.677288
1.685	0.87	0.660881
1.685	0.88	0.644675
1.685	0.89	0.62867
1.685	0.9	0.612866
1.685	0.91	0.597263
1.685	0.92	0.58186
1.685	0.93	0.566659
1.685	0.94	0.551658
1.685	0.95	0.536858
1.685	0.96	0.522259
1.685	0.97	0.507861
1.685	0.98	0.493663
1.685	0.99	0.479667
1.685	1	0.465871
1.685	1.01	0.452276
1.685	1.02	0.438882
1.685	1.03	0.425689
1.685	1.04	0.412696
1.685	1.05	0.399905
1.685	1.06	0.387314
1.685	1.07	0.374924
1.685	1.08	0.362734
1.685	1.09	0.350746
1.685	1.1	0.338958
1.685	1.11	0.327371
1.685	1.12	0.315985
1.685	1.13	0.3048
1.685	1.14	0.293815
1.685	1.15	0.283031
1.685	1.16	0.272448
1.685	1.17	0.262065
1.685	1.18	0.251883
1.685	1.19	0.241902
1.685	1.2	0.232122
1.685	1.21	0.222543
1.685	1.22	0.213164
1.685	1.23	0.203985
1.685	1.24	0.195008
1.685	1.25	0.186231
1.685	1.26	0.177655
1.685	1.27	0.169279
1.685	1.28	0.161104
1.685	1.29	0.15313
1.685	1.3	0.145356
1.685	1.31	0.137783
1.685	1.32	0.130411
1.685	1.33	0.123239
1.685	1.34	0.116268
1.685	1.35	0.109497
1.685	1.36	0.102927
1.685	1.37	0.0965578
1.685	1.38	0.0903889
1.685	1.39	0.0844205
1.685	1.4	0.0786527
1.685	1.41	0.0730854
1.685	1.42	0.0677187
1.685	1.43	0.0625524
1.685	1.44	0.0575867
1.685	1.45	0.0528215
1.685	1.46	0.0482567
1.685	1.47	0.0438924
1.685	1.48	0.0397286
1.685	1.49	0.0357653
1.685	1.5	0.0320024
1.685	1.51	0.0284399
1.685	1.52	0.0250779
1.685	1.53	0.0219163
1.685	1.54	0.0189551
1.685	1.55	0.0161943
1.685	1.56	0.0136339
1.685	1.57	0.0112739
1.685	1.58	0.00911423
1.685	1.59	0.00715494
1.685	1.6	0.00539602
1.685	1.61	0.00383744
1.685	1.62	0.00247919
1.685	1.63	0.00132088
1.685	1.64	0.000363288
1.685	1.65	-0.000393989
1.685	1.66	-0.000950966
1.685	1.67	-0.00130765
1.685	1.68	-0.00146405
1.685	1.69	-0.00142018
1.685	1.7	-0.00117604
1.685	1.71	-0.000731654
1.685	1.72	-8.70182e-05
1.685	1.73	0.000757853
1.685	1.74	0.00180295
1.685	1.75	0.00304826
1.685	1.76	0.00449378
1.685	1.77	0.00613949
1.685	1.78	0.00798539
1.685	1.79	0.0100315
1.685	1.8	0.0122777
1.685	1.81	0.0147241
1.685	1.82	0.0173707
1.685	1.83	0.0202174
1.685	1.84	0.0232642
1.685	1.85	0.0265112
1.685	1.86	0.0299583
1.685	1.87	0.0336055
1.685	1.88	0.0374528
1.685	1.89	0.0415002
1.685	1.9	0.0457476
1.685	1.91	0.0501952
1.685	1.92	0.0548428
1.685	1.93	0.0596904
1.685	1.94	0.0647382
1.685	1.95	0.0699859
1.685	1.96	0.0754337
1.685	1.97	0.0810815
1.685	1.98	0.0869293
1.685	1.99	0.0929772
1.685	2	0.099225
1.69	0	2.8561
1.69	0.01	2.82234
1.69	0.02	2.78879
1.69	0.03	2.75543
1.69	0.04	2.72227
1.69	0.05	2.68931
1.69	0.06	2.65656
1.69	0.07	2.624
1.69	0.08	2.59164
1.69	0.09	2.55949
1.69	0.1	2.52753
1.69	0.11	2.49578
1.69	0.12	2.46422
1.69	0.13	2.43286
1.69	0.14	2.40171
1.69	0.15	2.37075
1.69	0.16	2.34
1.69	0.17	2.30944
1.69	0.18	2.27909
1.69	0.19	2.24894
1.69	0.2	2.21898
1.69	0.21	2.18923
1.69	0.22	2.15968
1.69	0.23	2.13032
1.69	0.24	2.10117
1.69	0.25	2.07222
1.69	0.26	2.04347
1.69	0.27	2.01492
1.69	0.28	1.98657
1.69	0.29	1.95842
1.69	0.3	1.93047
1.69	0.31	1.90272
1.69	0.32	1.87517
1.69	0.33	1.84782
1.69	0.34	1.82068
1.69	0.35	1.79373
1.69	0.36	1.76698
1.69	0.37	1.74044
1.69	0.38	1.71409
1.69	0.39	1.68795
1.69	0.4	1.662
1.69	0.41	1.63626
1.69	0.42	1.61072
1.69	0.43	1.58538
1.69	0.44	1.56023
1.69	0.45	1.53529
1.69	0.46	1.51055
1.69	0.47	1.48601
1.69	0.48	1.46168
1.69	0.49	1.43754
1.69	0.5	1.4136
1.69	0.51	1.38986
1.69	0.52	1.36633
1.69	0.53	1.34299
1.69	0.54	1.31986
1.69	0.55	1.29693
1.69	0.56	1.27419
1.69	0.57	1.25166
1.69	0.58	1.22933
1.69	0.59	1.2072
1.69	0.6	1.18527
1.69	0.61	1.16354
1.69	0.62	1.14201
1.69	0.63	1.12069
1.69	0.64	1.09956
1.69	0.65	1.07864
1.69	0.66	1.05791
1.69	0.67	1.03739
1.69	0.68	1.01706
1.69	0.69	0.996943
1.69	0.7	0.977021
1.69	0.71	0.957301
1.69	0.72	0.937781
1.69	0.73	0.918463
1.69	0.74	0.899345
1.69	0.75	0.880428
1.69	0.76	0.861712
1.69	0.77	0.843196
1.69	0.78	0.824882
1.69	0.79	0.806768
1.69	0.8	0.788856
1.69	0.81	0.771144
1.69	0.82	0.753633
1.69	0.83	0.736323
1.69	0.84	0.719213
1.69	0.85	0.702305
1.69	0.86	0.685597
1.69	0.87	0.669091
1.69	0.88	0.652785
1.69	0.89	0.63668
1.69	0.9	0.620776
1.69	0.91	0.605073
1.69	0.92	0.58957
1.69	0.93	0.574269
1.69	0.94	0.559168
1.69	0.95	0.544268
1.69	0.96	0.529569
1.69	0.97	0.515071
1.69	0.98	0.500773
1.69	0.99	0.486676
1.69	1	0.472781
1.69	1.01	0.459086
1.69	1.02	0.445592
1.69	1.03	0.432298
1.69	1.04	0.419206
1.69	1.05	0.406314
1.69	1.06	0.393623
1.69	1.07	0.381133
1.69	1.08	0.368843
1.69	1.09	0.356755
1.69	1.1	0.344867
1.69	1.11	0.33318
1.69	1.12	0.321693
1.69	1.13	0.310408
1.69	1.14	0.299323
1.69	1.15	0.288439
1.69	1.16	0.277756
1.69	1.17	0.267273
1.69	1.18	0.256991
1.69	1.19	0.24691
1.69	1.2	0.237029
1.69	1.21	0.227349
1.69	1.22	0.21787
1.69	1.23	0.208592
1.69	1.24	0.199514
1.69	1.25	0.190637
1.69	1.26	0.18196
1.69	1.27	0.173485
1.69	1.28	0.165209
1.69	1.29	0.157135
1.69	1.3	0.149261
1.69	1.31	0.141588
1.69	1.32	0.134115
1.69	1.33	0.126843
1.69	1.34	0.119771
1.69	1.35	0.112901
1.69	1.36	0.10623
1.69	1.37	0.0997604
1.69	1.38	0.0934912
1.69	1.39	0.0874225
1.69	1.4	0.0815543
1.69	1.41	0.0758867
1.69	1.42	0.0704196
1.69	1.43	0.065153
1.69	1.44	0.0600869
1.69	1.45	0.0552213
1.69	1.46	0.0505562
1.69	1.47	0.0460916
1.69	1.48	0.0418274
1.69	1.49	0.0377637
1.69	1.5	0.0339004
1.69	1.51	0.0302375
1.69	1.52	0.0267751
1.69	1.53	0.0235131
1.69	1.54	0.0204515
1.69	1.55	0.0175903
1.69	1.56	0.0149295
1.69	1.57	0.0124691
1.69	1.58	0.010209
1.69	1.59	0.00814932
1.69	1.6	0.00628997
1.69	1.61	0.00463096
1.69	1.62	0.00317228
1.69	1.63	0.00191393
1.69	1.64	0.000855894
1.69	1.65	-1.83576e-06
1.69	1.66	-0.000659268
1.69	1.67	-0.00111641
1.69	1.68	-0.00137328
1.69	1.69	-0.00142987
1.69	1.7	-0.0012862
1.69	1.71	-0.000942285
1.69	1.72	-0.000398124
1.69	1.73	0.00034627
1.69	1.74	0.00129089
1.69	1.75	0.00243572
1.69	1.76	0.00378075
1.69	1.77	0.00532598
1.69	1.78	0.00707139
1.69	1.79	0.00901698
1.69	1.8	0.0111627
1.69	1.81	0.0135087
1.69	1.82	0.0160547
1.69	1.83	0.0188009
1.69	1.84	0.0217473
1.69	1.85	0.0248937
1.69	1.86	0.0282403
1.69	1.87	0.031787
1.69	1.88	0.0355338
1.69	1.89	0.0394807
1.69	1.9	0.0436277
1.69	1.91	0.0479747
1.69	1.92	0.0525218
1.69	1.93	0.057269
1.69	1.94	0.0622162
1.69	1.95	0.0673634
1.69	1.96	0.0727107
1.69	1.97	0.078258
1.69	1.98	0.0840054
1.69	1.99	0.0899527
1.69	2	0.0961
1.695	0	2.87303
1.695	0.01	2.83917
1.695	0.02	2.80551
1.695	0.03	2.77206
1.695	0.04	2.7388
1.695	0.05	2.70574
1.695	0.06	2.67289
1.695	0.07	2.64023
1.695	0.08	2.60777
1.695	0.09	2.57552
1.695	0.1	2.54346
1.695	0.11	2.51161
1.695	0.12	2.47995
1.695	0.13	2.4485
1.695	0.14	2.41724
1.695	0.15	2.38619
1.695	0.16	2.35533
1.695	0.17	2.32468
1.695	0.18	2.29423
1.695	0.19	2.26397
1.695	0.2	2.23392
1.695	0.21	2.20407
1.695	0.22	2.17441
1.695	0.23	2.14496
1.695	0.24	2.11571
1.695	0.25	2.08666
1.695	0.26	2.05781
1.695	0.27	2.02916
1.695	0.28	2.00071
1.695	0.29	1.97246
1.695	0.3	1.94441
1.695	0.31	1.91656
1.695	0.32	1.88891
1.695	0.33	1.86147
1.695	0.34	1.83422
1.695	0.35	1.80717
1.695	0.36	1.78033
1.695	0.37	1.75368
1.695	0.38	1.72724
1.695	0.39	1.70099
1.695	0.4	1.67495
1.695	0.41	1.64911
1.695	0.42	1.62347
1.695	0.43	1.59802
1.695	0.44	1.57278
1.695	0.45	1.54774
1.695	0.46	1.5229
1.695	0.47	1.49827
1.695	0.48	1.47383
1.695	0.49	1.44959
1.695	0.5	1.42555
1.695	0.51	1.40172
1.695	0.52	1.37808
1.695	0.53	1.35465
1.695	0.54	1.33141
1.695	0.55	1.30838
1.695	0.56	1.28555
1.695	0.57	1.26292
1.695	0.58	1.24049
1.695	0.59	1.21826
1.695	0.6	1.19623
1.695	0.61	1.1744
1.695	0.62	1.15277
1.695	0.63	1.13134
1.695	0.64	1.11012
1.695	0.65	1.08909
1.695	0.66	1.06827
1.695	0.67	1.04765
1.695	0.68	1.02722
1.695	0.69	1.007
1.695	0.7	0.98698
1.695	0.71	0.96716
1.695	0.72	0.94754
1.695	0.73	0.928122
1.695	0.74	0.908904
1.695	0.75	0.889887
1.695	0.76	0.871071
1.695	0.77	0.852456
1.695	0.78	0.834042
1.695	0.79	0.815829
1.695	0.8	0.797816
1.695	0.81	0.780004
1.695	0.82	0.762394
1.695	0.83	0.744984
1.695	0.84	0.727774
1.695	0.85	0.710766
1.695	0.86	0.693959
1.695	0.87	0.677352
1.695	0.88	0.660946
1.695	0.89	0.644741
1.695	0.9	0.628737
1.695	0.91	0.612934
1.695	0.92	0.597331
1.695	0.93	0.58193
1.695	0.94	0.566729
1.695	0.95	0.551729
1.695	0.96	0.53693
1.695	0.97	0.522332
1.695	0.98	0.507934
1.695	0.99	0.493738
1.695	1	0.479742
1.695	1.01	0.465947
1.695	1.02	0.452353
1.695	1.03	0.438959
1.695	1.04	0.425767
1.695	1.05	0.412775
1.695	1.06	0.399984
1.695	1.07	0.387393
1.695	1.08	0.375004
1.695	1.09	0.362815
1.695	1.1	0.350827
1.695	1.11	0.33904
1.695	1.12	0.327453
1.695	1.13	0.316068
1.695	1.14	0.304883
1.695	1.15	0.293898
1.695	1.16	0.283115
1.695	1.17	0.272532
1.695	1.18	0.26215
1.695	1.19	0.251969
1.695	1.2	0.241988
1.695	1.21	0.232208
1.695	1.22	0.222628
1.695	1.23	0.21325
1.695	1.24	0.204072
1.695	1.25	0.195094
1.695	1.26	0.186318
1.695	1.27	0.177742
1.695	1.28	0.169366
1.695	1.29	0.161191
1.695	1.3	0.153217
1.695	1.31	0.145444
1.695	1.32	0.137871
1.695	1.33	0.130498
1.695	1.34	0.123326
1.695	1.35	0.116355
1.695	1.36	0.109584
1.695	1.37	0.103014
1.695	1.38	0.0966447
1.695	1.39	0.0904757
1.695	1.4	0.0845072
1.695	1.41	0.0787392
1.695	1.42	0.0731718
1.695	1.43	0.0678048
1.695	1.44	0.0626383
1.695	1.45	0.0576724
1.695	1.46	0.0529069
1.695	1.47	0.0483418
1.695	1.48	0.0439773
1.695	1.49	0.0398131
1.695	1.5	0.0358495
1.695	1.51	0.0320862
1.695	1.52	0.0285234
1.695	1.53	0.025161
1.695	1.54	0.021999
1.695	1.55	0.0190373
1.695	1.56	0.0162761
1.695	1.57	0.0137152
1.695	1.58	0.0113547
1.695	1.59	0.00919458
1.695	1.6	0.00723479
1.695	1.61	0.00547533
1.695	1.62	0.0039162
1.695	1.63	0.00255739
1.695	1.64	0.0013989
1.695	1.65	0.000440706
1.695	1.66	-0.000317193
1.695	1.67	-0.000874807
1.695	1.68	-0.00123215
1.695	1.69	-0.00138922
1.695	1.7	-0.00134603
1.695	1.71	-0.00110259
1.695	1.72	-0.000658915
1.695	1.73	-1.5009e-05
1.695	1.74	0.000829118
1.695	1.75	0.00187345
1.695	1.76	0.00311799
1.695	1.77	0.00456272
1.695	1.78	0.00620764
1.695	1.79	0.00805273
1.695	1.8	0.010098
1.695	1.81	0.0123434
1.695	1.82	0.014789
1.695	1.83	0.0174347
1.695	1.84	0.0202805
1.695	1.85	0.0233265
1.695	1.86	0.0265725
1.695	1.87	0.0300187
1.695	1.88	0.033665
1.695	1.89	0.0375114
1.695	1.9	0.0415578
1.695	1.91	0.0458044
1.695	1.92	0.050251
1.695	1.93	0.0548976
1.695	1.94	0.0597443
1.695	1.95	0.064791
1.695	1.96	0.0700378
1.695	1.97	0.0754846
1.695	1.98	0.0811314
1.695	1.99	0.0869782
1.695	2	0.093025
1.7	0	2.89
1.7	0.01	2.85604
1.7	0.02	2.82229
1.7	0.03	2.78873
1.7	0.04	2.75538
1.7	0.05	2.72222
1.7	0.06	2.68927
1.7	0.07	2.65651
1.7	0.08	2.62395
1.7	0.09	2.5916
1.7	0.1	2.55944
1.7	0.11	2.52749
1.7	0.12	2.49573
1.7	0.13	2.46418
1.7	0.14	2.43283
1.7	0.15	2.40167
1.7	0.16	2.37072
1.7	0.17	2.33997
1.7	0.18	2.30941
1.7	0.19	2.27906
1.7	0.2	2.24891
1.7	0.21	2.21896
1.7	0.22	2.1892
1.7	0.23	2.15965
1.7	0.24	2.1303
1.7	0.25	2.10115
1.7	0.26	2.0722
1.7	0.27	2.04345
1.7	0.28	2.0149
1.7	0.29	1.98655
1.7	0.3	1.9584
1.7	0.31	1.93046
1.7	0.32	1.90271
1.7	0.33	1.87516
1.7	0.34	1.84782
1.7	0.35	1.82067
1.7	0.36	1.79372
1.7	0.37	1.76698
1.7	0.38	1.74044
1.7	0.39	1.71409
1.7	0.4	1.68795
1.7	0.41	1.66201
1.7	0.42	1.63627
1.7	0.43	1.61072
1.7	0.44	1.58538
1.7	0.45	1.56024
1.7	0.46	1.53531
1.7	0.47	1.51057
1.7	0.48	1.48603
1.7	0.49	1.46169
1.7	0.5	1.43756
1.7	0.51	1.41362
1.7	0.52	1.38989
1.7	0.53	1.36635
1.7	0.54	1.34302
1.7	0.55	1.31989
1.7	0.56	1.29695
1.7	0.57	1.27422
1.7	0.58	1.25169
1.7	0.59	1.22936
1.7	0.6	1.20723
1.7	0.61	1.1853
1.7	0.62	1.16358
1.7	0.63	1.14205
1.7	0.64	1.12073
1.7	0.65	1.0996
1.7	0.66	1.07868
1.7	0.67	1.05795
1.7	0.68	1.03743
1.7	0.69	1.01711
1.7	0.7	0.996989
1.7	0.71	0.977069
1.7	0.72	0.957349
1.7	0.73	0.937831
1.7	0.74	0.918514
1.7	0.75	0.899397
1.7	0.76	0.880481
1.7	0.77	0.861766
1.7	0.78	0.843252
1.7	0.79	0.824939
1.7	0.8	0.806827
1.7	0.81	0.788915
1.7	0.82	0.771204
1.7	0.83	0.753694
1.7	0.84	0.736385
1.7	0.85	0.719277
1.7	0.86	0.70237
1.7	0.87	0.685663
1.7	0.88	0.669157
1.7	0.89	0.652852
1.7	0.9	0.636748
1.7	0.91	0.620845
1.7	0.92	0.605143
1.7	0.93	0.589641
1.7	0.94	0.574341
1.7	0.95	0.559241
1.7	0.96	0.544342
1.7	0.97	0.529643
1.7	0.98	0.515146
1.7	0.99	0.500849
1.7	1	0.486753
1.7	1.01	0.472858
1.7	1.02	0.459164
1.7	1.03	0.44567
1.7	1.04	0.432378
1.7	1.05	0.419286
1.7	1.06	0.406395
1.7	1.07	0.393704
1.7	1.08	0.381215
1.7	1.09	0.368926
1.7	1.1	0.356838
1.7	1.11	0.34495
1.7	1.12	0.333264
1.7	1.13	0.321778
1.7	1.14	0.310492
1.7	1.15	0.299408
1.7	1.16	0.288524
1.7	1.17	0.277841
1.7	1.18	0.267359
1.7	1.19	0.257077
1.7	1.2	0.246996
1.7	1.21	0.237116
1.7	1.22	0.227437
1.7	1.23	0.217958
1.7	1.24	0.208679
1.7	1.25	0.199602
1.7	1.26	0.190725
1.7	1.27	0.182048
1.7	1.28	0.173573
1.7	1.29	0.165298
1.7	1.3	0.157223
1.7	1.31	0.149349
1.7	1.32	0.141676
1.7	1.33	0.134203
1.7	1.34	0.126931
1.7	1.35	0.11986
1.7	1.36	0.112989
1.7	1.37	0.106318
1.7	1.38	0.0998483
1.7	1.39	0.0935789
1.7	1.4	0.0875101
1.7	1.41	0.0816417
1.7	1.42	0.0759739
1.7	1.43	0.0705066
1.7	1.44	0.0652397
1.7	1.45	0.0601734
1.7	1.46	0.0553075
1.7	1.47	0.0506421
1.7	1.48	0.0461771
1.7	1.49	0.0419126
1.7	1.5	0.0378486
1.7	1.51	0.0339849
1.7	1.52	0.0303217
1.7	1.53	0.0268588
1.7	1.54	0.0235964
1.7	1.55	0.0205344
1.7	1.56	0.0176727
1.7	1.57	0.0150114
1.7	1.58	0.0125505
1.7	1.59	0.0102899
1.7	1.6	0.00822963
1.7	1.61	0.00636972
1.7	1.62	0.00471014
1.7	1.63	0.00325088
1.7	1.64	0.00199192
1.7	1.65	0.000933264
1.7	1.66	7.4898e-05
1.7	1.67	-0.000583186
1.7	1.68	-0.001041
1.7	1.69	-0.00129854
1.7	1.7	-0.00135584
1.7	1.71	-0.00121288
1.7	1.72	-0.000869691
1.7	1.73	-0.000326273
1.7	1.74	0.000417363
1.7	1.75	0.00136121
1.7	1.76	0.00250525
1.7	1.77	0.00384949
1.7	1.78	0.0053939
1.7	1.79	0.00713849
1.7	1.8	0.00908324
1.7	1.81	0.0112282
1.7	1.82	0.0135732
1.7	1.83	0.0161184
1.7	1.84	0.0188637
1.7	1.85	0.0218092
1.7	1.86	0.0249548
1.7	1.87	0.0283004
1.7	1.88	0.0318462
1.7	1.89	0.0355921
1.7	1.9	0.039538
1.7	1.91	0.043684
1.7	1.92	0.0480301
1.7	1.93	0.0525762
1.7	1.94	0.0573224
1.7	1.95	0.0622686
1.7	1.96	0.0674149
1.7	1.97	0.0727611
1.7	1.98	0.0783074
1.7	1.99	0.0840537
1.7	2	0.09
1.705	0	2.90703
1.705	0.01	2.87297
1.705	0.02	2.83911
1.705	0.03	2.80546
1.705	0.04	2.772
1.705	0.05	2.73875
1.705	0.06	2.70569
1.705	0.07	2.67284
1.705	0.08	2.64018
1.705	0.09	2.60773
1.705	0.1	2.57548
1.705	0.11	2.54342
1.705	0.12	2.51157
1.705	0.13	2.47991
1.705	0.14	2.44846
1.705	0.15	2.41721
1.705	0.16	2.38615
1.705	0.17	2.3553
1.705	0.18	2.32465
1.705	0.19	2.2942
1.705	0.2	2.26394
1.705	0.21	2.23389
1.705	0.22	2.20404
1.705	0.23	2.17439
1.705	0.24	2.14494
1.705	0.25	2.11569
1.705	0.26	2.08664
1.705	0.27	2.05779
1.705	0.28	2.02914
1.705	0.29	2.00069
1.705	0.3	1.97245
1.705	0.31	1.9444
1.705	0.32	1.91655
1.705	0.33	1.88891
1.705	0.34	1.86146
1.705	0.35	1.83422
1.705	0.36	1.80717
1.705	0.37	1.78033
1.705	0.38	1.75368
1.705	0.39	1.72724
1.705	0.4	1.701
1.705	0.41	1.67496
1.705	0.42	1.64912
1.705	0.43	1.62347
1.705	0.44	1.59803
1.705	0.45	1.5728
1.705	0.46	1.54776
1.705	0.47	1.52292
1.705	0.48	1.49828
1.705	0.49	1.47384
1.705	0.5	1.44961
1.705	0.51	1.42557
1.705	0.52	1.40174
1.705	0.53	1.37811
1.705	0.54	1.35467
1.705	0.55	1.33144
1.705	0.56	1.30841
1.705	0.57	1.28558
1.705	0.58	1.26295
1.705	0.59	1.24052
1.705	0.6	1.21829
1.705	0.61	1.19626
1.705	0.62	1.17444
1.705	0.63	1.15281
1.705	0.64	1.13138
1.705	0.65	1.11016
1.705	0.66	1.08914
1.705	0.67	1.06831
1.705	0.68	1.04769
1.705	0.69	1.02727
1.705	0.7	1.00705
1.705	0.71	0.987029
1.705	0.72	0.96721
1.705	0.73	0.947592
1.705	0.74	0.928175
1.705	0.75	0.908958
1.705	0.76	0.889943
1.705	0.77	0.871128
1.705	0.78	0.852514
1.705	0.79	0.834101
1.705	0.8	0.815889
1.705	0.81	0.797877
1.705	0.82	0.780066
1.705	0.83	0.762457
1.705	0.84	0.745048
1.705	0.85	0.72784
1.705	0.86	0.710832
1.705	0.87	0.694026
1.705	0.88	0.67742
1.705	0.89	0.661015
1.705	0.9	0.644811
1.705	0.91	0.628808
1.705	0.92	0.613006
1.705	0.93	0.597404
1.705	0.94	0.582004
1.705	0.95	0.566804
1.705	0.96	0.551805
1.705	0.97	0.537006
1.705	0.98	0.522409
1.705	0.99	0.508012
1.705	1	0.493816
1.705	1.01	0.479821
1.705	1.02	0.466027
1.705	1.03	0.452433
1.705	1.04	0.43904
1.705	1.05	0.425848
1.705	1.06	0.412857
1.705	1.07	0.400066
1.705	1.08	0.387477
1.705	1.09	0.375088
1.705	1.1	0.362899
1.705	1.11	0.350912
1.705	1.12	0.339125
1.705	1.13	0.327539
1.705	1.14	0.316154
1.705	1.15	0.304969
1.705	1.16	0.293985
1.705	1.17	0.283202
1.705	1.18	0.272619
1.705	1.19	0.262238
1.705	1.2	0.252056
1.705	1.21	0.242076
1.705	1.22	0.232296
1.705	1.23	0.222717
1.705	1.24	0.213338
1.705	1.25	0.204161
1.705	1.26	0.195183
1.705	1.27	0.186407
1.705	1.28	0.177831
1.705	1.29	0.169455
1.705	1.3	0.161281
1.705	1.31	0.153306
1.705	1.32	0.145533
1.705	1.33	0.13796
1.705	1.34	0.130587
1.705	1.35	0.123415
1.705	1.36	0.116444
1.705	1.37	0.109673
1.705	1.38	0.103103
1.705	1.39	0.0967333
1.705	1.4	0.0905641
1.705	1.41	0.0845954
1.705	1.42	0.0788272
1.705	1.43	0.0732595
1.705	1.44	0.0678923
1.705	1.45	0.0627256
1.705	1.46	0.0577593
1.705	1.47	0.0529935
1.705	1.48	0.0484281
1.705	1.49	0.0440632
1.705	1.5	0.0398987
1.705	1.51	0.0359346
1.705	1.52	0.0321709
1.705	1.53	0.0286077
1.705	1.54	0.0252448
1.705	1.55	0.0220823
1.705	1.56	0.0191202
1.705	1.57	0.0163585
1.705	1.58	0.0137971
1.705	1.59	0.011436
1.705	1.6	0.00927531
1.705	1.61	0.00731494
1.705	1.62	0.00555489
1.705	1.63	0.00399515
1.705	1.64	0.00263571
1.705	1.65	0.00147657
1.705	1.66	0.00051772
1.705	1.67	-0.000240855
1.705	1.68	-0.00079916
1.705	1.69	-0.0011572
1.705	1.7	-0.001315
1.705	1.71	-0.00127254
1.705	1.72	-0.00102986
1.705	1.73	-0.00058695
1.705	1.74	5.61748e-05
1.705	1.75	0.000899506
1.705	1.76	0.00194303
1.705	1.77	0.00318675
1.705	1.78	0.00463065
1.705	1.79	0.00627471
1.705	1.8	0.00811894
1.705	1.81	0.0101633
1.705	1.82	0.0124079
1.705	1.83	0.0148525
1.705	1.84	0.0174973
1.705	1.85	0.0203423
1.705	1.86	0.0233873
1.705	1.87	0.0266324
1.705	1.88	0.0300777
1.705	1.89	0.033723
1.705	1.9	0.0375684
1.705	1.91	0.0416139
1.705	1.92	0.0458594
1.705	1.93	0.050305
1.705	1.94	0.0549506
1.705	1.95	0.0597963
1.705	1.96	0.064842
1.705	1.97	0.0700878
1.705	1.98	0.0755335
1.705	1.99	0.0811793
1.705	2	0.087025
1.71	0	2.9241
1.71	0.01	2.88995
1.71	0.02	2.85599
1.71	0.03	2.82224
1.71	0.04	2.78868
1.71	0.05	2.75533
1.71	0.06	2.72217
1.71	0.07	2.68922
1.71	0.08	2.65646
1.71	0.09	2.62391
1.71	0.1	2.59156
1.71	0.11	2.5594
1.71	0.12	2.52745
1.71	0.13	2.4957
1.71	0.14	2.46414
1.71	0.15	2.43279
1.71	0.16	2.40164
1.71	0.17	2.37069
1.71	0.18	2.33994
1.71	0.19	2.30938
1.71	0.2	2.27903
1.71	0.21	2.24888
1.71	0.22	2.21893
1.71	0.23	2.18918
1.71	0.24	2.15963
1.71	0.25	2.13028
1.71	0.26	2.10113
1.71	0.27	2.07218
1.71	0.28	2.04344
1.71	0.29	2.01489
1.71	0.3	1.98654
1.71	0.31	1.95839
1.71	0.32	1.93045
1.71	0.33	1.9027
1.71	0.34	1.87516
1.71	0.35	1.84781
1.71	0.36	1.82067
1.71	0.37	1.79372
1.71	0.38	1.76698
1.71	0.39	1.74044
1.71	0.4	1.7141
1.71	0.41	1.68796
1.71	0.42	1.66202
1.71	0.43	1.63628
1.71	0.44	1.61074
1.71	0.45	1.5854
1.71	0.46	1.56026
1.71	0.47	1.53532
1.71	0.48	1.51058
1.71	0.49	1.48605
1.71	0.5	1.46171
1.71	0.51	1.43758
1.71	0.52	1.41364
1.71	0.53	1.38991
1.71	0.54	1.36638
1.71	0.55	1.34305
1.71	0.56	1.31992
1.71	0.57	1.29698
1.71	0.58	1.27426
1.71	0.59	1.25173
1.71	0.6	1.2294
1.71	0.61	1.20727
1.71	0.62	1.18534
1.71	0.63	1.16362
1.71	0.64	1.14209
1.71	0.65	1.12077
1.71	0.66	1.09965
1.71	0.67	1.07872
1.71	0.68	1.058
1.71	0.69	1.03748
1.71	0.7	1.01716
1.71	0.71	0.99704
1.71	0.72	0.977121
1.71	0.73	0.957403
1.71	0.74	0.937886
1.71	0.75	0.91857
1.71	0.76	0.899455
1.71	0.77	0.88054
1.71	0.78	0.861826
1.71	0.79	0.843313
1.71	0.8	0.825001
1.71	0.81	0.80689
1.71	0.82	0.788979
1.71	0.83	0.77127
1.71	0.84	0.753761
1.71	0.85	0.736453
1.71	0.86	0.719346
1.71	0.87	0.702439
1.71	0.88	0.685734
1.71	0.89	0.669229
1.71	0.9	0.652925
1.71	0.91	0.636822
1.71	0.92	0.62092
1.71	0.93	0.605218
1.71	0.94	0.589717
1.71	0.95	0.574417
1.71	0.96	0.559318
1.71	0.97	0.54442
1.71	0.98	0.529722
1.71	0.99	0.515226
1.71	1	0.50093
1.71	1.01	0.486835
1.71	1.02	0.47294
1.71	1.03	0.459246
1.71	1.04	0.445754
1.71	1.05	0.432461
1.71	1.06	0.41937
1.71	1.07	0.406479
1.71	1.08	0.39379
1.71	1.09	0.3813
1.71	1.1	0.369012
1.71	1.11	0.356924
1.71	1.12	0.345037
1.71	1.13	0.333351
1.71	1.14	0.321866
1.71	1.15	0.310581
1.71	1.16	0.299497
1.71	1.17	0.288613
1.71	1.18	0.277931
1.71	1.19	0.267449
1.71	1.2	0.257167
1.71	1.21	0.247086
1.71	1.22	0.237206
1.71	1.23	0.227527
1.71	1.24	0.218048
1.71	1.25	0.20877
1.71	1.26	0.199693
1.71	1.27	0.190816
1.71	1.28	0.182139
1.71	1.29	0.173664
1.71	1.3	0.165389
1.71	1.31	0.157314
1.71	1.32	0.14944
1.71	1.33	0.141767
1.71	1.34	0.134294
1.71	1.35	0.127022
1.71	1.36	0.11995
1.71	1.37	0.113079
1.71	1.38	0.106408
1.71	1.39	0.0999384
1.71	1.4	0.0936688
1.71	1.41	0.0875997
1.71	1.42	0.0817311
1.71	1.43	0.076063
1.71	1.44	0.0705954
1.71	1.45	0.0653283
1.71	1.46	0.0602616
1.71	1.47	0.0553954
1.71	1.48	0.0507296
1.71	1.49	0.0462643
1.71	1.5	0.0419993
1.71	1.51	0.0379348
1.71	1.52	0.0340707
1.71	1.53	0.030407
1.71	1.54	0.0269437
1.71	1.55	0.0236807
1.71	1.56	0.0206182
1.71	1.57	0.017756
1.71	1.58	0.0150937
1.71	1.59	0.0126322
1.71	1.6	0.010371
1.71	1.61	0.00831018
1.71	1.62	0.00644965
1.71	1.63	0.00478944
1.71	1.64	0.00332952
1.71	1.65	0.0020699
1.71	1.66	0.00101056
1.71	1.67	0.000151492
1.71	1.68	-0.000507307
1.71	1.69	-0.000965848
1.71	1.7	-0.00122414
1.71	1.71	-0.00128219
1.71	1.72	-0.00114001
1.71	1.73	-0.000797613
1.71	1.74	-0.000254999
1.71	1.75	0.000487818
1.71	1.76	0.00143083
1.71	1.77	0.00257403
1.71	1.78	0.0039174
1.71	1.79	0.00546095
1.71	1.8	0.00720465
1.71	1.81	0.00914852
1.71	1.82	0.0112925
1.71	1.83	0.0136367
1.71	1.84	0.0161809
1.71	1.85	0.0189253
1.71	1.86	0.0218698
1.71	1.87	0.0250144
1.71	1.88	0.0283591
1.71	1.89	0.0319039
1.71	1.9	0.0356488
1.71	1.91	0.0395937
1.71	1.92	0.0437387
1.71	1.93	0.0480838
1.71	1.94	0.0526289
1.71	1.95	0.057374
1.71	1.96	0.0623192
1.71	1.97	0.0674644
1.71	1.98	0.0728096
1.71	1.99	0.0783548
1.71	2	0.0841
1.715	0	2.94122
1.715	0.01	2.90697
1.715	0.02	2.87292
1.715	0.03	2.83906
1.715	0.04	2.80541
1.715	0.05	2.77196
1.715	0.06	2.7387
1.715	0.07	2.70565
1.715	0.08	2.6728
1.715	0.09	2.64014
1.715	0.1	2.60769
1.715	0.11	2.57544
1.715	0.12	2.54338
1.715	0.13	2.51153
1.715	0.14	2.47988
1.715	0.15	2.44843
1.715	0.16	2.41717
1.715	0.17	2.38612
1.715	0.18	2.35527
1.715	0.19	2.32462
1.715	0.2	2.29417
1.715	0.21	2.26392
1.715	0.22	2.23387
1.715	0.23	2.20402
1.715	0.24	2.17437
1.715	0.25	2.14492
1.715	0.26	2.11567
1.715	0.27	2.08663
1.715	0.28	2.05778
1.715	0.29	2.02913
1.715	0.3	2.00069
1.715	0.31	1.97244
1.715	0.32	1.94439
1.715	0.33	1.91655
1.715	0.34	1.8889
1.715	0.35	1.86146
1.715	0.36	1.83422
1.715	0.37	1.80717
1.715	0.38	1.78033
1.715	0.39	1.75369
1.715	0.4	1.72725
1.715	0.41	1.70101
1.715	0.42	1.67497
1.715	0.43	1.64913
1.715	0.44	1.62349
1.715	0.45	1.59805
1.715	0.46	1.57281
1.715	0.47	1.54777
1.715	0.48	1.52294
1.715	0.49	1.4983
1.715	0.5	1.47387
1.715	0.51	1.44963
1.715	0.52	1.4256
1.715	0.53	1.40177
1.715	0.54	1.37813
1.715	0.55	1.3547
1.715	0.56	1.33147
1.715	0.57	1.30844
1.715	0.58	1.28561
1.715	0.59	1.26298
1.715	0.6	1.24056
1.715	0.61	1.21833
1.715	0.62	1.1963
1.715	0.63	1.17448
1.715	0.64	1.15285
1.715	0.65	1.13143
1.715	0.66	1.11021
1.715	0.67	1.08918
1.715	0.68	1.06836
1.715	0.69	1.04774
1.715	0.7	1.02732
1.715	0.71	1.0071
1.715	0.72	0.987083
1.715	0.73	0.967265
1.715	0.74	0.947648
1.715	0.75	0.928232
1.715	0.76	0.909017
1.715	0.77	0.890002
1.715	0.78	0.871189
1.715	0.79	0.852576
1.715	0.8	0.834164
1.715	0.81	0.815953
1.715	0.82	0.797942
1.715	0.83	0.780133
1.715	0.84	0.762524
1.715	0.85	0.745116
1.715	0.86	0.727909
1.715	0.87	0.710903
1.715	0.88	0.694097
1.715	0.89	0.677493
1.715	0.9	0.661089
1.715	0.91	0.644886
1.715	0.92	0.628883
1.715	0.93	0.613082
1.715	0.94	0.597481
1.715	0.95	0.582081
1.715	0.96	0.566882
1.715	0.97	0.551884
1.715	0.98	0.537086
1.715	0.99	0.522489
1.715	1	0.508093
1.715	1.01	0.493898
1.715	1.02	0.479904
1.715	1.03	0.46611
1.715	1.04	0.452517
1.715	1.05	0.439125
1.715	1.06	0.425933
1.715	1.07	0.412943
1.715	1.08	0.400153
1.715	1.09	0.387563
1.715	1.1	0.375175
1.715	1.11	0.362987
1.715	1.12	0.351
1.715	1.13	0.339213
1.715	1.14	0.327628
1.715	1.15	0.316243
1.715	1.16	0.305058
1.715	1.17	0.294075
1.715	1.18	0.283292
1.715	1.19	0.27271
1.715	1.2	0.262328
1.715	1.21	0.252147
1.715	1.22	0.242167
1.715	1.23	0.232387
1.715	1.24	0.222808
1.715	1.25	0.21343
1.715	1.26	0.204252
1.715	1.27	0.195275
1.715	1.28	0.186498
1.715	1.29	0.177922
1.715	1.3	0.169547
1.715	1.31	0.161372
1.715	1.32	0.153398
1.715	1.33	0.145624
1.715	1.34	0.138051
1.715	1.35	0.130678
1.715	1.36	0.123506
1.715	1.37	0.116535
1.715	1.38	0.109764
1.715	1.39	0.103193
1.715	1.4	0.0968235
1.715	1.41	0.090654
1.715	1.42	0.0846851
1.715	1.43	0.0789166
1.715	1.44	0.0733486
1.715	1.45	0.067981
1.715	1.46	0.062814
1.715	1.47	0.0578473
1.715	1.48	0.0530811
1.715	1.49	0.0485153
1.715	1.5	0.04415
1.715	1.51	0.039985
1.715	1.52	0.0360205
1.715	1.53	0.0322564
1.715	1.54	0.0286926
1.715	1.55	0.0253292
1.715	1.56	0.0221662
1.715	1.57	0.0192035
1.715	1.58	0.0164412
1.715	1.59	0.0138792
1.715	1.6	0.0115176
1.715	1.61	0.00935622
1.715	1.62	0.00739521
1.715	1.63	0.0056345
1.715	1.64	0.00407408
1.715	1.65	0.00271395
1.715	1.66	0.00155411
1.715	1.67	0.000594533
1.715	1.68	-0.00016478
1.715	1.69	-0.000723838
1.715	1.7	-0.00108265
1.715	1.71	-0.00124123
1.715	1.72	-0.00119957
1.715	1.73	-0.000957703
1.715	1.74	-0.000515621
1.715	1.75	0.000126662
1.715	1.76	0.000969137
1.715	1.77	0.0020118
1.715	1.78	0.00325463
1.715	1.79	0.00469763
1.715	1.8	0.0063408
1.715	1.81	0.00818411
1.715	1.82	0.0102276
1.715	1.83	0.0124712
1.715	1.84	0.0149149
1.715	1.85	0.0175587
1.715	1.86	0.0204027
1.715	1.87	0.0234467
1.715	1.88	0.0266909
1.715	1.89	0.0301351
1.715	1.9	0.0337794
1.715	1.91	0.0376238
1.715	1.92	0.0416682
1.715	1.93	0.0459127
1.715	1.94	0.0503573
1.715	1.95	0.0550018
1.715	1.96	0.0598464
1.715	1.97	0.0648911
1.715	1.98	0.0701357
1.715	1.99	0.0755804
1.715	2	0.081225
1.72	0	2.9584
1.72	0.01	2.92405
1.72	0.02	2.88989
1.72	0.03	2.85594
1.72	0.04	2.82219
1.72	0.05	2.78863
1.72	0.06	2.75528
1.72	0.07	2.72213
1.72	0.08	2.68918
1.72	0.09	2.65642
1.72	0.1	2.62387
1.72	0.11	2.59152
1.72	0.12	2.55937
1.72	0.13	2.52741
1.72	0.14	2.49566
1.72	0.15	2.46411
1.72	0.16	2.43276
1.72	0.17	2.40161
1.72	0.18	2.37066
1.72	0.19	2.33991
1.72	0.2	2.30936
1.72	0.21	2.27901
1.72	0.22	2.24886
1.72	0.23	2.21891
1.72	0.24	2.18916
1.72	0.25	2.15961
1.72	0.26	2.13027
1.72	0.27	2.10112
1.72	0.28	2.07217
1.72	0.29	2.04343
1.72	0.3	2.01488
1.72	0.31	1.98653
1.72	0.32	1.95839
1.72	0.33	1.93044
1.72	0.34	1.9027
1.72	0.35	1.87516
1.72	0.36	1.84781
1.72	0.37	1.82067
1.72	0.38	1.79373
1.72	0.39	1.76699
1.72	0.4	1.74045
1.72	0.41	1.71411
1.72	0.42	1.68797
1.72	0.43	1.66203
1.72	0.44	1.63629
1.72	0.45	1.61075
1.72	0.46	1.58541
1.72	0.47	1.56028
1.72	0.48	1.53534
1.72	0.49	1.51061
1.72	0.5	1.48607
1.72	0.51	1.46174
1.72	0.52	1.43761
1.72	0.53	1.41367
1.72	0.54	1.38994
1.72	0.55	1.36641
1.72	0.56	1.34308
1.72	0.57	1.31995
1.72	0.58	1.29702
1.72	0.59	1.27429
1.72	0.6	1.25177
1.72	0.61	1.22944
1.72	0.62	1.20731
1.72	0.63	1.18539
1.72	0.64	1.16366
1.72	0.65	1.14214
1.72	0.66	1.12082
1.72	0.67	1.09969
1.72	0.68	1.07877
1.72	0.69	1.05805
1.72	0.7	1.03753
1.72	0.71	1.01721
1.72	0.72	0.997095
1.72	0.73	0.977178
1.72	0.74	0.957461
1.72	0.75	0.937945
1.72	0.76	0.91863
1.72	0.77	0.899516
1.72	0.78	0.880603
1.72	0.79	0.86189
1.72	0.8	0.843378
1.72	0.81	0.825067
1.72	0.82	0.806957
1.72	0.83	0.789048
1.72	0.84	0.771339
1.72	0.85	0.753831
1.72	0.86	0.736524
1.72	0.87	0.719418
1.72	0.88	0.702512
1.72	0.89	0.685808
1.72	0.9	0.669304
1.72	0.91	0.653001
1.72	0.92	0.636899
1.72	0.93	0.620997
1.72	0.94	0.605296
1.72	0.95	0.589797
1.72	0.96	0.574497
1.72	0.97	0.559399
1.72	0.98	0.544501
1.72	0.99	0.529805
1.72	1	0.515309
1.72	1.01	0.501013
1.72	1.02	0.486919
1.72	1.03	0.473025
1.72	1.04	0.459332
1.72	1.05	0.44584
1.72	1.06	0.432548
1.72	1.07	0.419457
1.72	1.08	0.406567
1.72	1.09	0.393878
1.72	1.1	0.381389
1.72	1.11	0.369101
1.72	1.12	0.357014
1.72	1.13	0.345127
1.72	1.14	0.333441
1.72	1.15	0.321956
1.72	1.16	0.310672
1.72	1.17	0.299588
1.72	1.18	0.288705
1.72	1.19	0.278022
1.72	1.2	0.26754
1.72	1.21	0.257259
1.72	1.22	0.247178
1.72	1.23	0.237298
1.72	1.24	0.227619
1.72	1.25	0.218141
1.72	1.26	0.208862
1.72	1.27	0.199785
1.72	1.28	0.190908
1.72	1.29	0.182232
1.72	1.3	0.173756
1.72	1.31	0.165481
1.72	1.32	0.157406
1.72	1.33	0.149532
1.72	1.34	0.141859
1.72	1.35	0.134386
1.72	1.36	0.127114
1.72	1.37	0.120042
1.72	1.38	0.11317
1.72	1.39	0.1065
1.72	1.4	0.100029
1.72	1.41	0.0937595
1.72	1.42	0.0876901
1.72	1.43	0.0818212
1.72	1.44	0.0761528
1.72	1.45	0.0706849
1.72	1.46	0.0654174
1.72	1.47	0.0603503
1.72	1.48	0.0554837
1.72	1.49	0.0508174
1.72	1.5	0.0463517
1.72	1.51	0.0420863
1.72	1.52	0.0380213
1.72	1.53	0.0341567
1.72	1.54	0.0304924
1.72	1.55	0.0270286
1.72	1.56	0.0237651
1.72	1.57	0.0207019
1.72	1.58	0.0178391
1.72	1.59	0.0151766
1.72	1.6	0.0127145
1.72	1.61	0.0104527
1.72	1.62	0.00839116
1.72	1.63	0.00652994
1.72	1.64	0.00486902
1.72	1.65	0.00340838
1.72	1.66	0.00214801
1.72	1.67	0.00108792
1.72	1.68	0.000228083
1.72	1.69	-0.000431502
1.72	1.7	-0.000890846
1.72	1.71	-0.00114995
1.72	1.72	-0.00120884
1.72	1.73	-0.00106751
1.72	1.74	-0.000725966
1.72	1.75	-0.000184227
1.72	1.76	0.000557701
1.72	1.77	0.00149981
1.72	1.78	0.00264209
1.72	1.79	0.00398454
1.72	1.8	0.00552715
1.72	1.81	0.00726991
1.72	1.82	0.00921281
1.72	1.83	0.0113558
1.72	1.84	0.013699
1.72	1.85	0.0162423
1.72	1.86	0.0189857
1.72	1.87	0.0219291
1.72	1.88	0.0250727
1.72	1.89	0.0284164
1.72	1.9	0.0319601
1.72	1.91	0.0357039
1.72	1.92	0.0396478
1.72	1.93	0.0437917
1.72	1.94	0.0481357
1.72	1.95	0.0526797
1.72	1.96	0.0574237
1.72	1.97	0.0623678
1.72	1.98	0.0675119
1.72	1.99	0.0728559
1.72	2	0.0784
1.725	0	2.97563
1.725	0.01	2.94117
1.725	0.02	2.90692
1.725	0.03	2.87287
1.725	0.04	2.83902
1.725	0.05	2.80536
1.725	0.06	2.77191
1.725	0.07	2.73866
1.725	0.08	2.70561
1.725	0.09	2.67275
1.725	0.1	2.6401
1.725	0.11	2.60765
1.725	0.12	2.5754
1.725	0.13	2.54335
1.725	0.14	2.5115
1.725	0.15	2.47985
1.725	0.16	2.4484
1.725	0.17	2.41715
1.725	0.18	2.3861
1.725	0.19	2.35525
1.725	0.2	2.3246
1.725	0.21	2.29415
1.725	0.22	2.2639
1.725	0.23	2.23385
1.725	0.24	2.204
1.725	0.25	2.17436
1.725	0.26	2.14491
1.725	0.27	2.11566
1.725	0.28	2.08662
1.725	0.29	2.05777
1.725	0.3	2.02913
1.725	0.31	2.00068
1.725	0.32	1.97244
1.725	0.33	1.94439
1.725	0.34	1.91655
1.725	0.35	1.88891
1.725	0.36	1.86146
1.725	0.37	1.83422
1.725	0.38	1.80718
1.725	0.39	1.78034
1.725	0.4	1.7537
1.725	0.41	1.72726
1.725	0.42	1.70102
1.725	0.43	1.67498
1.725	0.44	1.64914
1.725	0.45	1.62351
1.725	0.46	1.59807
1.725	0.47	1.57283
1.725	0.48	1.5478
1.725	0.49	1.52296
1.725	0.5	1.49833
1.725	0.51	1.47389
1.725	0.52	1.44966
1.725	0.53	1.42563
1.725	0.54	1.4018
1.725	0.55	1.37817
1.725	0.56	1.35474
1.725	0.57	1.33151
1.725	0.58	1.30848
1.725	0.59	1.28565
1.725	0.6	1.26302
1.725	0.61	1.2406
1.725	0.62	1.21837
1.725	0.63	1.19635
1.725	0.64	1.17452
1.725	0.65	1.1529
1.725	0.66	1.13148
1.725	0.67	1.11026
1.725	0.68	1.08923
1.725	0.69	1.06841
1.725	0.7	1.04779
1.725	0.71	1.02738
1.725	0.72	1.00716
1.725	0.73	0.987141
1.725	0.74	0.967324
1.725	0.75	0.947709
1.725	0.76	0.928294
1.725	0.77	0.90908
1.725	0.78	0.890067
1.725	0.79	0.871254
1.725	0.8	0.852643
1.725	0.81	0.834232
1.725	0.82	0.816022
1.725	0.83	0.798012
1.725	0.84	0.780204
1.725	0.85	0.762596
1.725	0.86	0.745189
1.725	0.87	0.727983
1.725	0.88	0.710978
1.725	0.89	0.694173
1.725	0.9	0.677569
1.725	0.91	0.661166
1.725	0.92	0.644964
1.725	0.93	0.628962
1.725	0.94	0.613162
1.725	0.95	0.597562
1.725	0.96	0.582163
1.725	0.97	0.566964
1.725	0.98	0.551967
1.725	0.99	0.53717
1.725	1	0.522574
1.725	1.01	0.508178
1.725	1.02	0.493984
1.725	1.03	0.47999
1.725	1.04	0.466197
1.725	1.05	0.452604
1.725	1.06	0.439213
1.725	1.07	0.426022
1.725	1.08	0.413031
1.725	1.09	0.400242
1.725	1.1	0.387653
1.725	1.11	0.375265
1.725	1.12	0.363077
1.725	1.13	0.351091
1.725	1.14	0.339305
1.725	1.15	0.327719
1.725	1.16	0.316335
1.725	1.17	0.305151
1.725	1.18	0.294167
1.725	1.19	0.283384
1.725	1.2	0.272802
1.725	1.21	0.262421
1.725	1.22	0.25224
1.725	1.23	0.24226
1.725	1.24	0.23248
1.725	1.25	0.222901
1.725	1.26	0.213523
1.725	1.27	0.204345
1.725	1.28	0.195368
1.725	1.29	0.186592
1.725	1.3	0.178016
1.725	1.31	0.16964
1.725	1.32	0.161465
1.725	1.33	0.153491
1.725	1.34	0.145717
1.725	1.35	0.138144
1.725	1.36	0.130771
1.725	1.37	0.123599
1.725	1.38	0.116627
1.725	1.39	0.109856
1.725	1.4	0.103285
1.725	1.41	0.096915
1.725	1.42	0.0907452
1.725	1.43	0.0847759
1.725	1.44	0.0790071
1.725	1.45	0.0734387
1.725	1.46	0.0680708
1.725	1.47	0.0629033
1.725	1.48	0.0579362
1.725	1.49	0.0531696
1.725	1.5	0.0486033
1.725	1.51	0.0442375
1.725	1.52	0.040072
1.725	1.53	0.036107
1.725	1.54	0.0323423
1.725	1.55	0.028778
1.725	1.56	0.025414
1.725	1.57	0.0222503
1.725	1.58	0.0192871
1.725	1.59	0.0165241
1.725	1.6	0.0139615
1.725	1.61	0.0115991
1.725	1.62	0.00943712
1.725	1.63	0.0074754
1.725	1.64	0.00571397
1.725	1.65	0.00415282
1.725	1.66	0.00279194
1.725	1.67	0.00163132
1.725	1.68	0.000670961
1.725	1.69	-8.91519e-05
1.725	1.7	-0.000649025
1.725	1.71	-0.00100867
1.725	1.72	-0.00116809
1.725	1.73	-0.0011273
1.725	1.74	-0.000886298
1.725	1.75	-0.000445104
1.725	1.76	0.000196278
1.725	1.77	0.00103784
1.725	1.78	0.00207957
1.725	1.79	0.00332147
1.725	1.8	0.00476352
1.725	1.81	0.00640572
1.725	1.82	0.00824806
1.725	1.83	0.0102905
1.725	1.84	0.0125331
1.725	1.85	0.0149758
1.725	1.86	0.0176187
1.725	1.87	0.0204616
1.725	1.88	0.0235046
1.725	1.89	0.0267477
1.725	1.9	0.0301909
1.725	1.91	0.0338341
1.725	1.92	0.0376774
1.725	1.93	0.0417207
1.725	1.94	0.0459641
1.725	1.95	0.0504076
1.725	1.96	0.055051
1.725	1.97	0.0598945
1.725	1.98	0.064938
1.725	1.99	0.0701815
1.725	2	0.075625
1.73	0	2.9929
1.73	0.01	2.95835
1.73	0.02	2.924
1.73	0.03	2.88984
1.73	0.04	2.85589
1.73	0.05	2.82214
1.73	0.06	2.78859
1.73	0.07	2.75524
1.73	0.08	2.72209
1.73	0.09	2.68914
1.73	0.1	2.65638
1.73	0.11	2.62383
1.73	0.12	2.59148
1.73	0.13	2.55933
1.73	0.14	2.52738
1.73	0.15	2.49563
1.73	0.16	2.46408
1.73	0.17	2.43273
1.73	0.18	2.40158
1.73	0.19	2.37064
1.73	0.2	2.33989
1.73	0.21	2.30934
1.73	0.22	2.27899
1.73	0.23	2.24884
1.73	0.24	2.2189
1.73	0.25	2.18915
1.73	0.26	2.1596
1.73	0.27	2.13026
1.73	0.28	2.10111
1.73	0.29	2.07217
1.73	0.3	2.04342
1.73	0.31	2.01488
1.73	0.32	1.98653
1.73	0.33	1.95839
1.73	0.34	1.93045
1.73	0.35	1.9027
1.73	0.36	1.87516
1.73	0.37	1.84782
1.73	0.38	1.82068
1.73	0.39	1.79374
1.73	0.4	1.767
1.73	0.41	1.74046
1.73	0.42	1.71412
1.73	0.43	1.68798
1.73	0.44	1.66205
1.73	0.45	1.63631
1.73	0.46	1.61077
1.73	0.47	1.58544
1.73	0.48	1.5603
1.73	0.49	1.53537
1.73	0.5	1.51063
1.73	0.51	1.4861
1.73	0.52	1.46177
1.73	0.53	1.43764
1.73	0.54	1.41371
1.73	0.55	1.38998
1.73	0.56	1.36645
1.73	0.57	1.34312
1.73	0.58	1.31999
1.73	0.59	1.29706
1.73	0.6	1.27434
1.73	0.61	1.25181
1.73	0.62	1.22948
1.73	0.63	1.20736
1.73	0.64	1.18544
1.73	0.65	1.16371
1.73	0.66	1.14219
1.73	0.67	1.12087
1.73	0.68	1.09975
1.73	0.69	1.07883
1.73	0.7	1.05811
1.73	0.71	1.03759
1.73	0.72	1.01727
1.73	0.73	0.997155
1.73	0.74	0.977239
1.73	0.75	0.957524
1.73	0.76	0.938009
1.73	0.77	0.918695
1.73	0.78	0.899582
1.73	0.79	0.88067
1.73	0.8	0.861958
1.73	0.81	0.843448
1.73	0.82	0.825138
1.73	0.83	0.807028
1.73	0.84	0.78912
1.73	0.85	0.771412
1.73	0.86	0.753906
1.73	0.87	0.736599
1.73	0.88	0.719494
1.73	0.89	0.70259
1.73	0.9	0.685886
1.73	0.91	0.669383
1.73	0.92	0.653081
1.73	0.93	0.636979
1.73	0.94	0.621079
1.73	0.95	0.605379
1.73	0.96	0.58988
1.73	0.97	0.574581
1.73	0.98	0.559483
1.73	0.99	0.544587
1.73	1	0.52989
1.73	1.01	0.515395
1.73	1.02	0.5011
1.73	1.03	0.487006
1.73	1.04	0.473113
1.73	1.05	0.459421
1.73	1.06	0.445929
1.73	1.07	0.432638
1.73	1.08	0.419547
1.73	1.09	0.406658
1.73	1.1	0.393969
1.73	1.11	0.38148
1.73	1.12	0.369193
1.73	1.13	0.357106
1.73	1.14	0.34522
1.73	1.15	0.333534
1.73	1.16	0.322049
1.73	1.17	0.310765
1.73	1.18	0.299681
1.73	1.19	0.288798
1.73	1.2	0.278116
1.73	1.21	0.267634
1.73	1.22	0.257353
1.73	1.23	0.247273
1.73	1.24	0.237393
1.73	1.25	0.227714
1.73	1.26	0.218235
1.73	1.27	0.208957
1.73	1.28	0.199879
1.73	1.29	0.191003
1.73	1.3	0.182326
1.73	1.31	0.17385
1.73	1.32	0.165575
1.73	1.33	0.157501
1.73	1.34	0.149626
1.73	1.35	0.141953
1.73	1.36	0.13448
1.73	1.37	0.127207
1.73	1.38	0.120135
1.73	1.39	0.113263
1.73	1.4	0.106592
1.73	1.41	0.100122
1.73	1.42	0.0938514
1.73	1.43	0.0877817
1.73	1.44	0.0819124
1.73	1.45	0.0762436
1.73	1.46	0.0707753
1.73	1.47	0.0655073
1.73	1.48	0.0604398
1.73	1.49	0.0555727
1.73	1.5	0.050906
1.73	1.51	0.0464397
1.73	1.52	0.0421738
1.73	1.53	0.0381082
1.73	1.54	0.034243
1.73	1.55	0.0305782
1.73	1.56	0.0271138
1.73	1.57	0.0238496
1.73	1.58	0.0207858
1.73	1.59	0.0179224
1.73	1.6	0.0152592
1.73	1.61	0.0127964
1.73	1.62	0.0105338
1.73	1.63	0.0084716
1.73	1.64	0.00660964
1.73	1.65	0.00494796
1.73	1.66	0.00348654
1.73	1.67	0.00222539
1.73	1.68	0.00116449
1.73	1.69	0.000303827
1.73	1.7	-0.000356596
1.73	1.71	-0.000816792
1.73	1.72	-0.00107677
1.73	1.73	-0.00113653
1.73	1.74	-0.000996098
1.73	1.75	-0.000655468
1.73	1.76	-0.000114653
1.73	1.77	0.000626339
1.73	1.78	0.0015675
1.73	1.79	0.00270882
1.73	1.8	0.0040503
1.73	1.81	0.00559192
1.73	1.82	0.00733369
1.73	1.83	0.00927558
1.73	1.84	0.0114176
1.73	1.85	0.0137597
1.73	1.86	0.0163019
1.73	1.87	0.0190443
1.73	1.88	0.0219867
1.73	1.89	0.0251292
1.73	1.9	0.0284718
1.73	1.91	0.0320144
1.73	1.92	0.0357571
1.73	1.93	0.0396999
1.73	1.94	0.0438427
1.73	1.95	0.0481855
1.73	1.96	0.0527284
1.73	1.97	0.0574713
1.73	1.98	0.0624142
1.73	1.99	0.0675571
1.73	2	0.0729
1.735	0	3.01022
1.735	0.01	2.97557
1.735	0.02	2.94112
1.735	0.03	2.90687
1.735	0.04	2.87282
1.735	0.05	2.83897
1.735	0.06	2.80532
1.735	0.07	2.77187
1.735	0.08	2.73862
1.735	0.09	2.70557
1.735	0.1	2.67272
1.735	0.11	2.64007
1.735	0.12	2.60762
1.735	0.13	2.57537
1.735	0.14	2.54332
1.735	0.15	2.51147
1.735	0.16	2.47982
1.735	0.17	2.44837
1.735	0.18	2.41712
1.735	0.19	2.38607
1.735	0.2	2.35523
1.735	0.21	2.32458
1.735	0.22	2.29413
1.735	0.23	2.26388
1.735	0.24	2.23384
1.735	0.25	2.20399
1.735	0.26	2.17435
1.735	0.27	2.1449
1.735	0.28	2.11565
1.735	0.29	2.08661
1.735	0.3	2.05777
1.735	0.31	2.02912
1.735	0.32	2.00068
1.735	0.33	1.97244
1.735	0.34	1.94439
1.735	0.35	1.91655
1.735	0.36	1.88891
1.735	0.37	1.86147
1.735	0.38	1.83423
1.735	0.39	1.80719
1.735	0.4	1.78035
1.735	0.41	1.75371
1.735	0.42	1.72727
1.735	0.43	1.70104
1.735	0.44	1.675
1.735	0.45	1.64916
1.735	0.46	1.62353
1.735	0.47	1.59809
1.735	0.48	1.57286
1.735	0.49	1.54782
1.735	0.5	1.52299
1.735	0.51	1.49836
1.735	0.52	1.47393
1.735	0.53	1.4497
1.735	0.54	1.42566
1.735	0.55	1.40184
1.735	0.56	1.37821
1.735	0.57	1.35478
1.735	0.58	1.33155
1.735	0.59	1.30852
1.735	0.6	1.2857
1.735	0.61	1.26307
1.735	0.62	1.24065
1.735	0.63	1.21842
1.735	0.64	1.1964
1.735	0.65	1.17458
1.735	0.66	1.15295
1.735	0.67	1.13153
1.735	0.68	1.11031
1.735	0.69	1.08929
1.735	0.7	1.06847
1.735	0.71	1.04785
1.735	0.72	1.02744
1.735	0.73	1.00722
1.735	0.74	0.987204
1.735	0.75	0.967389
1.735	0.76	0.947775
1.735	0.77	0.928361
1.735	0.78	0.909148
1.735	0.79	0.890136
1.735	0.8	0.871325
1.735	0.81	0.852714
1.735	0.82	0.834304
1.735	0.83	0.816095
1.735	0.84	0.798087
1.735	0.85	0.780279
1.735	0.86	0.762673
1.735	0.87	0.745267
1.735	0.88	0.728062
1.735	0.89	0.711057
1.735	0.9	0.694253
1.735	0.91	0.67765
1.735	0.92	0.661248
1.735	0.93	0.645047
1.735	0.94	0.629046
1.735	0.95	0.613246
1.735	0.96	0.597647
1.735	0.97	0.582249
1.735	0.98	0.567051
1.735	0.99	0.552054
1.735	1	0.537258
1.735	1.01	0.522662
1.735	1.02	0.508268
1.735	1.03	0.494074
1.735	1.04	0.48008
1.735	1.05	0.466288
1.735	1.06	0.452696
1.735	1.07	0.439304
1.735	1.08	0.426114
1.735	1.09	0.413124
1.735	1.1	0.400335
1.735	1.11	0.387747
1.735	1.12	0.375359
1.735	1.13	0.363172
1.735	1.14	0.351185
1.735	1.15	0.339399
1.735	1.16	0.327814
1.735	1.17	0.31643
1.735	1.18	0.305246
1.735	1.19	0.294263
1.735	1.2	0.28348
1.735	1.21	0.272898
1.735	1.22	0.262517
1.735	1.23	0.252336
1.735	1.24	0.242356
1.735	1.25	0.232577
1.735	1.26	0.222998
1.735	1.27	0.213619
1.735	1.28	0.204441
1.735	1.29	0.195464
1.735	1.3	0.186688
1.735	1.31	0.178111
1.735	1.32	0.169736
1.735	1.33	0.161561
1.735	1.34	0.153586
1.735	1.35	0.145812
1.735	1.36	0.138239
1.735	1.37	0.130866
1.735	1.38	0.123693
1.735	1.39	0.116721
1.735	1.4	0.10995
1.735	1.41	0.103379
1.735	1.42	0.0970081
1.735	1.43	0.090838
1.735	1.44	0.0848683
1.735	1.45	0.0790991
1.735	1.46	0.0735302
1.735	1.47	0.0681618
1.735	1.48	0.0629939
1.735	1.49	0.0580263
1.735	1.5	0.0532591
1.735	1.51	0.0486923
1.735	1.52	0.0443259
1.735	1.53	0.0401595
1.735	1.54	0.0361938
1.735	1.55	0.0324285
1.735	1.56	0.0288635
1.735	1.57	0.0254989
1.735	1.58	0.0223346
1.735	1.59	0.0193707
1.735	1.6	0.016607
1.735	1.61	0.0140437
1.735	1.62	0.0116806
1.735	1.63	0.00951782
1.735	1.64	0.00755533
1.735	1.65	0.00579312
1.735	1.66	0.00423117
1.735	1.67	0.00286947
1.735	1.68	0.00170803
1.735	1.69	0.000746821
1.735	1.7	-1.41523e-05
1.735	1.71	-0.000574901
1.735	1.72	-0.000935434
1.735	1.73	-0.00109576
1.735	1.74	-0.00105588
1.735	1.75	-0.000815819
1.735	1.76	-0.000375571
1.735	1.77	0.000264851
1.735	1.78	0.00110544
1.735	1.79	0.00214619
1.735	1.8	0.00338709
1.735	1.81	0.00482814
1.735	1.82	0.00646932
1.735	1.83	0.00831063
1.735	1.84	0.0103521
1.735	1.85	0.0125936
1.735	1.86	0.0150352
1.735	1.87	0.017677
1.735	1.88	0.0205188
1.735	1.89	0.0235607
1.735	1.9	0.0268027
1.735	1.91	0.0302448
1.735	1.92	0.0338869
1.735	1.93	0.0377291
1.735	1.94	0.0417713
1.735	1.95	0.0460135
1.735	1.96	0.0504558
1.735	1.97	0.0550981
1.735	1.98	0.0599404
1.735	1.99	0.0649827
1.735	2	0.070225
1.74	0	3.0276
1.74	0.01	2.99285
1.74	0.02	2.9583
1.74	0.03	2.92395
1.74	0.04	2.8898
1.74	0.05	2.85585
1.74	0.06	2.8221
1.74	0.07	2.78855
1.74	0.08	2.7552
1.74	0.09	2.72205
1.74	0.1	2.6891
1.74	0.11	2.65635
1.74	0.12	2.6238
1.74	0.13	2.59145
1.74	0.14	2.5593
1.74	0.15	2.52735
1.74	0.16	2.49561
1.74	0.17	2.46406
1.74	0.18	2.43271
1.74	0.19	2.40156
1.74	0.2	2.37062
1.74	0.21	2.33987
1.74	0.22	2.30932
1.74	0.23	2.27898
1.74	0.24	2.24883
1.74	0.25	2.21888
1.74	0.26	2.18914
1.74	0.27	2.15959
1.74	0.28	2.13025
1.74	0.29	2.10111
1.74	0.3	2.07216
1.74	0.31	2.04342
1.74	0.32	2.01488
1.74	0.33	1.98653
1.74	0.34	1.95839
1.74	0.35	1.93045
1.74	0.36	1.90271
1.74	0.37	1.87517
1.74	0.38	1.84783
1.74	0.39	1.82069
1.74	0.4	1.79375
1.74	0.41	1.76701
1.74	0.42	1.74048
1.74	0.43	1.71414
1.74	0.44	1.688
1.74	0.45	1.66207
1.74	0.46	1.63633
1.74	0.47	1.6108
1.74	0.48	1.58546
1.74	0.49	1.56033
1.74	0.5	1.5354
1.74	0.51	1.51067
1.74	0.52	1.48613
1.74	0.53	1.4618
1.74	0.54	1.43767
1.74	0.55	1.41374
1.74	0.56	1.39002
1.74	0.57	1.36649
1.74	0.58	1.34316
1.74	0.59	1.32003
1.74	0.6	1.29711
1.74	0.61	1.27438
1.74	0.62	1.25186
1.74	0.63	1.22953
1.74	0.64	1.20741
1.74	0.65	1.18549
1.74	0.66	1.16377
1.74	0.67	1.14225
1.74	0.68	1.12093
1.74	0.69	1.09981
1.74	0.7	1.07889
1.74	0.71	1.05817
1.74	0.72	1.03765
1.74	0.73	1.01734
1.74	0.74	0.99722
1.74	0.75	0.977305
1.74	0.76	0.957591
1.74	0.77	0.938077
1.74	0.78	0.918764
1.74	0.79	0.899652
1.74	0.8	0.880741
1.74	0.81	0.862031
1.74	0.82	0.843521
1.74	0.83	0.825212
1.74	0.84	0.807104
1.74	0.85	0.789197
1.74	0.86	0.77149
1.74	0.87	0.753984
1.74	0.88	0.736679
1.74	0.89	0.719575
1.74	0.9	0.702671
1.74	0.91	0.685968
1.74	0.92	0.669466
1.74	0.93	0.653164
1.74	0.94	0.637064
1.74	0.95	0.621164
1.74	0.96	0.605465
1.74	0.97	0.589966
1.74	0.98	0.574669
1.74	0.99	0.559572
1.74	1	0.544675
1.74	1.01	0.52998
1.74	1.02	0.515485
1.74	1.03	0.501191
1.74	1.04	0.487097
1.74	1.05	0.473205
1.74	1.06	0.459513
1.74	1.07	0.446021
1.74	1.08	0.432731
1.74	1.09	0.419641
1.74	1.1	0.406751
1.74	1.11	0.394063
1.74	1.12	0.381575
1.74	1.13	0.369287
1.74	1.14	0.357201
1.74	1.15	0.345315
1.74	1.16	0.33363
1.74	1.17	0.322145
1.74	1.18	0.310861
1.74	1.19	0.299777
1.74	1.2	0.288895
1.74	1.21	0.278212
1.74	1.22	0.267731
1.74	1.23	0.25745
1.74	1.24	0.247369
1.74	1.25	0.237489
1.74	1.26	0.22781
1.74	1.27	0.218332
1.74	1.28	0.209053
1.74	1.29	0.199976
1.74	1.3	0.191099
1.74	1.31	0.182422
1.74	1.32	0.173946
1.74	1.33	0.165671
1.74	1.34	0.157596
1.74	1.35	0.149722
1.74	1.36	0.142048
1.74	1.37	0.134575
1.74	1.38	0.127302
1.74	1.39	0.120229
1.74	1.4	0.113357
1.74	1.41	0.106686
1.74	1.42	0.100215
1.74	1.43	0.0939443
1.74	1.44	0.0878742
1.74	1.45	0.0820045
1.74	1.46	0.0763352
1.74	1.47	0.0708664
1.74	1.48	0.065598
1.74	1.49	0.0605299
1.74	1.5	0.0556623
1.74	1.51	0.050995
1.74	1.52	0.0465281
1.74	1.53	0.0422616
1.74	1.54	0.0381955
1.74	1.55	0.0343297
1.74	1.56	0.0306642
1.74	1.57	0.0271991
1.74	1.58	0.0239342
1.74	1.59	0.0208697
1.74	1.6	0.0180056
1.74	1.61	0.0153417
1.74	1.62	0.0128781
1.74	1.63	0.0106148
1.74	1.64	0.00855173
1.74	1.65	0.00668896
1.74	1.66	0.00502646
1.74	1.67	0.0035642
1.74	1.68	0.0023022
1.74	1.69	0.00124043
1.74	1.7	0.000378884
1.74	1.71	-0.000282437
1.74	1.72	-0.000743545
1.74	1.73	-0.00100445
1.74	1.74	-0.00106515
1.74	1.75	-0.000925673
1.74	1.76	-0.000586011
1.74	1.77	-4.61767e-05
1.74	1.78	0.000693822
1.74	1.79	0.00163398
1.74	1.8	0.00277428
1.74	1.81	0.00411473
1.74	1.82	0.00565532
1.74	1.83	0.00739602
1.74	1.84	0.00933685
1.74	1.85	0.0114778
1.74	1.86	0.0138188
1.74	1.87	0.01636
1.74	1.88	0.0191012
1.74	1.89	0.0220425
1.74	1.9	0.0251839
1.74	1.91	0.0285253
1.74	1.92	0.0320668
1.74	1.93	0.0358084
1.74	1.94	0.03975
1.74	1.95	0.0438916
1.74	1.96	0.0482332
1.74	1.97	0.0527749
1.74	1.98	0.0575166
1.74	1.99	0.0624583
1.74	2	0.0676
1.745	0	3.04503
1.745	0.01	3.01018
1.745	0.02	2.97553
1.745	0.03	2.94108
1.745	0.04	2.90683
1.745	0.05	2.87278
1.745	0.06	2.83893
1.745	0.07	2.80528
1.745	0.08	2.77183
1.745	0.09	2.73858
1.745	0.1	2.70553
1.745	0.11	2.67268
1.745	0.12	2.64003
1.745	0.13	2.60759
1.745	0.14	2.57534
1.745	0.15	2.54329
1.745	0.16	2.51144
1.745	0.17	2.4798
1.745	0.18	2.44835
1.745	0.19	2.4171
1.745	0.2	2.38606
1.745	0.21	2.35521
1.745	0.22	2.32456
1.745	0.23	2.29412
1.745	0.24	2.26387
1.745	0.25	2.23383
1.745	0.26	2.20398
1.745	0.27	2.17434
1.745	0.28	2.14489
1.745	0.29	2.11565
1.745	0.3	2.08661
1.745	0.31	2.05777
1.745	0.32	2.02912
1.745	0.33	2.00068
1.745	0.34	1.97244
1.745	0.35	1.9444
1.745	0.36	1.91656
1.745	0.37	1.88892
1.745	0.38	1.86148
1.745	0.39	1.83424
1.745	0.4	1.80721
1.745	0.41	1.78037
1.745	0.42	1.75373
1.745	0.43	1.72729
1.745	0.44	1.70106
1.745	0.45	1.67502
1.745	0.46	1.64919
1.745	0.47	1.62355
1.745	0.48	1.59812
1.745	0.49	1.57289
1.745	0.5	1.54786
1.745	0.51	1.52302
1.745	0.52	1.49839
1.745	0.53	1.47396
1.745	0.54	1.44973
1.745	0.55	1.4257
1.745	0.56	1.40188
1.745	0.57	1.37825
1.745	0.58	1.35482
1.745	0.59	1.3316
1.745	0.6	1.30857
1.745	0.61	1.28574
1.745	0.62	1.26312
1.745	0.63	1.2407
1.745	0.64	1.21847
1.745	0.65	1.19645
1.745	0.66	1.17463
1.745	0.67	1.15301
1.745	0.68	1.13159
1.745	0.69	1.11037
1.745	0.7	1.08935
1.745	0.71	1.06854
1.745	0.72	1.04792
1.745	0.73	1.0275
1.745	0.74	1.00729
1.745	0.75	0.987272
1.745	0.76	0.967458
1.745	0.77	0.947844
1.745	0.78	0.928432
1.745	0.79	0.90922
1.745	0.8	0.890209
1.745	0.81	0.871399
1.745	0.82	0.852789
1.745	0.83	0.83438
1.745	0.84	0.816172
1.745	0.85	0.798165
1.745	0.86	0.780359
1.745	0.87	0.762753
1.745	0.88	0.745348
1.745	0.89	0.728143
1.745	0.9	0.71114
1.745	0.91	0.694337
1.745	0.92	0.677735
1.745	0.93	0.661333
1.745	0.94	0.645133
1.745	0.95	0.629133
1.745	0.96	0.613334
1.745	0.97	0.597735
1.745	0.98	0.582337
1.745	0.99	0.56714
1.745	1	0.552144
1.745	1.01	0.537348
1.745	1.02	0.522754
1.745	1.03	0.508359
1.745	1.04	0.494166
1.745	1.05	0.480173
1.745	1.06	0.466381
1.745	1.07	0.452789
1.745	1.08	0.439399
1.745	1.09	0.426209
1.745	1.1	0.413219
1.745	1.11	0.40043
1.745	1.12	0.387842
1.745	1.13	0.375455
1.745	1.14	0.363268
1.745	1.15	0.351282
1.745	1.16	0.339496
1.745	1.17	0.327911
1.745	1.18	0.316527
1.745	1.19	0.305343
1.745	1.2	0.29436
1.745	1.21	0.283578
1.745	1.22	0.272996
1.745	1.23	0.262614
1.745	1.24	0.252434
1.745	1.25	0.242454
1.745	1.26	0.232674
1.745	1.27	0.223095
1.745	1.28	0.213717
1.745	1.29	0.204539
1.745	1.3	0.195561
1.745	1.31	0.186785
1.745	1.32	0.178208
1.745	1.33	0.169833
1.745	1.34	0.161657
1.745	1.35	0.153682
1.745	1.36	0.145908
1.745	1.37	0.138334
1.745	1.38	0.130961
1.745	1.39	0.123788
1.745	1.4	0.116816
1.745	1.41	0.110044
1.745	1.42	0.103473
1.745	1.43	0.0971017
1.745	1.44	0.0909311
1.745	1.45	0.084961
1.745	1.46	0.0791912
1.745	1.47	0.0736219
1.745	1.48	0.068253
1.745	1.49	0.0630845
1.745	1.5	0.0581164
1.745	1.51	0.0533486
1.745	1.52	0.0487812
1.745	1.53	0.0444142
1.745	1.54	0.0402476
1.745	1.55	0.0362812
1.745	1.56	0.0325152
1.745	1.57	0.0289496
1.745	1.58	0.0255843
1.745	1.59	0.0224192
1.745	1.6	0.0194545
1.745	1.61	0.0166901
1.745	1.62	0.0141259
1.745	1.63	0.0117621
1.745	1.64	0.00959847
1.745	1.65	0.00763515
1.745	1.66	0.00587208
1.745	1.67	0.00430926
1.745	1.68	0.00294668
1.745	1.69	0.00178433
1.745	1.7	0.000822214
1.745	1.71	6.03121e-05
1.745	1.72	-0.00050138
1.745	1.73	-0.000862871
1.745	1.74	-0.00102417
1.745	1.75	-0.000985279
1.745	1.76	-0.000746213
1.745	1.77	-0.000306976
1.745	1.78	0.000332422
1.745	1.79	0.00117198
1.745	1.8	0.00221168
1.745	1.81	0.00345152
1.745	1.82	0.00489149
1.745	1.83	0.00653159
1.745	1.84	0.0083718
1.745	1.85	0.0104121
1.745	1.86	0.0126526
1.745	1.87	0.0150931
1.745	1.88	0.0177337
1.745	1.89	0.0205744
1.745	1.9	0.0236151
1.745	1.91	0.0268559
1.745	1.92	0.0302968
1.745	1.93	0.0339377
1.745	1.94	0.0377787
1.745	1.95	0.0418197
1.745	1.96	0.0460607
1.745	1.97	0.0505018
1.745	1.98	0.0551429
1.745	1.99	0.0599839
1.745	2	0.065025
1.75	0	3.0625
1.75	0.01	3.02755
1.75	0.02	2.9928
1.75	0.03	2.95825
1.75	0.04	2.9239
1.75	0.05	2.88976
1.75	0.06	2.85581
1.75	0.07	2.82206
1.75	0.08	2.78851
1.75	0.09	2.75516
1.75	0.1	2.72201
1.75	0.11	2.68907
1.75	0.12	2.65632
1.75	0.13	2.62377
1.75	0.14	2.59142
1.75	0.15	2.55928
1.75	0.16	2.52733
1.75	0.17	2.49558
1.75	0.18	2.46404
1.75	0.19	2.43269
1.75	0.2	2.40155
1.75	0.21	2.3706
1.75	0.22	2.33985
1.75	0.23	2.30931
1.75	0.24	2.27896
1.75	0.25	2.24882
1.75	0.26	2.21888
1.75	0.27	2.18913
1.75	0.28	2.15959
1.75	0.29	2.13025
1.75	0.3	2.10111
1.75	0.31	2.07216
1.75	0.32	2.04342
1.75	0.33	2.01488
1.75	0.34	1.98654
1.75	0.35	1.9584
1.75	0.36	1.93046
1.75	0.37	1.90272
1.75	0.38	1.87518
1.75	0.39	1.84785
1.75	0.4	1.82071
1.75	0.41	1.79377
1.75	0.42	1.76703
1.75	0.43	1.7405
1.75	0.44	1.71416
1.75	0.45	1.68803
1.75	0.46	1.6621
1.75	0.47	1.63636
1.75	0.48	1.61083
1.75	0.49	1.5855
1.75	0.5	1.56036
1.75	0.51	1.53543
1.75	0.52	1.5107
1.75	0.53	1.48617
1.75	0.54	1.46184
1.75	0.55	1.43771
1.75	0.56	1.41379
1.75	0.57	1.39006
1.75	0.58	1.36653
1.75	0.59	1.34321
1.75	0.6	1.32008
1.75	0.61	1.29716
1.75	0.62	1.27443
1.75	0.63	1.25191
1.75	0.64	1.22959
1.75	0.65	1.20747
1.75	0.66	1.18555
1.75	0.67	1.16383
1.75	0.68	1.14231
1.75	0.69	1.12099
1.75	0.7	1.09987
1.75	0.71	1.07895
1.75	0.72	1.05823
1.75	0.73	1.03772
1.75	0.74	1.0174
1.75	0.75	0.997289
1.75	0.76	0.977375
1.75	0.77	0.957662
1.75	0.78	0.938149
1.75	0.79	0.918838
1.75	0.8	0.899727
1.75	0.81	0.880817
1.75	0.82	0.862107
1.75	0.83	0.843599
1.75	0.84	0.825291
1.75	0.85	0.807184
1.75	0.86	0.789277
1.75	0.87	0.771571
1.75	0.88	0.754067
1.75	0.89	0.736762
1.75	0.9	0.719659
1.75	0.91	0.702756
1.75	0.92	0.686054
1.75	0.93	0.669552
1.75	0.94	0.653252
1.75	0.95	0.637152
1.75	0.96	0.621253
1.75	0.97	0.605554
1.75	0.98	0.590056
1.75	0.99	0.574759
1.75	1	0.559663
1.75	1.01	0.544767
1.75	1.02	0.530072
1.75	1.03	0.515578
1.75	1.04	0.501284
1.75	1.05	0.487191
1.75	1.06	0.473299
1.75	1.07	0.459608
1.75	1.08	0.446117
1.75	1.09	0.432826
1.75	1.1	0.419737
1.75	1.11	0.406848
1.75	1.12	0.39416
1.75	1.13	0.381672
1.75	1.14	0.369385
1.75	1.15	0.357298
1.75	1.16	0.345413
1.75	1.17	0.333728
1.75	1.18	0.322243
1.75	1.19	0.310959
1.75	1.2	0.299876
1.75	1.21	0.288993
1.75	1.22	0.278311
1.75	1.23	0.267829
1.75	1.24	0.257548
1.75	1.25	0.247468
1.75	1.26	0.237588
1.75	1.27	0.227909
1.75	1.28	0.21843
1.75	1.29	0.209152
1.75	1.3	0.200074
1.75	1.31	0.191197
1.75	1.32	0.18252
1.75	1.33	0.174044
1.75	1.34	0.165768
1.75	1.35	0.157693
1.75	1.36	0.149819
1.75	1.37	0.142144
1.75	1.38	0.134671
1.75	1.39	0.127397
1.75	1.4	0.120325
1.75	1.41	0.113452
1.75	1.42	0.10678
1.75	1.43	0.100309
1.75	1.44	0.094038
1.75	1.45	0.0879674
1.75	1.46	0.0820973
1.75	1.47	0.0764275
1.75	1.48	0.0709581
1.75	1.49	0.0656891
1.75	1.5	0.0606205
1.75	1.51	0.0557522
1.75	1.52	0.0510844
1.75	1.53	0.0466168
1.75	1.54	0.0423497
1.75	1.55	0.0382828
1.75	1.56	0.0344163
1.75	1.57	0.0307501
1.75	1.58	0.0272843
1.75	1.59	0.0240187
1.75	1.6	0.0209534
1.75	1.61	0.0180885
1.75	1.62	0.0154238
1.75	1.63	0.0129594
1.75	1.64	0.0106952
1.75	1.65	0.00863135
1.75	1.66	0.00676771
1.75	1.67	0.00510433
1.75	1.68	0.00364118
1.75	1.69	0.00237826
1.75	1.7	0.00131556
1.75	1.71	0.000453075
1.75	1.72	-0.000209203
1.75	1.73	-0.000671281
1.75	1.74	-0.000933169
1.75	1.75	-0.000994873
1.75	1.76	-0.000856403
1.75	1.77	-0.000517765
1.75	1.78	2.10333e-05
1.75	1.79	0.000759984
1.75	1.8	0.00169908
1.75	1.81	0.00283831
1.75	1.82	0.00417768
1.75	1.83	0.00571716
1.75	1.84	0.00745676
1.75	1.85	0.00939647
1.75	1.86	0.0115363
1.75	1.87	0.0138762
1.75	1.88	0.0164162
1.75	1.89	0.0191562
1.75	1.9	0.0220964
1.75	1.91	0.0252366
1.75	1.92	0.0285768
1.75	1.93	0.0321171
1.75	1.94	0.0358575
1.75	1.95	0.0397978
1.75	1.96	0.0439383
1.75	1.97	0.0482787
1.75	1.98	0.0528191
1.75	1.99	0.0575596
1.75	2	0.0625
1.755	0	3.08002
1.755	0.01	3.04498
1.755	0.02	3.01013
1.755	0.03	2.97548
1.755	0.04	2.94103
1.755	0.05	2.90679
1.755	0.06	2.87274
1.755	0.07	2.83889
1.755	0.08	2.80524
1.755	0.09	2.77179
1.755	0.1	2.73855
1.755	0.11	2.7055
1.755	0.12	2.67265
1.755	0.13	2.64001
1.755	0.14	2.60756
1.755	0.15	2.57531
1.755	0.16	2.54327
1.755	0.17	2.51142
1.755	0.18	2.47978
1.755	0.19	2.44833
1.755	0.2	2.41709
1.755	0.21	2.38604
1.755	0.22	2.3552
1.755	0.23	2.32455
1.755	0.24	2.29411
1.755	0.25	2.26386
1.755	0.26	2.23382
1.755	0.27	2.20398
1.755	0.28	2.17434
1.755	0.29	2.14489
1.755	0.3	2.11565
1.755	0.31	2.08661
1.755	0.32	2.05777
1.755	0.33	2.02913
1.755	0.34	2.00069
1.755	0.35	1.97245
1.755	0.36	1.94441
1.755	0.37	1.91657
1.755	0.38	1.88894
1.755	0.39	1.8615
1.755	0.4	1.83426
1.755	0.41	1.80723
1.755	0.42	1.78039
1.755	0.43	1.75375
1.755	0.44	1.72732
1.755	0.45	1.70109
1.755	0.46	1.67505
1.755	0.47	1.64922
1.755	0.48	1.62359
1.755	0.49	1.59815
1.755	0.5	1.57292
1.755	0.51	1.54789
1.755	0.52	1.52306
1.755	0.53	1.49843
1.755	0.54	1.474
1.755	0.55	1.44978
1.755	0.56	1.42575
1.755	0.57	1.40192
1.755	0.58	1.3783
1.755	0.59	1.35487
1.755	0.6	1.33165
1.755	0.61	1.30862
1.755	0.62	1.2858
1.755	0.63	1.26318
1.755	0.64	1.24075
1.755	0.65	1.21853
1.755	0.66	1.19651
1.755	0.67	1.17469
1.755	0.68	1.15307
1.755	0.69	1.13165
1.755	0.7	1.11044
1.755	0.71	1.08942
1.755	0.72	1.0686
1.755	0.73	1.04799
1.755	0.74	1.02757
1.755	0.75	1.00736
1.755	0.76	0.987343
1.755	0.77	0.96753
1.755	0.78	0.947918
1.755	0.79	0.928507
1.755	0.8	0.909296
1.755	0.81	0.890286
1.755	0.82	0.871477
1.755	0.83	0.852868
1.755	0.84	0.834461
1.755	0.85	0.816254
1.755	0.86	0.798247
1.755	0.87	0.780442
1.755	0.88	0.762837
1.755	0.89	0.745433
1.755	0.9	0.728229
1.755	0.91	0.711226
1.755	0.92	0.694424
1.755	0.93	0.677823
1.755	0.94	0.661422
1.755	0.95	0.645222
1.755	0.96	0.629223
1.755	0.97	0.613425
1.755	0.98	0.597827
1.755	0.99	0.58243
1.755	1	0.567233
1.755	1.01	0.552237
1.755	1.02	0.537442
1.755	1.03	0.522848
1.755	1.04	0.508454
1.755	1.05	0.494261
1.755	1.06	0.480269
1.755	1.07	0.466477
1.755	1.08	0.452886
1.755	1.09	0.439496
1.755	1.1	0.426306
1.755	1.11	0.413317
1.755	1.12	0.400528
1.755	1.13	0.38794
1.755	1.14	0.375553
1.755	1.15	0.363367
1.755	1.16	0.351381
1.755	1.17	0.339595
1.755	1.18	0.32801
1.755	1.19	0.316626
1.755	1.2	0.305443
1.755	1.21	0.29446
1.755	1.22	0.283677
1.755	1.23	0.273095
1.755	1.24	0.262714
1.755	1.25	0.252533
1.755	1.26	0.242553
1.755	1.27	0.232773
1.755	1.28	0.223194
1.755	1.29	0.213816
1.755	1.3	0.204638
1.755	1.31	0.19566
1.755	1.32	0.186883
1.755	1.33	0.178307
1.755	1.34	0.169931
1.755	1.35	0.161755
1.755	1.36	0.15378
1.755	1.37	0.146005
1.755	1.38	0.138431
1.755	1.39	0.131058
1.755	1.4	0.123884
1.755	1.41	0.116912
1.755	1.42	0.110139
1.755	1.43	0.103567
1.755	1.44	0.097196
1.755	1.45	0.0910249
1.755	1.46	0.0850542
1.755	1.47	0.079284
1.755	1.48	0.0737141
1.755	1.49	0.0683446
1.755	1.5	0.0631755
1.755	1.51	0.0582067
1.755	1.52	0.0534384
1.755	1.53	0.0488703
1.755	1.54	0.0445026
1.755	1.55	0.0403352
1.755	1.56	0.0363682
1.755	1.57	0.0326015
1.755	1.58	0.0290351
1.755	1.59	0.025669
1.755	1.6	0.0225031
1.755	1.61	0.0195376
1.755	1.62	0.0167724
1.755	1.63	0.0142074
1.755	1.64	0.0118427
1.755	1.65	0.0096782
1.755	1.66	0.00771399
1.755	1.67	0.00595001
1.755	1.68	0.00438627
1.755	1.69	0.00302276
1.755	1.7	0.00185947
1.755	1.71	0.000896385
1.755	1.72	0.000133505
1.755	1.73	-0.000429179
1.755	1.74	-0.000791676
1.755	1.75	-0.000953992
1.755	1.76	-0.000916136
1.755	1.77	-0.000678115
1.755	1.78	-0.000239936
1.755	1.79	0.000398393
1.755	1.8	0.00123686
1.755	1.81	0.00227547
1.755	1.82	0.00351421
1.755	1.83	0.00495306
1.755	1.84	0.00659203
1.755	1.85	0.0084311
1.755	1.86	0.0104703
1.755	1.87	0.0127095
1.755	1.88	0.0151489
1.755	1.89	0.0177883
1.755	1.9	0.0206278
1.755	1.91	0.0236674
1.755	1.92	0.026907
1.755	1.93	0.0303466
1.755	1.94	0.0339863
1.755	1.95	0.0378261
1.755	1.96	0.0418658
1.755	1.97	0.0461056
1.755	1.98	0.0505454
1.755	1.99	0.0551852
1.755	2	0.060025
1.76	0	3.0976
1.76	0.01	3.06245
1.76	0.02	3.02751
1.76	0.03	2.99276
1.76	0.04	2.95821
1.76	0.05	2.92386
1.76	0.06	2.88972
1.76	0.07	2.85577
1.76	0.08	2.82202
1.76	0.09	2.78848
1.76	0.1	2.75513
1.76	0.11	2.72198
1.76	0.12	2.68904
1.76	0.13	2.65629
1.76	0.14	2.62375
1.76	0.15	2.5914
1.76	0.16	2.55925
1.76	0.17	2.52731
1.76	0.18	2.49556
1.76	0.19	2.46402
1.76	0.2	2.43268
1.76	0.21	2.40153
1.76	0.22	2.37059
1.76	0.23	2.33984
1.76	0.24	2.3093
1.76	0.25	2.27896
1.76	0.26	2.24882
1.76	0.27	2.21887
1.76	0.28	2.18913
1.76	0.29	2.15959
1.76	0.3	2.13025
1.76	0.31	2.10111
1.76	0.32	2.07217
1.76	0.33	2.04343
1.76	0.34	2.01489
1.76	0.35	1.98655
1.76	0.36	1.95841
1.76	0.37	1.93048
1.76	0.38	1.90274
1.76	0.39	1.8752
1.76	0.4	1.84787
1.76	0.41	1.82073
1.76	0.42	1.79379
1.76	0.43	1.76706
1.76	0.44	1.74053
1.76	0.45	1.71419
1.76	0.46	1.68806
1.76	0.47	1.66213
1.76	0.48	1.63639
1.76	0.49	1.61086
1.76	0.5	1.58553
1.76	0.51	1.5604
1.76	0.52	1.53547
1.76	0.53	1.51074
1.76	0.54	1.48622
1.76	0.55	1.46189
1.76	0.56	1.43776
1.76	0.57	1.41383
1.76	0.58	1.39011
1.76	0.59	1.36658
1.76	0.6	1.34326
1.76	0.61	1.32014
1.76	0.62	1.29721
1.76	0.63	1.27449
1.76	0.64	1.25197
1.76	0.65	1.22965
1.76	0.66	1.20753
1.76	0.67	1.18561
1.76	0.68	1.16389
1.76	0.69	1.14237
1.76	0.7	1.12105
1.76	0.71	1.09994
1.76	0.72	1.07902
1.76	0.73	1.0583
1.76	0.74	1.03779
1.76	0.75	1.01748
1.76	0.76	0.997362
1.76	0.77	0.97745
1.76	0.78	0.957738
1.76	0.79	0.938227
1.76	0.8	0.918916
1.76	0.81	0.899806
1.76	0.82	0.880897
1.76	0.83	0.862189
1.76	0.84	0.843681
1.76	0.85	0.825374
1.76	0.86	0.807268
1.76	0.87	0.789362
1.76	0.88	0.771658
1.76	0.89	0.754153
1.76	0.9	0.73685
1.76	0.91	0.719747
1.76	0.92	0.702845
1.76	0.93	0.686144
1.76	0.94	0.669643
1.76	0.95	0.653343
1.76	0.96	0.637244
1.76	0.97	0.621346
1.76	0.98	0.605648
1.76	0.99	0.590151
1.76	1	0.574854
1.76	1.01	0.559758
1.76	1.02	0.544863
1.76	1.03	0.530169
1.76	1.04	0.515675
1.76	1.05	0.501382
1.76	1.06	0.487289
1.76	1.07	0.473397
1.76	1.08	0.459706
1.76	1.09	0.446216
1.76	1.1	0.432926
1.76	1.11	0.419836
1.76	1.12	0.406948
1.76	1.13	0.39426
1.76	1.14	0.381772
1.76	1.15	0.369485
1.76	1.16	0.357399
1.76	1.17	0.345513
1.76	1.18	0.333828
1.76	1.19	0.322344
1.76	1.2	0.31106
1.76	1.21	0.299977
1.76	1.22	0.289094
1.76	1.23	0.278412
1.76	1.24	0.26793
1.76	1.25	0.257649
1.76	1.26	0.247569
1.76	1.27	0.237689
1.76	1.28	0.228009
1.76	1.29	0.21853
1.76	1.3	0.209252
1.76	1.31	0.200174
1.76	1.32	0.191297
1.76	1.33	0.18262
1.76	1.34	0.174143
1.76	1.35	0.165867
1.76	1.36	0.157792
1.76	1.37	0.149917
1.76	1.38	0.142242
1.76	1.39	0.134768
1.76	1.4	0.127495
1.76	1.41	0.120421
1.76	1.42	0.113549
1.76	1.43	0.106876
1.76	1.44	0.100404
1.76	1.45	0.0941328
1.76	1.46	0.0880617
1.76	1.47	0.0821909
1.76	1.48	0.0765201
1.76	1.49	0.0710501
1.76	1.5	0.0657805
1.76	1.51	0.0607113
1.76	1.52	0.0558424
1.76	1.53	0.0511738
1.76	1.54	0.0467056
1.76	1.55	0.0424377
1.76	1.56	0.0383701
1.76	1.57	0.0345028
1.76	1.58	0.0308359
1.76	1.59	0.0273692
1.76	1.6	0.0241029
1.76	1.61	0.0210368
1.76	1.62	0.0181709
1.76	1.63	0.0155054
1.76	1.64	0.0130401
1.76	1.65	0.0107751
1.76	1.66	0.00871027
1.76	1.67	0.00684571
1.76	1.68	0.00518139
1.76	1.69	0.00371728
1.76	1.7	0.00245339
1.76	1.71	0.00138971
1.76	1.72	0.000526226
1.76	1.73	-0.000137065
1.76	1.74	-0.000600171
1.76	1.75	-0.000863099
1.76	1.76	-0.000925857
1.76	1.77	-0.000788454
1.76	1.78	-0.000450895
1.76	1.79	8.68115e-05
1.76	1.8	0.000824658
1.76	1.81	0.00176264
1.76	1.82	0.00290074
1.76	1.83	0.00423897
1.76	1.84	0.0057773
1.76	1.85	0.00751574
1.76	1.86	0.00945428
1.76	1.87	0.0115929
1.76	1.88	0.0139316
1.76	1.89	0.0164704
1.76	1.9	0.0192093
1.76	1.91	0.0221482
1.76	1.92	0.0252871
1.76	1.93	0.0286262
1.76	1.94	0.0321652
1.76	1.95	0.0359043
1.76	1.96	0.0398434
1.76	1.97	0.0439826
1.76	1.98	0.0483217
1.76	1.99	0.0528609
1.76	2	0.0576
1.765	0	3.11523
1.765	0.01	3.07998
1.765	0.02	3.04493
1.765	0.03	3.01009
1.765	0.04	2.97544
1.765	0.05	2.94099
1.765	0.06	2.90675
1.765	0.07	2.8727
1.765	0.08	2.83885
1.765	0.09	2.80521
1.765	0.1	2.77176
1.765	0.11	2.73852
1.765	0.12	2.70547
1.765	0.13	2.67263
1.765	0.14	2.63998
1.765	0.15	2.60754
1.765	0.16	2.57529
1.765	0.17	2.54325
1.765	0.18	2.5114
1.765	0.19	2.47976
1.765	0.2	2.44832
1.765	0.21	2.41707
1.765	0.22	2.38603
1.765	0.23	2.35519
1.765	0.24	2.32454
1.765	0.25	2.2941
1.765	0.26	2.26386
1.765	0.27	2.23382
1.765	0.28	2.20398
1.765	0.29	2.17434
1.765	0.3	2.1449
1.765	0.31	2.11566
1.765	0.32	2.08662
1.765	0.33	2.05778
1.765	0.34	2.02914
1.765	0.35	2.0007
1.765	0.36	1.97247
1.765	0.37	1.94443
1.765	0.38	1.91659
1.765	0.39	1.88896
1.765	0.4	1.86152
1.765	0.41	1.83428
1.765	0.42	1.80725
1.765	0.43	1.78042
1.765	0.44	1.75378
1.765	0.45	1.72735
1.765	0.46	1.70112
1.765	0.47	1.67508
1.765	0.48	1.64925
1.765	0.49	1.62362
1.765	0.5	1.59819
1.765	0.51	1.57296
1.765	0.52	1.54793
1.765	0.53	1.52311
1.765	0.54	1.49848
1.765	0.55	1.47405
1.765	0.56	1.44982
1.765	0.57	1.4258
1.765	0.58	1.40197
1.765	0.59	1.37835
1.765	0.6	1.35492
1.765	0.61	1.3317
1.765	0.62	1.30868
1.765	0.63	1.28586
1.765	0.64	1.26323
1.765	0.65	1.24081
1.765	0.66	1.21859
1.765	0.67	1.19657
1.765	0.68	1.17476
1.765	0.69	1.15314
1.765	0.7	1.13172
1.765	0.71	1.1105
1.765	0.72	1.08949
1.765	0.73	1.06867
1.765	0.74	1.04806
1.765	0.75	1.02764
1.765	0.76	1.00743
1.765	0.77	0.987419
1.765	0.78	0.967607
1.765	0.79	0.947996
1.765	0.8	0.928586
1.765	0.81	0.909376
1.765	0.82	0.890367
1.765	0.83	0.871559
1.765	0.84	0.852952
1.765	0.85	0.834545
1.765	0.86	0.816339
1.765	0.87	0.798333
1.765	0.88	0.780528
1.765	0.89	0.762924
1.765	0.9	0.745521
1.765	0.91	0.728318
1.765	0.92	0.711316
1.765	0.93	0.694515
1.765	0.94	0.677915
1.765	0.95	0.661515
1.765	0.96	0.645315
1.765	0.97	0.629317
1.765	0.98	0.613519
1.765	0.99	0.597922
1.765	1	0.582525
1.765	1.01	0.567329
1.765	1.02	0.552334
1.765	1.03	0.537539
1.765	1.04	0.522945
1.765	1.05	0.508552
1.765	1.06	0.49436
1.765	1.07	0.480368
1.765	1.08	0.466576
1.765	1.09	0.452985
1.765	1.1	0.439595
1.765	1.11	0.426406
1.765	1.12	0.413417
1.765	1.13	0.400629
1.765	1.14	0.388041
1.765	1.15	0.375654
1.765	1.16	0.363468
1.765	1.17	0.351482
1.765	1.18	0.339696
1.765	1.19	0.328112
1.765	1.2	0.316728
1.765	1.21	0.305544
1.765	1.22	0.294561
1.765	1.23	0.283779
1.765	1.24	0.273197
1.765	1.25	0.262815
1.765	1.26	0.252634
1.765	1.27	0.242654
1.765	1.28	0.232874
1.765	1.29	0.223295
1.765	1.3	0.213916
1.765	1.31	0.204738
1.765	1.32	0.19576
1.765	1.33	0.186983
1.765	1.34	0.178406
1.765	1.35	0.17003
1.765	1.36	0.161854
1.765	1.37	0.153878
1.765	1.38	0.146104
1.765	1.39	0.138529
1.765	1.4	0.131155
1.765	1.41	0.123981
1.765	1.42	0.117008
1.765	1.43	0.110235
1.765	1.44	0.103663
1.765	1.45	0.0972908
1.765	1.46	0.0911192
1.765	1.47	0.0851479
1.765	1.48	0.0793771
1.765	1.49	0.0738066
1.765	1.5	0.0684364
1.765	1.51	0.0632666
1.765	1.52	0.0582972
1.765	1.53	0.0535281
1.765	1.54	0.0489594
1.765	1.55	0.0445909
1.765	1.56	0.0404228
1.765	1.57	0.036455
1.765	1.58	0.0326875
1.765	1.59	0.0291202
1.765	1.6	0.0257533
1.765	1.61	0.0225866
1.765	1.62	0.0196202
1.765	1.63	0.0168541
1.765	1.64	0.0142882
1.765	1.65	0.0119226
1.765	1.66	0.00975718
1.765	1.67	0.00779202
1.765	1.68	0.00602708
1.765	1.69	0.00446237
1.765	1.7	0.00309786
1.765	1.71	0.00193356
1.765	1.72	0.00096946
1.765	1.73	0.000205546
1.765	1.74	-0.000358187
1.765	1.75	-0.000721745
1.765	1.76	-0.000885136
1.765	1.77	-0.000848368
1.765	1.78	-0.000611447
1.765	1.79	-0.000174381
1.765	1.8	0.000462823
1.765	1.81	0.00130016
1.765	1.82	0.00233762
1.765	1.83	0.00357519
1.765	1.84	0.00501288
1.765	1.85	0.00665066
1.765	1.86	0.00848855
1.765	1.87	0.0105265
1.765	1.88	0.0127646
1.765	1.89	0.0152027
1.765	1.9	0.0178409
1.765	1.91	0.0206791
1.765	1.92	0.0237175
1.765	1.93	0.0269558
1.765	1.94	0.0303942
1.765	1.95	0.0340326
1.765	1.96	0.0378711
1.765	1.97	0.0419095
1.765	1.98	0.046148
1.765	1.99	0.0505865
1.765	2	0.055225
1.77	0	3.1329
1.77	0.01	3.09755
1.77	0.02	3.06241
1.77	0.03	3.02746
1.77	0.04	2.99272
1.77	0.05	2.95817
1.77	0.06	2.92383
1.77	0.07	2.88968
1.77	0.08	2.85574
1.77	0.09	2.82199
1.77	0.1	2.78845
1.77	0.11	2.7551
1.77	0.12	2.72196
1.77	0.13	2.68901
1.77	0.14	2.65627
1.77	0.15	2.62372
1.77	0.16	2.59138
1.77	0.17	2.55924
1.77	0.18	2.52729
1.77	0.19	2.49555
1.77	0.2	2.46401
1.77	0.21	2.43266
1.77	0.22	2.40152
1.77	0.23	2.37058
1.77	0.24	2.33984
1.77	0.25	2.3093
1.77	0.26	2.27896
1.77	0.27	2.24882
1.77	0.28	2.21888
1.77	0.29	2.18914
1.77	0.3	2.1596
1.77	0.31	2.13026
1.77	0.32	2.10112
1.77	0.33	2.07218
1.77	0.34	2.04344
1.77	0.35	2.0149
1.77	0.36	1.98657
1.77	0.37	1.95843
1.77	0.38	1.93049
1.77	0.39	1.90276
1.77	0.4	1.87522
1.77	0.41	1.84789
1.77	0.42	1.82076
1.77	0.43	1.79382
1.77	0.44	1.76709
1.77	0.45	1.74056
1.77	0.46	1.71422
1.77	0.47	1.68809
1.77	0.48	1.66216
1.77	0.49	1.63643
1.77	0.5	1.6109
1.77	0.51	1.58557
1.77	0.52	1.56045
1.77	0.53	1.53552
1.77	0.54	1.51079
1.77	0.55	1.48626
1.77	0.56	1.46194
1.77	0.57	1.43781
1.77	0.58	1.41389
1.77	0.59	1.39016
1.77	0.6	1.36664
1.77	0.61	1.34332
1.77	0.62	1.32019
1.77	0.63	1.29727
1.77	0.64	1.27455
1.77	0.65	1.25203
1.77	0.66	1.22971
1.77	0.67	1.20759
1.77	0.68	1.18567
1.77	0.69	1.16396
1.77	0.7	1.14244
1.77	0.71	1.12112
1.77	0.72	1.10001
1.77	0.73	1.07909
1.77	0.74	1.05838
1.77	0.75	1.03786
1.77	0.76	1.01755
1.77	0.77	0.99744
1.77	0.78	0.977528
1.77	0.79	0.957817
1.77	0.8	0.938307
1.77	0.81	0.918998
1.77	0.82	0.899889
1.77	0.83	0.880981
1.77	0.84	0.862273
1.77	0.85	0.843767
1.77	0.86	0.825461
1.77	0.87	0.807355
1.77	0.88	0.789451
1.77	0.89	0.771747
1.77	0.9	0.754243
1.77	0.91	0.736941
1.77	0.92	0.719839
1.77	0.93	0.702938
1.77	0.94	0.686237
1.77	0.95	0.669737
1.77	0.96	0.653438
1.77	0.97	0.637339
1.77	0.98	0.621441
1.77	0.99	0.605744
1.77	1	0.590247
1.77	1.01	0.574951
1.77	1.02	0.559856
1.77	1.03	0.544961
1.77	1.04	0.530267
1.77	1.05	0.515774
1.77	1.06	0.501481
1.77	1.07	0.487389
1.77	1.08	0.473498
1.77	1.09	0.459807
1.77	1.1	0.446316
1.77	1.11	0.433027
1.77	1.12	0.419938
1.77	1.13	0.407049
1.77	1.14	0.394361
1.77	1.15	0.381874
1.77	1.16	0.369587
1.77	1.17	0.357501
1.77	1.18	0.345616
1.77	1.19	0.333931
1.77	1.2	0.322446
1.77	1.21	0.311162
1.77	1.22	0.300079
1.77	1.23	0.289196
1.77	1.24	0.278514
1.77	1.25	0.268032
1.77	1.26	0.257751
1.77	1.27	0.247671
1.77	1.28	0.237791
1.77	1.29	0.228111
1.77	1.3	0.218632
1.77	1.31	0.209353
1.77	1.32	0.200275
1.77	1.33	0.191397
1.77	1.34	0.18272
1.77	1.35	0.174243
1.77	1.36	0.165967
1.77	1.37	0.157891
1.77	1.38	0.150016
1.77	1.39	0.142341
1.77	1.4	0.134866
1.77	1.41	0.127592
1.77	1.42	0.120518
1.77	1.43	0.113645
1.77	1.44	0.106972
1.77	1.45	0.1005
1.77	1.46	0.0942276
1.77	1.47	0.0881558
1.77	1.48	0.0822844
1.77	1.49	0.0766134
1.77	1.5	0.0711428
1.77	1.51	0.0658725
1.77	1.52	0.0608025
1.77	1.53	0.0559329
1.77	1.54	0.0512635
1.77	1.55	0.0467945
1.77	1.56	0.0425259
1.77	1.57	0.0384575
1.77	1.58	0.0345894
1.77	1.59	0.0309216
1.77	1.6	0.0274541
1.77	1.61	0.0241868
1.77	1.62	0.0211198
1.77	1.63	0.0182531
1.77	1.64	0.0155866
1.77	1.65	0.0131204
1.77	1.66	0.0108544
1.77	1.67	0.00878862
1.77	1.68	0.00692307
1.77	1.69	0.00525773
1.77	1.7	0.00379261
1.77	1.71	0.00252768
1.77	1.72	0.00146295
1.77	1.73	0.000598402
1.77	1.74	-6.59659e-05
1.77	1.75	-0.000530163
1.77	1.76	-0.000794195
1.77	1.77	-0.000858071
1.77	1.78	-0.000721797
1.77	1.79	-0.00038538
1.77	1.8	0.000151172
1.77	1.81	0.000887853
1.77	1.82	0.00182466
1.77	1.83	0.00296157
1.77	1.84	0.0042986
1.77	1.85	0.00583572
1.77	1.86	0.00757294
1.77	1.87	0.00951025
1.77	1.88	0.0116476
1.77	1.89	0.0139851
1.77	1.9	0.0165226
1.77	1.91	0.0192602
1.77	1.92	0.0221978
1.77	1.93	0.0253355
1.77	1.94	0.0286732
1.77	1.95	0.032211
1.77	1.96	0.0359488
1.77	1.97	0.0398866
1.77	1.98	0.0440244
1.77	1.99	0.0483622
1.77	2	0.0529
1.775	0	3.15062
1.775	0.01	3.11518
1.775	0.02	3.07994
1.775	0.03	3.04489
1.775	0.04	3.01005
1.775	0.05	2.9754
1.775	0.06	2.94096
1.775	0.07	2.90671
1.775	0.08	2.87267
1.775	0.09	2.83882
1.775	0.1	2.80518
1.775	0.11	2.77174
1.775	0.12	2.73849
1.775	0.13	2.70545
1.775	0.14	2.6726
1.775	0.15	2.63996
1.775	0.16	2.60752
1.775	0.17	2.57528
1.775	0.18	2.54323
1.775	0.19	2.51139
1.775	0.2	2.47975
1.775	0.21	2.44831
1.775	0.22	2.41706
1.775	0.23	2.38602
1.775	0.24	2.35518
1.775	0.25	2.32454
1.775	0.26	2.2941
1.775	0.27	2.26386
1.775	0.28	2.23382
1.775	0.29	2.20398
1.775	0.3	2.17434
1.775	0.31	2.14491
1.775	0.32	2.11567
1.775	0.33	2.08663
1.775	0.34	2.05779
1.775	0.35	2.02916
1.775	0.36	2.00072
1.775	0.37	1.97248
1.775	0.38	1.94445
1.775	0.39	1.91661
1.775	0.4	1.88898
1.775	0.41	1.86155
1.775	0.42	1.83431
1.775	0.43	1.80728
1.775	0.44	1.78045
1.775	0.45	1.75382
1.775	0.46	1.72738
1.775	0.47	1.70115
1.775	0.48	1.67512
1.775	0.49	1.64929
1.775	0.5	1.62366
1.775	0.51	1.59823
1.775	0.52	1.57301
1.775	0.53	1.54798
1.775	0.54	1.52315
1.775	0.55	1.49853
1.775	0.56	1.4741
1.775	0.57	1.44988
1.775	0.58	1.42585
1.775	0.59	1.40203
1.775	0.6	1.3784
1.775	0.61	1.35498
1.775	0.62	1.33176
1.775	0.63	1.30874
1.775	0.64	1.28592
1.775	0.65	1.2633
1.775	0.66	1.24088
1.775	0.67	1.21866
1.775	0.68	1.19664
1.775	0.69	1.17483
1.775	0.7	1.15321
1.775	0.71	1.13179
1.775	0.72	1.11058
1.775	0.73	1.08956
1.775	0.74	1.06875
1.775	0.75	1.04813
1.775	0.76	1.02772
1.775	0.77	1.00751
1.775	0.78	0.987499
1.775	0.79	0.967688
1.775	0.8	0.948078
1.775	0.81	0.928669
1.775	0.82	0.90946
1.775	0.83	0.890452
1.775	0.84	0.871645
1.775	0.85	0.853039
1.775	0.86	0.834633
1.775	0.87	0.816427
1.775	0.88	0.798423
1.775	0.89	0.780619
1.775	0.9	0.763016
1.775	0.91	0.745613
1.775	0.92	0.728411
1.775	0.93	0.71141
1.775	0.94	0.694609
1.775	0.95	0.678009
1.775	0.96	0.66161
1.775	0.97	0.645412
1.775	0.98	0.629414
1.775	0.99	0.613616
1.775	1	0.59802
1.775	1.01	0.582624
1.775	1.02	0.567428
1.775	1.03	0.552433
1.775	1.04	0.537639
1.775	1.05	0.523046
1.775	1.06	0.508653
1.775	1.07	0.494461
1.775	1.08	0.480469
1.775	1.09	0.466678
1.775	1.1	0.453087
1.775	1.11	0.439698
1.775	1.12	0.426508
1.775	1.13	0.41352
1.775	1.14	0.400732
1.775	1.15	0.388144
1.775	1.16	0.375757
1.775	1.17	0.363571
1.775	1.18	0.351585
1.775	1.19	0.3398
1.775	1.2	0.328215
1.775	1.21	0.316831
1.775	1.22	0.305647
1.775	1.23	0.294664
1.775	1.24	0.283882
1.775	1.25	0.2733
1.775	1.26	0.262918
1.775	1.27	0.252737
1.775	1.28	0.242757
1.775	1.29	0.232977
1.775	1.3	0.223397
1.775	1.31	0.214018
1.775	1.32	0.20484
1.775	1.33	0.195862
1.775	1.34	0.187084
1.775	1.35	0.178507
1.775	1.36	0.17013
1.775	1.37	0.161954
1.775	1.38	0.153978
1.775	1.39	0.146202
1.775	1.4	0.138627
1.775	1.41	0.131253
1.775	1.42	0.124079
1.775	1.43	0.117105
1.775	1.44	0.110332
1.775	1.45	0.103759
1.775	1.46	0.097386
1.775	1.47	0.0912137
1.775	1.48	0.0852418
1.775	1.49	0.0794703
1.775	1.5	0.0738991
1.775	1.51	0.0685283
1.775	1.52	0.0633578
1.775	1.53	0.0583876
1.775	1.54	0.0536177
1.775	1.55	0.0490482
1.775	1.56	0.0446789
1.775	1.57	0.04051
1.775	1.58	0.0365413
1.775	1.59	0.032773
1.775	1.6	0.0292049
1.775	1.61	0.025837
1.775	1.62	0.0226695
1.775	1.63	0.0197021
1.775	1.64	0.0169351
1.775	1.65	0.0143682
1.775	1.66	0.0120016
1.775	1.67	0.00983523
1.775	1.68	0.00786907
1.775	1.69	0.00610311
1.775	1.7	0.00453736
1.775	1.71	0.00317181
1.775	1.72	0.00200645
1.775	1.73	0.00104127
1.775	1.74	0.000276267
1.775	1.75	-0.000288569
1.775	1.76	-0.000653244
1.775	1.77	-0.000817764
1.775	1.78	-0.000782137
1.775	1.79	-0.00054637
1.775	1.8	-0.00011047
1.775	1.81	0.000525557
1.775	1.82	0.0013617
1.775	1.83	0.00239796
1.775	1.84	0.00363432
1.775	1.85	0.00507079
1.775	1.86	0.00670734
1.775	1.87	0.00854398
1.775	1.88	0.0105807
1.775	1.89	0.0128175
1.775	1.9	0.0152543
1.775	1.91	0.0178913
1.775	1.92	0.0207282
1.775	1.93	0.0237652
1.775	1.94	0.0270023
1.775	1.95	0.0304394
1.775	1.96	0.0340765
1.775	1.97	0.0379136
1.775	1.98	0.0419507
1.775	1.99	0.0461879
1.775	2	0.050625
1.78	0	3.1684
1.78	0.01	3.13286
1.78	0.02	3.09751
1.78	0.03	3.06237
1.78	0.04	3.02742
1.78	0.05	2.99268
1.78	0.06	2.95814
1.78	0.07	2.92379
1.78	0.08	2.88965
1.78	0.09	2.85571
1.78	0.1	2.82196
1.78	0.11	2.78842
1.78	0.12	2.75508
1.78	0.13	2.72193
1.78	0.14	2.68899
1.78	0.15	2.65625
1.78	0.16	2.62371
1.78	0.17	2.59136
1.78	0.18	2.55922
1.78	0.19	2.52728
1.78	0.2	2.49554
1.78	0.21	2.464
1.78	0.22	2.43266
1.78	0.23	2.40152
1.78	0.24	2.37058
1.78	0.25	2.33984
1.78	0.26	2.3093
1.78	0.27	2.27896
1.78	0.28	2.24882
1.78	0.29	2.21888
1.78	0.3	2.18914
1.78	0.31	2.15961
1.78	0.32	2.13027
1.78	0.33	2.10113
1.78	0.34	2.07219
1.78	0.35	2.04346
1.78	0.36	2.01492
1.78	0.37	1.98659
1.78	0.38	1.95845
1.78	0.39	1.93052
1.78	0.4	1.90278
1.78	0.41	1.87525
1.78	0.42	1.84792
1.78	0.43	1.82079
1.78	0.44	1.79385
1.78	0.45	1.76712
1.78	0.46	1.74059
1.78	0.47	1.71426
1.78	0.48	1.68813
1.78	0.49	1.6622
1.78	0.5	1.63647
1.78	0.51	1.61095
1.78	0.52	1.58562
1.78	0.53	1.56049
1.78	0.54	1.53557
1.78	0.55	1.51084
1.78	0.56	1.48632
1.78	0.57	1.46199
1.78	0.58	1.43787
1.78	0.59	1.41394
1.78	0.6	1.39022
1.78	0.61	1.3667
1.78	0.62	1.34338
1.78	0.63	1.32026
1.78	0.64	1.29734
1.78	0.65	1.27462
1.78	0.66	1.2521
1.78	0.67	1.22978
1.78	0.68	1.20766
1.78	0.69	1.18574
1.78	0.7	1.16403
1.78	0.71	1.14251
1.78	0.72	1.1212
1.78	0.73	1.10008
1.78	0.74	1.07917
1.78	0.75	1.05846
1.78	0.76	1.03794
1.78	0.77	1.01763
1.78	0.78	0.997521
1.78	0.79	0.977611
1.78	0.8	0.957901
1.78	0.81	0.938392
1.78	0.82	0.919083
1.78	0.83	0.899975
1.78	0.84	0.881068
1.78	0.85	0.862362
1.78	0.86	0.843856
1.78	0.87	0.825551
1.78	0.88	0.807446
1.78	0.89	0.789543
1.78	0.9	0.771839
1.78	0.91	0.754337
1.78	0.92	0.737035
1.78	0.93	0.719934
1.78	0.94	0.703033
1.78	0.95	0.686333
1.78	0.96	0.669834
1.78	0.97	0.653535
1.78	0.98	0.637437
1.78	0.99	0.62154
1.78	1	0.605843
1.78	1.01	0.590347
1.78	1.02	0.575052
1.78	1.03	0.559957
1.78	1.04	0.545063
1.78	1.05	0.530369
1.78	1.06	0.515876
1.78	1.07	0.501583
1.78	1.08	0.487492
1.78	1.09	0.4736
1.78	1.1	0.45991
1.78	1.11	0.44642
1.78	1.12	0.43313
1.78	1.13	0.420041
1.78	1.14	0.407153
1.78	1.15	0.394465
1.78	1.16	0.381978
1.78	1.17	0.369692
1.78	1.18	0.357606
1.78	1.19	0.34572
1.78	1.2	0.334035
1.78	1.21	0.322551
1.78	1.22	0.311267
1.78	1.23	0.300183
1.78	1.24	0.2893
1.78	1.25	0.278618
1.78	1.26	0.268136
1.78	1.27	0.257855
1.78	1.28	0.247774
1.78	1.29	0.237894
1.78	1.3	0.228214
1.78	1.31	0.218734
1.78	1.32	0.209455
1.78	1.33	0.200377
1.78	1.34	0.191499
1.78	1.35	0.182821
1.78	1.36	0.174344
1.78	1.37	0.166067
1.78	1.38	0.157991
1.78	1.39	0.150115
1.78	1.4	0.14244
1.78	1.41	0.134965
1.78	1.42	0.12769
1.78	1.43	0.120616
1.78	1.44	0.113742
1.78	1.45	0.107068
1.78	1.46	0.100595
1.78	1.47	0.0943225
1.78	1.48	0.0882501
1.78	1.49	0.082378
1.78	1.5	0.0767063
1.78	1.51	0.0712349
1.78	1.52	0.0659639
1.78	1.53	0.0608931
1.78	1.54	0.0560227
1.78	1.55	0.0513526
1.78	1.56	0.0468828
1.78	1.57	0.0426133
1.78	1.58	0.038544
1.78	1.59	0.034675
1.78	1.6	0.0310063
1.78	1.61	0.0275379
1.78	1.62	0.0242697
1.78	1.63	0.0212018
1.78	1.64	0.0183341
1.78	1.65	0.0156666
1.78	1.66	0.0131994
1.78	1.67	0.0109324
1.78	1.68	0.00886562
1.78	1.69	0.00699903
1.78	1.7	0.00533264
1.78	1.71	0.00386645
1.78	1.72	0.00260044
1.78	1.73	0.00153461
1.78	1.74	0.000668954
1.78	1.75	3.46272e-06
1.78	1.76	-0.000461871
1.78	1.77	-0.000727053
1.78	1.78	-0.00079209
1.78	1.79	-0.00065699
1.78	1.8	-0.000321759
1.78	1.81	0.000213595
1.78	1.82	0.000949067
1.78	1.83	0.00188465
1.78	1.84	0.00302034
1.78	1.85	0.00435612
1.78	1.86	0.00589199
1.78	1.87	0.00762795
1.78	1.88	0.00956398
1.78	1.89	0.0117001
1.78	1.9	0.0140363
1.78	1.91	0.0165725
1.78	1.92	0.0193088
1.78	1.93	0.0222451
1.78	1.94	0.0253814
1.78	1.95	0.0287178
1.78	1.96	0.0322542
1.78	1.97	0.0359907
1.78	1.98	0.0399271
1.78	1.99	0.0440636
1.78	2	0.0484
1.785	0	3.18623
1.785	0.01	3.15058
1.785	0.02	3.11514
1.785	0.03	3.0799
1.785	0.04	3.04485
1.785	0.05	3.01001
1.785	0.06	2.97537
1.785	0.07	2.94092
1.785	0.08	2.90668
1.785	0.09	2.87264
1.785	0.1	2.8388
1.785	0.11	2.80515
1.785	0.12	2.77171
1.785	0.13	2.73847
1.785	0.14	2.70543
1.785	0.15	2.67259
1.785	0.16	2.63994
1.785	0.17	2.6075
1.785	0.18	2.57526
1.785	0.19	2.54322
1.785	0.2	2.51138
1.785	0.21	2.47974
1.785	0.22	2.4483
1.785	0.23	2.41706
1.785	0.24	2.38602
1.785	0.25	2.35518
1.785	0.26	2.32454
1.785	0.27	2.29411
1.785	0.28	2.26387
1.785	0.29	2.23383
1.785	0.3	2.20399
1.785	0.31	2.17436
1.785	0.32	2.14492
1.785	0.33	2.11568
1.785	0.34	2.08665
1.785	0.35	2.05781
1.785	0.36	2.02918
1.785	0.37	2.00074
1.785	0.38	1.97251
1.785	0.39	1.94447
1.785	0.4	1.91664
1.785	0.41	1.88901
1.785	0.42	1.86158
1.785	0.43	1.83434
1.785	0.44	1.80731
1.785	0.45	1.78048
1.785	0.46	1.75385
1.785	0.47	1.72742
1.785	0.48	1.70119
1.785	0.49	1.67517
1.785	0.5	1.64934
1.785	0.51	1.62371
1.785	0.52	1.59828
1.785	0.53	1.57306
1.785	0.54	1.54803
1.785	0.55	1.52321
1.785	0.56	1.49858
1.785	0.57	1.47416
1.785	0.58	1.44993
1.785	0.59	1.42591
1.785	0.6	1.40209
1.785	0.61	1.37847
1.785	0.62	1.35505
1.785	0.63	1.33182
1.785	0.64	1.3088
1.785	0.65	1.28599
1.785	0.66	1.26337
1.785	0.67	1.24095
1.785	0.68	1.21873
1.785	0.69	1.19672
1.785	0.7	1.1749
1.785	0.71	1.15328
1.785	0.72	1.13187
1.785	0.73	1.11065
1.785	0.74	1.08964
1.785	0.75	1.06883
1.785	0.76	1.04822
1.785	0.77	1.0278
1.785	0.78	1.00759
1.785	0.79	0.987583
1.785	0.8	0.967774
1.785	0.81	0.948165
1.785	0.82	0.928757
1.785	0.83	0.909549
1.785	0.84	0.890542
1.785	0.85	0.871736
1.785	0.86	0.85313
1.785	0.87	0.834725
1.785	0.88	0.81652
1.785	0.89	0.798517
1.785	0.9	0.780714
1.785	0.91	0.763111
1.785	0.92	0.745709
1.785	0.93	0.728508
1.785	0.94	0.711508
1.785	0.95	0.694708
1.785	0.96	0.678108
1.785	0.97	0.66171
1.785	0.98	0.645512
1.785	0.99	0.629514
1.785	1	0.613717
1.785	1.01	0.598121
1.785	1.02	0.582726
1.785	1.03	0.567531
1.785	1.04	0.552536
1.785	1.05	0.537743
1.785	1.06	0.523149
1.785	1.07	0.508757
1.785	1.08	0.494565
1.785	1.09	0.480573
1.785	1.1	0.466783
1.785	1.11	0.453192
1.785	1.12	0.439803
1.785	1.13	0.426614
1.785	1.14	0.413625
1.785	1.15	0.400837
1.785	1.16	0.38825
1.785	1.17	0.375863
1.785	1.18	0.363677
1.785	1.19	0.351691
1.785	1.2	0.339906
1.785	1.21	0.328321
1.785	1.22	0.316937
1.785	1.23	0.305753
1.785	1.24	0.29477
1.785	1.25	0.283987
1.785	1.26	0.273405
1.785	1.27	0.263023
1.785	1.28	0.252842
1.785	1.29	0.242861
1.785	1.3	0.233081
1.785	1.31	0.223501
1.785	1.32	0.214122
1.785	1.33	0.204943
1.785	1.34	0.195964
1.785	1.35	0.187186
1.785	1.36	0.178609
1.785	1.37	0.170231
1.785	1.38	0.162055
1.785	1.39	0.154078
1.785	1.4	0.146302
1.785	1.41	0.138727
1.785	1.42	0.131352
1.785	1.43	0.124177
1.785	1.44	0.117202
1.785	1.45	0.110428
1.785	1.46	0.103855
1.785	1.47	0.0974813
1.785	1.48	0.0913084
1.785	1.49	0.0853358
1.785	1.5	0.0795635
1.785	1.51	0.0739916
1.785	1.52	0.06862
1.785	1.53	0.0634487
1.785	1.54	0.0584777
1.785	1.55	0.053707
1.785	1.56	0.0491366
1.785	1.57	0.0447665
1.785	1.58	0.0405967
1.785	1.59	0.0366271
1.785	1.6	0.0328578
1.785	1.61	0.0292888
1.785	1.62	0.02592
1.785	1.63	0.0227515
1.785	1.64	0.0197832
1.785	1.65	0.0170151
1.785	1.66	0.0144472
1.785	1.67	0.0120796
1.785	1.68	0.00991218
1.785	1.69	0.00794496
1.785	1.7	0.00617793
1.785	1.71	0.0046111
1.785	1.72	0.00324444
1.785	1.73	0.00207796
1.785	1.74	0.00111165
1.785	1.75	0.000345505
1.785	1.76	-0.000220487
1.785	1.77	-0.000586331
1.785	1.78	-0.000752034
1.785	1.79	-0.000717601
1.785	1.8	-0.00048304
1.785	1.81	-4.83573e-05
1.785	1.82	0.00058644
1.785	1.83	0.00142135
1.785	1.84	0.00245635
1.785	1.85	0.00369146
1.785	1.86	0.00512665
1.785	1.87	0.00676192
1.785	1.88	0.00859727
1.785	1.89	0.0106327
1.785	1.9	0.0128682
1.785	1.91	0.0153037
1.785	1.92	0.0179393
1.785	1.93	0.0207749
1.785	1.94	0.0238106
1.785	1.95	0.0270463
1.785	1.96	0.030482
1.785	1.97	0.0341177
1.785	1.98	0.0379535
1.785	1.99	0.0419892
1.785	2	0.046225
1.79	0	3.2041
1.79	0.01	3.16836
1.79	0.02	3.13282
1.79	0.03	3.09747
1.79	0.04	3.06233
1.79	0.05	3.02739
1.79	0.06	2.99265
1.79	0.07	2.9581
1.79	0.08	2.92376
1.79	0.09	2.88962
1.79	0.1	2.85568
1.79	0.11	2.82194
1.79	0.12	2.7884
1.79	0.13	2.75506
1.79	0.14	2.72191
1.79	0.15	2.68897
1.79	0.16	2.65623
1.79	0.17	2.62369
1.79	0.18	2.59135
1.79	0.19	2.55921
1.79	0.2	2.52727
1.79	0.21	2.49553
1.79	0.22	2.46399
1.79	0.23	2.43265
1.79	0.24	2.40152
1.79	0.25	2.37058
1.79	0.26	2.33984
1.79	0.27	2.3093
1.79	0.28	2.27896
1.79	0.29	2.24883
1.79	0.3	2.21889
1.79	0.31	2.18915
1.79	0.32	2.15962
1.79	0.33	2.13028
1.79	0.34	2.10115
1.79	0.35	2.07221
1.79	0.36	2.04348
1.79	0.37	2.01495
1.79	0.38	1.98661
1.79	0.39	1.95848
1.79	0.4	1.93055
1.79	0.41	1.90281
1.79	0.42	1.87528
1.79	0.43	1.84795
1.79	0.44	1.82082
1.79	0.45	1.79389
1.79	0.46	1.76716
1.79	0.47	1.74063
1.79	0.48	1.7143
1.79	0.49	1.68818
1.79	0.5	1.66225
1.79	0.51	1.63652
1.79	0.52	1.611
1.79	0.53	1.58567
1.79	0.54	1.56054
1.79	0.55	1.53562
1.79	0.56	1.5109
1.79	0.57	1.48637
1.79	0.58	1.46205
1.79	0.59	1.43793
1.79	0.6	1.414
1.79	0.61	1.39028
1.79	0.62	1.36676
1.79	0.63	1.34344
1.79	0.64	1.32032
1.79	0.65	1.2974
1.79	0.66	1.27469
1.79	0.67	1.25217
1.79	0.68	1.22985
1.79	0.69	1.20774
1.79	0.7	1.18582
1.79	0.71	1.1641
1.79	0.72	1.14259
1.79	0.73	1.12128
1.79	0.74	1.10016
1.79	0.75	1.07925
1.79	0.76	1.05854
1.79	0.77	1.03803
1.79	0.78	1.01772
1.79	0.79	0.997606
1.79	0.8	0.977697
1.79	0.81	0.957988
1.79	0.82	0.93848
1.79	0.83	0.919173
1.79	0.84	0.900066
1.79	0.85	0.881159
1.79	0.86	0.862454
1.79	0.87	0.843949
1.79	0.88	0.825645
1.79	0.89	0.807541
1.79	0.9	0.789638
1.79	0.91	0.771935
1.79	0.92	0.754434
1.79	0.93	0.737132
1.79	0.94	0.720032
1.79	0.95	0.703132
1.79	0.96	0.686433
1.79	0.97	0.669934
1.79	0.98	0.653636
1.79	0.99	0.637538
1.79	1	0.621642
1.79	1.01	0.605945
1.79	1.02	0.59045
1.79	1.03	0.575155
1.79	1.04	0.56006
1.79	1.05	0.545166
1.79	1.06	0.530473
1.79	1.07	0.51598
1.79	1.08	0.501688
1.79	1.09	0.487597
1.79	1.1	0.473706
1.79	1.11	0.460015
1.79	1.12	0.446525
1.79	1.13	0.433236
1.79	1.14	0.420147
1.79	1.15	0.407259
1.79	1.16	0.394571
1.79	1.17	0.382084
1.79	1.18	0.369798
1.79	1.19	0.357712
1.79	1.2	0.345826
1.79	1.21	0.334141
1.79	1.22	0.322656
1.79	1.23	0.311372
1.79	1.24	0.300289
1.79	1.25	0.289406
1.79	1.26	0.278723
1.79	1.27	0.268241
1.79	1.28	0.25796
1.79	1.29	0.247879
1.79	1.3	0.237998
1.79	1.31	0.228318
1.79	1.32	0.218838
1.79	1.33	0.209559
1.79	1.34	0.20048
1.79	1.35	0.191601
1.79	1.36	0.182923
1.79	1.37	0.174446
1.79	1.38	0.166168
1.79	1.39	0.158092
1.79	1.4	0.150215
1.79	1.41	0.142539
1.79	1.42	0.135064
1.79	1.43	0.127788
1.79	1.44	0.120713
1.79	1.45	0.113839
1.79	1.46	0.107165
1.79	1.47	0.100691
1.79	1.48	0.0944175
1.79	1.49	0.0883443
1.79	1.5	0.0824715
1.79	1.51	0.076799
1.79	1.52	0.0713269
1.79	1.53	0.066055
1.79	1.54	0.0609834
1.79	1.55	0.0561122
1.79	1.56	0.0514412
1.79	1.57	0.0469705
1.79	1.58	0.0427001
1.79	1.59	0.0386299
1.79	1.6	0.03476
1.79	1.61	0.0310903
1.79	1.62	0.0276209
1.79	1.63	0.0243518
1.79	1.64	0.0212828
1.79	1.65	0.0184141
1.79	1.66	0.0157456
1.79	1.67	0.0132774
1.79	1.68	0.0110093
1.79	1.69	0.00894141
1.79	1.7	0.00707373
1.79	1.71	0.00540623
1.79	1.72	0.00393891
1.79	1.73	0.00267177
1.79	1.74	0.00160479
1.79	1.75	0.000737969
1.79	1.76	7.13012e-05
1.79	1.77	-0.000395221
1.79	1.78	-0.000661605
1.79	1.79	-0.000727856
1.79	1.8	-0.000593981
1.79	1.81	-0.000259988
1.79	1.82	0.000274119
1.79	1.83	0.00100833
1.79	1.84	0.00194264
1.79	1.85	0.00307705
1.79	1.86	0.00441154
1.79	1.87	0.00594612
1.79	1.88	0.00768076
1.79	1.89	0.00961548
1.79	1.9	0.0117503
1.79	1.91	0.0140851
1.79	1.92	0.01662
1.79	1.93	0.0193549
1.79	1.94	0.0222898
1.79	1.95	0.0254248
1.79	1.96	0.0287598
1.79	1.97	0.0322949
1.79	1.98	0.0360299
1.79	1.99	0.039965
1.79	2	0.0441
1.795	0	3.22202
1.795	0.01	3.18618
1.795	0.02	3.15054
1.795	0.03	3.1151
1.795	0.04	3.07986
1.795	0.05	3.04482
1.795	0.06	3.00998
1.795	0.07	2.97534
1.795	0.08	2.94089
1.795	0.09	2.90665
1.795	0.1	2.87261
1.795	0.11	2.83877
1.795	0.12	2.80513
1.795	0.13	2.77169
1.795	0.14	2.73845
1.795	0.15	2.70541
1.795	0.16	2.67257
1.795	0.17	2.63993
1.795	0.18	2.60749
1.795	0.19	2.57525
1.795	0.2	2.54321
1.795	0.21	2.51138
1.795	0.22	2.47974
1.795	0.23	2.4483
1.795	0.24	2.41706
1.795	0.25	2.38602
1.795	0.26	2.35519
1.795	0.27	2.32455
1.795	0.28	2.29411
1.795	0.29	2.26388
1.795	0.3	2.23384
1.795	0.31	2.20401
1.795	0.32	2.17437
1.795	0.33	2.14494
1.795	0.34	2.1157
1.795	0.35	2.08667
1.795	0.36	2.05783
1.795	0.37	2.0292
1.795	0.38	2.00077
1.795	0.39	1.97254
1.795	0.4	1.9445
1.795	0.41	1.91667
1.795	0.42	1.88904
1.795	0.43	1.86161
1.795	0.44	1.83438
1.795	0.45	1.80735
1.795	0.46	1.78052
1.795	0.47	1.75389
1.795	0.48	1.72747
1.795	0.49	1.70124
1.795	0.5	1.67521
1.795	0.51	1.64939
1.795	0.52	1.62376
1.795	0.53	1.59833
1.795	0.54	1.57311
1.795	0.55	1.54809
1.795	0.56	1.52326
1.795	0.57	1.49864
1.795	0.58	1.47422
1.795	0.59	1.44999
1.795	0.6	1.42597
1.795	0.61	1.40215
1.795	0.62	1.37853
1.795	0.63	1.35511
1.795	0.64	1.33189
1.795	0.65	1.30887
1.795	0.66	1.28606
1.795	0.67	1.26344
1.795	0.68	1.24102
1.795	0.69	1.21881
1.795	0.7	1.19679
1.795	0.71	1.17498
1.795	0.72	1.15336
1.795	0.73	1.13195
1.795	0.74	1.11074
1.795	0.75	1.08972
1.795	0.76	1.06891
1.795	0.77	1.0483
1.795	0.78	1.02789
1.795	0.79	1.00768
1.795	0.8	0.987671
1.795	0.81	0.967863
1.795	0.82	0.948255
1.795	0.83	0.928847
1.795	0.84	0.909641
1.795	0.85	0.890634
1.795	0.86	0.871829
1.795	0.87	0.853224
1.795	0.88	0.83482
1.795	0.89	0.816616
1.795	0.9	0.798613
1.795	0.91	0.780811
1.795	0.92	0.763209
1.795	0.93	0.745808
1.795	0.94	0.728608
1.795	0.95	0.711608
1.795	0.96	0.694808
1.795	0.97	0.67821
1.795	0.98	0.661811
1.795	0.99	0.645614
1.795	1	0.629617
1.795	1.01	0.613821
1.795	1.02	0.598225
1.795	1.03	0.58283
1.795	1.04	0.567635
1.795	1.05	0.552641
1.795	1.06	0.537848
1.795	1.07	0.523255
1.795	1.08	0.508863
1.795	1.09	0.494671
1.795	1.1	0.48068
1.795	1.11	0.466889
1.795	1.12	0.453299
1.795	1.13	0.439909
1.795	1.14	0.42672
1.795	1.15	0.413732
1.795	1.16	0.400944
1.795	1.17	0.388357
1.795	1.18	0.37597
1.795	1.19	0.363784
1.795	1.2	0.351798
1.795	1.21	0.340012
1.795	1.22	0.328427
1.795	1.23	0.317043
1.795	1.24	0.305859
1.795	1.25	0.294876
1.795	1.26	0.284093
1.795	1.27	0.273511
1.795	1.28	0.263129
1.795	1.29	0.252947
1.795	1.3	0.242966
1.795	1.31	0.233185
1.795	1.32	0.223605
1.795	1.33	0.214225
1.795	1.34	0.205046
1.795	1.35	0.196067
1.795	1.36	0.187289
1.795	1.37	0.178711
1.795	1.38	0.170333
1.795	1.39	0.162156
1.795	1.4	0.154179
1.795	1.41	0.146402
1.795	1.42	0.138826
1.795	1.43	0.13145
1.795	1.44	0.124275
1.795	1.45	0.1173
1.795	1.46	0.110525
1.795	1.47	0.103951
1.795	1.48	0.097577
1.795	1.49	0.0914033
1.795	1.5	0.0854299
1.795	1.51	0.0796569
1.795	1.52	0.0740841
1.795	1.53	0.0687117
1.795	1.54	0.0635395
1.795	1.55	0.0585677
1.795	1.56	0.0537961
1.795	1.57	0.0492248
1.795	1.58	0.0448538
1.795	1.59	0.040683
1.795	1.6	0.0367125
1.795	1.61	0.0329422
1.795	1.62	0.0293722
1.795	1.63	0.0260024
1.795	1.64	0.0228328
1.795	1.65	0.0198634
1.795	1.66	0.0170943
1.795	1.67	0.0145254
1.795	1.68	0.0121566
1.795	1.69	0.00998811
1.795	1.7	0.00801977
1.795	1.71	0.0062516
1.795	1.72	0.00468362
1.795	1.73	0.0033158
1.795	1.74	0.00214814
1.795	1.75	0.00118064
1.795	1.76	0.000413289
1.795	1.77	-0.00015392
1.795	1.78	-0.000520993
1.795	1.79	-0.000687936
1.795	1.8	-0.000654756
1.795	1.81	-0.000421459
1.795	1.82	1.19482e-05
1.795	1.83	0.00064546
1.795	1.84	0.00147907
1.795	1.85	0.00251277
1.795	1.86	0.00374655
1.795	1.87	0.00518042
1.795	1.88	0.00681436
1.795	1.89	0.00864836
1.795	1.9	0.0106824
1.795	1.91	0.0129165
1.795	1.92	0.0153507
1.795	1.93	0.0179849
1.795	1.94	0.0208192
1.795	1.95	0.0238534
1.795	1.96	0.0270877
1.795	1.97	0.030522
1.795	1.98	0.0341563
1.795	1.99	0.0379907
1.795	2	0.042025
1.8	0	3.24
1.8	0.01	3.20406
1.8	0.02	3.16832
1.8	0.03	3.13278
1.8	0.04	3.09744
1.8	0.05	3.0623
1.8	0.06	3.02736
1.8	0.07	2.99262
1.8	0.08	2.95808
1.8	0.09	2.92374
1.8	0.1	2.8896
1.8	0.11	2.85566
1.8	0.12	2.82192
1.8	0.13	2.78838
1.8	0.14	2.75504
1.8	0.15	2.7219
1.8	0.16	2.68896
1.8	0.17	2.65622
1.8	0.18	2.62368
1.8	0.19	2.59134
1.8	0.2	2.55921
1.8	0.21	2.52727
1.8	0.22	2.49553
1.8	0.23	2.46399
1.8	0.24	2.43266
1.8	0.25	2.40152
1.8	0.26	2.37058
1.8	0.27	2.33985
1.8	0.28	2.30931
1.8	0.29	2.27898
1.8	0.3	2.24884
1.8	0.31	2.21891
1.8	0.32	2.18917
1.8	0.33	2.15964
1.8	0.34	2.1303
1.8	0.35	2.10117
1.8	0.36	2.07224
1.8	0.37	2.04351
1.8	0.38	2.01497
1.8	0.39	1.98664
1.8	0.4	1.95851
1.8	0.41	1.93058
1.8	0.42	1.90285
1.8	0.43	1.87532
1.8	0.44	1.84799
1.8	0.45	1.82086
1.8	0.46	1.79393
1.8	0.47	1.76721
1.8	0.48	1.74068
1.8	0.49	1.71435
1.8	0.5	1.68822
1.8	0.51	1.6623
1.8	0.52	1.63657
1.8	0.53	1.61105
1.8	0.54	1.58572
1.8	0.55	1.5606
1.8	0.56	1.53568
1.8	0.57	1.51096
1.8	0.58	1.48643
1.8	0.59	1.46211
1.8	0.6	1.43799
1.8	0.61	1.41407
1.8	0.62	1.39035
1.8	0.63	1.36683
1.8	0.64	1.34351
1.8	0.65	1.32039
1.8	0.66	1.29748
1.8	0.67	1.27476
1.8	0.68	1.25224
1.8	0.69	1.22993
1.8	0.7	1.20781
1.8	0.71	1.1859
1.8	0.72	1.16418
1.8	0.73	1.14267
1.8	0.74	1.12136
1.8	0.75	1.10025
1.8	0.76	1.07934
1.8	0.77	1.05862
1.8	0.78	1.03811
1.8	0.79	1.0178
1.8	0.8	0.997695
1.8	0.81	0.977787
1.8	0.82	0.958079
1.8	0.83	0.938572
1.8	0.84	0.919265
1.8	0.85	0.900159
1.8	0.86	0.881254
1.8	0.87	0.862549
1.8	0.88	0.844045
1.8	0.89	0.825742
1.8	0.9	0.807639
1.8	0.91	0.789736
1.8	0.92	0.772035
1.8	0.93	0.754534
1.8	0.94	0.737233
1.8	0.95	0.720133
1.8	0.96	0.703234
1.8	0.97	0.686535
1.8	0.98	0.670037
1.8	0.99	0.653739
1.8	1	0.637642
1.8	1.01	0.621746
1.8	1.02	0.60605
1.8	1.03	0.590555
1.8	1.04	0.57526
1.8	1.05	0.560166
1.8	1.06	0.545272
1.8	1.07	0.530579
1.8	1.08	0.516087
1.8	1.09	0.501795
1.8	1.1	0.487704
1.8	1.11	0.473813
1.8	1.12	0.460123
1.8	1.13	0.446633
1.8	1.14	0.433344
1.8	1.15	0.420255
1.8	1.16	0.407367
1.8	1.17	0.394679
1.8	1.18	0.382192
1.8	1.19	0.369905
1.8	1.2	0.357819
1.8	1.21	0.345934
1.8	1.22	0.334248
1.8	1.23	0.322764
1.8	1.24	0.31148
1.8	1.25	0.300396
1.8	1.26	0.289513
1.8	1.27	0.27883
1.8	1.28	0.268347
1.8	1.29	0.258066
1.8	1.3	0.247984
1.8	1.31	0.238103
1.8	1.32	0.228422
1.8	1.33	0.218942
1.8	1.34	0.209663
1.8	1.35	0.200583
1.8	1.36	0.191704
1.8	1.37	0.183026
1.8	1.38	0.174548
1.8	1.39	0.16627
1.8	1.4	0.158193
1.8	1.41	0.150316
1.8	1.42	0.142639
1.8	1.43	0.135163
1.8	1.44	0.127887
1.8	1.45	0.120811
1.8	1.46	0.113936
1.8	1.47	0.107261
1.8	1.48	0.100786
1.8	1.49	0.0945122
1.8	1.5	0.0884383
1.8	1.51	0.0825647
1.8	1.52	0.0768914
1.8	1.53	0.0714184
1.8	1.54	0.0661456
1.8	1.55	0.0610732
1.8	1.56	0.056201
1.8	1.57	0.0515291
1.8	1.58	0.0470575
1.8	1.59	0.0427861
1.8	1.6	0.038715
1.8	1.61	0.0348441
1.8	1.62	0.0311734
1.8	1.63	0.027703
1.8	1.64	0.0244328
1.8	1.65	0.0213628
1.8	1.66	0.018493
1.8	1.67	0.0158234
1.8	1.68	0.013354
1.8	1.69	0.0110848
1.8	1.7	0.00901582
1.8	1.71	0.00714699
1.8	1.72	0.00547833
1.8	1.73	0.00400984
1.8	1.74	0.0027415
1.8	1.75	0.00167332
1.8	1.76	0.000805287
1.8	1.77	0.000137391
1.8	1.78	-0.000330372
1.8	1.79	-0.000598007
1.8	1.8	-0.000665522
1.8	1.81	-0.000532922
1.8	1.82	-0.000200215
1.8	1.83	0.000332595
1.8	1.84	0.0010655
1.8	1.85	0.00199849
1.8	1.86	0.00313157
1.8	1.87	0.00446473
1.8	1.88	0.00599795
1.8	1.89	0.00773125
1.8	1.9	0.0096646
1.8	1.91	0.011798
1.8	1.92	0.0141314
1.8	1.93	0.0166649
1.8	1.94	0.0193985
1.8	1.95	0.022332
1.8	1.96	0.0254656
1.8	1.97	0.0287992
1.8	1.98	0.0323328
1.8	1.99	0.0360664
1.8	2	0.04
1.805	0	3.25803
1.805	0.01	3.22199
1.805	0.02	3.18615
1.805	0.03	3.15051
1.805	0.04	3.11507
1.805	0.05	3.07983
1.805	0.06	3.04479
1.805	0.07	3.00995
1.805	0.08	2.97531
1.805	0.09	2.94087
1.805	0.1	2.90663
1.805	0.11	2.87259
1.805	0.12	2.83875
1.805	0.13	2.80511
1.805	0.14	2.77168
1.805	0.15	2.73844
1.805	0.16	2.7054
1.805	0.17	2.67256
1.805	0.18	2.63992
1.805	0.19	2.60749
1.805	0.2	2.57525
1.805	0.21	2.54321
1.805	0.22	2.51137
1.805	0.23	2.47974
1.805	0.24	2.4483
1.805	0.25	2.41707
1.805	0.26	2.38603
1.805	0.27	2.3552
1.805	0.28	2.32456
1.805	0.29	2.29413
1.805	0.3	2.26389
1.805	0.31	2.23386
1.805	0.32	2.20402
1.805	0.33	2.17439
1.805	0.34	2.14496
1.805	0.35	2.11572
1.805	0.36	2.08669
1.805	0.37	2.05786
1.805	0.38	2.02923
1.805	0.39	2.0008
1.805	0.4	1.97257
1.805	0.41	1.94454
1.805	0.42	1.91671
1.805	0.43	1.88908
1.805	0.44	1.86165
1.805	0.45	1.83442
1.805	0.46	1.80739
1.805	0.47	1.78057
1.805	0.48	1.75394
1.805	0.49	1.72751
1.805	0.5	1.70129
1.805	0.51	1.67526
1.805	0.52	1.64944
1.805	0.53	1.62381
1.805	0.54	1.59839
1.805	0.55	1.57317
1.805	0.56	1.54814
1.805	0.57	1.52332
1.805	0.58	1.4987
1.805	0.59	1.47428
1.805	0.6	1.45006
1.805	0.61	1.42604
1.805	0.62	1.40222
1.805	0.63	1.3786
1.805	0.64	1.35518
1.805	0.65	1.33197
1.805	0.66	1.30895
1.805	0.67	1.28613
1.805	0.68	1.26352
1.805	0.69	1.2411
1.805	0.7	1.21889
1.805	0.71	1.19687
1.805	0.72	1.17506
1.805	0.73	1.15345
1.805	0.74	1.13203
1.805	0.75	1.11082
1.805	0.76	1.08981
1.805	0.77	1.069
1.805	0.78	1.04839
1.805	0.79	1.02798
1.805	0.8	1.00777
1.805	0.81	0.987763
1.805	0.82	0.967955
1.805	0.83	0.948348
1.805	0.84	0.928941
1.805	0.85	0.909736
1.805	0.86	0.89073
1.805	0.87	0.871926
1.805	0.88	0.853322
1.805	0.89	0.834918
1.805	0.9	0.816715
1.805	0.91	0.798713
1.805	0.92	0.780911
1.805	0.93	0.76331
1.805	0.94	0.74591
1.805	0.95	0.72871
1.805	0.96	0.711711
1.805	0.97	0.694912
1.805	0.98	0.678314
1.805	0.99	0.661916
1.805	1	0.645719
1.805	1.01	0.629722
1.805	1.02	0.613927
1.805	1.03	0.598331
1.805	1.04	0.582936
1.805	1.05	0.567742
1.805	1.06	0.552748
1.805	1.07	0.537955
1.805	1.08	0.523363
1.805	1.09	0.508971
1.805	1.1	0.494779
1.805	1.11	0.480788
1.805	1.12	0.466997
1.805	1.13	0.453408
1.805	1.14	0.440018
1.805	1.15	0.426829
1.805	1.16	0.413841
1.805	1.17	0.401053
1.805	1.18	0.388465
1.805	1.19	0.376078
1.805	1.2	0.363892
1.805	1.21	0.351906
1.805	1.22	0.340121
1.805	1.23	0.328536
1.805	1.24	0.317151
1.805	1.25	0.305967
1.805	1.26	0.294983
1.805	1.27	0.2842
1.805	1.28	0.273617
1.805	1.29	0.263235
1.805	1.3	0.253053
1.805	1.31	0.243072
1.805	1.32	0.233291
1.805	1.33	0.22371
1.805	1.34	0.21433
1.805	1.35	0.20515
1.805	1.36	0.196171
1.805	1.37	0.187392
1.805	1.38	0.178813
1.805	1.39	0.170435
1.805	1.4	0.162257
1.805	1.41	0.15428
1.805	1.42	0.146502
1.805	1.43	0.138926
1.805	1.44	0.131549
1.805	1.45	0.124373
1.805	1.46	0.117397
1.805	1.47	0.110622
1.805	1.48	0.104047
1.805	1.49	0.097672
1.805	1.5	0.0914975
1.805	1.51	0.0855233
1.805	1.52	0.0797494
1.805	1.53	0.0741758
1.805	1.54	0.0688025
1.805	1.55	0.0636294
1.805	1.56	0.0586566
1.805	1.57	0.0538841
1.805	1.58	0.0493118
1.805	1.59	0.0449398
1.805	1.6	0.0407681
1.805	1.61	0.0367965
1.805	1.62	0.0330252
1.805	1.63	0.0294542
1.805	1.64	0.0260833
1.805	1.65	0.0229126
1.805	1.66	0.0199422
1.805	1.67	0.0171719
1.805	1.68	0.0146019
1.805	1.69	0.012232
1.805	1.7	0.0100623
1.805	1.71	0.00809283
1.805	1.72	0.00632349
1.805	1.73	0.00475431
1.805	1.74	0.00338528
1.805	1.75	0.0022164
1.805	1.76	0.00124766
1.805	1.77	0.000479067
1.805	1.78	-8.94008e-05
1.805	1.79	-0.000457744
1.805	1.8	-0.000625969
1.805	1.81	-0.000594083
1.805	1.82	-0.00036209
1.805	1.83	7.00017e-05
1.805	1.84	0.000702187
1.805	1.85	0.00153446
1.805	1.86	0.00256682
1.805	1.87	0.00379925
1.805	1.88	0.00523175
1.805	1.89	0.00686431
1.805	1.9	0.00869693
1.805	1.91	0.0107296
1.805	1.92	0.0129623
1.805	1.93	0.0153951
1.805	1.94	0.0180279
1.805	1.95	0.0208607
1.805	1.96	0.0238935
1.805	1.97	0.0271264
1.805	1.98	0.0305593
1.805	1.99	0.0341921
1.805	2	0.038025
1.81	0	3.2761
1.81	0.01	3.23996
1.81	0.02	3.20402
1.81	0.03	3.16828
1.81	0.04	3.13274
1.81	0.05	3.09741
1.81	0.06	3.06227
1.81	0.07	3.02733
1.81	0.08	2.99259
1.81	0.09	2.95805
1.81	0.1	2.92371
1.81	0.11	2.88958
1.81	0.12	2.85564
1.81	0.13	2.8219
1.81	0.14	2.78836
1.81	0.15	2.75503
1.81	0.16	2.72189
1.81	0.17	2.68895
1.81	0.18	2.65621
1.81	0.19	2.62368
1.81	0.2	2.59134
1.81	0.21	2.5592
1.81	0.22	2.52727
1.81	0.23	2.49553
1.81	0.24	2.464
1.81	0.25	2.43266
1.81	0.26	2.40153
1.81	0.27	2.37059
1.81	0.28	2.33986
1.81	0.29	2.30933
1.81	0.3	2.27899
1.81	0.31	2.24886
1.81	0.32	2.21893
1.81	0.33	2.18919
1.81	0.34	2.15966
1.81	0.35	2.13033
1.81	0.36	2.1012
1.81	0.37	2.07227
1.81	0.38	2.04354
1.81	0.39	2.01501
1.81	0.4	1.98668
1.81	0.41	1.95855
1.81	0.42	1.93062
1.81	0.43	1.90289
1.81	0.44	1.87536
1.81	0.45	1.84803
1.81	0.46	1.82091
1.81	0.47	1.79398
1.81	0.48	1.76725
1.81	0.49	1.74073
1.81	0.5	1.7144
1.81	0.51	1.68828
1.81	0.52	1.66235
1.81	0.53	1.63663
1.81	0.54	1.61111
1.81	0.55	1.58578
1.81	0.56	1.56066
1.81	0.57	1.53574
1.81	0.58	1.51102
1.81	0.59	1.4865
1.81	0.6	1.46218
1.81	0.61	1.43806
1.81	0.62	1.41414
1.81	0.63	1.39042
1.81	0.64	1.3669
1.81	0.65	1.34359
1.81	0.66	1.32047
1.81	0.67	1.29755
1.81	0.68	1.27484
1.81	0.69	1.25232
1.81	0.7	1.23001
1.81	0.71	1.2079
1.81	0.72	1.18598
1.81	0.73	1.16427
1.81	0.74	1.14276
1.81	0.75	1.12145
1.81	0.76	1.10033
1.81	0.77	1.07942
1.81	0.78	1.05871
1.81	0.79	1.03821
1.81	0.8	1.0179
1.81	0.81	0.997789
1.81	0.82	0.977881
1.81	0.83	0.958174
1.81	0.84	0.938668
1.81	0.85	0.919362
1.81	0.86	0.900257
1.81	0.87	0.881353
1.81	0.88	0.862649
1.81	0.89	0.844145
1.81	0.9	0.825843
1.81	0.91	0.80774
1.81	0.92	0.789839
1.81	0.93	0.772138
1.81	0.94	0.754637
1.81	0.95	0.737337
1.81	0.96	0.720238
1.81	0.97	0.703339
1.81	0.98	0.686641
1.81	0.99	0.670143
1.81	1	0.653846
1.81	1.01	0.637749
1.81	1.02	0.621853
1.81	1.03	0.606158
1.81	1.04	0.590663
1.81	1.05	0.575369
1.81	1.06	0.560275
1.81	1.07	0.545382
1.81	1.08	0.530689
1.81	1.09	0.516196
1.81	1.1	0.501905
1.81	1.11	0.487814
1.81	1.12	0.473923
1.81	1.13	0.460233
1.81	1.14	0.446743
1.81	1.15	0.433454
1.81	1.16	0.420365
1.81	1.17	0.407477
1.81	1.18	0.394789
1.81	1.19	0.382302
1.81	1.2	0.370015
1.81	1.21	0.357929
1.81	1.22	0.346043
1.81	1.23	0.334358
1.81	1.24	0.322873
1.81	1.25	0.311588
1.81	1.26	0.300504
1.81	1.27	0.289621
1.81	1.28	0.278938
1.81	1.29	0.268455
1.81	1.3	0.258173
1.81	1.31	0.248091
1.81	1.32	0.238209
1.81	1.33	0.228528
1.81	1.34	0.219048
1.81	1.35	0.209768
1.81	1.36	0.200688
1.81	1.37	0.191808
1.81	1.38	0.183129
1.81	1.39	0.17465
1.81	1.4	0.166372
1.81	1.41	0.158294
1.81	1.42	0.150416
1.81	1.43	0.142739
1.81	1.44	0.135262
1.81	1.45	0.127985
1.81	1.46	0.120909
1.81	1.47	0.114033
1.81	1.48	0.107357
1.81	1.49	0.100882
1.81	1.5	0.0946067
1.81	1.51	0.0885319
1.81	1.52	0.0826574
1.81	1.53	0.0769832
1.81	1.54	0.0715093
1.81	1.55	0.0662356
1.81	1.56	0.0611622
1.81	1.57	0.0562891
1.81	1.58	0.0516162
1.81	1.59	0.0471436
1.81	1.6	0.0428712
1.81	1.61	0.038799
1.81	1.62	0.0349271
1.81	1.63	0.0312553
1.81	1.64	0.0277838
1.81	1.65	0.0245125
1.81	1.66	0.0214414
1.81	1.67	0.0185705
1.81	1.68	0.0158998
1.81	1.69	0.0134292
1.81	1.7	0.0111589
1.81	1.71	0.00908868
1.81	1.72	0.00721865
1.81	1.73	0.00554878
1.81	1.74	0.00407906
1.81	1.75	0.00280949
1.81	1.76	0.00174005
1.81	1.77	0.000870752
1.81	1.78	0.000201579
1.81	1.79	-0.000267473
1.81	1.8	-0.000536409
1.81	1.81	-0.000605235
1.81	1.82	-0.000473959
1.81	1.83	-0.000142584
1.81	1.84	0.000388881
1.81	1.85	0.00112043
1.81	1.86	0.00205206
1.81	1.87	0.00318377
1.81	1.88	0.00451554
1.81	1.89	0.00604738
1.81	1.9	0.00777927
1.81	1.91	0.00971121
1.81	1.92	0.0118432
1.81	1.93	0.0141752
1.81	1.94	0.0167073
1.81	1.95	0.0194394
1.81	1.96	0.0223715
1.81	1.97	0.0255036
1.81	1.98	0.0288357
1.81	1.99	0.0323679
1.81	2	0.0361
1.815	0	3.29422
1.815	0.01	3.25799
1.815	0.02	3.22195
1.815	0.03	3.18611
1.815	0.04	3.15047
1.815	0.05	3.11504
1.815	0.06	3.0798
1.815	0.07	3.04476
1.815	0.08	3.00992
1.815	0.09	2.97529
1.815	0.1	2.94085
1.815	0.11	2.90661
1.815	0.12	2.87257
1.815	0.13	2.83874
1.815	0.14	2.8051
1.815	0.15	2.77166
1.815	0.16	2.73843
1.815	0.17	2.70539
1.815	0.18	2.67255
1.815	0.19	2.63992
1.815	0.2	2.60748
1.815	0.21	2.57525
1.815	0.22	2.54321
1.815	0.23	2.51138
1.815	0.24	2.47974
1.815	0.25	2.44831
1.815	0.26	2.41708
1.815	0.27	2.38604
1.815	0.28	2.35521
1.815	0.29	2.32458
1.815	0.3	2.29414
1.815	0.31	2.26391
1.815	0.32	2.23388
1.815	0.33	2.20405
1.815	0.34	2.17441
1.815	0.35	2.14498
1.815	0.36	2.11575
1.815	0.37	2.08672
1.815	0.38	2.05789
1.815	0.39	2.02926
1.815	0.4	2.00083
1.815	0.41	1.97261
1.815	0.42	1.94458
1.815	0.43	1.91675
1.815	0.44	1.88912
1.815	0.45	1.86169
1.815	0.46	1.83447
1.815	0.47	1.80744
1.815	0.48	1.78062
1.815	0.49	1.75399
1.815	0.5	1.72757
1.815	0.51	1.70134
1.815	0.52	1.67532
1.815	0.53	1.6495
1.815	0.54	1.62387
1.815	0.55	1.59845
1.815	0.56	1.57323
1.815	0.57	1.54821
1.815	0.58	1.52339
1.815	0.59	1.49877
1.815	0.6	1.47435
1.815	0.61	1.45013
1.815	0.62	1.42611
1.815	0.63	1.40229
1.815	0.64	1.37868
1.815	0.65	1.35526
1.815	0.66	1.33204
1.815	0.67	1.30903
1.815	0.68	1.28621
1.815	0.69	1.2636
1.815	0.7	1.24118
1.815	0.71	1.21897
1.815	0.72	1.19696
1.815	0.73	1.17514
1.815	0.74	1.15353
1.815	0.75	1.13212
1.815	0.76	1.11091
1.815	0.77	1.0899
1.815	0.78	1.06909
1.815	0.79	1.04848
1.815	0.8	1.02807
1.815	0.81	1.00786
1.815	0.82	0.987858
1.815	0.83	0.968051
1.815	0.84	0.948445
1.815	0.85	0.929039
1.815	0.86	0.909834
1.815	0.87	0.89083
1.815	0.88	0.872026
1.815	0.89	0.853423
1.815	0.9	0.83502
1.815	0.91	0.816818
1.815	0.92	0.798816
1.815	0.93	0.781015
1.815	0.94	0.763414
1.815	0.95	0.746015
1.815	0.96	0.728815
1.815	0.97	0.711816
1.815	0.98	0.695018
1.815	0.99	0.67842
1.815	1	0.662023
1.815	1.01	0.645826
1.815	1.02	0.62983
1.815	1.03	0.614035
1.815	1.04	0.59844
1.815	1.05	0.583045
1.815	1.06	0.567851
1.815	1.07	0.552858
1.815	1.08	0.538065
1.815	1.09	0.523472
1.815	1.1	0.509081
1.815	1.11	0.494889
1.815	1.12	0.480898
1.815	1.13	0.467108
1.815	1.14	0.453518
1.815	1.15	0.440128
1.815	1.16	0.426939
1.815	1.17	0.413951
1.815	1.18	0.401163
1.815	1.19	0.388575
1.815	1.2	0.376188
1.815	1.21	0.364002
1.815	1.22	0.352016
1.815	1.23	0.34023
1.815	1.24	0.328645
1.815	1.25	0.31726
1.815	1.26	0.306076
1.815	1.27	0.295092
1.815	1.28	0.284308
1.815	1.29	0.273725
1.815	1.3	0.263342
1.815	1.31	0.25316
1.815	1.32	0.243178
1.815	1.33	0.233397
1.815	1.34	0.223816
1.815	1.35	0.214435
1.815	1.36	0.205255
1.815	1.37	0.196275
1.815	1.38	0.187495
1.815	1.39	0.178916
1.815	1.4	0.170537
1.815	1.41	0.162358
1.815	1.42	0.15438
1.815	1.43	0.146602
1.815	1.44	0.139025
1.815	1.45	0.131648
1.815	1.46	0.124471
1.815	1.47	0.117494
1.815	1.48	0.110718
1.815	1.49	0.104142
1.815	1.5	0.0977666
1.815	1.51	0.0915912
1.815	1.52	0.0856161
1.815	1.53	0.0798413
1.815	1.54	0.0742668
1.815	1.55	0.0688925
1.815	1.56	0.0637185
1.815	1.57	0.0587447
1.815	1.58	0.0539712
1.815	1.59	0.0493979
1.815	1.6	0.0450249
1.815	1.61	0.0408521
1.815	1.62	0.0368795
1.815	1.63	0.0331071
1.815	1.64	0.0295349
1.815	1.65	0.0261629
1.815	1.66	0.0229912
1.815	1.67	0.0200196
1.815	1.68	0.0172482
1.815	1.69	0.0146769
1.815	1.7	0.0123059
1.815	1.71	0.010135
1.815	1.72	0.00816425
1.815	1.73	0.00639367
1.815	1.74	0.00482324
1.815	1.75	0.00345295
1.815	1.76	0.00228281
1.815	1.77	0.00131279
1.815	1.78	0.000542894
1.815	1.79	-2.68804e-05
1.815	1.8	-0.000396542
1.815	1.81	-0.000566097
1.815	1.82	-0.000535551
1.815	1.83	-0.00030491
1.815	1.84	0.000125821
1.815	1.85	0.000756635
1.815	1.86	0.00158753
1.815	1.87	0.00261849
1.815	1.88	0.00384952
1.815	1.89	0.00528061
1.815	1.9	0.00691176
1.815	1.91	0.00874295
1.815	1.92	0.0107742
1.815	1.93	0.0130055
1.815	1.94	0.0154368
1.815	1.95	0.0180681
1.815	1.96	0.0208995
1.815	1.97	0.0239308
1.815	1.98	0.0271622
1.815	1.99	0.0305936
1.815	2	0.034225
1.82	0	3.3124
1.82	0.01	3.27606
1.82	0.02	3.23993
1.82	0.03	3.20399
1.82	0.04	3.16825
1.82	0.05	3.13272
1.82	0.06	3.09738
1.82	0.07	3.06224
1.82	0.08	3.02731
1.82	0.09	2.99257
1.82	0.1	2.95803
1.82	0.11	2.9237
1.82	0.12	2.88956
1.82	0.13	2.85562
1.82	0.14	2.82189
1.82	0.15	2.78835
1.82	0.16	2.75502
1.82	0.17	2.72188
1.82	0.18	2.68895
1.82	0.19	2.65621
1.82	0.2	2.62368
1.82	0.21	2.59134
1.82	0.22	2.55921
1.82	0.23	2.52727
1.82	0.24	2.49554
1.82	0.25	2.46401
1.82	0.26	2.43267
1.82	0.27	2.40154
1.82	0.28	2.37061
1.82	0.29	2.33988
1.82	0.3	2.30934
1.82	0.31	2.27901
1.82	0.32	2.24888
1.82	0.33	2.21895
1.82	0.34	2.18922
1.82	0.35	2.15969
1.82	0.36	2.13036
1.82	0.37	2.10123
1.82	0.38	2.0723
1.82	0.39	2.04357
1.82	0.4	2.01504
1.82	0.41	1.98671
1.82	0.42	1.95859
1.82	0.43	1.93066
1.82	0.44	1.90293
1.82	0.45	1.87541
1.82	0.46	1.84808
1.82	0.47	1.82096
1.82	0.48	1.79403
1.82	0.49	1.76731
1.82	0.5	1.74078
1.82	0.51	1.71446
1.82	0.52	1.68834
1.82	0.53	1.66241
1.82	0.54	1.63669
1.82	0.55	1.61117
1.82	0.56	1.58585
1.82	0.57	1.56073
1.82	0.58	1.53581
1.82	0.59	1.51109
1.82	0.6	1.48657
1.82	0.61	1.46225
1.82	0.62	1.43813
1.82	0.63	1.41421
1.82	0.64	1.3905
1.82	0.65	1.36698
1.82	0.66	1.34367
1.82	0.67	1.32055
1.82	0.68	1.29763
1.82	0.69	1.27492
1.82	0.7	1.25241
1.82	0.71	1.23009
1.82	0.72	1.20798
1.82	0.73	1.18607
1.82	0.74	1.16436
1.82	0.75	1.14285
1.82	0.76	1.12154
1.82	0.77	1.10043
1.82	0.78	1.07952
1.82	0.79	1.05881
1.82	0.8	1.0383
1.82	0.81	1.01799
1.82	0.82	0.997885
1.82	0.83	0.977978
1.82	0.84	0.958272
1.82	0.85	0.938767
1.82	0.86	0.919462
1.82	0.87	0.900358
1.82	0.88	0.881454
1.82	0.89	0.862751
1.82	0.9	0.844248
1.82	0.91	0.825946
1.82	0.92	0.807844
1.82	0.93	0.789943
1.82	0.94	0.772243
1.82	0.95	0.754743
1.82	0.96	0.737444
1.82	0.97	0.720345
1.82	0.98	0.703446
1.82	0.99	0.686749
1.82	1	0.670251
1.82	1.01	0.653955
1.82	1.02	0.637858
1.82	1.03	0.621963
1.82	1.04	0.606268
1.82	1.05	0.590773
1.82	1.06	0.575479
1.82	1.07	0.560385
1.82	1.08	0.545492
1.82	1.09	0.530799
1.82	1.1	0.516307
1.82	1.11	0.502016
1.82	1.12	0.487925
1.82	1.13	0.474034
1.82	1.14	0.460344
1.82	1.15	0.446854
1.82	1.16	0.433565
1.82	1.17	0.420476
1.82	1.18	0.407588
1.82	1.19	0.3949
1.82	1.2	0.382413
1.82	1.21	0.370126
1.82	1.22	0.358039
1.82	1.23	0.346153
1.82	1.24	0.334468
1.82	1.25	0.322982
1.82	1.26	0.311698
1.82	1.27	0.300613
1.82	1.28	0.289729
1.82	1.29	0.279046
1.82	1.3	0.268563
1.82	1.31	0.25828
1.82	1.32	0.248198
1.82	1.33	0.238316
1.82	1.34	0.228634
1.82	1.35	0.219153
1.82	1.36	0.209872
1.82	1.37	0.200792
1.82	1.38	0.191912
1.82	1.39	0.183232
1.82	1.4	0.174753
1.82	1.41	0.166474
1.82	1.42	0.158395
1.82	1.43	0.150517
1.82	1.44	0.142839
1.82	1.45	0.135361
1.82	1.46	0.128083
1.82	1.47	0.121006
1.82	1.48	0.11413
1.82	1.49	0.107453
1.82	1.5	0.100977
1.82	1.51	0.0947008
1.82	1.52	0.0886252
1.82	1.53	0.0827498
1.82	1.54	0.0770746
1.82	1.55	0.0715997
1.82	1.56	0.0663251
1.82	1.57	0.0612507
1.82	1.58	0.0563765
1.82	1.59	0.0517026
1.82	1.6	0.0472289
1.82	1.61	0.0429554
1.82	1.62	0.0388822
1.82	1.63	0.0350091
1.82	1.64	0.0313363
1.82	1.65	0.0278636
1.82	1.66	0.0245911
1.82	1.67	0.0215189
1.82	1.68	0.0186468
1.82	1.69	0.0159748
1.82	1.7	0.0135031
1.82	1.71	0.0112315
1.82	1.72	0.00916004
1.82	1.73	0.00728876
1.82	1.74	0.00561761
1.82	1.75	0.00414661
1.82	1.76	0.00287574
1.82	1.77	0.001805
1.82	1.78	0.000934375
1.82	1.79	0.00026387
1.82	1.8	-0.000206525
1.82	1.81	-0.000476816
1.82	1.82	-0.000547008
1.82	1.83	-0.000417107
1.82	1.84	-8.71186e-05
1.82	1.85	0.000442951
1.82	1.86	0.0011731
1.82	1.87	0.00210331
1.82	1.88	0.00323359
1.82	1.89	0.00456393
1.82	1.9	0.00609433
1.82	1.91	0.00782477
1.82	1.92	0.00975525
1.82	1.93	0.0118858
1.82	1.94	0.0142163
1.82	1.95	0.0167469
1.82	1.96	0.0194775
1.82	1.97	0.0224081
1.82	1.98	0.0255387
1.82	1.99	0.0288694
1.82	2	0.0324
1.825	0	3.33063
1.825	0.01	3.29419
1.825	0.02	3.25795
1.825	0.03	3.22192
1.825	0.04	3.18608
1.825	0.05	3.15044
1.825	0.06	3.11501
1.825	0.07	3.07977
1.825	0.08	3.04474
1.825	0.09	3.0099
1.825	0.1	2.97527
1.825	0.11	2.94083
1.825	0.12	2.9066
1.825	0.13	2.87256
1.825	0.14	2.83873
1.825	0.15	2.80509
1.825	0.16	2.77166
1.825	0.17	2.73842
1.825	0.18	2.70539
1.825	0.19	2.67255
1.825	0.2	2.63992
1.825	0.21	2.60749
1.825	0.22	2.57525
1.825	0.23	2.54322
1.825	0.24	2.51139
1.825	0.25	2.47975
1.825	0.26	2.44832
1.825	0.27	2.41709
1.825	0.28	2.38606
1.825	0.29	2.35523
1.825	0.3	2.32459
1.825	0.31	2.29416
1.825	0.32	2.26393
1.825	0.33	2.2339
1.825	0.34	2.20407
1.825	0.35	2.17444
1.825	0.36	2.14501
1.825	0.37	2.11579
1.825	0.38	2.08676
1.825	0.39	2.05793
1.825	0.4	2.0293
1.825	0.41	2.00087
1.825	0.42	1.97265
1.825	0.43	1.94462
1.825	0.44	1.91679
1.825	0.45	1.88917
1.825	0.46	1.86174
1.825	0.47	1.83452
1.825	0.48	1.80749
1.825	0.49	1.78067
1.825	0.5	1.75405
1.825	0.51	1.72762
1.825	0.52	1.7014
1.825	0.53	1.67538
1.825	0.54	1.64956
1.825	0.55	1.62394
1.825	0.56	1.59852
1.825	0.57	1.5733
1.825	0.58	1.54828
1.825	0.59	1.52346
1.825	0.6	1.49884
1.825	0.61	1.47442
1.825	0.62	1.4502
1.825	0.63	1.42619
1.825	0.64	1.40237
1.825	0.65	1.37875
1.825	0.66	1.35534
1.825	0.67	1.33212
1.825	0.68	1.30911
1.825	0.69	1.28629
1.825	0.7	1.26368
1.825	0.71	1.24127
1.825	0.72	1.21906
1.825	0.73	1.19704
1.825	0.74	1.17523
1.825	0.75	1.15362
1.825	0.76	1.13221
1.825	0.77	1.111
1.825	0.78	1.08999
1.825	0.79	1.06918
1.825	0.8	1.04858
1.825	0.81	1.02817
1.825	0.82	1.00796
1.825	0.83	0.987956
1.825	0.84	0.96815
1.825	0.85	0.948545
1.825	0.86	0.92914
1.825	0.87	0.909936
1.825	0.88	0.890932
1.825	0.89	0.872129
1.825	0.9	0.853526
1.825	0.91	0.835124
1.825	0.92	0.816923
1.825	0.93	0.798922
1.825	0.94	0.781121
1.825	0.95	0.763521
1.825	0.96	0.746122
1.825	0.97	0.728923
1.825	0.98	0.711925
1.825	0.99	0.695127
1.825	1	0.67853
1.825	1.01	0.662133
1.825	1.02	0.645936
1.825	1.03	0.629941
1.825	1.04	0.614145
1.825	1.05	0.598551
1.825	1.06	0.583156
1.825	1.07	0.567963
1.825	1.08	0.552969
1.825	1.09	0.538176
1.825	1.1	0.523584
1.825	1.11	0.509192
1.825	1.12	0.495001
1.825	1.13	0.48101
1.825	1.14	0.46722
1.825	1.15	0.45363
1.825	1.16	0.44024
1.825	1.17	0.427051
1.825	1.18	0.414063
1.825	1.19	0.401275
1.825	1.2	0.388687
1.825	1.21	0.3763
1.825	1.22	0.364113
1.825	1.23	0.352126
1.825	1.24	0.34034
1.825	1.25	0.328755
1.825	1.26	0.31737
1.825	1.27	0.306185
1.825	1.28	0.295201
1.825	1.29	0.284417
1.825	1.3	0.273833
1.825	1.31	0.26345
1.825	1.32	0.253267
1.825	1.33	0.243285
1.825	1.34	0.233503
1.825	1.35	0.223922
1.825	1.36	0.21454
1.825	1.37	0.205359
1.825	1.38	0.196379
1.825	1.39	0.187599
1.825	1.4	0.179019
1.825	1.41	0.170639
1.825	1.42	0.16246
1.825	1.43	0.154481
1.825	1.44	0.146702
1.825	1.45	0.139124
1.825	1.46	0.131746
1.825	1.47	0.124568
1.825	1.48	0.117591
1.825	1.49	0.110814
1.825	1.5	0.104237
1.825	1.51	0.0978605
1.825	1.52	0.0916842
1.825	1.53	0.0857082
1.825	1.54	0.0799324
1.825	1.55	0.0743569
1.825	1.56	0.0689817
1.825	1.57	0.0638066
1.825	1.58	0.0588318
1.825	1.59	0.0540573
1.825	1.6	0.0494829
1.825	1.61	0.0451088
1.825	1.62	0.0409349
1.825	1.63	0.0369611
1.825	1.64	0.0331876
1.825	1.65	0.0296143
1.825	1.66	0.0262411
1.825	1.67	0.0230682
1.825	1.68	0.0200954
1.825	1.69	0.0173228
1.825	1.7	0.0147503
1.825	1.71	0.012378
1.825	1.72	0.0102059
1.825	1.73	0.00823385
1.825	1.74	0.006462
1.825	1.75	0.00489027
1.825	1.76	0.00351868
1.825	1.77	0.00234721
1.825	1.78	0.00137586
1.825	1.79	0.000604628
1.825	1.8	3.34992e-05
1.825	1.81	-0.000337527
1.825	1.82	-0.000508458
1.825	1.83	-0.000479297
1.825	1.84	-0.000250052
1.825	1.85	0.000179273
1.825	1.86	0.000808672
1.825	1.87	0.00163814
1.825	1.88	0.00266767
1.825	1.89	0.00389726
1.825	1.9	0.0053269
1.825	1.91	0.00695659
1.825	1.92	0.00878632
1.825	1.93	0.0108161
1.825	1.94	0.0130459
1.825	1.95	0.0154757
1.825	1.96	0.0181055
1.825	1.97	0.0209354
1.825	1.98	0.0239653
1.825	1.99	0.0271951
1.825	2	0.030625
1.83	0	3.3489
1.83	0.01	3.31236
1.83	0.02	3.27603
1.83	0.03	3.23989
1.83	0.04	3.20396
1.83	0.05	3.16822
1.83	0.06	3.13269
1.83	0.07	3.09735
1.83	0.08	3.06222
1.83	0.09	3.02729
1.83	0.1	2.99255
1.83	0.11	2.95802
1.83	0.12	2.92368
1.83	0.13	2.88955
1.83	0.14	2.85561
1.83	0.15	2.82188
1.83	0.16	2.78835
1.83	0.17	2.75501
1.83	0.18	2.72188
1.83	0.19	2.68895
1.83	0.2	2.65621
1.83	0.21	2.62368
1.83	0.22	2.59135
1.83	0.23	2.55922
1.83	0.24	2.52728
1.83	0.25	2.49555
1.83	0.26	2.46402
1.83	0.27	2.43269
1.83	0.28	2.40156
1.83	0.29	2.37063
1.83	0.3	2.3399
1.83	0.31	2.30937
1.83	0.32	2.27904
1.83	0.33	2.24891
1.83	0.34	2.21898
1.83	0.35	2.18925
1.83	0.36	2.15972
1.83	0.37	2.13039
1.83	0.38	2.10126
1.83	0.39	2.07234
1.83	0.4	2.04361
1.83	0.41	2.01508
1.83	0.42	1.98676
1.83	0.43	1.95863
1.83	0.44	1.93071
1.83	0.45	1.90298
1.83	0.46	1.87546
1.83	0.47	1.84813
1.83	0.48	1.82101
1.83	0.49	1.79409
1.83	0.5	1.76736
1.83	0.51	1.74084
1.83	0.52	1.71452
1.83	0.53	1.6884
1.83	0.54	1.66248
1.83	0.55	1.63676
1.83	0.56	1.61124
1.83	0.57	1.58592
1.83	0.58	1.5608
1.83	0.59	1.53588
1.83	0.6	1.51116
1.83	0.61	1.48664
1.83	0.62	1.46233
1.83	0.63	1.43821
1.83	0.64	1.41429
1.83	0.65	1.39058
1.83	0.66	1.36706
1.83	0.67	1.34375
1.83	0.68	1.32063
1.83	0.69	1.29772
1.83	0.7	1.27501
1.83	0.71	1.25249
1.83	0.72	1.23018
1.83	0.73	1.20807
1.83	0.74	1.18616
1.83	0.75	1.16445
1.83	0.76	1.14294
1.83	0.77	1.12163
1.83	0.78	1.10052
1.83	0.79	1.07961
1.83	0.8	1.0589
1.83	0.81	1.0384
1.83	0.82	1.01809
1.83	0.83	0.997984
1.83	0.84	0.978079
1.83	0.85	0.958374
1.83	0.86	0.938869
1.83	0.87	0.919565
1.83	0.88	0.900461
1.83	0.89	0.881558
1.83	0.9	0.862856
1.83	0.91	0.844354
1.83	0.92	0.826052
1.83	0.93	0.807951
1.83	0.94	0.790051
1.83	0.95	0.772351
1.83	0.96	0.754851
1.83	0.97	0.737552
1.83	0.98	0.720454
1.83	0.99	0.703556
1.83	1	0.686859
1.83	1.01	0.670362
1.83	1.02	0.654065
1.83	1.03	0.63797
1.83	1.04	0.622074
1.83	1.05	0.606379
1.83	1.06	0.590885
1.83	1.07	0.575591
1.83	1.08	0.560497
1.83	1.09	0.545604
1.83	1.1	0.530912
1.83	1.11	0.51642
1.83	1.12	0.502128
1.83	1.13	0.488037
1.83	1.14	0.474147
1.83	1.15	0.460456
1.83	1.16	0.446967
1.83	1.17	0.433677
1.83	1.18	0.420588
1.83	1.19	0.4077
1.83	1.2	0.395012
1.83	1.21	0.382524
1.83	1.22	0.370237
1.83	1.23	0.358151
1.83	1.24	0.346264
1.83	1.25	0.334578
1.83	1.26	0.323093
1.83	1.27	0.311808
1.83	1.28	0.300723
1.83	1.29	0.289839
1.83	1.3	0.279155
1.83	1.31	0.268671
1.83	1.32	0.258388
1.83	1.33	0.248305
1.83	1.34	0.238423
1.83	1.35	0.228741
1.83	1.36	0.219259
1.83	1.37	0.209977
1.83	1.38	0.200896
1.83	1.39	0.192016
1.83	1.4	0.183335
1.83	1.41	0.174855
1.83	1.42	0.166575
1.83	1.43	0.158496
1.83	1.44	0.150617
1.83	1.45	0.142938
1.83	1.46	0.135459
1.83	1.47	0.128181
1.83	1.48	0.121103
1.83	1.49	0.114225
1.83	1.5	0.107548
1.83	1.51	0.101071
1.83	1.52	0.0947939
1.83	1.53	0.0887173
1.83	1.54	0.0828409
1.83	1.55	0.0771648
1.83	1.56	0.0716889
1.83	1.57	0.0664132
1.83	1.58	0.0613377
1.83	1.59	0.0564625
1.83	1.6	0.0517875
1.83	1.61	0.0473127
1.83	1.62	0.0430381
1.83	1.63	0.0389637
1.83	1.64	0.0350895
1.83	1.65	0.0314154
1.83	1.66	0.0279416
1.83	1.67	0.0246679
1.83	1.68	0.0215944
1.83	1.69	0.0187211
1.83	1.7	0.0160479
1.83	1.71	0.0135749
1.83	1.72	0.0113021
1.83	1.73	0.00922933
1.83	1.74	0.00735675
1.83	1.75	0.00568429
1.83	1.76	0.00421196
1.83	1.77	0.00293976
1.83	1.78	0.00186767
1.83	1.79	0.000995685
1.83	1.8	0.000323809
1.83	1.81	-0.000147967
1.83	1.82	-0.00041965
1.83	1.83	-0.000491245
1.83	1.84	-0.000362756
1.83	1.85	-3.41902e-05
1.83	1.86	0.000494448
1.83	1.87	0.00122315
1.83	1.88	0.00215192
1.83	1.89	0.00328074
1.83	1.9	0.00460961
1.83	1.91	0.00613853
1.83	1.92	0.00786749
1.83	1.93	0.00979649
1.83	1.94	0.0119255
1.83	1.95	0.0142546
1.83	1.96	0.0167836
1.83	1.97	0.0195127
1.83	1.98	0.0224418
1.83	1.99	0.0255709
1.83	2	0.0289
1.835	0	3.36722
1.835	0.01	3.33059
1.835	0.02	3.29416
1.835	0.03	3.25792
1.835	0.04	3.22189
1.835	0.05	3.18605
1.835	0.06	3.15042
1.835	0.07	3.11499
1.835	0.08	3.07975
1.835	0.09	3.04472
1.835	0.1	3.00988
1.835	0.11	2.97525
1.835	0.12	2.94082
1.835	0.13	2.90658
1.835	0.14	2.87255
1.835	0.15	2.83872
1.835	0.16	2.80509
1.835	0.17	2.77165
1.835	0.18	2.73842
1.835	0.19	2.70539
1.835	0.2	2.67256
1.835	0.21	2.63992
1.835	0.22	2.60749
1.835	0.23	2.57526
1.835	0.24	2.54323
1.835	0.25	2.5114
1.835	0.26	2.47977
1.835	0.27	2.44834
1.835	0.28	2.41711
1.835	0.29	2.38608
1.835	0.3	2.35525
1.835	0.31	2.32462
1.835	0.32	2.29419
1.835	0.33	2.26396
1.835	0.34	2.23393
1.835	0.35	2.2041
1.835	0.36	2.17448
1.835	0.37	2.14505
1.835	0.38	2.11582
1.835	0.39	2.0868
1.835	0.4	2.05797
1.835	0.41	2.02934
1.835	0.42	2.00092
1.835	0.43	1.97269
1.835	0.44	1.94467
1.835	0.45	1.91684
1.835	0.46	1.88922
1.835	0.47	1.8618
1.835	0.48	1.83457
1.835	0.49	1.80755
1.835	0.5	1.78073
1.835	0.51	1.75411
1.835	0.52	1.72769
1.835	0.53	1.70147
1.835	0.54	1.67544
1.835	0.55	1.64962
1.835	0.56	1.62401
1.835	0.57	1.59859
1.835	0.58	1.57337
1.835	0.59	1.54835
1.835	0.6	1.52353
1.835	0.61	1.49891
1.835	0.62	1.4745
1.835	0.63	1.45028
1.835	0.64	1.42627
1.835	0.65	1.40245
1.835	0.66	1.37884
1.835	0.67	1.35542
1.835	0.68	1.33221
1.835	0.69	1.3092
1.835	0.7	1.28638
1.835	0.71	1.26377
1.835	0.72	1.24136
1.835	0.73	1.21915
1.835	0.74	1.19714
1.835	0.75	1.17533
1.835	0.76	1.15372
1.835	0.77	1.13231
1.835	0.78	1.1111
1.835	0.79	1.09009
1.835	0.8	1.06928
1.835	0.81	1.04868
1.835	0.82	1.02827
1.835	0.83	1.00806
1.835	0.84	0.988058
1.835	0.85	0.968253
1.835	0.86	0.948648
1.835	0.87	0.929244
1.835	0.88	0.910041
1.835	0.89	0.891038
1.835	0.9	0.872235
1.835	0.91	0.853633
1.835	0.92	0.835232
1.835	0.93	0.817031
1.835	0.94	0.799031
1.835	0.95	0.781231
1.835	0.96	0.763631
1.835	0.97	0.746232
1.835	0.98	0.729034
1.835	0.99	0.712036
1.835	1	0.695238
1.835	1.01	0.678642
1.835	1.02	0.662245
1.835	1.03	0.646049
1.835	1.04	0.630053
1.835	1.05	0.614258
1.835	1.06	0.598664
1.835	1.07	0.58327
1.835	1.08	0.568076
1.835	1.09	0.553083
1.835	1.1	0.53829
1.835	1.11	0.523698
1.835	1.12	0.509306
1.835	1.13	0.495115
1.835	1.14	0.481124
1.835	1.15	0.467333
1.835	1.16	0.453743
1.835	1.17	0.440354
1.835	1.18	0.427165
1.835	1.19	0.414176
1.835	1.2	0.401388
1.835	1.21	0.3888
1.835	1.22	0.376412
1.835	1.23	0.364225
1.835	1.24	0.352238
1.835	1.25	0.340452
1.835	1.26	0.328866
1.835	1.27	0.317481
1.835	1.28	0.306296
1.835	1.29	0.295311
1.835	1.3	0.284527
1.835	1.31	0.273943
1.835	1.32	0.263559
1.835	1.33	0.253375
1.835	1.34	0.243392
1.835	1.35	0.23361
1.835	1.36	0.224027
1.835	1.37	0.214646
1.835	1.38	0.205464
1.835	1.39	0.196483
1.835	1.4	0.187702
1.835	1.41	0.179121
1.835	1.42	0.170741
1.835	1.43	0.162561
1.835	1.44	0.154581
1.835	1.45	0.146802
1.835	1.46	0.139223
1.835	1.47	0.131844
1.835	1.48	0.124665
1.835	1.49	0.117687
1.835	1.5	0.110909
1.835	1.51	0.104331
1.835	1.52	0.0979537
1.835	1.53	0.0917764
1.835	1.54	0.0857994
1.835	1.55	0.0800226
1.835	1.56	0.0744461
1.835	1.57	0.0690697
1.835	1.58	0.0638936
1.835	1.59	0.0589177
1.835	1.6	0.0541421
1.835	1.61	0.0495666
1.835	1.62	0.0451913
1.835	1.63	0.0410162
1.835	1.64	0.0370413
1.835	1.65	0.0332666
1.835	1.66	0.0296921
1.835	1.67	0.0263177
1.835	1.68	0.0231435
1.835	1.69	0.0201695
1.835	1.7	0.0173956
1.835	1.71	0.0148219
1.835	1.72	0.0124483
1.835	1.73	0.0102748
1.835	1.74	0.0083015
1.835	1.75	0.00652832
1.835	1.76	0.00495525
1.835	1.77	0.00358231
1.835	1.78	0.00240948
1.835	1.79	0.00143675
1.835	1.8	0.000664126
1.835	1.81	9.15996e-05
1.835	1.82	-0.000280836
1.835	1.83	-0.000453186
1.835	1.84	-0.000425454
1.835	1.85	-0.000197648
1.835	1.86	0.000230229
1.835	1.87	0.000858171
1.835	1.88	0.00168617
1.835	1.89	0.00271423
1.835	1.9	0.00394233
1.835	1.91	0.00537048
1.835	1.92	0.00699867
1.835	1.93	0.0088269
1.835	1.94	0.0108552
1.835	1.95	0.0130834
1.835	1.96	0.0155117
1.835	1.97	0.01814
1.835	1.98	0.0209684
1.835	1.99	0.0239967
1.835	2	0.027225
1.84	0	3.3856
1.84	0.01	3.34887
1.84	0.02	3.31233
1.84	0.03	3.276
1.84	0.04	3.23987
1.84	0.05	3.20393
1.84	0.06	3.1682
1.84	0.07	3.13267
1.84	0.08	3.09733
1.84	0.09	3.0622
1.84	0.1	3.02727
1.84	0.11	2.99254
1.84	0.12	2.958
1.84	0.13	2.92367
1.84	0.14	2.88954
1.84	0.15	2.85561
1.84	0.16	2.82188
1.84	0.17	2.78834
1.84	0.18	2.75501
1.84	0.19	2.72188
1.84	0.2	2.68895
1.84	0.21	2.65622
1.84	0.22	2.62369
1.84	0.23	2.59136
1.84	0.24	2.55923
1.84	0.25	2.5273
1.84	0.26	2.49557
1.84	0.27	2.46404
1.84	0.28	2.43271
1.84	0.29	2.40158
1.84	0.3	2.37065
1.84	0.31	2.33992
1.84	0.32	2.30939
1.84	0.33	2.27907
1.84	0.34	2.24894
1.84	0.35	2.21901
1.84	0.36	2.18928
1.84	0.37	2.15976
1.84	0.38	2.13043
1.84	0.39	2.10131
1.84	0.4	2.07238
1.84	0.41	2.04365
1.84	0.42	2.01513
1.84	0.43	1.98681
1.84	0.44	1.95868
1.84	0.45	1.93076
1.84	0.46	1.90303
1.84	0.47	1.87551
1.84	0.48	1.84819
1.84	0.49	1.82107
1.84	0.5	1.79415
1.84	0.51	1.76742
1.84	0.52	1.7409
1.84	0.53	1.71458
1.84	0.54	1.68846
1.84	0.55	1.66254
1.84	0.56	1.63682
1.84	0.57	1.61131
1.84	0.58	1.58599
1.84	0.59	1.56087
1.84	0.6	1.53595
1.84	0.61	1.51124
1.84	0.62	1.48672
1.84	0.63	1.4624
1.84	0.64	1.43829
1.84	0.65	1.41437
1.84	0.66	1.39066
1.84	0.67	1.36715
1.84	0.68	1.34383
1.84	0.69	1.32072
1.84	0.7	1.29781
1.84	0.71	1.2751
1.84	0.72	1.25258
1.84	0.73	1.23027
1.84	0.74	1.20816
1.84	0.75	1.18625
1.84	0.76	1.16454
1.84	0.77	1.14304
1.84	0.78	1.12173
1.84	0.79	1.10062
1.84	0.8	1.07971
1.84	0.81	1.059
1.84	0.82	1.0385
1.84	0.83	1.01819
1.84	0.84	0.998087
1.84	0.85	0.978182
1.84	0.86	0.958478
1.84	0.87	0.938974
1.84	0.88	0.919671
1.84	0.89	0.900568
1.84	0.9	0.881665
1.84	0.91	0.862963
1.84	0.92	0.844462
1.84	0.93	0.826161
1.84	0.94	0.808061
1.84	0.95	0.790161
1.84	0.96	0.772461
1.84	0.97	0.754962
1.84	0.98	0.737664
1.84	0.99	0.720566
1.84	1	0.703668
1.84	1.01	0.686971
1.84	1.02	0.670475
1.84	1.03	0.654178
1.84	1.04	0.638083
1.84	1.05	0.622188
1.84	1.06	0.606493
1.84	1.07	0.590999
1.84	1.08	0.575705
1.84	1.09	0.560611
1.84	1.1	0.545719
1.84	1.11	0.531026
1.84	1.12	0.516534
1.84	1.13	0.502242
1.84	1.14	0.488151
1.84	1.15	0.474261
1.84	1.16	0.46057
1.84	1.17	0.44708
1.84	1.18	0.433791
1.84	1.19	0.420702
1.84	1.2	0.407813
1.84	1.21	0.395125
1.84	1.22	0.382637
1.84	1.23	0.37035
1.84	1.24	0.358263
1.84	1.25	0.346376
1.84	1.26	0.33469
1.84	1.27	0.323204
1.84	1.28	0.311918
1.84	1.29	0.300833
1.84	1.3	0.289948
1.84	1.31	0.279264
1.84	1.32	0.26878
1.84	1.33	0.258496
1.84	1.34	0.248413
1.84	1.35	0.23853
1.84	1.36	0.228847
1.84	1.37	0.219364
1.84	1.38	0.210082
1.84	1.39	0.201001
1.84	1.4	0.192119
1.84	1.41	0.183438
1.84	1.42	0.174957
1.84	1.43	0.166677
1.84	1.44	0.158596
1.84	1.45	0.150716
1.84	1.46	0.143037
1.84	1.47	0.135557
1.84	1.48	0.128278
1.84	1.49	0.121199
1.84	1.5	0.114321
1.84	1.51	0.107642
1.84	1.52	0.101164
1.84	1.53	0.0948861
1.84	1.54	0.0888085
1.84	1.55	0.082931
1.84	1.56	0.0772538
1.84	1.57	0.0717768
1.84	1.58	0.0665001
1.84	1.59	0.0614235
1.84	1.6	0.0565472
1.84	1.61	0.051871
1.84	1.62	0.047395
1.84	1.63	0.0431193
1.84	1.64	0.0390437
1.84	1.65	0.0351682
1.84	1.66	0.031493
1.84	1.67	0.0280179
1.84	1.68	0.024743
1.84	1.69	0.0216683
1.84	1.7	0.0187936
1.84	1.71	0.0161192
1.84	1.72	0.0136449
1.84	1.73	0.0113707
1.84	1.74	0.00929661
1.84	1.75	0.00742268
1.84	1.76	0.00574887
1.84	1.77	0.00427517
1.84	1.78	0.00300158
1.84	1.79	0.0019281
1.84	1.8	0.00105471
1.84	1.81	0.000381423
1.84	1.82	-9.17786e-05
1.84	1.83	-0.000364897
1.84	1.84	-0.000437936
1.84	1.85	-0.000310902
1.84	1.86	1.61996e-05
1.84	1.87	0.000543365
1.84	1.88	0.00127059
1.84	1.89	0.00219786
1.84	1.9	0.00332519
1.84	1.91	0.00465256
1.84	1.92	0.00617996
1.84	1.93	0.0079074
1.84	1.94	0.00983487
1.84	1.95	0.0119624
1.84	1.96	0.0142899
1.84	1.97	0.0168174
1.84	1.98	0.0195449
1.84	1.99	0.0224725
1.84	2	0.0256
1.845	0	3.40402
1.845	0.01	3.36719
1.845	0.02	3.33056
1.845	0.03	3.29413
1.845	0.04	3.2579
1.845	0.05	3.22186
1.845	0.06	3.18603
1.845	0.07	3.1504
1.845	0.08	3.11497
1.845	0.09	3.07974
1.845	0.1	3.0447
1.845	0.11	3.00987
1.845	0.12	2.97524
1.845	0.13	2.94081
1.845	0.14	2.90658
1.845	0.15	2.87255
1.845	0.16	2.83872
1.845	0.17	2.80508
1.845	0.18	2.77165
1.845	0.19	2.73842
1.845	0.2	2.70539
1.845	0.21	2.67256
1.845	0.22	2.63993
1.845	0.23	2.6075
1.845	0.24	2.57527
1.845	0.25	2.54324
1.845	0.26	2.51142
1.845	0.27	2.47979
1.845	0.28	2.44836
1.845	0.29	2.41713
1.845	0.3	2.3861
1.845	0.31	2.35527
1.845	0.32	2.32465
1.845	0.33	2.29422
1.845	0.34	2.26399
1.845	0.35	2.23397
1.845	0.36	2.20414
1.845	0.37	2.17452
1.845	0.38	2.14509
1.845	0.39	2.11586
1.845	0.4	2.08684
1.845	0.41	2.05802
1.845	0.42	2.02939
1.845	0.43	2.00097
1.845	0.44	1.97274
1.845	0.45	1.94472
1.845	0.46	1.9169
1.845	0.47	1.88928
1.845	0.48	1.86185
1.845	0.49	1.83463
1.845	0.5	1.80761
1.845	0.51	1.78079
1.845	0.52	1.75417
1.845	0.53	1.72775
1.845	0.54	1.70153
1.845	0.55	1.67551
1.845	0.56	1.6497
1.845	0.57	1.62408
1.845	0.58	1.59866
1.845	0.59	1.57344
1.845	0.6	1.54843
1.845	0.61	1.52361
1.845	0.62	1.49899
1.845	0.63	1.47458
1.845	0.64	1.45036
1.845	0.65	1.42635
1.845	0.66	1.40254
1.845	0.67	1.37892
1.845	0.68	1.35551
1.845	0.69	1.3323
1.845	0.7	1.30928
1.845	0.71	1.28647
1.845	0.72	1.26386
1.845	0.73	1.24145
1.845	0.74	1.21924
1.845	0.75	1.19723
1.845	0.76	1.17542
1.845	0.77	1.15381
1.845	0.78	1.13241
1.845	0.79	1.1112
1.845	0.8	1.09019
1.845	0.81	1.06938
1.845	0.82	1.04878
1.845	0.83	1.02837
1.845	0.84	1.00817
1.845	0.85	0.988162
1.845	0.86	0.968358
1.845	0.87	0.948754
1.845	0.88	0.929351
1.845	0.89	0.910148
1.845	0.9	0.891146
1.845	0.91	0.872344
1.845	0.92	0.853743
1.845	0.93	0.835342
1.845	0.94	0.817141
1.845	0.95	0.799142
1.845	0.96	0.781342
1.845	0.97	0.763743
1.845	0.98	0.746345
1.845	0.99	0.729146
1.845	1	0.712149
1.845	1.01	0.695352
1.845	1.02	0.678755
1.845	1.03	0.662359
1.845	1.04	0.646163
1.845	1.05	0.630168
1.845	1.06	0.614373
1.845	1.07	0.598778
1.845	1.08	0.583384
1.845	1.09	0.568191
1.845	1.1	0.553198
1.845	1.11	0.538405
1.845	1.12	0.523813
1.845	1.13	0.509421
1.845	1.14	0.49523
1.845	1.15	0.481239
1.845	1.16	0.467448
1.845	1.17	0.453858
1.845	1.18	0.440468
1.845	1.19	0.427279
1.845	1.2	0.41429
1.845	1.21	0.401501
1.845	1.22	0.388913
1.845	1.23	0.376525
1.845	1.24	0.364338
1.845	1.25	0.352351
1.845	1.26	0.340564
1.845	1.27	0.328978
1.845	1.28	0.317592
1.845	1.29	0.306406
1.845	1.3	0.295421
1.845	1.31	0.284636
1.845	1.32	0.274052
1.845	1.33	0.263667
1.845	1.34	0.253483
1.845	1.35	0.2435
1.845	1.36	0.233717
1.845	1.37	0.224134
1.845	1.38	0.214751
1.845	1.39	0.205569
1.845	1.4	0.196587
1.845	1.41	0.187805
1.845	1.42	0.179224
1.845	1.43	0.170843
1.845	1.44	0.162662
1.845	1.45	0.154681
1.845	1.46	0.146901
1.845	1.47	0.139321
1.845	1.48	0.131941
1.845	1.49	0.124762
1.845	1.5	0.117782
1.845	1.51	0.111003
1.845	1.52	0.104425
1.845	1.53	0.0980461
1.845	1.54	0.0918678
1.845	1.55	0.0858897
1.845	1.56	0.0801119
1.845	1.57	0.0745342
1.845	1.58	0.0691568
1.845	1.59	0.0639795
1.845	1.6	0.0590025
1.845	1.61	0.0542257
1.845	1.62	0.049649
1.845	1.63	0.0452725
1.845	1.64	0.0410962
1.845	1.65	0.0371201
1.845	1.66	0.0333441
1.845	1.67	0.0297684
1.845	1.68	0.0263927
1.845	1.69	0.0232172
1.845	1.7	0.0202419
1.845	1.71	0.0174667
1.845	1.72	0.0148916
1.845	1.73	0.0125167
1.845	1.74	0.0103419
1.845	1.75	0.0083672
1.845	1.76	0.00659264
1.845	1.77	0.00501818
1.845	1.78	0.00364383
1.845	1.79	0.00246958
1.845	1.8	0.00149543
1.845	1.81	0.00072137
1.845	1.82	0.000147396
1.845	1.83	-0.000226497
1.845	1.84	-0.000400314
1.845	1.85	-0.000374059
1.845	1.86	-0.000147738
1.845	1.87	0.000278644
1.845	1.88	0.000905083
1.845	1.89	0.00173157
1.845	1.9	0.00275811
1.845	1.91	0.00398469
1.845	1.92	0.00541131
1.845	1.93	0.00703795
1.845	1.94	0.00886463
1.845	1.95	0.0108913
1.845	1.96	0.013118
1.845	1.97	0.0155448
1.845	1.98	0.0181715
1.845	1.99	0.0209983
1.845	2	0.024025
1.85	0	3.4225
1.85	0.01	3.38557
1.85	0.02	3.34884
1.85	0.03	3.31231
1.85	0.04	3.27597
1.85	0.05	3.23984
1.85	0.06	3.20391
1.85	0.07	3.16818
1.85	0.08	3.13265
1.85	0.09	3.09732
1.85	0.1	3.06219
1.85	0.11	3.02726
1.85	0.12	2.99253
1.85	0.13	2.958
1.85	0.14	2.92367
1.85	0.15	2.88954
1.85	0.16	2.85561
1.85	0.17	2.82188
1.85	0.18	2.78835
1.85	0.19	2.75502
1.85	0.2	2.72189
1.85	0.21	2.68896
1.85	0.22	2.65623
1.85	0.23	2.6237
1.85	0.24	2.59137
1.85	0.25	2.55924
1.85	0.26	2.52732
1.85	0.27	2.49559
1.85	0.28	2.46406
1.85	0.29	2.43273
1.85	0.3	2.40161
1.85	0.31	2.37068
1.85	0.32	2.33995
1.85	0.33	2.30943
1.85	0.34	2.2791
1.85	0.35	2.24897
1.85	0.36	2.21905
1.85	0.37	2.18932
1.85	0.38	2.1598
1.85	0.39	2.13047
1.85	0.4	2.10135
1.85	0.41	2.07243
1.85	0.42	2.0437
1.85	0.43	2.01518
1.85	0.44	1.98686
1.85	0.45	1.95873
1.85	0.46	1.93081
1.85	0.47	1.90309
1.85	0.48	1.87557
1.85	0.49	1.84825
1.85	0.5	1.82113
1.85	0.51	1.79421
1.85	0.52	1.76749
1.85	0.53	1.74097
1.85	0.54	1.71465
1.85	0.55	1.68853
1.85	0.56	1.66262
1.85	0.57	1.6369
1.85	0.58	1.61138
1.85	0.59	1.58606
1.85	0.6	1.56095
1.85	0.61	1.53603
1.85	0.62	1.51132
1.85	0.63	1.4868
1.85	0.64	1.46249
1.85	0.65	1.43837
1.85	0.66	1.41446
1.85	0.67	1.39075
1.85	0.68	1.36724
1.85	0.69	1.34392
1.85	0.7	1.32081
1.85	0.71	1.2979
1.85	0.72	1.27519
1.85	0.73	1.25268
1.85	0.74	1.23037
1.85	0.75	1.20826
1.85	0.76	1.18635
1.85	0.77	1.16464
1.85	0.78	1.14313
1.85	0.79	1.12183
1.85	0.8	1.10072
1.85	0.81	1.07981
1.85	0.82	1.05911
1.85	0.83	1.0386
1.85	0.84	1.0183
1.85	0.85	0.998193
1.85	0.86	0.978289
1.85	0.87	0.958585
1.85	0.88	0.939082
1.85	0.89	0.919779
1.85	0.9	0.900677
1.85	0.91	0.881775
1.85	0.92	0.863074
1.85	0.93	0.844573
1.85	0.94	0.826272
1.85	0.95	0.808172
1.85	0.96	0.790273
1.85	0.97	0.772574
1.85	0.98	0.755075
1.85	0.99	0.737777
1.85	1	0.72068
1.85	1.01	0.703782
1.85	1.02	0.687086
1.85	1.03	0.670589
1.85	1.04	0.654293
1.85	1.05	0.638198
1.85	1.06	0.622303
1.85	1.07	0.606608
1.85	1.08	0.591114
1.85	1.09	0.57582
1.85	1.1	0.560727
1.85	1.11	0.545834
1.85	1.12	0.531142
1.85	1.13	0.51665
1.85	1.14	0.502358
1.85	1.15	0.488267
1.85	1.16	0.474376
1.85	1.17	0.460685
1.85	1.18	0.447195
1.85	1.19	0.433906
1.85	1.2	0.420816
1.85	1.21	0.407927
1.85	1.22	0.395239
1.85	1.23	0.382751
1.85	1.24	0.370463
1.85	1.25	0.358375
1.85	1.26	0.346488
1.85	1.27	0.334802
1.85	1.28	0.323315
1.85	1.29	0.312029
1.85	1.3	0.300944
1.85	1.31	0.290058
1.85	1.32	0.279373
1.85	1.33	0.268889
1.85	1.34	0.258604
1.85	1.35	0.24852
1.85	1.36	0.238636
1.85	1.37	0.228953
1.85	1.38	0.21947
1.85	1.39	0.210187
1.85	1.4	0.201105
1.85	1.41	0.192222
1.85	1.42	0.18354
1.85	1.43	0.175059
1.85	1.44	0.166777
1.85	1.45	0.158696
1.85	1.46	0.150815
1.85	1.47	0.143135
1.85	1.48	0.135654
1.85	1.49	0.128374
1.85	1.5	0.121294
1.85	1.51	0.114415
1.85	1.52	0.107735
1.85	1.53	0.101256
1.85	1.54	0.0949772
1.85	1.55	0.0888984
1.85	1.56	0.0830199
1.85	1.57	0.0773416
1.85	1.58	0.0718635
1.85	1.59	0.0665856
1.85	1.6	0.0615079
1.85	1.61	0.0566303
1.85	1.62	0.051953
1.85	1.63	0.0474758
1.85	1.64	0.0431988
1.85	1.65	0.039122
1.85	1.66	0.0352453
1.85	1.67	0.0315688
1.85	1.68	0.0280924
1.85	1.69	0.0248162
1.85	1.7	0.0217401
1.85	1.71	0.0188642
1.85	1.72	0.0161884
1.85	1.73	0.0137127
1.85	1.74	0.0114372
1.85	1.75	0.00936173
1.85	1.76	0.00748641
1.85	1.77	0.0058112
1.85	1.78	0.00433609
1.85	1.79	0.00306107
1.85	1.8	0.00198615
1.85	1.81	0.00111132
1.85	1.82	0.000436577
1.85	1.83	-3.80913e-05
1.85	1.84	-0.000312685
1.85	1.85	-0.00038721
1.85	1.86	-0.000261671
1.85	1.87	6.39277e-05
1.85	1.88	0.000589581
1.85	1.89	0.00131529
1.85	1.9	0.00224103
1.85	1.91	0.00336682
1.85	1.92	0.00469265
1.85	1.93	0.00621851
1.85	1.94	0.00794439
1.85	1.95	0.0098703
1.85	1.96	0.0119962
1.85	1.97	0.0143222
1.85	1.98	0.0168481
1.85	1.99	0.0195741
1.85	2	0.0225
1.855	0	3.44102
1.855	0.01	3.40399
1.855	0.02	3.36716
1.855	0.03	3.33053
1.855	0.04	3.2941
1.855	0.05	3.25787
1.855	0.06	3.22184
1.855	0.07	3.18601
1.855	0.08	3.15038
1.855	0.09	3.11495
1.855	0.1	3.07972
1.855	0.11	3.04469
1.855	0.12	3.00986
1.855	0.13	2.97523
1.855	0.14	2.9408
1.855	0.15	2.90658
1.855	0.16	2.87255
1.855	0.17	2.83872
1.855	0.18	2.80509
1.855	0.19	2.77166
1.855	0.2	2.73843
1.855	0.21	2.7054
1.855	0.22	2.67257
1.855	0.23	2.63995
1.855	0.24	2.60752
1.855	0.25	2.57529
1.855	0.26	2.54326
1.855	0.27	2.51144
1.855	0.28	2.47981
1.855	0.29	2.44838
1.855	0.3	2.41716
1.855	0.31	2.38613
1.855	0.32	2.35531
1.855	0.33	2.32468
1.855	0.34	2.29426
1.855	0.35	2.26403
1.855	0.36	2.23401
1.855	0.37	2.20418
1.855	0.38	2.17456
1.855	0.39	2.14513
1.855	0.4	2.11591
1.855	0.41	2.08689
1.855	0.42	2.05807
1.855	0.43	2.02944
1.855	0.44	2.00102
1.855	0.45	1.9728
1.855	0.46	1.94478
1.855	0.47	1.91696
1.855	0.48	1.88934
1.855	0.49	1.86192
1.855	0.5	1.8347
1.855	0.51	1.80768
1.855	0.52	1.78086
1.855	0.53	1.75424
1.855	0.54	1.72782
1.855	0.55	1.7016
1.855	0.56	1.67559
1.855	0.57	1.64977
1.855	0.58	1.62415
1.855	0.59	1.59874
1.855	0.6	1.57352
1.855	0.61	1.54851
1.855	0.62	1.52369
1.855	0.63	1.49908
1.855	0.64	1.47466
1.855	0.65	1.45045
1.855	0.66	1.42644
1.855	0.67	1.40262
1.855	0.68	1.37901
1.855	0.69	1.3556
1.855	0.7	1.33239
1.855	0.71	1.30938
1.855	0.72	1.28657
1.855	0.73	1.26396
1.855	0.74	1.24155
1.855	0.75	1.21934
1.855	0.76	1.19733
1.855	0.77	1.17552
1.855	0.78	1.15391
1.855	0.79	1.13251
1.855	0.8	1.1113
1.855	0.81	1.09029
1.855	0.82	1.06949
1.855	0.83	1.04888
1.855	0.84	1.02848
1.855	0.85	1.00827
1.855	0.86	0.98827
1.855	0.87	0.968466
1.855	0.88	0.948863
1.855	0.89	0.929461
1.855	0.9	0.910258
1.855	0.91	0.891257
1.855	0.92	0.872455
1.855	0.93	0.853855
1.855	0.94	0.835454
1.855	0.95	0.817254
1.855	0.96	0.799255
1.855	0.97	0.781456
1.855	0.98	0.763857
1.855	0.99	0.746459
1.855	1	0.729261
1.855	1.01	0.712264
1.855	1.02	0.695467
1.855	1.03	0.67887
1.855	1.04	0.662474
1.855	1.05	0.646279
1.855	1.06	0.630284
1.855	1.07	0.614489
1.855	1.08	0.598895
1.855	1.09	0.583501
1.855	1.1	0.568307
1.855	1.11	0.553314
1.855	1.12	0.538521
1.855	1.13	0.523929
1.855	1.14	0.509537
1.855	1.15	0.495346
1.855	1.16	0.481354
1.855	1.17	0.467564
1.855	1.18	0.453973
1.855	1.19	0.440583
1.855	1.2	0.427394
1.855	1.21	0.414404
1.855	1.22	0.401615
1.855	1.23	0.389027
1.855	1.24	0.376639
1.855	1.25	0.364451
1.855	1.26	0.352463
1.855	1.27	0.340676
1.855	1.28	0.32909
1.855	1.29	0.317703
1.855	1.3	0.306517
1.855	1.31	0.295531
1.855	1.32	0.284746
1.855	1.33	0.274161
1.855	1.34	0.263776
1.855	1.35	0.253591
1.855	1.36	0.243607
1.855	1.37	0.233823
1.855	1.38	0.224239
1.855	1.39	0.214856
1.855	1.4	0.205673
1.855	1.41	0.19669
1.855	1.42	0.187908
1.855	1.43	0.179325
1.855	1.44	0.170943
1.855	1.45	0.162762
1.855	1.46	0.15478
1.855	1.47	0.146999
1.855	1.48	0.139418
1.855	1.49	0.132037
1.855	1.5	0.124857
1.855	1.51	0.117877
1.855	1.52	0.111096
1.855	1.53	0.104517
1.855	1.54	0.0981371
1.855	1.55	0.0919577
1.855	1.56	0.0859785
1.855	1.57	0.0801995
1.855	1.58	0.0746207
1.855	1.59	0.0692421
1.855	1.6	0.0640637
1.855	1.61	0.0590855
1.855	1.62	0.0543074
1.855	1.63	0.0497295
1.855	1.64	0.0453518
1.855	1.65	0.0411743
1.855	1.66	0.0371969
1.855	1.67	0.0334196
1.855	1.68	0.0298425
1.855	1.69	0.0264656
1.855	1.7	0.0232888
1.855	1.71	0.0203121
1.855	1.72	0.0175355
1.855	1.73	0.0149591
1.855	1.74	0.0125828
1.855	1.75	0.0104066
1.855	1.76	0.00843048
1.855	1.77	0.0066545
1.855	1.78	0.00507861
1.855	1.79	0.00370282
1.855	1.8	0.00252712
1.855	1.81	0.00155151
1.855	1.82	0.000775979
1.855	1.83	0.000200523
1.855	1.84	-0.000174861
1.855	1.85	-0.000350177
1.855	1.86	-0.000325432
1.855	1.87	-0.000100628
1.855	1.88	0.000324228
1.855	1.89	0.000949133
1.855	1.9	0.00177408
1.855	1.91	0.00279907
1.855	1.92	0.00402409
1.855	1.93	0.00544915
1.855	1.94	0.00707423
1.855	1.95	0.00889933
1.855	1.96	0.0109244
1.855	1.97	0.0131496
1.855	1.98	0.0155747
1.855	1.99	0.0181999
1.855	2	0.021025
1.86	0	3.4596
1.86	0.01	3.42247
1.86	0.02	3.38554
1.86	0.03	3.34881
1.86	0.04	3.31228
1.86	0.05	3.27595
1.86	0.06	3.23982
1.86	0.07	3.20389
1.86	0.08	3.16817
1.86	0.09	3.13264
1.86	0.1	3.09731
1.86	0.11	3.06218
1.86	0.12	3.02725
1.86	0.13	2.99252
1.86	0.14	2.95799
1.86	0.15	2.92366
1.86	0.16	2.88954
1.86	0.17	2.85561
1.86	0.18	2.82188
1.86	0.19	2.78835
1.86	0.2	2.75503
1.86	0.21	2.7219
1.86	0.22	2.68897
1.86	0.23	2.65624
1.86	0.24	2.62372
1.86	0.25	2.59139
1.86	0.26	2.55926
1.86	0.27	2.52734
1.86	0.28	2.49561
1.86	0.29	2.46409
1.86	0.3	2.43276
1.86	0.31	2.40164
1.86	0.32	2.37071
1.86	0.33	2.33999
1.86	0.34	2.30946
1.86	0.35	2.27914
1.86	0.36	2.24901
1.86	0.37	2.21909
1.86	0.38	2.18937
1.86	0.39	2.15984
1.86	0.4	2.13052
1.86	0.41	2.1014
1.86	0.42	2.07248
1.86	0.43	2.04376
1.86	0.44	2.01523
1.86	0.45	1.98691
1.86	0.46	1.95879
1.86	0.47	1.93087
1.86	0.48	1.90315
1.86	0.49	1.87563
1.86	0.5	1.84831
1.86	0.51	1.8212
1.86	0.52	1.79428
1.86	0.53	1.76756
1.86	0.54	1.74104
1.86	0.55	1.71473
1.86	0.56	1.68861
1.86	0.57	1.66269
1.86	0.58	1.63698
1.86	0.59	1.61146
1.86	0.6	1.58615
1.86	0.61	1.56103
1.86	0.62	1.53612
1.86	0.63	1.5114
1.86	0.64	1.48689
1.86	0.65	1.46258
1.86	0.66	1.43846
1.86	0.67	1.41455
1.86	0.68	1.39084
1.86	0.69	1.36733
1.86	0.7	1.34402
1.86	0.71	1.32091
1.86	0.72	1.298
1.86	0.73	1.27529
1.86	0.74	1.25278
1.86	0.75	1.23047
1.86	0.76	1.20836
1.86	0.77	1.18645
1.86	0.78	1.16474
1.86	0.79	1.14324
1.86	0.8	1.12193
1.86	0.81	1.10083
1.86	0.82	1.07992
1.86	0.83	1.05921
1.86	0.84	1.03871
1.86	0.85	1.01841
1.86	0.86	0.998302
1.86	0.87	0.978398
1.86	0.88	0.958695
1.86	0.89	0.939193
1.86	0.9	0.91989
1.86	0.91	0.900789
1.86	0.92	0.881888
1.86	0.93	0.863187
1.86	0.94	0.844686
1.86	0.95	0.826386
1.86	0.96	0.808287
1.86	0.97	0.790388
1.86	0.98	0.772689
1.86	0.99	0.755191
1.86	1	0.737893
1.86	1.01	0.720796
1.86	1.02	0.703899
1.86	1.03	0.687202
1.86	1.04	0.670706
1.86	1.05	0.65441
1.86	1.06	0.638315
1.86	1.07	0.62242
1.86	1.08	0.606726
1.86	1.09	0.591231
1.86	1.1	0.575938
1.86	1.11	0.560844
1.86	1.12	0.545951
1.86	1.13	0.531259
1.86	1.14	0.516767
1.86	1.15	0.502475
1.86	1.16	0.488383
1.86	1.17	0.474492
1.86	1.18	0.460802
1.86	1.19	0.447311
1.86	1.2	0.434021
1.86	1.21	0.420932
1.86	1.22	0.408042
1.86	1.23	0.395354
1.86	1.24	0.382865
1.86	1.25	0.370577
1.86	1.26	0.358489
1.86	1.27	0.346601
1.86	1.28	0.334914
1.86	1.29	0.323427
1.86	1.3	0.31214
1.86	1.31	0.301054
1.86	1.32	0.290168
1.86	1.33	0.279483
1.86	1.34	0.268997
1.86	1.35	0.258712
1.86	1.36	0.248627
1.86	1.37	0.238743
1.86	1.38	0.229059
1.86	1.39	0.219575
1.86	1.4	0.210291
1.86	1.41	0.201208
1.86	1.42	0.192325
1.86	1.43	0.183642
1.86	1.44	0.17516
1.86	1.45	0.166877
1.86	1.46	0.158795
1.86	1.47	0.150913
1.86	1.48	0.143232
1.86	1.49	0.13575
1.86	1.5	0.128469
1.86	1.51	0.121388
1.86	1.52	0.114508
1.86	1.53	0.107827
1.86	1.54	0.101347
1.86	1.55	0.0950669
1.86	1.56	0.0889871
1.86	1.57	0.0831074
1.86	1.58	0.0774279
1.86	1.59	0.0719486
1.86	1.6	0.0666695
1.86	1.61	0.0615906
1.86	1.62	0.0567119
1.86	1.63	0.0520333
1.86	1.64	0.0475548
1.86	1.65	0.0432766
1.86	1.66	0.0391984
1.86	1.67	0.0353205
1.86	1.68	0.0316426
1.86	1.69	0.0281649
1.86	1.7	0.0248874
1.86	1.71	0.0218099
1.86	1.72	0.0189326
1.86	1.73	0.0162554
1.86	1.74	0.0137784
1.86	1.75	0.0115014
1.86	1.76	0.00942456
1.86	1.77	0.0075478
1.86	1.78	0.00587114
1.86	1.79	0.00439458
1.86	1.8	0.0031181
1.86	1.81	0.0020417
1.86	1.82	0.00116539
1.86	1.83	0.000489143
1.86	1.84	1.29691e-05
1.86	1.85	-0.00026314
1.86	1.86	-0.000339188
1.86	1.87	-0.00021518
1.86	1.88	0.000108879
1.86	1.89	0.000632985
1.86	1.9	0.00135713
1.86	1.91	0.00228132
1.86	1.92	0.00340554
1.86	1.93	0.00472979
1.86	1.94	0.00625407
1.86	1.95	0.00797836
1.86	1.96	0.00990267
1.86	1.97	0.012027
1.86	1.98	0.0143513
1.86	1.99	0.0168757
1.86	2	0.0196
1.865	0	3.47823
1.865	0.01	3.441
1.865	0.02	3.40397
1.865	0.03	3.36714
1.865	0.04	3.33051
1.865	0.05	3.29408
1.865	0.06	3.25785
1.865	0.07	3.22183
1.865	0.08	3.186
1.865	0.09	3.15037
1.865	0.1	3.11494
1.865	0.11	3.07971
1.865	0.12	3.04469
1.865	0.13	3.00986
1.865	0.14	2.97523
1.865	0.15	2.9408
1.865	0.16	2.90658
1.865	0.17	2.87255
1.865	0.18	2.83872
1.865	0.19	2.8051
1.865	0.2	2.77167
1.865	0.21	2.73844
1.865	0.22	2.70542
1.865	0.23	2.67259
1.865	0.24	2.63996
1.865	0.25	2.60754
1.865	0.26	2.57531
1.865	0.27	2.54329
1.865	0.28	2.51146
1.865	0.29	2.47984
1.865	0.3	2.44841
1.865	0.31	2.41719
1.865	0.32	2.38617
1.865	0.33	2.35534
1.865	0.34	2.32472
1.865	0.35	2.29429
1.865	0.36	2.26407
1.865	0.37	2.23405
1.865	0.38	2.20423
1.865	0.39	2.1746
1.865	0.4	2.14518
1.865	0.41	2.11596
1.865	0.42	2.08694
1.865	0.43	2.05812
1.865	0.44	2.0295
1.865	0.45	2.00108
1.865	0.46	1.97286
1.865	0.47	1.94484
1.865	0.48	1.91702
1.865	0.49	1.8894
1.865	0.5	1.86198
1.865	0.51	1.83476
1.865	0.52	1.80775
1.865	0.53	1.78093
1.865	0.54	1.75431
1.865	0.55	1.7279
1.865	0.56	1.70168
1.865	0.57	1.67566
1.865	0.58	1.64985
1.865	0.59	1.62423
1.865	0.6	1.59882
1.865	0.61	1.5736
1.865	0.62	1.54859
1.865	0.63	1.52378
1.865	0.64	1.49916
1.865	0.65	1.47475
1.865	0.66	1.45054
1.865	0.67	1.42653
1.865	0.68	1.40272
1.865	0.69	1.37911
1.865	0.7	1.35569
1.865	0.71	1.33248
1.865	0.72	1.30947
1.865	0.73	1.28667
1.865	0.74	1.26406
1.865	0.75	1.24165
1.865	0.76	1.21944
1.865	0.77	1.19743
1.865	0.78	1.17563
1.865	0.79	1.15402
1.865	0.8	1.13261
1.865	0.81	1.11141
1.865	0.82	1.0904
1.865	0.83	1.0696
1.865	0.84	1.04899
1.865	0.85	1.02859
1.865	0.86	1.00838
1.865	0.87	0.98838
1.865	0.88	0.968577
1.865	0.89	0.948975
1.865	0.9	0.929573
1.865	0.91	0.910371
1.865	0.92	0.89137
1.865	0.93	0.872569
1.865	0.94	0.853969
1.865	0.95	0.835569
1.865	0.96	0.817369
1.865	0.97	0.79937
1.865	0.98	0.781571
1.865	0.99	0.763973
1.865	1	0.746575
1.865	1.01	0.729378
1.865	1.02	0.712381
1.865	1.03	0.695584
1.865	1.04	0.678988
1.865	1.05	0.662592
1.865	1.06	0.646396
1.865	1.07	0.630401
1.865	1.08	0.614606
1.865	1.09	0.599012
1.865	1.1	0.583618
1.865	1.11	0.568425
1.865	1.12	0.553431
1.865	1.13	0.538639
1.865	1.14	0.524046
1.865	1.15	0.509654
1.865	1.16	0.495462
1.865	1.17	0.481471
1.865	1.18	0.46768
1.865	1.19	0.454089
1.865	1.2	0.440699
1.865	1.21	0.427509
1.865	1.22	0.414519
1.865	1.23	0.40173
1.865	1.24	0.389141
1.865	1.25	0.376753
1.865	1.26	0.364564
1.865	1.27	0.352576
1.865	1.28	0.340789
1.865	1.29	0.329201
1.865	1.3	0.317814
1.865	1.31	0.306628
1.865	1.32	0.295641
1.865	1.33	0.284855
1.865	1.34	0.274269
1.865	1.35	0.263884
1.865	1.36	0.253699
1.865	1.37	0.243714
1.865	1.38	0.233929
1.865	1.39	0.224345
1.865	1.4	0.21496
1.865	1.41	0.205776
1.865	1.42	0.196793
1.865	1.43	0.188009
1.865	1.44	0.179426
1.865	1.45	0.171043
1.865	1.46	0.162861
1.865	1.47	0.154878
1.865	1.48	0.147096
1.865	1.49	0.139514
1.865	1.5	0.132132
1.865	1.51	0.124951
1.865	1.52	0.117969
1.865	1.53	0.111188
1.865	1.54	0.104607
1.865	1.55	0.0982267
1.865	1.56	0.0920461
1.865	1.57	0.0860658
1.865	1.58	0.0802856
1.865	1.59	0.0747056
1.865	1.6	0.0693258
1.865	1.61	0.0641462
1.865	1.62	0.0591667
1.865	1.63	0.0543874
1.865	1.64	0.0498083
1.865	1.65	0.0454292
1.865	1.66	0.0412504
1.865	1.67	0.0372717
1.865	1.68	0.0334931
1.865	1.69	0.0299147
1.865	1.7	0.0265363
1.865	1.71	0.0233581
1.865	1.72	0.0203801
1.865	1.73	0.0176021
1.865	1.74	0.0150243
1.865	1.75	0.0126465
1.865	1.76	0.0104689
1.865	1.77	0.00849137
1.865	1.78	0.00671393
1.865	1.79	0.00513657
1.865	1.8	0.0037593
1.865	1.81	0.00258211
1.865	1.82	0.001605
1.865	1.83	0.000827958
1.865	1.84	0.000250983
1.865	1.85	-0.000125929
1.865	1.86	-0.000302783
1.865	1.87	-0.000279582
1.865	1.88	-5.63323e-05
1.865	1.89	0.000366963
1.865	1.9	0.0009903
1.865	1.91	0.00181367
1.865	1.92	0.00283708
1.865	1.93	0.00406051
1.865	1.94	0.00548397
1.865	1.95	0.00710745
1.865	1.96	0.00893095
1.865	1.97	0.0109545
1.865	1.98	0.013178
1.865	1.99	0.0156015
1.865	2	0.018225
1.87	0	3.4969
1.87	0.01	3.45957
1.87	0.02	3.42245
1.87	0.03	3.38552
1.87	0.04	3.34879
1.87	0.05	3.31226
1.87	0.06	3.27594
1.87	0.07	3.23981
1.87	0.08	3.20388
1.87	0.09	3.16815
1.87	0.1	3.13263
1.87	0.11	3.0973
1.87	0.12	3.06217
1.87	0.13	3.02725
1.87	0.14	2.99252
1.87	0.15	2.95799
1.87	0.16	2.92367
1.87	0.17	2.88954
1.87	0.18	2.85562
1.87	0.19	2.82189
1.87	0.2	2.78836
1.87	0.21	2.75504
1.87	0.22	2.72191
1.87	0.23	2.68899
1.87	0.24	2.65626
1.87	0.25	2.62374
1.87	0.26	2.59141
1.87	0.27	2.55929
1.87	0.28	2.52736
1.87	0.29	2.49564
1.87	0.3	2.46412
1.87	0.31	2.43279
1.87	0.32	2.40167
1.87	0.33	2.37075
1.87	0.34	2.34002
1.87	0.35	2.3095
1.87	0.36	2.27918
1.87	0.37	2.24906
1.87	0.38	2.21914
1.87	0.39	2.18942
1.87	0.4	2.15989
1.87	0.41	2.13057
1.87	0.42	2.10145
1.87	0.43	2.07253
1.87	0.44	2.04381
1.87	0.45	2.01529
1.87	0.46	1.98697
1.87	0.47	1.95886
1.87	0.48	1.93094
1.87	0.49	1.90322
1.87	0.5	1.8757
1.87	0.51	1.84838
1.87	0.52	1.82127
1.87	0.53	1.79435
1.87	0.54	1.76763
1.87	0.55	1.74112
1.87	0.56	1.7148
1.87	0.57	1.68869
1.87	0.58	1.66277
1.87	0.59	1.63706
1.87	0.6	1.61154
1.87	0.61	1.58623
1.87	0.62	1.56112
1.87	0.63	1.5362
1.87	0.64	1.51149
1.87	0.65	1.48698
1.87	0.66	1.46267
1.87	0.67	1.43855
1.87	0.68	1.41464
1.87	0.69	1.39093
1.87	0.7	1.36742
1.87	0.71	1.34411
1.87	0.72	1.321
1.87	0.73	1.2981
1.87	0.74	1.27539
1.87	0.75	1.25288
1.87	0.76	1.23057
1.87	0.77	1.20846
1.87	0.78	1.18656
1.87	0.79	1.16485
1.87	0.8	1.14334
1.87	0.81	1.12204
1.87	0.82	1.10093
1.87	0.83	1.08003
1.87	0.84	1.05932
1.87	0.85	1.03882
1.87	0.86	1.01852
1.87	0.87	0.998413
1.87	0.88	0.97851
1.87	0.89	0.958807
1.87	0.9	0.939305
1.87	0.91	0.920004
1.87	0.92	0.900903
1.87	0.93	0.882002
1.87	0.94	0.863302
1.87	0.95	0.844802
1.87	0.96	0.826502
1.87	0.97	0.808403
1.87	0.98	0.790504
1.87	0.99	0.772806
1.87	1	0.755308
1.87	1.01	0.73801
1.87	1.02	0.720913
1.87	1.03	0.704016
1.87	1.04	0.68732
1.87	1.05	0.670824
1.87	1.06	0.654528
1.87	1.07	0.638433
1.87	1.08	0.622538
1.87	1.09	0.606844
1.87	1.1	0.591349
1.87	1.11	0.576056
1.87	1.12	0.560962
1.87	1.13	0.546069
1.87	1.14	0.531376
1.87	1.15	0.516884
1.87	1.16	0.502592
1.87	1.17	0.4885
1.87	1.18	0.474609
1.87	1.19	0.460918
1.87	1.2	0.447428
1.87	1.21	0.434137
1.87	1.22	0.421047
1.87	1.23	0.408158
1.87	1.24	0.395468
1.87	1.25	0.382979
1.87	1.26	0.370691
1.87	1.27	0.358602
1.87	1.28	0.346714
1.87	1.29	0.335026
1.87	1.3	0.323539
1.87	1.31	0.312252
1.87	1.32	0.301165
1.87	1.33	0.290278
1.87	1.34	0.279592
1.87	1.35	0.269106
1.87	1.36	0.25882
1.87	1.37	0.248735
1.87	1.38	0.238849
1.87	1.39	0.229164
1.87	1.4	0.21968
1.87	1.41	0.210395
1.87	1.42	0.201311
1.87	1.43	0.192427
1.87	1.44	0.183743
1.87	1.45	0.17526
1.87	1.46	0.166976
1.87	1.47	0.158893
1.87	1.48	0.151011
1.87	1.49	0.143328
1.87	1.5	0.135846
1.87	1.51	0.128563
1.87	1.52	0.121481
1.87	1.53	0.1146
1.87	1.54	0.107918
1.87	1.55	0.101437
1.87	1.56	0.0951554
1.87	1.57	0.0890744
1.87	1.58	0.0831935
1.87	1.59	0.0775129
1.87	1.6	0.0720323
1.87	1.61	0.066752
1.87	1.62	0.0616718
1.87	1.63	0.0567918
1.87	1.64	0.0521119
1.87	1.65	0.0476321
1.87	1.66	0.0433525
1.87	1.67	0.0392731
1.87	1.68	0.0353937
1.87	1.69	0.0317145
1.87	1.7	0.0282355
1.87	1.71	0.0249565
1.87	1.72	0.0218777
1.87	1.73	0.0189989
1.87	1.74	0.0163203
1.87	1.75	0.0138418
1.87	1.76	0.0115634
1.87	1.77	0.00948507
1.87	1.78	0.00760683
1.87	1.79	0.00592869
1.87	1.8	0.00445062
1.87	1.81	0.00317263
1.87	1.82	0.00209471
1.87	1.83	0.00121687
1.87	1.84	0.000539086
1.87	1.85	6.13646e-05
1.87	1.86	-0.0002163
1.87	1.87	-0.000293912
1.87	1.88	-0.000171477
1.87	1.89	0.000151003
1.87	1.9	0.000673522
1.87	1.91	0.00139608
1.87	1.92	0.00231866
1.87	1.93	0.00344128
1.87	1.94	0.00476391
1.87	1.95	0.00628657
1.87	1.96	0.00800924
1.87	1.97	0.00993193
1.87	1.98	0.0120546
1.87	1.99	0.0143773
1.87	2	0.0169
1.875	0	3.51562
1.875	0.01	3.4782
1.875	0.02	3.44097
1.875	0.03	3.40395
1.875	0.04	3.36712
1.875	0.05	3.33049
1.875	0.06	3.29407
1.875	0.07	3.25784
1.875	0.08	3.22181
1.875	0.09	3.18599
1.875	0.1	3.15036
1.875	0.11	3.11494
1.875	0.12	3.07971
1.875	0.13	3.04468
1.875	0.14	3.00986
1.875	0.15	2.97523
1.875	0.16	2.94081
1.875	0.17	2.90658
1.875	0.18	2.87256
1.875	0.19	2.83873
1.875	0.2	2.80511
1.875	0.21	2.77168
1.875	0.22	2.73846
1.875	0.23	2.70544
1.875	0.24	2.67261
1.875	0.25	2.63999
1.875	0.26	2.60756
1.875	0.27	2.57534
1.875	0.28	2.54332
1.875	0.29	2.51149
1.875	0.3	2.47987
1.875	0.31	2.44845
1.875	0.32	2.41723
1.875	0.33	2.3862
1.875	0.34	2.35538
1.875	0.35	2.32476
1.875	0.36	2.29434
1.875	0.37	2.26412
1.875	0.38	2.2341
1.875	0.39	2.20428
1.875	0.4	2.17466
1.875	0.41	2.14524
1.875	0.42	2.11602
1.875	0.43	2.087
1.875	0.44	2.05818
1.875	0.45	2.02956
1.875	0.46	2.00114
1.875	0.47	1.97292
1.875	0.48	1.9449
1.875	0.49	1.91709
1.875	0.5	1.88947
1.875	0.51	1.86205
1.875	0.52	1.83484
1.875	0.53	1.80782
1.875	0.54	1.781
1.875	0.55	1.75439
1.875	0.56	1.72797
1.875	0.57	1.70176
1.875	0.58	1.67574
1.875	0.59	1.64993
1.875	0.6	1.62432
1.875	0.61	1.5989
1.875	0.62	1.57369
1.875	0.63	1.54868
1.875	0.64	1.52387
1.875	0.65	1.49925
1.875	0.66	1.47484
1.875	0.67	1.45063
1.875	0.68	1.42662
1.875	0.69	1.40281
1.875	0.7	1.3792
1.875	0.71	1.35579
1.875	0.72	1.33258
1.875	0.73	1.30957
1.875	0.74	1.28677
1.875	0.75	1.26416
1.875	0.76	1.24175
1.875	0.77	1.21954
1.875	0.78	1.19754
1.875	0.79	1.17573
1.875	0.8	1.15413
1.875	0.81	1.13272
1.875	0.82	1.11151
1.875	0.83	1.09051
1.875	0.84	1.06971
1.875	0.85	1.0491
1.875	0.86	1.0287
1.875	0.87	1.0085
1.875	0.88	0.988493
1.875	0.89	0.96869
1.875	0.9	0.949088
1.875	0.91	0.929687
1.875	0.92	0.910486
1.875	0.93	0.891485
1.875	0.94	0.872685
1.875	0.95	0.854085
1.875	0.96	0.835685
1.875	0.97	0.817486
1.875	0.98	0.799487
1.875	0.99	0.781689
1.875	1	0.764091
1.875	1.01	0.746693
1.875	1.02	0.729496
1.875	1.03	0.712499
1.875	1.04	0.695702
1.875	1.05	0.679106
1.875	1.06	0.66271
1.875	1.07	0.646515
1.875	1.08	0.63052
1.875	1.09	0.614725
1.875	1.1	0.599131
1.875	1.11	0.583737
1.875	1.12	0.568543
1.875	1.13	0.55355
1.875	1.14	0.538757
1.875	1.15	0.524164
1.875	1.16	0.509772
1.875	1.17	0.49558
1.875	1.18	0.481588
1.875	1.19	0.467797
1.875	1.2	0.454206
1.875	1.21	0.440815
1.875	1.22	0.427625
1.875	1.23	0.414635
1.875	1.24	0.401845
1.875	1.25	0.389256
1.875	1.26	0.376867
1.875	1.27	0.364678
1.875	1.28	0.352689
1.875	1.29	0.340901
1.875	1.3	0.329313
1.875	1.31	0.317926
1.875	1.32	0.306738
1.875	1.33	0.295751
1.875	1.34	0.284964
1.875	1.35	0.274378
1.875	1.36	0.263992
1.875	1.37	0.253806
1.875	1.38	0.24382
1.875	1.39	0.234034
1.875	1.4	0.224449
1.875	1.41	0.215064
1.875	1.42	0.205879
1.875	1.43	0.196895
1.875	1.44	0.18811
1.875	1.45	0.179526
1.875	1.46	0.171142
1.875	1.47	0.162959
1.875	1.48	0.154975
1.875	1.49	0.147192
1.875	1.5	0.139609
1.875	1.51	0.132226
1.875	1.52	0.125043
1.875	1.53	0.118061
1.875	1.54	0.111279
1.875	1.55	0.104697
1.875	1.56	0.0983147
1.875	1.57	0.092133
1.875	1.58	0.0861515
1.875	1.59	0.0803701
1.875	1.6	0.0747888
1.875	1.61	0.0694078
1.875	1.62	0.0642269
1.875	1.63	0.0592461
1.875	1.64	0.0544655
1.875	1.65	0.049885
1.875	1.66	0.0455047
1.875	1.67	0.0413245
1.875	1.68	0.0373444
1.875	1.69	0.0335644
1.875	1.7	0.0299846
1.875	1.71	0.0266049
1.875	1.72	0.0234253
1.875	1.73	0.0204458
1.875	1.74	0.0176664
1.875	1.75	0.0150871
1.875	1.76	0.0127079
1.875	1.77	0.0105288
1.875	1.78	0.00854974
1.875	1.79	0.0067708
1.875	1.8	0.00519194
1.875	1.81	0.00381315
1.875	1.82	0.00263443
1.875	1.83	0.00165578
1.875	1.84	0.000877193
1.875	1.85	0.000298663
1.875	1.86	-7.98131e-05
1.875	1.87	-0.000258238
1.875	1.88	-0.000236617
1.875	1.89	-1.49543e-05
1.875	1.9	0.000406747
1.875	1.91	0.00102848
1.875	1.92	0.00185025
1.875	1.93	0.00287204
1.875	1.94	0.00409386
1.875	1.95	0.00551569
1.875	1.96	0.00713754
1.875	1.97	0.0089594
1.875	1.98	0.0109813
1.875	1.99	0.0132031
1.875	2	0.015625
1.88	0	3.5344
1.88	0.01	3.49687
1.88	0.02	3.45955
1.88	0.03	3.42242
1.88	0.04	3.3855
1.88	0.05	3.34877
1.88	0.06	3.31225
1.88	0.07	3.27592
1.88	0.08	3.2398
1.88	0.09	3.20387
1.88	0.1	3.16815
1.88	0.11	3.13262
1.88	0.12	3.0973
1.88	0.13	3.06217
1.88	0.14	3.02725
1.88	0.15	2.99252
1.88	0.16	2.958
1.88	0.17	2.92368
1.88	0.18	2.88955
1.88	0.19	2.85563
1.88	0.2	2.8219
1.88	0.21	2.78838
1.88	0.22	2.75506
1.88	0.23	2.72193
1.88	0.24	2.68901
1.88	0.25	2.65629
1.88	0.26	2.62376
1.88	0.27	2.59144
1.88	0.28	2.55932
1.88	0.29	2.5274
1.88	0.3	2.49567
1.88	0.31	2.46415
1.88	0.32	2.43283
1.88	0.33	2.40171
1.88	0.34	2.37079
1.88	0.35	2.34007
1.88	0.36	2.30955
1.88	0.37	2.27923
1.88	0.38	2.24911
1.88	0.39	2.21919
1.88	0.4	2.18947
1.88	0.41	2.15995
1.88	0.42	2.13063
1.88	0.43	2.10151
1.88	0.44	2.07259
1.88	0.45	2.04387
1.88	0.46	2.01536
1.88	0.47	1.98704
1.88	0.48	1.95892
1.88	0.49	1.93101
1.88	0.5	1.90329
1.88	0.51	1.87577
1.88	0.52	1.84846
1.88	0.53	1.82134
1.88	0.54	1.79443
1.88	0.55	1.76771
1.88	0.56	1.7412
1.88	0.57	1.71488
1.88	0.58	1.68877
1.88	0.59	1.66286
1.88	0.6	1.63714
1.88	0.61	1.61163
1.88	0.62	1.58632
1.88	0.63	1.56121
1.88	0.64	1.53629
1.88	0.65	1.51158
1.88	0.66	1.48707
1.88	0.67	1.46276
1.88	0.68	1.43865
1.88	0.69	1.41474
1.88	0.7	1.39103
1.88	0.71	1.36752
1.88	0.72	1.34421
1.88	0.73	1.32111
1.88	0.74	1.2982
1.88	0.75	1.27549
1.88	0.76	1.25298
1.88	0.77	1.23068
1.88	0.78	1.20857
1.88	0.79	1.18666
1.88	0.8	1.16496
1.88	0.81	1.14345
1.88	0.82	1.12215
1.88	0.83	1.10104
1.88	0.84	1.08014
1.88	0.85	1.05943
1.88	0.86	1.03893
1.88	0.87	1.01863
1.88	0.88	0.998526
1.88	0.89	0.978624
1.88	0.9	0.958922
1.88	0.91	0.939421
1.88	0.92	0.920119
1.88	0.93	0.901019
1.88	0.94	0.882118
1.88	0.95	0.863419
1.88	0.96	0.844919
1.88	0.97	0.82662
1.88	0.98	0.808521
1.88	0.99	0.790622
1.88	1	0.772924
1.88	1.01	0.755427
1.88	1.02	0.738129
1.88	1.03	0.721032
1.88	1.04	0.704135
1.88	1.05	0.687439
1.88	1.06	0.670943
1.88	1.07	0.654648
1.88	1.08	0.638552
1.88	1.09	0.622657
1.88	1.1	0.606963
1.88	1.11	0.591469
1.88	1.12	0.576175
1.88	1.13	0.561081
1.88	1.14	0.546188
1.88	1.15	0.531495
1.88	1.16	0.517002
1.88	1.17	0.50271
1.88	1.18	0.488618
1.88	1.19	0.474727
1.88	1.2	0.461035
1.88	1.21	0.447544
1.88	1.22	0.434253
1.88	1.23	0.421163
1.88	1.24	0.408273
1.88	1.25	0.395583
1.88	1.26	0.383094
1.88	1.27	0.370804
1.88	1.28	0.358715
1.88	1.29	0.346827
1.88	1.3	0.335138
1.88	1.31	0.32365
1.88	1.32	0.312362
1.88	1.33	0.301275
1.88	1.34	0.290388
1.88	1.35	0.2797
1.88	1.36	0.269214
1.88	1.37	0.258927
1.88	1.38	0.248841
1.88	1.39	0.238955
1.88	1.4	0.229269
1.88	1.41	0.219783
1.88	1.42	0.210498
1.88	1.43	0.201413
1.88	1.44	0.192528
1.88	1.45	0.183843
1.88	1.46	0.175359
1.88	1.47	0.167074
1.88	1.48	0.15899
1.88	1.49	0.151106
1.88	1.5	0.143423
1.88	1.51	0.135939
1.88	1.52	0.128656
1.88	1.53	0.121573
1.88	1.54	0.11469
1.88	1.55	0.108007
1.88	1.56	0.101524
1.88	1.57	0.0952421
1.88	1.58	0.0891598
1.88	1.59	0.0832777
1.88	1.6	0.0775958
1.88	1.61	0.072114
1.88	1.62	0.0668323
1.88	1.63	0.0617508
1.88	1.64	0.0568695
1.88	1.65	0.0521883
1.88	1.66	0.0477072
1.88	1.67	0.0434262
1.88	1.68	0.0393454
1.88	1.69	0.0354646
1.88	1.7	0.031784
1.88	1.71	0.0283035
1.88	1.72	0.0250232
1.88	1.73	0.0219429
1.88	1.74	0.0190627
1.88	1.75	0.0163826
1.88	1.76	0.0139026
1.88	1.77	0.0116227
1.88	1.78	0.00954288
1.88	1.79	0.00766314
1.88	1.8	0.00598347
1.88	1.81	0.00450387
1.88	1.82	0.00322434
1.88	1.83	0.00214487
1.88	1.84	0.00126547
1.88	1.85	0.000586116
1.88	1.86	0.000106819
1.88	1.87	-0.000172429
1.88	1.88	-0.000251633
1.88	1.89	-0.000130797
1.88	1.9	0.000190076
1.88	1.91	0.000710983
1.88	1.92	0.00143192
1.88	1.93	0.00235288
1.88	1.94	0.00347386
1.88	1.95	0.00479486
1.88	1.96	0.00631588
1.88	1.97	0.0080369
1.88	1.98	0.00995793
1.88	1.99	0.012079
1.88	2	0.0144
1.885	0	3.55322
1.885	0.01	3.5156
1.885	0.02	3.47818
1.885	0.03	3.44095
1.885	0.04	3.40393
1.885	0.05	3.3671
1.885	0.06	3.33048
1.885	0.07	3.29405
1.885	0.08	3.25783
1.885	0.09	3.22181
1.885	0.1	3.18598
1.885	0.11	3.15036
1.885	0.12	3.11493
1.885	0.13	3.07971
1.885	0.14	3.04469
1.885	0.15	3.00986
1.885	0.16	2.97524
1.885	0.17	2.94082
1.885	0.18	2.90659
1.885	0.19	2.87257
1.885	0.2	2.83875
1.885	0.21	2.80513
1.885	0.22	2.7717
1.885	0.23	2.73848
1.885	0.24	2.70546
1.885	0.25	2.67264
1.885	0.26	2.64001
1.885	0.27	2.60759
1.885	0.28	2.57537
1.885	0.29	2.54335
1.885	0.3	2.51153
1.885	0.31	2.47991
1.885	0.32	2.44849
1.885	0.33	2.41727
1.885	0.34	2.38625
1.885	0.35	2.35543
1.885	0.36	2.32481
1.885	0.37	2.29439
1.885	0.38	2.26417
1.885	0.39	2.23415
1.885	0.4	2.20433
1.885	0.41	2.17471
1.885	0.42	2.14529
1.885	0.43	2.11608
1.885	0.44	2.08706
1.885	0.45	2.05824
1.885	0.46	2.02962
1.885	0.47	2.00121
1.885	0.48	1.97299
1.885	0.49	1.94497
1.885	0.5	1.91716
1.885	0.51	1.88954
1.885	0.52	1.86213
1.885	0.53	1.83491
1.885	0.54	1.8079
1.885	0.55	1.78108
1.885	0.56	1.75447
1.885	0.57	1.72806
1.885	0.58	1.70184
1.885	0.59	1.67583
1.885	0.6	1.65002
1.885	0.61	1.62441
1.885	0.62	1.59899
1.885	0.63	1.57378
1.885	0.64	1.54877
1.885	0.65	1.52396
1.885	0.66	1.49935
1.885	0.67	1.47494
1.885	0.68	1.45073
1.885	0.69	1.42672
1.885	0.7	1.40291
1.885	0.71	1.3793
1.885	0.72	1.35589
1.885	0.73	1.33269
1.885	0.74	1.30968
1.885	0.75	1.28687
1.885	0.76	1.26426
1.885	0.77	1.24186
1.885	0.78	1.21965
1.885	0.79	1.19765
1.885	0.8	1.17584
1.885	0.81	1.15423
1.885	0.82	1.13283
1.885	0.83	1.11163
1.885	0.84	1.09062
1.885	0.85	1.06982
1.885	0.86	1.04922
1.885	0.87	1.02881
1.885	0.88	1.00861
1.885	0.89	0.988608
1.885	0.9	0.968806
1.885	0.91	0.949205
1.885	0.92	0.929804
1.885	0.93	0.910603
1.885	0.94	0.891603
1.885	0.95	0.872803
1.885	0.96	0.854203
1.885	0.97	0.835804
1.885	0.98	0.817605
1.885	0.99	0.799606
1.885	1	0.781808
1.885	1.01	0.76421
1.885	1.02	0.746813
1.885	1.03	0.729616
1.885	1.04	0.712619
1.885	1.05	0.695822
1.885	1.06	0.679226
1.885	1.07	0.662831
1.885	1.08	0.646635
1.885	1.09	0.63064
1.885	1.1	0.614845
1.885	1.11	0.599251
1.885	1.12	0.583857
1.885	1.13	0.568663
1.885	1.14	0.553669
1.885	1.15	0.538876
1.885	1.16	0.524283
1.885	1.17	0.509891
1.885	1.18	0.495698
1.885	1.19	0.481706
1.885	1.2	0.467915
1.885	1.21	0.454323
1.885	1.22	0.440932
1.885	1.23	0.427741
1.885	1.24	0.414751
1.885	1.25	0.40196
1.885	1.26	0.38937
1.885	1.27	0.376981
1.885	1.28	0.364791
1.885	1.29	0.352802
1.885	1.3	0.341013
1.885	1.31	0.329425
1.885	1.32	0.318037
1.885	1.33	0.306848
1.885	1.34	0.295861
1.885	1.35	0.285073
1.885	1.36	0.274486
1.885	1.37	0.264099
1.885	1.38	0.253912
1.885	1.39	0.243925
1.885	1.4	0.234139
1.885	1.41	0.224553
1.885	1.42	0.215167
1.885	1.43	0.205981
1.885	1.44	0.196995
1.885	1.45	0.18821
1.885	1.46	0.179625
1.885	1.47	0.17124
1.885	1.48	0.163055
1.885	1.49	0.155071
1.885	1.5	0.147286
1.885	1.51	0.139702
1.885	1.52	0.132318
1.885	1.53	0.125135
1.885	1.54	0.118151
1.885	1.55	0.111368
1.885	1.56	0.104784
1.885	1.57	0.0984011
1.885	1.58	0.0922181
1.885	1.59	0.0862353
1.885	1.6	0.0804527
1.885	1.61	0.0748702
1.885	1.62	0.0694878
1.885	1.63	0.0643056
1.885	1.64	0.0593235
1.885	1.65	0.0545415
1.885	1.66	0.0499597
1.885	1.67	0.0455779
1.885	1.68	0.0413963
1.885	1.69	0.0374149
1.885	1.7	0.0336335
1.885	1.71	0.0300522
1.885	1.72	0.0266711
1.885	1.73	0.02349
1.885	1.74	0.020509
1.885	1.75	0.0177281
1.885	1.76	0.0151474
1.885	1.77	0.0127667
1.885	1.78	0.010586
1.885	1.79	0.00860548
1.885	1.8	0.006825
1.885	1.81	0.00524459
1.885	1.82	0.00386425
1.885	1.83	0.00268397
1.885	1.84	0.00170374
1.885	1.85	0.000923574
1.885	1.86	0.000343456
1.885	1.87	-3.66165e-05
1.885	1.88	-0.000216646
1.885	1.89	-0.000196636
1.885	1.9	2.34083e-05
1.885	1.91	0.000443485
1.885	1.92	0.00106359
1.885	1.93	0.00188372
1.885	1.94	0.00290387
1.885	1.95	0.00412403
1.885	1.96	0.00554421
1.885	1.97	0.00716441
1.885	1.98	0.0089846
1.885	1.99	0.0110048
1.885	2	0.013225
1.89	0	3.5721
1.89	0.01	3.53438
1.89	0.02	3.49685
1.89	0.03	3.45953
1.89	0.04	3.42241
1.89	0.05	3.38548
1.89	0.06	3.34876
1.89	0.07	3.31224
1.89	0.08	3.27591
1.89	0.09	3.23979
1.89	0.1	3.20387
1.89	0.11	3.16814
1.89	0.12	3.13262
1.89	0.13	3.0973
1.89	0.14	3.06218
1.89	0.15	3.02725
1.89	0.16	2.99253
1.89	0.17	2.95801
1.89	0.18	2.92369
1.89	0.19	2.88956
1.89	0.2	2.85564
1.89	0.21	2.82192
1.89	0.22	2.7884
1.89	0.23	2.75508
1.89	0.24	2.72196
1.89	0.25	2.68904
1.89	0.26	2.65631
1.89	0.27	2.62379
1.89	0.28	2.59147
1.89	0.29	2.55935
1.89	0.3	2.52743
1.89	0.31	2.49571
1.89	0.32	2.46419
1.89	0.33	2.43287
1.89	0.34	2.40175
1.89	0.35	2.37083
1.89	0.36	2.34012
1.89	0.37	2.3096
1.89	0.38	2.27928
1.89	0.39	2.24916
1.89	0.4	2.21924
1.89	0.41	2.18952
1.89	0.42	2.16001
1.89	0.43	2.13069
1.89	0.44	2.10157
1.89	0.45	2.07266
1.89	0.46	2.04394
1.89	0.47	2.01542
1.89	0.48	1.98711
1.89	0.49	1.95899
1.89	0.5	1.93108
1.89	0.51	1.90336
1.89	0.52	1.87585
1.89	0.53	1.84853
1.89	0.54	1.82142
1.89	0.55	1.79451
1.89	0.56	1.76779
1.89	0.57	1.74128
1.89	0.58	1.71497
1.89	0.59	1.68885
1.89	0.6	1.66294
1.89	0.61	1.63723
1.89	0.62	1.61172
1.89	0.63	1.58641
1.89	0.64	1.5613
1.89	0.65	1.53639
1.89	0.66	1.51168
1.89	0.67	1.48717
1.89	0.68	1.46286
1.89	0.69	1.43875
1.89	0.7	1.41484
1.89	0.71	1.39113
1.89	0.72	1.36762
1.89	0.73	1.34432
1.89	0.74	1.32121
1.89	0.75	1.2983
1.89	0.76	1.2756
1.89	0.77	1.25309
1.89	0.78	1.23078
1.89	0.79	1.20868
1.89	0.8	1.18677
1.89	0.81	1.16507
1.89	0.82	1.14356
1.89	0.83	1.12226
1.89	0.84	1.10116
1.89	0.85	1.08025
1.89	0.86	1.05955
1.89	0.87	1.03905
1.89	0.88	1.01874
1.89	0.89	0.998642
1.89	0.9	0.97874
1.89	0.91	0.959039
1.89	0.92	0.939538
1.89	0.93	0.920237
1.89	0.94	0.901137
1.89	0.95	0.882237
1.89	0.96	0.863537
1.89	0.97	0.845038
1.89	0.98	0.826739
1.89	0.99	0.80864
1.89	1	0.790742
1.89	1.01	0.773044
1.89	1.02	0.755547
1.89	1.03	0.738249
1.89	1.04	0.721152
1.89	1.05	0.704256
1.89	1.06	0.68756
1.89	1.07	0.671064
1.89	1.08	0.654768
1.89	1.09	0.638673
1.89	1.1	0.622778
1.89	1.11	0.607083
1.89	1.12	0.591588
1.89	1.13	0.576294
1.89	1.14	0.561201
1.89	1.15	0.546307
1.89	1.16	0.531614
1.89	1.17	0.517121
1.89	1.18	0.502828
1.89	1.19	0.488736
1.89	1.2	0.474844
1.89	1.21	0.461152
1.89	1.22	0.447661
1.89	1.23	0.43437
1.89	1.24	0.421279
1.89	1.25	0.408388
1.89	1.26	0.395698
1.89	1.27	0.383208
1.89	1.28	0.370918
1.89	1.29	0.358828
1.89	1.3	0.346939
1.89	1.31	0.33525
1.89	1.32	0.323761
1.89	1.33	0.312473
1.89	1.34	0.301384
1.89	1.35	0.290496
1.89	1.36	0.279808
1.89	1.37	0.269321
1.89	1.38	0.259033
1.89	1.39	0.248946
1.89	1.4	0.239059
1.89	1.41	0.229372
1.89	1.42	0.219886
1.89	1.43	0.2106
1.89	1.44	0.201513
1.89	1.45	0.192627
1.89	1.46	0.183942
1.89	1.47	0.175456
1.89	1.48	0.167171
1.89	1.49	0.159086
1.89	1.5	0.151201
1.89	1.51	0.143516
1.89	1.52	0.136031
1.89	1.53	0.128747
1.89	1.54	0.121662
1.89	1.55	0.114778
1.89	1.56	0.108094
1.89	1.57	0.101611
1.89	1.58	0.0953269
1.89	1.59	0.0892434
1.89	1.6	0.08336
1.89	1.61	0.0776767
1.89	1.62	0.0721936
1.89	1.63	0.0669107
1.89	1.64	0.0618278
1.89	1.65	0.0569451
1.89	1.66	0.0522625
1.89	1.67	0.04778
1.89	1.68	0.0434976
1.89	1.69	0.0394154
1.89	1.7	0.0355332
1.89	1.71	0.0318512
1.89	1.72	0.0283692
1.89	1.73	0.0250874
1.89	1.74	0.0220056
1.89	1.75	0.0191239
1.89	1.76	0.0164423
1.89	1.77	0.0139608
1.89	1.78	0.0116794
1.89	1.79	0.00959802
1.89	1.8	0.00771672
1.89	1.81	0.0060355
1.89	1.82	0.00455433
1.89	1.83	0.00327322
1.89	1.84	0.00219217
1.89	1.85	0.00131118
1.89	1.86	0.000630227
1.89	1.87	0.000149322
1.89	1.88	-0.000131543
1.89	1.89	-0.00021237
1.89	1.9	-9.31631e-05
1.89	1.91	0.000226074
1.89	1.92	0.000745338
1.89	1.93	0.00146463
1.89	1.94	0.00238393
1.89	1.95	0.00350326
1.89	1.96	0.00482259
1.89	1.97	0.00634194
1.89	1.98	0.00806129
1.89	1.99	0.00998065
1.89	2	0.0121
1.895	0	3.59103
1.895	0.01	3.5532
1.895	0.02	3.51558
1.895	0.03	3.47816
1.895	0.04	3.44094
1.895	0.05	3.40391
1.895	0.06	3.36709
1.895	0.07	3.33047
1.895	0.08	3.29405
1.895	0.09	3.25782
1.895	0.1	3.2218
1.895	0.11	3.18598
1.895	0.12	3.15036
1.895	0.13	3.11494
1.895	0.14	3.07972
1.895	0.15	3.04469
1.895	0.16	3.00987
1.895	0.17	2.97525
1.895	0.18	2.94083
1.895	0.19	2.90661
1.895	0.2	2.87259
1.895	0.21	2.83877
1.895	0.22	2.80515
1.895	0.23	2.77173
1.895	0.24	2.73851
1.895	0.25	2.70549
1.895	0.26	2.67267
1.895	0.27	2.64005
1.895	0.28	2.60763
1.895	0.29	2.57541
1.895	0.3	2.54339
1.895	0.31	2.51157
1.895	0.32	2.47995
1.895	0.33	2.44853
1.895	0.34	2.41731
1.895	0.35	2.38629
1.895	0.36	2.35547
1.895	0.37	2.32486
1.895	0.38	2.29444
1.895	0.39	2.26422
1.895	0.4	2.2342
1.895	0.41	2.20439
1.895	0.42	2.17477
1.895	0.43	2.14535
1.895	0.44	2.11614
1.895	0.45	2.08712
1.895	0.46	2.05831
1.895	0.47	2.02969
1.895	0.48	2.00128
1.895	0.49	1.97306
1.895	0.5	1.94505
1.895	0.51	1.91723
1.895	0.52	1.88962
1.895	0.53	1.86221
1.895	0.54	1.83499
1.895	0.55	1.80798
1.895	0.56	1.78117
1.895	0.57	1.75455
1.895	0.58	1.72814
1.895	0.59	1.70193
1.895	0.6	1.67592
1.895	0.61	1.65011
1.895	0.62	1.6245
1.895	0.63	1.59909
1.895	0.64	1.57388
1.895	0.65	1.54887
1.895	0.66	1.52406
1.895	0.67	1.49945
1.895	0.68	1.47504
1.895	0.69	1.45083
1.895	0.7	1.42682
1.895	0.71	1.40301
1.895	0.72	1.37941
1.895	0.73	1.356
1.895	0.74	1.33279
1.895	0.75	1.30978
1.895	0.76	1.28698
1.895	0.77	1.26437
1.895	0.78	1.24197
1.895	0.79	1.21976
1.895	0.8	1.19776
1.895	0.81	1.17595
1.895	0.82	1.15435
1.895	0.83	1.13294
1.895	0.84	1.11174
1.895	0.85	1.09074
1.895	0.86	1.06993
1.895	0.87	1.04933
1.895	0.88	1.02893
1.895	0.89	1.00873
1.895	0.9	0.988725
1.895	0.91	0.968923
1.895	0.92	0.949322
1.895	0.93	0.929922
1.895	0.94	0.910722
1.895	0.95	0.891722
1.895	0.96	0.872922
1.895	0.97	0.854323
1.895	0.98	0.835924
1.895	0.99	0.817725
1.895	1	0.799727
1.895	1.01	0.781929
1.895	1.02	0.764331
1.895	1.03	0.746934
1.895	1.04	0.729737
1.895	1.05	0.71274
1.895	1.06	0.695943
1.895	1.07	0.679347
1.895	1.08	0.662951
1.895	1.09	0.646756
1.895	1.1	0.630761
1.895	1.11	0.614966
1.895	1.12	0.599371
1.895	1.13	0.583977
1.895	1.14	0.568783
1.895	1.15	0.553789
1.895	1.16	0.538995
1.895	1.17	0.524402
1.895	1.18	0.510009
1.895	1.19	0.495817
1.895	1.2	0.481824
1.895	1.21	0.468032
1.895	1.22	0.45444
1.895	1.23	0.441049
1.895	1.24	0.427858
1.895	1.25	0.414866
1.895	1.26	0.402076
1.895	1.27	0.389485
1.895	1.28	0.377095
1.895	1.29	0.364905
1.895	1.3	0.352915
1.895	1.31	0.341126
1.895	1.32	0.329536
1.895	1.33	0.318147
1.895	1.34	0.306958
1.895	1.35	0.29597
1.895	1.36	0.285181
1.895	1.37	0.274593
1.895	1.38	0.264205
1.895	1.39	0.254017
1.895	1.4	0.24403
1.895	1.41	0.234243
1.895	1.42	0.224655
1.895	1.43	0.215268
1.895	1.44	0.206082
1.895	1.45	0.197095
1.895	1.46	0.188309
1.895	1.47	0.179723
1.895	1.48	0.171337
1.895	1.49	0.163151
1.895	1.5	0.155165
1.895	1.51	0.14738
1.895	1.52	0.139794
1.895	1.53	0.132409
1.895	1.54	0.125224
1.895	1.55	0.118239
1.895	1.56	0.111455
1.895	1.57	0.10487
1.895	1.58	0.0984858
1.895	1.59	0.0923016
1.895	1.6	0.0863174
1.895	1.61	0.0805335
1.895	1.62	0.0749496
1.895	1.63	0.0695659
1.895	1.64	0.0643823
1.895	1.65	0.0593988
1.895	1.66	0.0546155
1.895	1.67	0.0500322
1.895	1.68	0.0456491
1.895	1.69	0.041466
1.895	1.7	0.0374831
1.895	1.71	0.0337003
1.895	1.72	0.0301175
1.895	1.73	0.0267349
1.895	1.74	0.0235523
1.895	1.75	0.0205698
1.895	1.76	0.0177874
1.895	1.77	0.0152051
1.895	1.78	0.0128228
1.895	1.79	0.0106407
1.895	1.8	0.00865854
1.895	1.81	0.00687649
1.895	1.82	0.0052945
1.895	1.83	0.00391256
1.895	1.84	0.00273068
1.895	1.85	0.00174885
1.895	1.86	0.000967062
1.895	1.87	0.000385319
1.895	1.88	3.61499e-06
1.895	1.89	-0.000178053
1.895	1.9	-0.000159689
1.895	1.91	5.87041e-05
1.895	1.92	0.000477123
1.895	1.93	0.00109556
1.895	1.94	0.00191402
1.895	1.95	0.0029325
1.895	1.96	0.00415099
1.895	1.97	0.00556949
1.895	1.98	0.00718799
1.895	1.99	0.0090065
1.895	2	0.011025
1.9	0	3.61
1.9	0.01	3.57208
1.9	0.02	3.53436
1.9	0.03	3.49684
1.9	0.04	3.45951
1.9	0.05	3.42239
1.9	0.06	3.38547
1.9	0.07	3.34875
1.9	0.08	3.31223
1.9	0.09	3.27591
1.9	0.1	3.23979
1.9	0.11	3.20387
1.9	0.12	3.16815
1.9	0.13	3.13263
1.9	0.14	3.0973
1.9	0.15	3.06218
1.9	0.16	3.02726
1.9	0.17	2.99254
1.9	0.18	2.95802
1.9	0.19	2.9237
1.9	0.2	2.88958
1.9	0.21	2.85566
1.9	0.22	2.82194
1.9	0.23	2.78842
1.9	0.24	2.7551
1.9	0.25	2.72198
1.9	0.26	2.68907
1.9	0.27	2.65635
1.9	0.28	2.62383
1.9	0.29	2.59151
1.9	0.3	2.55939
1.9	0.31	2.52747
1.9	0.32	2.49575
1.9	0.33	2.46424
1.9	0.34	2.43292
1.9	0.35	2.4018
1.9	0.36	2.37088
1.9	0.37	2.34017
1.9	0.38	2.30965
1.9	0.39	2.27933
1.9	0.4	2.24922
1.9	0.41	2.2193
1.9	0.42	2.18959
1.9	0.43	2.16007
1.9	0.44	2.13075
1.9	0.45	2.10164
1.9	0.46	2.07272
1.9	0.47	2.04401
1.9	0.48	2.0155
1.9	0.49	1.98718
1.9	0.5	1.95907
1.9	0.51	1.93115
1.9	0.52	1.90344
1.9	0.53	1.87593
1.9	0.54	1.84861
1.9	0.55	1.8215
1.9	0.56	1.79459
1.9	0.57	1.76788
1.9	0.58	1.74137
1.9	0.59	1.71506
1.9	0.6	1.68894
1.9	0.61	1.66303
1.9	0.62	1.63732
1.9	0.63	1.61181
1.9	0.64	1.5865
1.9	0.65	1.56139
1.9	0.66	1.53648
1.9	0.67	1.51178
1.9	0.68	1.48727
1.9	0.69	1.46296
1.9	0.7	1.43885
1.9	0.71	1.41494
1.9	0.72	1.39124
1.9	0.73	1.36773
1.9	0.74	1.34442
1.9	0.75	1.32132
1.9	0.76	1.29841
1.9	0.77	1.2757
1.9	0.78	1.2532
1.9	0.79	1.23089
1.9	0.8	1.20879
1.9	0.81	1.18688
1.9	0.82	1.16518
1.9	0.83	1.14368
1.9	0.84	1.12237
1.9	0.85	1.10127
1.9	0.86	1.08037
1.9	0.87	1.05966
1.9	0.88	1.03916
1.9	0.89	1.01886
1.9	0.9	0.998759
1.9	0.91	0.978858
1.9	0.92	0.959157
1.9	0.93	0.939657
1.9	0.94	0.920356
1.9	0.95	0.901256
1.9	0.96	0.882357
1.9	0.97	0.863657
1.9	0.98	0.845158
1.9	0.99	0.82686
1.9	1	0.808761
1.9	1.01	0.790863
1.9	1.02	0.773165
1.9	1.03	0.755668
1.9	1.04	0.738371
1.9	1.05	0.721274
1.9	1.06	0.704377
1.9	1.07	0.687681
1.9	1.08	0.671185
1.9	1.09	0.654889
1.9	1.1	0.638794
1.9	1.11	0.622898
1.9	1.12	0.607204
1.9	1.13	0.591709
1.9	1.14	0.576415
1.9	1.15	0.561321
1.9	1.16	0.546427
1.9	1.17	0.531733
1.9	1.18	0.51724
1.9	1.19	0.502947
1.9	1.2	0.488854
1.9	1.21	0.474962
1.9	1.22	0.46127
1.9	1.23	0.447778
1.9	1.24	0.434486
1.9	1.25	0.421395
1.9	1.26	0.408503
1.9	1.27	0.395812
1.9	1.28	0.383322
1.9	1.29	0.371031
1.9	1.3	0.358941
1.9	1.31	0.347051
1.9	1.32	0.335361
1.9	1.33	0.323872
1.9	1.34	0.312582
1.9	1.35	0.301493
1.9	1.36	0.290604
1.9	1.37	0.279915
1.9	1.38	0.269427
1.9	1.39	0.259139
1.9	1.4	0.249051
1.9	1.41	0.239163
1.9	1.42	0.229475
1.9	1.43	0.219987
1.9	1.44	0.2107
1.9	1.45	0.201613
1.9	1.46	0.192726
1.9	1.47	0.184039
1.9	1.48	0.175552
1.9	1.49	0.167266
1.9	1.5	0.15918
1.9	1.51	0.151293
1.9	1.52	0.143608
1.9	1.53	0.136122
1.9	1.54	0.128836
1.9	1.55	0.12175
1.9	1.56	0.114865
1.9	1.57	0.10818
1.9	1.58	0.101695
1.9	1.59	0.0954098
1.9	1.6	0.0893249
1.9	1.61	0.0834402
1.9	1.62	0.0777556
1.9	1.63	0.0722711
1.9	1.64	0.0669868
1.9	1.65	0.0619026
1.9	1.66	0.0570184
1.9	1.67	0.0523344
1.9	1.68	0.0478505
1.9	1.69	0.0435667
1.9	1.7	0.039483
1.9	1.71	0.0355993
1.9	1.72	0.0319158
1.9	1.73	0.0284324
1.9	1.74	0.025149
1.9	1.75	0.0220657
1.9	1.76	0.0191825
1.9	1.77	0.0164994
1.9	1.78	0.0140163
1.9	1.79	0.0117333
1.9	1.8	0.00965036
1.9	1.81	0.00776748
1.9	1.82	0.00608466
1.9	1.83	0.0046019
1.9	1.84	0.00331919
1.9	1.85	0.00223652
1.9	1.86	0.0013539
1.9	1.87	0.000671319
1.9	1.88	0.000188776
1.9	1.89	-9.37338e-05
1.9	1.9	-0.000176212
1.9	1.91	-5.86635e-05
1.9	1.92	0.00025891
1.9	1.93	0.000776505
1.9	1.94	0.00149412
1.9	1.95	0.00241175
1.9	1.96	0.00352939
1.9	1.97	0.00484703
1.9	1.98	0.00636469
1.9	1.99	0.00808234
1.9	2	0.01
1.905	0	3.62902
1.905	0.01	3.591
1.905	0.02	3.55318
1.905	0.03	3.51556
1.905	0.04	3.47814
1.905	0.05	3.44092
1.905	0.06	3.4039
1.905	0.07	3.36708
1.905	0.08	3.33046
1.905	0.09	3.29404
1.905	0.1	3.25782
1.905	0.11	3.2218
1.905	0.12	3.18598
1.905	0.13	3.15036
1.905	0.14	3.11494
1.905	0.15	3.07972
1.905	0.16	3.0447
1.905	0.17	3.00989
1.905	0.18	2.97527
1.905	0.19	2.94085
1.905	0.2	2.90663
1.905	0.21	2.87261
1.905	0.22	2.83879
1.905	0.23	2.80517
1.905	0.24	2.77175
1.905	0.25	2.73853
1.905	0.26	2.70552
1.905	0.27	2.6727
1.905	0.28	2.64008
1.905	0.29	2.60766
1.905	0.3	2.57545
1.905	0.31	2.54343
1.905	0.32	2.51161
1.905	0.33	2.47999
1.905	0.34	2.44858
1.905	0.35	2.41736
1.905	0.36	2.38634
1.905	0.37	2.35553
1.905	0.38	2.32491
1.905	0.39	2.2945
1.905	0.4	2.26428
1.905	0.41	2.23427
1.905	0.42	2.20445
1.905	0.43	2.17484
1.905	0.44	2.14542
1.905	0.45	2.11621
1.905	0.46	2.08719
1.905	0.47	2.05838
1.905	0.48	2.02976
1.905	0.49	2.00135
1.905	0.5	1.97314
1.905	0.51	1.94512
1.905	0.52	1.91731
1.905	0.53	1.8897
1.905	0.54	1.86229
1.905	0.55	1.83508
1.905	0.56	1.80806
1.905	0.57	1.78125
1.905	0.58	1.75464
1.905	0.59	1.72823
1.905	0.6	1.70202
1.905	0.61	1.67601
1.905	0.62	1.6502
1.905	0.63	1.62459
1.905	0.64	1.59918
1.905	0.65	1.57397
1.905	0.66	1.54896
1.905	0.67	1.52416
1.905	0.68	1.49955
1.905	0.69	1.47514
1.905	0.7	1.45093
1.905	0.71	1.42692
1.905	0.72	1.40312
1.905	0.73	1.37951
1.905	0.74	1.3561
1.905	0.75	1.3329
1.905	0.76	1.30989
1.905	0.77	1.28709
1.905	0.78	1.26448
1.905	0.79	1.24208
1.905	0.8	1.21987
1.905	0.81	1.19787
1.905	0.82	1.17606
1.905	0.83	1.15446
1.905	0.84	1.13306
1.905	0.85	1.11185
1.905	0.86	1.09085
1.905	0.87	1.07005
1.905	0.88	1.04945
1.905	0.89	1.02905
1.905	0.9	1.00884
1.905	0.91	0.988843
1.905	0.92	0.969043
1.905	0.93	0.949442
1.905	0.94	0.930042
1.905	0.95	0.910842
1.905	0.96	0.891842
1.905	0.97	0.873043
1.905	0.98	0.854444
1.905	0.99	0.836045
1.905	1	0.817846
1.905	1.01	0.799848
1.905	1.02	0.78205
1.905	1.03	0.764453
1.905	1.04	0.747055
1.905	1.05	0.729858
1.905	1.06	0.712862
1.905	1.07	0.696065
1.905	1.08	0.679469
1.905	1.09	0.663073
1.905	1.1	0.646877
1.905	1.11	0.630882
1.905	1.12	0.615087
1.905	1.13	0.599492
1.905	1.14	0.584097
1.905	1.15	0.568903
1.905	1.16	0.553909
1.905	1.17	0.539115
1.905	1.18	0.524521
1.905	1.19	0.510128
1.905	1.2	0.495935
1.905	1.21	0.481942
1.905	1.22	0.46815
1.905	1.23	0.454557
1.905	1.24	0.441165
1.905	1.25	0.427973
1.905	1.26	0.414982
1.905	1.27	0.40219
1.905	1.28	0.389599
1.905	1.29	0.377208
1.905	1.3	0.365017
1.905	1.31	0.353027
1.905	1.32	0.341237
1.905	1.33	0.329647
1.905	1.34	0.318257
1.905	1.35	0.307067
1.905	1.36	0.296078
1.905	1.37	0.285288
1.905	1.38	0.274699
1.905	1.39	0.26431
1.905	1.4	0.254122
1.905	1.41	0.244133
1.905	1.42	0.234345
1.905	1.43	0.224757
1.905	1.44	0.215369
1.905	1.45	0.206181
1.905	1.46	0.197193
1.905	1.47	0.188406
1.905	1.48	0.179819
1.905	1.49	0.171431
1.905	1.5	0.163244
1.905	1.51	0.155258
1.905	1.52	0.147471
1.905	1.53	0.139884
1.905	1.54	0.132498
1.905	1.55	0.125312
1.905	1.56	0.118326
1.905	1.57	0.11154
1.905	1.58	0.104954
1.905	1.59	0.0985683
1.905	1.6	0.0923827
1.905	1.61	0.0863973
1.905	1.62	0.0806119
1.905	1.63	0.0750267
1.905	1.64	0.0696416
1.905	1.65	0.0644566
1.905	1.66	0.0594717
1.905	1.67	0.0546869
1.905	1.68	0.0501022
1.905	1.69	0.0457176
1.905	1.7	0.0415331
1.905	1.71	0.0375487
1.905	1.72	0.0337643
1.905	1.73	0.0301801
1.905	1.74	0.0267959
1.905	1.75	0.0236118
1.905	1.76	0.0206278
1.905	1.77	0.0178438
1.905	1.78	0.0152599
1.905	1.79	0.0128761
1.905	1.8	0.0106923
1.905	1.81	0.00870864
1.905	1.82	0.00692498
1.905	1.83	0.00534138
1.905	1.84	0.00395783
1.905	1.85	0.00277432
1.905	1.86	0.00179086
1.905	1.87	0.00100743
1.905	1.88	0.000424038
1.905	1.89	4.06785e-05
1.905	1.9	-0.000142651
1.905	1.91	-0.000125955
1.905	1.92	9.07647e-05
1.905	1.93	0.000507505
1.905	1.94	0.00112426
1.905	1.95	0.00194103
1.905	1.96	0.00295782
1.905	1.97	0.00417461
1.905	1.98	0.0055914
1.905	1.99	0.0072082
1.905	2	0.009025
1.91	0	3.6481
1.91	0.01	3.60998
1.91	0.02	3.57206
1.91	0.03	3.53434
1.91	0.04	3.49682
1.91	0.05	3.4595
1.91	0.06	3.42238
1.91	0.07	3.38547
1.91	0.08	3.34875
1.91	0.09	3.31223
1.91	0.1	3.27591
1.91	0.11	3.23979
1.91	0.12	3.20387
1.91	0.13	3.16815
1.91	0.14	3.13263
1.91	0.15	3.09731
1.91	0.16	3.0622
1.91	0.17	3.02728
1.91	0.18	2.99256
1.91	0.19	2.95804
1.91	0.2	2.92372
1.91	0.21	2.88961
1.91	0.22	2.85569
1.91	0.23	2.82197
1.91	0.24	2.78845
1.91	0.25	2.75514
1.91	0.26	2.72202
1.91	0.27	2.6891
1.91	0.28	2.65638
1.91	0.29	2.62387
1.91	0.3	2.59155
1.91	0.31	2.55943
1.91	0.32	2.52752
1.91	0.33	2.4958
1.91	0.34	2.46429
1.91	0.35	2.43297
1.91	0.36	2.40185
1.91	0.37	2.37094
1.91	0.38	2.34022
1.91	0.39	2.30971
1.91	0.4	2.27939
1.91	0.41	2.24928
1.91	0.42	2.21936
1.91	0.43	2.18965
1.91	0.44	2.16014
1.91	0.45	2.13082
1.91	0.46	2.10171
1.91	0.47	2.0728
1.91	0.48	2.04408
1.91	0.49	2.01557
1.91	0.5	1.98726
1.91	0.51	1.95915
1.91	0.52	1.93123
1.91	0.53	1.90352
1.91	0.54	1.87601
1.91	0.55	1.8487
1.91	0.56	1.82159
1.91	0.57	1.79468
1.91	0.58	1.76797
1.91	0.59	1.74146
1.91	0.6	1.71515
1.91	0.61	1.68904
1.91	0.62	1.66313
1.91	0.63	1.63742
1.91	0.64	1.61191
1.91	0.65	1.5866
1.91	0.66	1.56149
1.91	0.67	1.53659
1.91	0.68	1.51188
1.91	0.69	1.48737
1.91	0.7	1.46306
1.91	0.71	1.43896
1.91	0.72	1.41505
1.91	0.73	1.39134
1.91	0.74	1.36784
1.91	0.75	1.34453
1.91	0.76	1.32143
1.91	0.77	1.29852
1.91	0.78	1.27582
1.91	0.79	1.25331
1.91	0.8	1.23101
1.91	0.81	1.2089
1.91	0.82	1.187
1.91	0.83	1.1653
1.91	0.84	1.14379
1.91	0.85	1.12249
1.91	0.86	1.10139
1.91	0.87	1.08049
1.91	0.88	1.05978
1.91	0.89	1.03928
1.91	0.9	1.01898
1.91	0.91	0.998879
1.91	0.92	0.978978
1.91	0.93	0.959278
1.91	0.94	0.939777
1.91	0.95	0.920478
1.91	0.96	0.901378
1.91	0.97	0.882478
1.91	0.98	0.863779
1.91	0.99	0.84528
1.91	1	0.826982
1.91	1.01	0.808884
1.91	1.02	0.790986
1.91	1.03	0.773288
1.91	1.04	0.75579
1.91	1.05	0.738493
1.91	1.06	0.721396
1.91	1.07	0.7045
1.91	1.08	0.687803
1.91	1.09	0.671307
1.91	1.1	0.655011
1.91	1.11	0.638915
1.91	1.12	0.62302
1.91	1.13	0.607325
1.91	1.14	0.59183
1.91	1.15	0.576535
1.91	1.16	0.561441
1.91	1.17	0.546547
1.91	1.18	0.531853
1.91	1.19	0.517359
1.91	1.2	0.503066
1.91	1.21	0.488973
1.91	1.22	0.47508
1.91	1.23	0.461387
1.91	1.24	0.447894
1.91	1.25	0.434602
1.91	1.26	0.42151
1.91	1.27	0.408618
1.91	1.28	0.395927
1.91	1.29	0.383435
1.91	1.3	0.371144
1.91	1.31	0.359053
1.91	1.32	0.347162
1.91	1.33	0.335472
1.91	1.34	0.323981
1.91	1.35	0.312691
1.91	1.36	0.301601
1.91	1.37	0.290711
1.91	1.38	0.280022
1.91	1.39	0.269532
1.91	1.4	0.259243
1.91	1.41	0.249154
1.91	1.42	0.239265
1.91	1.43	0.229576
1.91	1.44	0.220087
1.91	1.45	0.210799
1.91	1.46	0.201711
1.91	1.47	0.192823
1.91	1.48	0.184135
1.91	1.49	0.175647
1.91	1.5	0.167359
1.91	1.51	0.159272
1.91	1.52	0.151385
1.91	1.53	0.143697
1.91	1.54	0.13621
1.91	1.55	0.128923
1.91	1.56	0.121837
1.91	1.57	0.11495
1.91	1.58	0.108263
1.91	1.59	0.101777
1.91	1.6	0.0954905
1.91	1.61	0.0894043
1.91	1.62	0.0835182
1.91	1.63	0.0778323
1.91	1.64	0.0723464
1.91	1.65	0.0670606
1.91	1.66	0.0619749
1.91	1.67	0.0570894
1.91	1.68	0.0524039
1.91	1.69	0.0479185
1.91	1.7	0.0436332
1.91	1.71	0.039548
1.91	1.72	0.0356629
1.91	1.73	0.0319778
1.91	1.74	0.0284928
1.91	1.75	0.0252079
1.91	1.76	0.0221231
1.91	1.77	0.0192383
1.91	1.78	0.0165536
1.91	1.79	0.0140689
1.91	1.8	0.0117843
1.91	1.81	0.0096998
1.91	1.82	0.00781531
1.91	1.83	0.00613087
1.91	1.84	0.00464648
1.91	1.85	0.00336213
1.91	1.86	0.00227782
1.91	1.87	0.00139354
1.91	1.88	0.000709303
1.91	1.89	0.000225093
1.91	1.9	-5.90881e-05
1.91	1.91	-0.000143245
1.91	1.92	-2.73789e-05
1.91	1.93	0.000288506
1.91	1.94	0.000804407
1.91	1.95	0.00152032
1.91	1.96	0.00243625
1.91	1.97	0.00355218
1.91	1.98	0.00486812
1.91	1.99	0.00638406
1.91	2	0.0081
1.915	0	3.66723
1.915	0.01	3.62901
1.915	0.02	3.59099
1.915	0.03	3.55317
1.915	0.04	3.51555
1.915	0.05	3.47813
1.915	0.06	3.44092
1.915	0.07	3.4039
1.915	0.08	3.36708
1.915	0.09	3.33046
1.915	0.1	3.29404
1.915	0.11	3.25783
1.915	0.12	3.22181
1.915	0.13	3.18599
1.915	0.14	3.15037
1.915	0.15	3.11496
1.915	0.16	3.07974
1.915	0.17	3.04472
1.915	0.18	3.0099
1.915	0.19	2.97529
1.915	0.2	2.94087
1.915	0.21	2.90665
1.915	0.22	2.87263
1.915	0.23	2.83882
1.915	0.24	2.8052
1.915	0.25	2.77179
1.915	0.26	2.73857
1.915	0.27	2.70555
1.915	0.28	2.67274
1.915	0.29	2.64012
1.915	0.3	2.6077
1.915	0.31	2.57549
1.915	0.32	2.54347
1.915	0.33	2.51166
1.915	0.34	2.48004
1.915	0.35	2.44863
1.915	0.36	2.41741
1.915	0.37	2.3864
1.915	0.38	2.35558
1.915	0.39	2.32497
1.915	0.4	2.29456
1.915	0.41	2.26434
1.915	0.42	2.23433
1.915	0.43	2.20452
1.915	0.44	2.1749
1.915	0.45	2.14549
1.915	0.46	2.11628
1.915	0.47	2.08726
1.915	0.48	2.05845
1.915	0.49	2.02984
1.915	0.5	2.00143
1.915	0.51	1.97322
1.915	0.52	1.94521
1.915	0.53	1.91739
1.915	0.54	1.88978
1.915	0.55	1.86237
1.915	0.56	1.83516
1.915	0.57	1.80815
1.915	0.58	1.78134
1.915	0.59	1.75473
1.915	0.6	1.72832
1.915	0.61	1.70211
1.915	0.62	1.67611
1.915	0.63	1.6503
1.915	0.64	1.62469
1.915	0.65	1.59928
1.915	0.66	1.57407
1.915	0.67	1.54907
1.915	0.68	1.52426
1.915	0.69	1.49965
1.915	0.7	1.47524
1.915	0.71	1.45104
1.915	0.72	1.42703
1.915	0.73	1.40323
1.915	0.74	1.37962
1.915	0.75	1.35621
1.915	0.76	1.33301
1.915	0.77	1.31
1.915	0.78	1.2872
1.915	0.79	1.2646
1.915	0.8	1.24219
1.915	0.81	1.21999
1.915	0.82	1.19798
1.915	0.83	1.17618
1.915	0.84	1.15458
1.915	0.85	1.13317
1.915	0.86	1.11197
1.915	0.87	1.09097
1.915	0.88	1.07017
1.915	0.89	1.04957
1.915	0.9	1.02917
1.915	0.91	1.00896
1.915	0.92	0.988964
1.915	0.93	0.969163
1.915	0.94	0.949563
1.915	0.95	0.930163
1.915	0.96	0.910964
1.915	0.97	0.891964
1.915	0.98	0.873165
1.915	0.99	0.854566
1.915	1	0.836167
1.915	1.01	0.817969
1.915	1.02	0.799971
1.915	1.03	0.782173
1.915	1.04	0.764575
1.915	1.05	0.747178
1.915	1.06	0.729981
1.915	1.07	0.712984
1.915	1.08	0.696187
1.915	1.09	0.679591
1.915	1.1	0.663195
1.915	1.11	0.646999
1.915	1.12	0.631003
1.915	1.13	0.615208
1.915	1.14	0.599613
1.915	1.15	0.584218
1.915	1.16	0.569023
1.915	1.17	0.554029
1.915	1.18	0.539235
1.915	1.19	0.524641
1.915	1.2	0.510247
1.915	1.21	0.496053
1.915	1.22	0.48206
1.915	1.23	0.468267
1.915	1.24	0.454674
1.915	1.25	0.441281
1.915	1.26	0.428089
1.915	1.27	0.415096
1.915	1.28	0.402304
1.915	1.29	0.389713
1.915	1.3	0.377321
1.915	1.31	0.365129
1.915	1.32	0.353138
1.915	1.33	0.341347
1.915	1.34	0.329756
1.915	1.35	0.318365
1.915	1.36	0.307175
1.915	1.37	0.296184
1.915	1.38	0.285394
1.915	1.39	0.274804
1.915	1.4	0.264414
1.915	1.41	0.254225
1.915	1.42	0.244235
1.915	1.43	0.234446
1.915	1.44	0.224857
1.915	1.45	0.215468
1.915	1.46	0.206279
1.915	1.47	0.19729
1.915	1.48	0.188501
1.915	1.49	0.179913
1.915	1.5	0.171525
1.915	1.51	0.163336
1.915	1.52	0.155348
1.915	1.53	0.14756
1.915	1.54	0.139973
1.915	1.55	0.132585
1.915	1.56	0.125398
1.915	1.57	0.11841
1.915	1.58	0.111623
1.915	1.59	0.105036
1.915	1.6	0.0986486
1.915	1.61	0.0924617
1.915	1.62	0.0864748
1.915	1.63	0.0806881
1.915	1.64	0.0751015
1.915	1.65	0.0697149
1.915	1.66	0.0645285
1.915	1.67	0.0595421
1.915	1.68	0.0547558
1.915	1.69	0.0501697
1.915	1.7	0.0457836
1.915	1.71	0.0415975
1.915	1.72	0.0376116
1.915	1.73	0.0338257
1.915	1.74	0.0302399
1.915	1.75	0.0268542
1.915	1.76	0.0236685
1.915	1.77	0.0206829
1.915	1.78	0.0178974
1.915	1.79	0.0153119
1.915	1.8	0.0129265
1.915	1.81	0.0107411
1.915	1.82	0.00875577
1.915	1.83	0.00697049
1.915	1.84	0.00538525
1.915	1.85	0.00400005
1.915	1.86	0.00281488
1.915	1.87	0.00182975
1.915	1.88	0.00104466
1.915	1.89	0.000459592
1.915	1.9	7.45513e-05
1.915	1.91	-0.000110466
1.915	1.92	-9.54614e-05
1.915	1.93	0.000119561
1.915	1.94	0.000534599
1.915	1.95	0.00114965
1.915	1.96	0.00196471
1.915	1.97	0.00297978
1.915	1.98	0.00419485
1.915	1.99	0.00560993
1.915	2	0.007225
1.92	0	3.6864
1.92	0.01	3.64808
1.92	0.02	3.60997
1.92	0.03	3.57205
1.92	0.04	3.53433
1.92	0.05	3.49681
1.92	0.06	3.4595
1.92	0.07	3.42238
1.92	0.08	3.38546
1.92	0.09	3.34875
1.92	0.1	3.31223
1.92	0.11	3.27591
1.92	0.12	3.2398
1.92	0.13	3.20388
1.92	0.14	3.16816
1.92	0.15	3.13265
1.92	0.16	3.09733
1.92	0.17	3.06221
1.92	0.18	3.0273
1.92	0.19	2.99258
1.92	0.2	2.95806
1.92	0.21	2.92375
1.92	0.22	2.88963
1.92	0.23	2.85572
1.92	0.24	2.822
1.92	0.25	2.78849
1.92	0.26	2.75517
1.92	0.27	2.72205
1.92	0.28	2.68914
1.92	0.29	2.65642
1.92	0.3	2.62391
1.92	0.31	2.5916
1.92	0.32	2.55948
1.92	0.33	2.52757
1.92	0.34	2.49585
1.92	0.35	2.46434
1.92	0.36	2.43302
1.92	0.37	2.40191
1.92	0.38	2.371
1.92	0.39	2.34028
1.92	0.4	2.30977
1.92	0.41	2.27946
1.92	0.42	2.24934
1.92	0.43	2.21943
1.92	0.44	2.18972
1.92	0.45	2.16021
1.92	0.46	2.1309
1.92	0.47	2.10178
1.92	0.48	2.07287
1.92	0.49	2.04416
1.92	0.5	2.01565
1.92	0.51	1.98734
1.92	0.52	1.95923
1.92	0.53	1.93132
1.92	0.54	1.90361
1.92	0.55	1.8761
1.92	0.56	1.84879
1.92	0.57	1.82168
1.92	0.58	1.79477
1.92	0.59	1.76806
1.92	0.6	1.74155
1.92	0.61	1.71524
1.92	0.62	1.68913
1.92	0.63	1.66323
1.92	0.64	1.63752
1.92	0.65	1.61201
1.92	0.66	1.5867
1.92	0.67	1.5616
1.92	0.68	1.53669
1.92	0.69	1.51198
1.92	0.7	1.48748
1.92	0.71	1.46317
1.92	0.72	1.43906
1.92	0.73	1.41516
1.92	0.74	1.39145
1.92	0.75	1.36795
1.92	0.76	1.34464
1.92	0.77	1.32154
1.92	0.78	1.29863
1.92	0.79	1.27593
1.92	0.8	1.25343
1.92	0.81	1.23112
1.92	0.82	1.20902
1.92	0.83	1.18712
1.92	0.84	1.16541
1.92	0.85	1.14391
1.92	0.86	1.12261
1.92	0.87	1.10151
1.92	0.88	1.0806
1.92	0.89	1.0599
1.92	0.9	1.0394
1.92	0.91	1.0191
1.92	0.92	0.999
1.92	0.93	0.9791
1.92	0.94	0.959399
1.92	0.95	0.939899
1.92	0.96	0.9206
1.92	0.97	0.9015
1.92	0.98	0.882601
1.92	0.99	0.863902
1.92	1	0.845403
1.92	1.01	0.827105
1.92	1.02	0.809007
1.92	1.03	0.791109
1.92	1.04	0.773411
1.92	1.05	0.755913
1.92	1.06	0.738616
1.92	1.07	0.721519
1.92	1.08	0.704622
1.92	1.09	0.687926
1.92	1.1	0.671429
1.92	1.11	0.655133
1.92	1.12	0.639037
1.92	1.13	0.623142
1.92	1.14	0.607446
1.92	1.15	0.591951
1.92	1.16	0.576656
1.92	1.17	0.561561
1.92	1.18	0.546667
1.92	1.19	0.531972
1.92	1.2	0.517478
1.92	1.21	0.503184
1.92	1.22	0.489091
1.92	1.23	0.475197
1.92	1.24	0.461504
1.92	1.25	0.448011
1.92	1.26	0.434718
1.92	1.27	0.421625
1.92	1.28	0.408732
1.92	1.29	0.39604
1.92	1.3	0.383548
1.92	1.31	0.371256
1.92	1.32	0.359164
1.92	1.33	0.347273
1.92	1.34	0.335581
1.92	1.35	0.32409
1.92	1.36	0.312799
1.92	1.37	0.301708
1.92	1.38	0.290817
1.92	1.39	0.280127
1.92	1.4	0.269636
1.92	1.41	0.259346
1.92	1.42	0.249256
1.92	1.43	0.239366
1.92	1.44	0.229676
1.92	1.45	0.220186
1.92	1.46	0.210897
1.92	1.47	0.201807
1.92	1.48	0.192918
1.92	1.49	0.184229
1.92	1.5	0.17574
1.92	1.51	0.167451
1.92	1.52	0.159362
1.92	1.53	0.151474
1.92	1.54	0.143785
1.92	1.55	0.136297
1.92	1.56	0.129009
1.92	1.57	0.121921
1.92	1.58	0.115033
1.92	1.59	0.108345
1.92	1.6	0.101857
1.92	1.61	0.0955692
1.92	1.62	0.0894816
1.92	1.63	0.0835941
1.92	1.64	0.0779066
1.92	1.65	0.0724193
1.92	1.66	0.0671321
1.92	1.67	0.062045
1.92	1.68	0.0571579
1.92	1.69	0.0524709
1.92	1.7	0.047984
1.92	1.71	0.0436972
1.92	1.72	0.0396104
1.92	1.73	0.0357237
1.92	1.74	0.0320371
1.92	1.75	0.0285506
1.92	1.76	0.0252641
1.92	1.77	0.0221777
1.92	1.78	0.0192913
1.92	1.79	0.016605
1.92	1.8	0.0141187
1.92	1.81	0.0118325
1.92	1.82	0.00974629
1.92	1.83	0.00786016
1.92	1.84	0.00617407
1.92	1.85	0.00468802
1.92	1.86	0.003402
1.92	1.87	0.00231601
1.92	1.88	0.00143006
1.92	1.89	0.000744129
1.92	1.9	0.000258226
1.92	1.91	-2.7655e-05
1.92	1.92	-0.000113516
1.92	1.93	6.40188e-07
1.92	1.94	0.000314811
1.92	1.95	0.000828994
1.92	1.96	0.00154319
1.92	1.97	0.00245739
1.92	1.98	0.00357159
1.92	1.99	0.0048858
1.92	2	0.0064
1.925	0	3.70563
1.925	0.01	3.66721
1.925	0.02	3.62899
1.925	0.03	3.59098
1.925	0.04	3.55316
1.925	0.05	3.51554
1.925	0.06	3.47813
1.925	0.07	3.44091
1.925	0.08	3.4039
1.925	0.09	3.36708
1.925	0.1	3.33046
1.925	0.11	3.29405
1.925	0.12	3.25783
1.925	0.13	3.22182
1.925	0.14	3.186
1.925	0.15	3.15039
1.925	0.16	3.11497
1.925	0.17	3.07976
1.925	0.18	3.04474
1.925	0.19	3.00993
1.925	0.2	2.97531
1.925	0.21	2.94089
1.925	0.22	2.90668
1.925	0.23	2.87267
1.925	0.24	2.83885
1.925	0.25	2.80524
1.925	0.26	2.77182
1.925	0.27	2.73861
1.925	0.28	2.70559
1.925	0.29	2.67278
1.925	0.3	2.64016
1.925	0.31	2.60775
1.925	0.32	2.57554
1.925	0.33	2.54352
1.925	0.34	2.51171
1.925	0.35	2.4801
1.925	0.36	2.44868
1.925	0.37	2.41747
1.925	0.38	2.38646
1.925	0.39	2.35565
1.925	0.4	2.32503
1.925	0.41	2.29462
1.925	0.42	2.26441
1.925	0.43	2.2344
1.925	0.44	2.20459
1.925	0.45	2.17497
1.925	0.46	2.14556
1.925	0.47	2.11635
1.925	0.48	2.08734
1.925	0.49	2.05853
1.925	0.5	2.02992
1.925	0.51	2.00151
1.925	0.52	1.9733
1.925	0.53	1.94529
1.925	0.54	1.91748
1.925	0.55	1.88987
1.925	0.56	1.86246
1.925	0.57	1.83525
1.925	0.58	1.80824
1.925	0.59	1.78144
1.925	0.6	1.75483
1.925	0.61	1.72842
1.925	0.62	1.70221
1.925	0.63	1.6762
1.925	0.64	1.6504
1.925	0.65	1.62479
1.925	0.66	1.59938
1.925	0.67	1.57418
1.925	0.68	1.54917
1.925	0.69	1.52436
1.925	0.7	1.49976
1.925	0.71	1.47535
1.925	0.72	1.45115
1.925	0.73	1.42714
1.925	0.74	1.40334
1.925	0.75	1.37973
1.925	0.76	1.35633
1.925	0.77	1.33312
1.925	0.78	1.31012
1.925	0.79	1.28731
1.925	0.8	1.26471
1.925	0.81	1.24231
1.925	0.82	1.2201
1.925	0.83	1.1981
1.925	0.84	1.1763
1.925	0.85	1.1547
1.925	0.86	1.13329
1.925	0.87	1.11209
1.925	0.88	1.09109
1.925	0.89	1.07029
1.925	0.9	1.04969
1.925	0.91	1.02929
1.925	0.92	1.00909
1.925	0.93	0.989086
1.925	0.94	0.969286
1.925	0.95	0.949686
1.925	0.96	0.930286
1.925	0.97	0.911086
1.925	0.98	0.892087
1.925	0.99	0.873288
1.925	1	0.854689
1.925	1.01	0.836291
1.925	1.02	0.818092
1.925	1.03	0.800094
1.925	1.04	0.782296
1.925	1.05	0.764699
1.925	1.06	0.747301
1.925	1.07	0.730104
1.925	1.08	0.713107
1.925	1.09	0.69631
1.925	1.1	0.679714
1.925	1.11	0.663317
1.925	1.12	0.647121
1.925	1.13	0.631125
1.925	1.14	0.61533
1.925	1.15	0.599734
1.925	1.16	0.584339
1.925	1.17	0.569144
1.925	1.18	0.554149
1.925	1.19	0.539354
1.925	1.2	0.52476
1.925	1.21	0.510365
1.925	1.22	0.496171
1.925	1.23	0.482177
1.925	1.24	0.468384
1.925	1.25	0.45479
1.925	1.26	0.441397
1.925	1.27	0.428204
1.925	1.28	0.415211
1.925	1.29	0.402418
1.925	1.3	0.389825
1.925	1.31	0.377433
1.925	1.32	0.36524
1.925	1.33	0.353248
1.925	1.34	0.341456
1.925	1.35	0.329864
1.925	1.36	0.318473
1.925	1.37	0.307281
1.925	1.38	0.29629
1.925	1.39	0.285499
1.925	1.4	0.274908
1.925	1.41	0.264517
1.925	1.42	0.254326
1.925	1.43	0.244336
1.925	1.44	0.234545
1.925	1.45	0.224955
1.925	1.46	0.215565
1.925	1.47	0.206375
1.925	1.48	0.197385
1.925	1.49	0.188595
1.925	1.5	0.180005
1.925	1.51	0.171616
1.925	1.52	0.163426
1.925	1.53	0.155437
1.925	1.54	0.147648
1.925	1.55	0.140059
1.925	1.56	0.13267
1.925	1.57	0.125481
1.925	1.58	0.118492
1.925	1.59	0.111704
1.925	1.6	0.105115
1.925	1.61	0.0987266
1.925	1.62	0.0925383
1.925	1.63	0.08655
1.925	1.64	0.0807618
1.925	1.65	0.0751737
1.925	1.66	0.0697857
1.925	1.67	0.0645978
1.925	1.68	0.0596099
1.925	1.69	0.0548222
1.925	1.7	0.0502345
1.925	1.71	0.0458468
1.925	1.72	0.0416593
1.925	1.73	0.0376718
1.925	1.74	0.0338843
1.925	1.75	0.030297
1.925	1.76	0.0269096
1.925	1.77	0.0237224
1.925	1.78	0.0207352
1.925	1.79	0.017948
1.925	1.8	0.0153609
1.925	1.81	0.0129738
1.925	1.82	0.0107868
1.925	1.83	0.00879984
1.925	1.84	0.0070129
1.925	1.85	0.00542599
1.925	1.86	0.00403911
1.925	1.87	0.00285227
1.925	1.88	0.00186546
1.925	1.89	0.00107867
1.925	1.9	0.000491902
1.925	1.91	0.000105157
1.925	1.92	-8.15691e-05
1.925	1.93	-6.82792e-05
1.925	1.94	0.000145024
1.925	1.95	0.000558339
1.925	1.96	0.00117166
1.925	1.97	0.00198499
1.925	1.98	0.00299833
1.925	1.99	0.00421166
1.925	2	0.005625
1.93	0	3.7249
1.93	0.01	3.68638
1.93	0.02	3.64807
1.93	0.03	3.60995
1.93	0.04	3.57204
1.93	0.05	3.53432
1.93	0.06	3.49681
1.93	0.07	3.45949
1.93	0.08	3.42238
1.93	0.09	3.38547
1.93	0.1	3.34875
1.93	0.11	3.31224
1.93	0.12	3.27592
1.93	0.13	3.23981
1.93	0.14	3.20389
1.93	0.15	3.16818
1.93	0.16	3.13266
1.93	0.17	3.09735
1.93	0.18	3.06223
1.93	0.19	3.02732
1.93	0.2	2.99261
1.93	0.21	2.95809
1.93	0.22	2.92378
1.93	0.23	2.88966
1.93	0.24	2.85575
1.93	0.25	2.82204
1.93	0.26	2.78852
1.93	0.27	2.75521
1.93	0.28	2.7221
1.93	0.29	2.68918
1.93	0.3	2.65647
1.93	0.31	2.62396
1.93	0.32	2.59164
1.93	0.33	2.55953
1.93	0.34	2.52762
1.93	0.35	2.49591
1.93	0.36	2.46439
1.93	0.37	2.43308
1.93	0.38	2.40197
1.93	0.39	2.37106
1.93	0.4	2.34035
1.93	0.41	2.30984
1.93	0.42	2.27953
1.93	0.43	2.24941
1.93	0.44	2.2195
1.93	0.45	2.18979
1.93	0.46	2.16028
1.93	0.47	2.13097
1.93	0.48	2.10186
1.93	0.49	2.07295
1.93	0.5	2.04424
1.93	0.51	2.01573
1.93	0.52	1.98742
1.93	0.53	1.95931
1.93	0.54	1.9314
1.93	0.55	1.9037
1.93	0.56	1.87619
1.93	0.57	1.84888
1.93	0.58	1.82177
1.93	0.59	1.79486
1.93	0.6	1.76815
1.93	0.61	1.74165
1.93	0.62	1.71534
1.93	0.63	1.68923
1.93	0.64	1.66333
1.93	0.65	1.63762
1.93	0.66	1.61211
1.93	0.67	1.58681
1.93	0.68	1.5617
1.93	0.69	1.53679
1.93	0.7	1.51209
1.93	0.71	1.48758
1.93	0.72	1.46328
1.93	0.73	1.43917
1.93	0.74	1.41527
1.93	0.75	1.39156
1.93	0.76	1.36806
1.93	0.77	1.34476
1.93	0.78	1.32165
1.93	0.79	1.29875
1.93	0.8	1.27605
1.93	0.81	1.25354
1.93	0.82	1.23124
1.93	0.83	1.20914
1.93	0.84	1.18723
1.93	0.85	1.16553
1.93	0.86	1.14403
1.93	0.87	1.12273
1.93	0.88	1.10163
1.93	0.89	1.08073
1.93	0.9	1.06002
1.93	0.91	1.03952
1.93	0.92	1.01922
1.93	0.93	0.999122
1.93	0.94	0.979222
1.93	0.95	0.959522
1.93	0.96	0.940023
1.93	0.97	0.920723
1.93	0.98	0.901624
1.93	0.99	0.882725
1.93	1	0.864026
1.93	1.01	0.845527
1.93	1.02	0.827229
1.93	1.03	0.80913
1.93	1.04	0.791232
1.93	1.05	0.773535
1.93	1.06	0.756037
1.93	1.07	0.73874
1.93	1.08	0.721642
1.93	1.09	0.704745
1.93	1.1	0.688049
1.93	1.11	0.671552
1.93	1.12	0.655256
1.93	1.13	0.639159
1.93	1.14	0.623263
1.93	1.15	0.607568
1.93	1.16	0.592072
1.93	1.17	0.576777
1.93	1.18	0.561681
1.93	1.19	0.546786
1.93	1.2	0.532092
1.93	1.21	0.517597
1.93	1.22	0.503302
1.93	1.23	0.489208
1.93	1.24	0.475314
1.93	1.25	0.46162
1.93	1.26	0.448126
1.93	1.27	0.434833
1.93	1.28	0.421739
1.93	1.29	0.408846
1.93	1.3	0.396153
1.93	1.31	0.38366
1.93	1.32	0.371367
1.93	1.33	0.359274
1.93	1.34	0.347382
1.93	1.35	0.335689
1.93	1.36	0.324197
1.93	1.37	0.312905
1.93	1.38	0.301813
1.93	1.39	0.290922
1.93	1.4	0.28023
1.93	1.41	0.269738
1.93	1.42	0.259447
1.93	1.43	0.249356
1.93	1.44	0.239465
1.93	1.45	0.229774
1.93	1.46	0.220283
1.93	1.47	0.210992
1.93	1.48	0.201902
1.93	1.49	0.193011
1.93	1.5	0.184321
1.93	1.51	0.175831
1.93	1.52	0.167541
1.93	1.53	0.159451
1.93	1.54	0.151561
1.93	1.55	0.143871
1.93	1.56	0.136381
1.93	1.57	0.129092
1.93	1.58	0.122002
1.93	1.59	0.115113
1.93	1.6	0.108424
1.93	1.61	0.101934
1.93	1.62	0.0956452
1.93	1.63	0.0895562
1.93	1.64	0.0836672
1.93	1.65	0.0779784
1.93	1.66	0.0724896
1.93	1.67	0.0672009
1.93	1.68	0.0621122
1.93	1.69	0.0572236
1.93	1.7	0.0525351
1.93	1.71	0.0480467
1.93	1.72	0.0437583
1.93	1.73	0.03967
1.93	1.74	0.0357817
1.93	1.75	0.0320935
1.93	1.76	0.0286054
1.93	1.77	0.0253173
1.93	1.78	0.0222292
1.93	1.79	0.0193412
1.93	1.8	0.0166532
1.93	1.81	0.0141653
1.93	1.82	0.0118775
1.93	1.83	0.00978962
1.93	1.84	0.00790182
1.93	1.85	0.00621406
1.93	1.86	0.00472632
1.93	1.87	0.00343861
1.93	1.88	0.00235093
1.93	1.89	0.00146328
1.93	1.9	0.000775642
1.93	1.91	0.000288027
1.93	1.92	4.28795e-07
1.93	1.93	-8.7154e-05
1.93	1.94	2.5276e-05
1.93	1.95	0.000337717
1.93	1.96	0.000850165
1.93	1.97	0.00156262
1.93	1.98	0.00247508
1.93	1.99	0.00358754
1.93	2	0.0049
1.935	0	3.74423
1.935	0.01	3.70561
1.935	0.02	3.6672
1.935	0.03	3.62898
1.935	0.04	3.59097
1.935	0.05	3.55316
1.935	0.06	3.51554
1.935	0.07	3.47813
1.935	0.08	3.44091
1.935	0.09	3.4039
1.935	0.1	3.36709
1.935	0.11	3.33047
1.935	0.12	3.29406
1.935	0.13	3.25784
1.935	0.14	3.22183
1.935	0.15	3.18602
1.935	0.16	3.1504
1.935	0.17	3.11499
1.935	0.18	3.07978
1.935	0.19	3.04476
1.935	0.2	3.00995
1.935	0.21	2.97534
1.935	0.22	2.94093
1.935	0.23	2.90671
1.935	0.24	2.8727
1.935	0.25	2.83889
1.935	0.26	2.80527
1.935	0.27	2.77186
1.935	0.28	2.73865
1.935	0.29	2.70564
1.935	0.3	2.67283
1.935	0.31	2.64021
1.935	0.32	2.6078
1.935	0.33	2.57559
1.935	0.34	2.54358
1.935	0.35	2.51177
1.935	0.36	2.48016
1.935	0.37	2.44874
1.935	0.38	2.41753
1.935	0.39	2.38652
1.935	0.4	2.35571
1.935	0.41	2.3251
1.935	0.42	2.29469
1.935	0.43	2.26448
1.935	0.44	2.23447
1.935	0.45	2.20466
1.935	0.46	2.17505
1.935	0.47	2.14564
1.935	0.48	2.11643
1.935	0.49	2.08742
1.935	0.5	2.05861
1.935	0.51	2.03
1.935	0.52	2.0016
1.935	0.53	1.97339
1.935	0.54	1.94538
1.935	0.55	1.91757
1.935	0.56	1.88996
1.935	0.57	1.86255
1.935	0.58	1.83535
1.935	0.59	1.80834
1.935	0.6	1.78153
1.935	0.61	1.75493
1.935	0.62	1.72852
1.935	0.63	1.70231
1.935	0.64	1.67631
1.935	0.65	1.6505
1.935	0.66	1.62489
1.935	0.67	1.59949
1.935	0.68	1.57428
1.935	0.69	1.54928
1.935	0.7	1.52447
1.935	0.71	1.49987
1.935	0.72	1.47546
1.935	0.73	1.45126
1.935	0.74	1.42725
1.935	0.75	1.40345
1.935	0.76	1.37984
1.935	0.77	1.35644
1.935	0.78	1.33324
1.935	0.79	1.31023
1.935	0.8	1.28743
1.935	0.81	1.26483
1.935	0.82	1.24243
1.935	0.83	1.22022
1.935	0.84	1.19822
1.935	0.85	1.17642
1.935	0.86	1.15482
1.935	0.87	1.13341
1.935	0.88	1.11221
1.935	0.89	1.09121
1.935	0.9	1.07041
1.935	0.91	1.04981
1.935	0.92	1.02941
1.935	0.93	1.00921
1.935	0.94	0.989209
1.935	0.95	0.969409
1.935	0.96	0.949809
1.935	0.97	0.93041
1.935	0.98	0.911211
1.935	0.99	0.892211
1.935	1	0.873412
1.935	1.01	0.854814
1.935	1.02	0.836415
1.935	1.03	0.818217
1.935	1.04	0.800219
1.935	1.05	0.782421
1.935	1.06	0.764823
1.935	1.07	0.747425
1.935	1.08	0.730228
1.935	1.09	0.713231
1.935	1.1	0.696434
1.935	1.11	0.679837
1.935	1.12	0.66344
1.935	1.13	0.647244
1.935	1.14	0.631247
1.935	1.15	0.615451
1.935	1.16	0.599855
1.935	1.17	0.58446
1.935	1.18	0.569264
1.935	1.19	0.554269
1.935	1.2	0.539473
1.935	1.21	0.524878
1.935	1.22	0.510483
1.935	1.23	0.496289
1.935	1.24	0.482294
1.935	1.25	0.4685
1.935	1.26	0.454906
1.935	1.27	0.441511
1.935	1.28	0.428318
1.935	1.29	0.415324
1.935	1.3	0.40253
1.935	1.31	0.389937
1.935	1.32	0.377543
1.935	1.33	0.36535
1.935	1.34	0.353357
1.935	1.35	0.341564
1.935	1.36	0.329972
1.935	1.37	0.318579
1.935	1.38	0.307387
1.935	1.39	0.296394
1.935	1.4	0.285602
1.935	1.41	0.27501
1.935	1.42	0.264618
1.935	1.43	0.254426
1.935	1.44	0.244435
1.935	1.45	0.234643
1.935	1.46	0.225051
1.935	1.47	0.21566
1.935	1.48	0.206469
1.935	1.49	0.197478
1.935	1.5	0.188687
1.935	1.51	0.180096
1.935	1.52	0.171705
1.935	1.53	0.163514
1.935	1.54	0.155524
1.935	1.55	0.147733
1.935	1.56	0.140143
1.935	1.57	0.132752
1.935	1.58	0.125562
1.935	1.59	0.118572
1.935	1.6	0.111782
1.935	1.61	0.105192
1.935	1.62	0.0988022
1.935	1.63	0.0926124
1.935	1.64	0.0866227
1.935	1.65	0.080833
1.935	1.66	0.0752434
1.935	1.67	0.0698539
1.935	1.68	0.0646645
1.935	1.69	0.0596751
1.935	1.7	0.0548858
1.935	1.71	0.0502965
1.935	1.72	0.0459073
1.935	1.73	0.0417182
1.935	1.74	0.0377291
1.935	1.75	0.03394
1.935	1.76	0.0303511
1.935	1.77	0.0269621
1.935	1.78	0.0237732
1.935	1.79	0.0207844
1.935	1.8	0.0179956
1.935	1.81	0.0154068
1.935	1.82	0.0130181
1.935	1.83	0.0108294
1.935	1.84	0.00884075
1.935	1.85	0.00705213
1.935	1.86	0.00546353
1.935	1.87	0.00407496
1.935	1.88	0.00288641
1.935	1.89	0.00189789
1.935	1.9	0.00110938
1.935	1.91	0.000520898
1.935	1.92	0.000132428
1.935	1.93	-5.60277e-05
1.935	1.94	-4.44715e-05
1.935	1.95	0.000167095
1.935	1.96	0.000578669
1.935	1.97	0.00119025
1.935	1.98	0.00200183
1.935	1.99	0.00301342
1.935	2	0.004225
1.94	0	3.7636
1.94	0.01	3.72489
1.94	0.02	3.68637
1.94	0.03	3.64806
1.94	0.04	3.60995
1.94	0.05	3.57204
1.94	0.06	3.53432
1.94	0.07	3.49681
1.94	0.08	3.4595
1.94	0.09	3.42238
1.94	0.1	3.38547
1.94	0.11	3.34876
1.94	0.12	3.31225
1.94	0.13	3.27593
1.94	0.14	3.23982
1.94	0.15	3.20391
1.94	0.16	3.1682
1.94	0.17	3.13268
1.94	0.18	3.09737
1.94	0.19	3.06226
1.94	0.2	3.02735
1.94	0.21	2.99264
1.94	0.22	2.95812
1.94	0.23	2.92381
1.94	0.24	2.8897
1.94	0.25	2.85579
1.94	0.26	2.82208
1.94	0.27	2.78856
1.94	0.28	2.75525
1.94	0.29	2.72214
1.94	0.3	2.68923
1.94	0.31	2.65652
1.94	0.32	2.62401
1.94	0.33	2.5917
1.94	0.34	2.55959
1.94	0.35	2.52768
1.94	0.36	2.49597
1.94	0.37	2.46446
1.94	0.38	2.43315
1.94	0.39	2.40204
1.94	0.4	2.37113
1.94	0.41	2.34042
1.94	0.42	2.30991
1.94	0.43	2.2796
1.94	0.44	2.24949
1.94	0.45	2.21958
1.94	0.46	2.18987
1.94	0.47	2.16036
1.94	0.48	2.13105
1.94	0.49	2.10194
1.94	0.5	2.07303
1.94	0.51	2.04433
1.94	0.52	2.01582
1.94	0.53	1.98751
1.94	0.54	1.9594
1.94	0.55	1.9315
1.94	0.56	1.90379
1.94	0.57	1.87628
1.94	0.58	1.84897
1.94	0.59	1.82187
1.94	0.6	1.79496
1.94	0.61	1.76825
1.94	0.62	1.74175
1.94	0.63	1.71544
1.94	0.64	1.68934
1.94	0.65	1.66343
1.94	0.66	1.63772
1.94	0.67	1.61222
1.94	0.68	1.58691
1.94	0.69	1.56181
1.94	0.7	1.5369
1.94	0.71	1.5122
1.94	0.72	1.48769
1.94	0.73	1.46339
1.94	0.74	1.43929
1.94	0.75	1.41538
1.94	0.76	1.39168
1.94	0.77	1.36818
1.94	0.78	1.34487
1.94	0.79	1.32177
1.94	0.8	1.29887
1.94	0.81	1.27616
1.94	0.82	1.25366
1.94	0.83	1.23136
1.94	0.84	1.20926
1.94	0.85	1.18735
1.94	0.86	1.16565
1.94	0.87	1.14415
1.94	0.88	1.12285
1.94	0.89	1.10175
1.94	0.9	1.08085
1.94	0.91	1.06015
1.94	0.92	1.03965
1.94	0.93	1.01935
1.94	0.94	0.999246
1.94	0.95	0.979346
1.94	0.96	0.959646
1.94	0.97	0.940147
1.94	0.98	0.920847
1.94	0.99	0.901748
1.94	1	0.882849
1.94	1.01	0.86415
1.94	1.02	0.845652
1.94	1.03	0.827353
1.94	1.04	0.809255
1.94	1.05	0.791357
1.94	1.06	0.773659
1.94	1.07	0.756161
1.94	1.08	0.738863
1.94	1.09	0.721766
1.94	1.1	0.704869
1.94	1.11	0.688172
1.94	1.12	0.671675
1.94	1.13	0.655378
1.94	1.14	0.639281
1.94	1.15	0.623385
1.94	1.16	0.607689
1.94	1.17	0.592193
1.94	1.18	0.576897
1.94	1.19	0.561801
1.94	1.2	0.546906
1.94	1.21	0.53221
1.94	1.22	0.517715
1.94	1.23	0.50342
1.94	1.24	0.489325
1.94	1.25	0.47543
1.94	1.26	0.461735
1.94	1.27	0.448241
1.94	1.28	0.434946
1.94	1.29	0.421852
1.94	1.3	0.408958
1.94	1.31	0.396264
1.94	1.32	0.38377
1.94	1.33	0.371477
1.94	1.34	0.359383
1.94	1.35	0.34749
1.94	1.36	0.335796
1.94	1.37	0.324303
1.94	1.38	0.31301
1.94	1.39	0.301917
1.94	1.4	0.291024
1.94	1.41	0.280332
1.94	1.42	0.269839
1.94	1.43	0.259547
1.94	1.44	0.249454
1.94	1.45	0.239562
1.94	1.46	0.22987
1.94	1.47	0.220378
1.94	1.48	0.211086
1.94	1.49	0.201994
1.94	1.5	0.193103
1.94	1.51	0.184411
1.94	1.52	0.17592
1.94	1.53	0.167628
1.94	1.54	0.159537
1.94	1.55	0.151646
1.94	1.56	0.143954
1.94	1.57	0.136463
1.94	1.58	0.129172
1.94	1.59	0.122082
1.94	1.6	0.115191
1.94	1.61	0.1085
1.94	1.62	0.102009
1.94	1.63	0.0957188
1.94	1.64	0.0896283
1.94	1.65	0.0837378
1.94	1.66	0.0780475
1.94	1.67	0.0725571
1.94	1.68	0.0672669
1.94	1.69	0.0621767
1.94	1.7	0.0572866
1.94	1.71	0.0525965
1.94	1.72	0.0481065
1.94	1.73	0.0438165
1.94	1.74	0.0397266
1.94	1.75	0.0358367
1.94	1.76	0.0321469
1.94	1.77	0.0286571
1.94	1.78	0.0253674
1.94	1.79	0.0222777
1.94	1.8	0.019388
1.94	1.81	0.0166984
1.94	1.82	0.0142088
1.94	1.83	0.0119193
1.94	1.84	0.00982977
1.94	1.85	0.00794028
1.94	1.86	0.00625082
1.94	1.87	0.00476137
1.94	1.88	0.00347196
1.94	1.89	0.00238256
1.94	1.9	0.00149318
1.94	1.91	0.000803818
1.94	1.92	0.000314471
1.94	1.93	2.51372e-05
1.94	1.94	-6.41857e-05
1.94	1.95	4.65004e-05
1.94	1.96	0.000357194
1.94	1.97	0.000867892
1.94	1.98	0.00157859
1.94	1.99	0.0024893
1.94	2	0.0036
1.945	0	3.78303
1.945	0.01	3.74421
1.945	0.02	3.7056
1.945	0.03	3.66719
1.945	0.04	3.62898
1.945	0.05	3.59097
1.945	0.06	3.55315
1.945	0.07	3.51554
1.945	0.08	3.47813
1.945	0.09	3.44092
1.945	0.1	3.40391
1.945	0.11	3.3671
1.945	0.12	3.33048
1.945	0.13	3.29407
1.945	0.14	3.25786
1.945	0.15	3.22185
1.945	0.16	3.18604
1.945	0.17	3.15043
1.945	0.18	3.11502
1.945	0.19	3.0798
1.945	0.2	3.04479
1.945	0.21	3.00998
1.945	0.22	2.97537
1.945	0.23	2.94096
1.945	0.24	2.90675
1.945	0.25	2.87274
1.945	0.26	2.83893
1.945	0.27	2.80532
1.945	0.28	2.77191
1.945	0.29	2.7387
1.945	0.3	2.70569
1.945	0.31	2.67288
1.945	0.32	2.64027
1.945	0.33	2.60786
1.945	0.34	2.57565
1.945	0.35	2.54364
1.945	0.36	2.51183
1.945	0.37	2.48022
1.945	0.38	2.44881
1.945	0.39	2.4176
1.945	0.4	2.38659
1.945	0.41	2.35578
1.945	0.42	2.32517
1.945	0.43	2.29476
1.945	0.44	2.26455
1.945	0.45	2.23455
1.945	0.46	2.20474
1.945	0.47	2.17513
1.945	0.48	2.14572
1.945	0.49	2.11651
1.945	0.5	2.08751
1.945	0.51	2.0587
1.945	0.52	2.03009
1.945	0.53	2.00168
1.945	0.54	1.97348
1.945	0.55	1.94547
1.945	0.56	1.91766
1.945	0.57	1.89006
1.945	0.58	1.86265
1.945	0.59	1.83544
1.945	0.6	1.80844
1.945	0.61	1.78163
1.945	0.62	1.75503
1.945	0.63	1.72862
1.945	0.64	1.70241
1.945	0.65	1.67641
1.945	0.66	1.6506
1.945	0.67	1.625
1.945	0.68	1.59959
1.945	0.69	1.57439
1.945	0.7	1.54939
1.945	0.71	1.52458
1.945	0.72	1.49998
1.945	0.73	1.47557
1.945	0.74	1.45137
1.945	0.75	1.42737
1.945	0.76	1.40356
1.945	0.77	1.37996
1.945	0.78	1.35656
1.945	0.79	1.33335
1.945	0.8	1.31035
1.945	0.81	1.28755
1.945	0.82	1.26495
1.945	0.83	1.24254
1.945	0.84	1.22034
1.945	0.85	1.19834
1.945	0.86	1.17654
1.945	0.87	1.15494
1.945	0.88	1.13354
1.945	0.89	1.11234
1.945	0.9	1.09133
1.945	0.91	1.07053
1.945	0.92	1.04993
1.945	0.93	1.02953
1.945	0.94	1.00933
1.945	0.95	0.989333
1.945	0.96	0.969534
1.945	0.97	0.949934
1.945	0.98	0.930534
1.945	0.99	0.911335
1.945	1	0.892336
1.945	1.01	0.873537
1.945	1.02	0.854938
1.945	1.03	0.83654
1.945	1.04	0.818341
1.945	1.05	0.800343
1.945	1.06	0.782545
1.945	1.07	0.764947
1.945	1.08	0.747549
1.945	1.09	0.730352
1.945	1.1	0.713354
1.945	1.11	0.696557
1.945	1.12	0.67996
1.945	1.13	0.663563
1.945	1.14	0.647366
1.945	1.15	0.631369
1.945	1.16	0.615573
1.945	1.17	0.599976
1.945	1.18	0.58458
1.945	1.19	0.569384
1.945	1.2	0.554388
1.945	1.21	0.539592
1.945	1.22	0.524996
1.945	1.23	0.510601
1.945	1.24	0.496406
1.945	1.25	0.48241
1.945	1.26	0.468615
1.945	1.27	0.45502
1.945	1.28	0.441625
1.945	1.29	0.428431
1.945	1.3	0.415436
1.945	1.31	0.402642
1.945	1.32	0.390047
1.945	1.33	0.377653
1.945	1.34	0.365459
1.945	1.35	0.353465
1.945	1.36	0.341671
1.945	1.37	0.330077
1.945	1.38	0.318684
1.945	1.39	0.30749
1.945	1.4	0.296497
1.945	1.41	0.285704
1.945	1.42	0.275111
1.945	1.43	0.264717
1.945	1.44	0.254524
1.945	1.45	0.244532
1.945	1.46	0.234739
1.945	1.47	0.225146
1.945	1.48	0.215754
1.945	1.49	0.206561
1.945	1.5	0.197569
1.945	1.51	0.188776
1.945	1.52	0.180184
1.945	1.53	0.171792
1.945	1.54	0.1636
1.945	1.55	0.155608
1.945	1.56	0.147816
1.945	1.57	0.140224
1.945	1.58	0.132833
1.945	1.59	0.125641
1.945	1.6	0.11865
1.945	1.61	0.111858
1.945	1.62	0.105267
1.945	1.63	0.0988753
1.945	1.64	0.092684
1.945	1.65	0.0866927
1.945	1.66	0.0809016
1.945	1.67	0.0753105
1.945	1.68	0.0699194
1.945	1.69	0.0647284
1.945	1.7	0.0597375
1.945	1.71	0.0549466
1.945	1.72	0.0503557
1.945	1.73	0.0459649
1.945	1.74	0.0417742
1.945	1.75	0.0377835
1.945	1.76	0.0339928
1.945	1.77	0.0304022
1.945	1.78	0.0270116
1.945	1.79	0.0238211
1.945	1.8	0.0208306
1.945	1.81	0.0180401
1.945	1.82	0.0154496
1.945	1.83	0.0130592
1.945	1.84	0.0108688
1.945	1.85	0.00887847
1.945	1.86	0.00708813
1.945	1.87	0.00549782
1.945	1.88	0.00410753
1.945	1.89	0.00291726
1.945	1.9	0.001927
1.945	1.91	0.00113676
1.945	1.92	0.000546534
1.945	1.93	0.000156319
1.945	1.94	-3.38855e-05
1.945	1.95	-2.40818e-05
1.945	1.96	0.000185728
1.945	1.97	0.000595544
1.945	1.98	0.00120536
1.945	1.99	0.00201518
1.945	2	0.003025
1.95	0	3.8025
1.95	0.01	3.76359
1.95	0.02	3.72488
1.95	0.03	3.68637
1.95	0.04	3.64806
1.95	0.05	3.60995
1.95	0.06	3.57204
1.95	0.07	3.53432
1.95	0.08	3.49681
1.95	0.09	3.4595
1.95	0.1	3.42239
1.95	0.11	3.38548
1.95	0.12	3.34877
1.95	0.13	3.31226
1.95	0.14	3.27595
1.95	0.15	3.23984
1.95	0.16	3.20393
1.95	0.17	3.16822
1.95	0.18	3.13271
1.95	0.19	3.0974
1.95	0.2	3.06229
1.95	0.21	3.02738
1.95	0.22	2.99267
1.95	0.23	2.95816
1.95	0.24	2.92385
1.95	0.25	2.88974
1.95	0.26	2.85583
1.95	0.27	2.82212
1.95	0.28	2.78861
1.95	0.29	2.7553
1.95	0.3	2.72219
1.95	0.31	2.68928
1.95	0.32	2.65657
1.95	0.33	2.62406
1.95	0.34	2.59176
1.95	0.35	2.55965
1.95	0.36	2.52774
1.95	0.37	2.49603
1.95	0.38	2.46452
1.95	0.39	2.43321
1.95	0.4	2.4021
1.95	0.41	2.3712
1.95	0.42	2.34049
1.95	0.43	2.30998
1.95	0.44	2.27967
1.95	0.45	2.24956
1.95	0.46	2.21966
1.95	0.47	2.18995
1.95	0.48	2.16044
1.95	0.49	2.13113
1.95	0.5	2.10203
1.95	0.51	2.07312
1.95	0.52	2.04441
1.95	0.53	2.01591
1.95	0.54	1.9876
1.95	0.55	1.95949
1.95	0.56	1.93159
1.95	0.57	1.90388
1.95	0.58	1.87638
1.95	0.59	1.84907
1.95	0.6	1.82197
1.95	0.61	1.79506
1.95	0.62	1.76835
1.95	0.63	1.74185
1.95	0.64	1.71554
1.95	0.65	1.68944
1.95	0.66	1.66354
1.95	0.67	1.63783
1.95	0.68	1.61233
1.95	0.69	1.58702
1.95	0.7	1.56192
1.95	0.71	1.53701
1.95	0.72	1.51231
1.95	0.73	1.48781
1.95	0.74	1.4635
1.95	0.75	1.4394
1.95	0.76	1.4155
1.95	0.77	1.39179
1.95	0.78	1.36829
1.95	0.79	1.34499
1.95	0.8	1.32189
1.95	0.81	1.29898
1.95	0.82	1.27628
1.95	0.83	1.25378
1.95	0.84	1.23148
1.95	0.85	1.20938
1.95	0.86	1.18748
1.95	0.87	1.16577
1.95	0.88	1.14427
1.95	0.89	1.12297
1.95	0.9	1.10187
1.95	0.91	1.08097
1.95	0.92	1.06027
1.95	0.93	1.03977
1.95	0.94	1.01947
1.95	0.95	0.999371
1.95	0.96	0.979471
1.95	0.97	0.959771
1.95	0.98	0.940272
1.95	0.99	0.920972
1.95	1	0.901873
1.95	1.01	0.882974
1.95	1.02	0.864275
1.95	1.03	0.845776
1.95	1.04	0.827478
1.95	1.05	0.809379
1.95	1.06	0.791481
1.95	1.07	0.773783
1.95	1.08	0.756285
1.95	1.09	0.738987
1.95	1.1	0.721889
1.95	1.11	0.704992
1.95	1.12	0.688295
1.95	1.13	0.671797
1.95	1.14	0.6555
1.95	1.15	0.639403
1.95	1.16	0.623506
1.95	1.17	0.60781
1.95	1.18	0.592313
1.95	1.19	0.577017
1.95	1.2	0.56192
1.95	1.21	0.547024
1.95	1.22	0.532328
1.95	1.23	0.517832
1.95	1.24	0.503536
1.95	1.25	0.489441
1.95	1.26	0.475545
1.95	1.27	0.46185
1.95	1.28	0.448354
1.95	1.29	0.435059
1.95	1.3	0.421964
1.95	1.31	0.409069
1.95	1.32	0.396374
1.95	1.33	0.38388
1.95	1.34	0.371585
1.95	1.35	0.35949
1.95	1.36	0.347596
1.95	1.37	0.335902
1.95	1.38	0.324408
1.95	1.39	0.313113
1.95	1.4	0.30202
1.95	1.41	0.291126
1.95	1.42	0.280432
1.95	1.43	0.269938
1.95	1.44	0.259645
1.95	1.45	0.249551
1.95	1.46	0.239658
1.95	1.47	0.229964
1.95	1.48	0.220471
1.95	1.49	0.211178
1.95	1.5	0.202085
1.95	1.51	0.193192
1.95	1.52	0.184499
1.95	1.53	0.176006
1.95	1.54	0.167713
1.95	1.55	0.159621
1.95	1.56	0.151728
1.95	1.57	0.144036
1.95	1.58	0.136543
1.95	1.59	0.129251
1.95	1.6	0.122158
1.95	1.61	0.115266
1.95	1.62	0.108574
1.95	1.63	0.102082
1.95	1.64	0.0957897
1.95	1.65	0.0896977
1.95	1.66	0.0838057
1.95	1.67	0.0781138
1.95	1.68	0.0726219
1.95	1.69	0.0673301
1.95	1.7	0.0622383
1.95	1.71	0.0573466
1.95	1.72	0.052655
1.95	1.73	0.0481633
1.95	1.74	0.0438718
1.95	1.75	0.0397802
1.95	1.76	0.0358887
1.95	1.77	0.0321972
1.95	1.78	0.0287058
1.95	1.79	0.0254144
1.95	1.8	0.0223231
1.95	1.81	0.0194317
1.95	1.82	0.0167404
1.95	1.83	0.0142491
1.95	1.84	0.0119579
1.95	1.85	0.00986666
1.95	1.86	0.00797546
1.95	1.87	0.00628427
1.95	1.88	0.0047931
1.95	1.89	0.00350196
1.95	1.9	0.00241082
1.95	1.91	0.0015197
1.95	1.92	0.000828598
1.95	1.93	0.000337502
1.95	1.94	4.64155e-05
1.95	1.95	-4.46634e-05
1.95	1.96	6.42638e-05
1.95	1.97	0.000373195
1.95	1.98	0.00088213
1.95	1.99	0.00159107
1.95	2	0.0025
1.955	0	3.82203
1.955	0.01	3.78302
1.955	0.02	3.74421
1.955	0.03	3.7056
1.955	0.04	3.66719
1.955	0.05	3.62898
1.955	0.06	3.59097
1.955	0.07	3.55316
1.955	0.08	3.51555
1.955	0.09	3.47814
1.955	0.1	3.44093
1.955	0.11	3.40392
1.955	0.12	3.36711
1.955	0.13	3.3305
1.955	0.14	3.29409
1.955	0.15	3.25788
1.955	0.16	3.22187
1.955	0.17	3.18606
1.955	0.18	3.15045
1.955	0.19	3.11504
1.955	0.2	3.07983
1.955	0.21	3.04483
1.955	0.22	3.01002
1.955	0.23	2.97541
1.955	0.24	2.941
1.955	0.25	2.90679
1.955	0.26	2.87278
1.955	0.27	2.83897
1.955	0.28	2.80536
1.955	0.29	2.77196
1.955	0.3	2.73875
1.955	0.31	2.70574
1.955	0.32	2.67293
1.955	0.33	2.64032
1.955	0.34	2.60791
1.955	0.35	2.57571
1.955	0.36	2.5437
1.955	0.37	2.51189
1.955	0.38	2.48028
1.955	0.39	2.44888
1.955	0.4	2.41767
1.955	0.41	2.38666
1.955	0.42	2.35585
1.955	0.43	2.32525
1.955	0.44	2.29484
1.955	0.45	2.26463
1.955	0.46	2.23463
1.955	0.47	2.20482
1.955	0.48	2.17521
1.955	0.49	2.14581
1.955	0.5	2.1166
1.955	0.51	2.08759
1.955	0.52	2.05879
1.955	0.53	2.03018
1.955	0.54	2.00178
1.955	0.55	1.97357
1.955	0.56	1.94556
1.955	0.57	1.91776
1.955	0.58	1.89015
1.955	0.59	1.86275
1.955	0.6	1.83554
1.955	0.61	1.80854
1.955	0.62	1.78173
1.955	0.63	1.75513
1.955	0.64	1.72873
1.955	0.65	1.70252
1.955	0.66	1.67652
1.955	0.67	1.65071
1.955	0.68	1.62511
1.955	0.69	1.5997
1.955	0.7	1.5745
1.955	0.71	1.5495
1.955	0.72	1.52469
1.955	0.73	1.50009
1.955	0.74	1.47569
1.955	0.75	1.45149
1.955	0.76	1.42748
1.955	0.77	1.40368
1.955	0.78	1.38008
1.955	0.79	1.35668
1.955	0.8	1.33347
1.955	0.81	1.31047
1.955	0.82	1.28767
1.955	0.83	1.26507
1.955	0.84	1.24267
1.955	0.85	1.22046
1.955	0.86	1.19846
1.955	0.87	1.17666
1.955	0.88	1.15506
1.955	0.89	1.13366
1.955	0.9	1.11246
1.955	0.91	1.09146
1.955	0.92	1.07066
1.955	0.93	1.05006
1.955	0.94	1.02966
1.955	0.95	1.00946
1.955	0.96	0.989458
1.955	0.97	0.969659
1.955	0.98	0.950059
1.955	0.99	0.93066
1.955	1	0.91146
1.955	1.01	0.892461
1.955	1.02	0.873662
1.955	1.03	0.855063
1.955	1.04	0.836665
1.955	1.05	0.818466
1.955	1.06	0.800468
1.955	1.07	0.782669
1.955	1.08	0.765071
1.955	1.09	0.747673
1.955	1.1	0.730475
1.955	1.11	0.713477
1.955	1.12	0.69668
1.955	1.13	0.680082
1.955	1.14	0.663685
1.955	1.15	0.647487
1.955	1.16	0.63149
1.955	1.17	0.615693
1.955	1.18	0.600096
1.955	1.19	0.5847
1.955	1.2	0.569503
1.955	1.21	0.554506
1.955	1.22	0.53971
1.955	1.23	0.525114
1.955	1.24	0.510717
1.955	1.25	0.496521
1.955	1.26	0.482525
1.955	1.27	0.468729
1.955	1.28	0.455134
1.955	1.29	0.441738
1.955	1.3	0.428542
1.955	1.31	0.415547
1.955	1.32	0.402752
1.955	1.33	0.390156
1.955	1.34	0.377761
1.955	1.35	0.365566
1.955	1.36	0.353571
1.955	1.37	0.341776
1.955	1.38	0.330182
1.955	1.39	0.318787
1.955	1.4	0.307592
1.955	1.41	0.296598
1.955	1.42	0.285803
1.955	1.43	0.275209
1.955	1.44	0.264815
1.955	1.45	0.254621
1.955	1.46	0.244627
1.955	1.47	0.234833
1.955	1.48	0.225239
1.955	1.49	0.215845
1.955	1.5	0.206651
1.955	1.51	0.197657
1.955	1.52	0.188864
1.955	1.53	0.18027
1.955	1.54	0.171877
1.955	1.55	0.163683
1.955	1.56	0.15569
1.955	1.57	0.147897
1.955	1.58	0.140304
1.955	1.59	0.13291
1.955	1.6	0.125717
1.955	1.61	0.118724
1.955	1.62	0.111931
1.955	1.63	0.105338
1.955	1.64	0.0989455
1.955	1.65	0.0927527
1.955	1.66	0.0867599
1.955	1.67	0.0809672
1.955	1.68	0.0753746
1.955	1.69	0.0699819
1.955	1.7	0.0647894
1.955	1.71	0.0597968
1.955	1.72	0.0550043
1.955	1.73	0.0504119
1.955	1.74	0.0460194
1.955	1.75	0.0418271
1.955	1.76	0.0378347
1.955	1.77	0.0340424
1.955	1.78	0.0304501
1.955	1.79	0.0270579
1.955	1.8	0.0238656
1.955	1.81	0.0208735
1.955	1.82	0.0180813
1.955	1.83	0.0154891
1.955	1.84	0.013097
1.955	1.85	0.0109049
1.955	1.86	0.00891284
1.955	1.87	0.00712077
1.955	1.88	0.00552873
1.955	1.89	0.0041367
1.955	1.9	0.00294469
1.955	1.91	0.00195269
1.955	1.92	0.0011607
1.955	1.93	0.000568714
1.955	1.94	0.000176742
1.955	1.95	-1.52236e-05
1.955	1.96	-7.18389e-06
1.955	1.97	0.00020086
1.955	1.98	0.000608906
1.955	1.99	0.00121695
1.955	2	0.002025
1.96	0	3.8416
1.96	0.01	3.80249
1.96	0.02	3.76358
1.96	0.03	3.72487
1.96	0.04	3.68637
1.96	0.05	3.64806
1.96	0.06	3.60995
1.96	0.07	3.57204
1.96	0.08	3.53433
1.96	0.09	3.49682
1.96	0.1	3.45951
1.96	0.11	3.42241
1.96	0.12	3.3855
1.96	0.13	3.34879
1.96	0.14	3.31228
1.96	0.15	3.27597
1.96	0.16	3.23986
1.96	0.17	3.20396
1.96	0.18	3.16825
1.96	0.19	3.13274
1.96	0.2	3.09743
1.96	0.21	3.06232
1.96	0.22	3.02741
1.96	0.23	2.99271
1.96	0.24	2.9582
1.96	0.25	2.92389
1.96	0.26	2.88978
1.96	0.27	2.85588
1.96	0.28	2.82217
1.96	0.29	2.78866
1.96	0.3	2.75535
1.96	0.31	2.72225
1.96	0.32	2.68934
1.96	0.33	2.65663
1.96	0.34	2.62412
1.96	0.35	2.59182
1.96	0.36	2.55971
1.96	0.37	2.5278
1.96	0.38	2.4961
1.96	0.39	2.46459
1.96	0.4	2.43328
1.96	0.41	2.40218
1.96	0.42	2.37127
1.96	0.43	2.34056
1.96	0.44	2.31006
1.96	0.45	2.27975
1.96	0.46	2.24964
1.96	0.47	2.21974
1.96	0.48	2.19003
1.96	0.49	2.16053
1.96	0.5	2.13122
1.96	0.51	2.10212
1.96	0.52	2.07321
1.96	0.53	2.04451
1.96	0.54	2.016
1.96	0.55	1.9877
1.96	0.56	1.95959
1.96	0.57	1.93169
1.96	0.58	1.90398
1.96	0.59	1.87648
1.96	0.6	1.84917
1.96	0.61	1.82207
1.96	0.62	1.79516
1.96	0.63	1.76846
1.96	0.64	1.74196
1.96	0.65	1.71565
1.96	0.66	1.68955
1.96	0.67	1.66364
1.96	0.68	1.63794
1.96	0.69	1.61244
1.96	0.7	1.58713
1.96	0.71	1.56203
1.96	0.72	1.53713
1.96	0.73	1.51243
1.96	0.74	1.48792
1.96	0.75	1.46362
1.96	0.76	1.43952
1.96	0.77	1.41562
1.96	0.78	1.39191
1.96	0.79	1.36841
1.96	0.8	1.34511
1.96	0.81	1.32201
1.96	0.82	1.29911
1.96	0.83	1.2764
1.96	0.84	1.2539
1.96	0.85	1.2316
1.96	0.86	1.2095
1.96	0.87	1.1876
1.96	0.88	1.1659
1.96	0.89	1.1444
1.96	0.9	1.1231
1.96	0.91	1.102
1.96	0.92	1.0811
1.96	0.93	1.0604
1.96	0.94	1.0399
1.96	0.95	1.0196
1.96	0.96	0.999496
1.96	0.97	0.979596
1.96	0.98	0.959897
1.96	0.99	0.940397
1.96	1	0.921098
1.96	1.01	0.901999
1.96	1.02	0.883099
1.96	1.03	0.864401
1.96	1.04	0.845902
1.96	1.05	0.827603
1.96	1.06	0.809504
1.96	1.07	0.791606
1.96	1.08	0.773907
1.96	1.09	0.756409
1.96	1.1	0.739111
1.96	1.11	0.722013
1.96	1.12	0.705115
1.96	1.13	0.688417
1.96	1.14	0.671919
1.96	1.15	0.655622
1.96	1.16	0.639524
1.96	1.17	0.623627
1.96	1.18	0.60793
1.96	1.19	0.592433
1.96	1.2	0.577136
1.96	1.21	0.562039
1.96	1.22	0.547142
1.96	1.23	0.532445
1.96	1.24	0.517948
1.96	1.25	0.503652
1.96	1.26	0.489555
1.96	1.27	0.475659
1.96	1.28	0.461963
1.96	1.29	0.448467
1.96	1.3	0.435171
1.96	1.31	0.422075
1.96	1.32	0.409179
1.96	1.33	0.396483
1.96	1.34	0.383987
1.96	1.35	0.371692
1.96	1.36	0.359596
1.96	1.37	0.347701
1.96	1.38	0.336005
1.96	1.39	0.32451
1.96	1.4	0.313215
1.96	1.41	0.30212
1.96	1.42	0.291225
1.96	1.43	0.28053
1.96	1.44	0.270035
1.96	1.45	0.25974
1.96	1.46	0.249646
1.96	1.47	0.239751
1.96	1.48	0.230056
1.96	1.49	0.220562
1.96	1.5	0.211267
1.96	1.51	0.202173
1.96	1.52	0.193279
1.96	1.53	0.184584
1.96	1.54	0.17609
1.96	1.55	0.167796
1.96	1.56	0.159702
1.96	1.57	0.151808
1.96	1.58	0.144114
1.96	1.59	0.13662
1.96	1.6	0.129326
1.96	1.61	0.122232
1.96	1.62	0.115339
1.96	1.63	0.108645
1.96	1.64	0.102151
1.96	1.65	0.0958578
1.96	1.66	0.0897642
1.96	1.67	0.0838707
1.96	1.68	0.0781772
1.96	1.69	0.0726838
1.96	1.7	0.0673904
1.96	1.71	0.062297
1.96	1.72	0.0574037
1.96	1.73	0.0527104
1.96	1.74	0.0482171
1.96	1.75	0.0439239
1.96	1.76	0.0398307
1.96	1.77	0.0359376
1.96	1.78	0.0322444
1.96	1.79	0.0287513
1.96	1.8	0.0254582
1.96	1.81	0.0223652
1.96	1.82	0.0194721
1.96	1.83	0.0167791
1.96	1.84	0.0142861
1.96	1.85	0.0119932
1.96	1.86	0.00990022
1.96	1.87	0.00800728
1.96	1.88	0.00631436
1.96	1.89	0.00482145
1.96	1.9	0.00352855
1.96	1.91	0.00243567
1.96	1.92	0.00154279
1.96	1.93	0.000849928
1.96	1.94	0.000357069
1.96	1.95	6.42166e-05
1.96	1.96	-2.86311e-05
1.96	1.97	7.85246e-05
1.96	1.98	0.000385683
1.96	1.99	0.000892841
1.96	2	0.0016
1.965	0	3.86122
1.965	0.01	3.82202
1.965	0.02	3.78301
1.965	0.03	3.7442
1.965	0.04	3.70559
1.965	0.05	3.66719
1.965	0.06	3.62898
1.965	0.07	3.59097
1.965	0.08	3.55316
1.965	0.09	3.51556
1.965	0.1	3.47815
1.965	0.11	3.44094
1.965	0.12	3.40393
1.965	0.13	3.36713
1.965	0.14	3.33052
1.965	0.15	3.29411
1.965	0.16	3.25791
1.965	0.17	3.2219
1.965	0.18	3.18609
1.965	0.19	3.15048
1.965	0.2	3.11508
1.965	0.21	3.07987
1.965	0.22	3.04486
1.965	0.23	3.01006
1.965	0.24	2.97545
1.965	0.25	2.94104
1.965	0.26	2.90684
1.965	0.27	2.87283
1.965	0.28	2.83902
1.965	0.29	2.80542
1.965	0.3	2.77201
1.965	0.31	2.7388
1.965	0.32	2.7058
1.965	0.33	2.67299
1.965	0.34	2.64038
1.965	0.35	2.60798
1.965	0.36	2.57577
1.965	0.37	2.54376
1.965	0.38	2.51196
1.965	0.39	2.48035
1.965	0.4	2.44895
1.965	0.41	2.41774
1.965	0.42	2.38674
1.965	0.43	2.35593
1.965	0.44	2.32532
1.965	0.45	2.29492
1.965	0.46	2.26471
1.965	0.47	2.23471
1.965	0.48	2.2049
1.965	0.49	2.1753
1.965	0.5	2.14589
1.965	0.51	2.11669
1.965	0.52	2.08768
1.965	0.53	2.05888
1.965	0.54	2.03028
1.965	0.55	2.00187
1.965	0.56	1.97367
1.965	0.57	1.94566
1.965	0.58	1.91786
1.965	0.59	1.89025
1.965	0.6	1.86285
1.965	0.61	1.83565
1.965	0.62	1.80864
1.965	0.63	1.78184
1.965	0.64	1.75524
1.965	0.65	1.72883
1.965	0.66	1.70263
1.965	0.67	1.67663
1.965	0.68	1.65082
1.965	0.69	1.62522
1.965	0.7	1.59982
1.965	0.71	1.57461
1.965	0.72	1.54961
1.965	0.73	1.52481
1.965	0.74	1.50021
1.965	0.75	1.4758
1.965	0.76	1.4516
1.965	0.77	1.4276
1.965	0.78	1.4038
1.965	0.79	1.3802
1.965	0.8	1.3568
1.965	0.81	1.33359
1.965	0.82	1.31059
1.965	0.83	1.28779
1.965	0.84	1.26519
1.965	0.85	1.24279
1.965	0.86	1.22059
1.965	0.87	1.19859
1.965	0.88	1.17679
1.965	0.89	1.15519
1.965	0.9	1.13378
1.965	0.91	1.11258
1.965	0.92	1.09158
1.965	0.93	1.07078
1.965	0.94	1.05018
1.965	0.95	1.02978
1.965	0.96	1.00958
1.965	0.97	0.989584
1.965	0.98	0.969784
1.965	0.99	0.950185
1.965	1	0.930785
1.965	1.01	0.911586
1.965	1.02	0.892587
1.965	1.03	0.873788
1.965	1.04	0.855189
1.965	1.05	0.83679
1.965	1.06	0.818591
1.965	1.07	0.800592
1.965	1.08	0.782794
1.965	1.09	0.765195
1.965	1.1	0.747797
1.965	1.11	0.730598
1.965	1.12	0.7136
1.965	1.13	0.696802
1.965	1.14	0.680204
1.965	1.15	0.663806
1.965	1.16	0.647609
1.965	1.17	0.631611
1.965	1.18	0.615813
1.965	1.19	0.600216
1.965	1.2	0.584818
1.965	1.21	0.569621
1.965	1.22	0.554624
1.965	1.23	0.539827
1.965	1.24	0.52523
1.965	1.25	0.510833
1.965	1.26	0.496636
1.965	1.27	0.482639
1.965	1.28	0.468842
1.965	1.29	0.455246
1.965	1.3	0.441849
1.965	1.31	0.428653
1.965	1.32	0.415656
1.965	1.33	0.40286
1.965	1.34	0.390264
1.965	1.35	0.377868
1.965	1.36	0.365672
1.965	1.37	0.353676
1.965	1.38	0.34188
1.965	1.39	0.330284
1.965	1.4	0.318888
1.965	1.41	0.307692
1.965	1.42	0.296697
1.965	1.43	0.285901
1.965	1.44	0.275306
1.965	1.45	0.26491
1.965	1.46	0.254715
1.965	1.47	0.244719
1.965	1.48	0.234924
1.965	1.49	0.225329
1.965	1.5	0.215934
1.965	1.51	0.206739
1.965	1.52	0.197744
1.965	1.53	0.188949
1.965	1.54	0.180354
1.965	1.55	0.171959
1.965	1.56	0.163764
1.965	1.57	0.155769
1.965	1.58	0.147975
1.965	1.59	0.14038
1.965	1.6	0.132985
1.965	1.61	0.125791
1.965	1.62	0.118796
1.965	1.63	0.112002
1.965	1.64	0.105407
1.965	1.65	0.0990129
1.965	1.66	0.0928186
1.965	1.67	0.0868242
1.965	1.68	0.08103
1.965	1.69	0.0754357
1.965	1.7	0.0700415
1.965	1.71	0.0648473
1.965	1.72	0.0598531
1.965	1.73	0.055059
1.965	1.74	0.0504649
1.965	1.75	0.0460708
1.965	1.76	0.0418768
1.965	1.77	0.0378828
1.965	1.78	0.0340888
1.965	1.79	0.0304948
1.965	1.8	0.0271009
1.965	1.81	0.023907
1.965	1.82	0.0209131
1.965	1.83	0.0181192
1.965	1.84	0.0155253
1.965	1.85	0.0131315
1.965	1.86	0.0109376
1.965	1.87	0.00894383
1.965	1.88	0.00715003
1.965	1.89	0.00555623
1.965	1.9	0.00416245
1.965	1.91	0.00296868
1.965	1.92	0.00197492
1.965	1.93	0.00118117
1.965	1.94	0.000587417
1.965	1.95	0.000193674
1.965	1.96	-6.47102e-08
1.965	1.97	6.19969e-06
1.965	1.98	0.000212466
1.965	1.99	0.000618733
1.965	2	0.001225
1.97	0	3.8809
1.97	0.01	3.84159
1.97	0.02	3.80249
1.97	0.03	3.76358
1.97	0.04	3.72487
1.97	0.05	3.68637
1.97	0.06	3.64806
1.97	0.07	3.60995
1.97	0.08	3.57205
1.97	0.09	3.53434
1.97	0.1	3.49684
1.97	0.11	3.45953
1.97	0.12	3.42242
1.97	0.13	3.38552
1.97	0.14	3.34881
1.97	0.15	3.3123
1.97	0.16	3.276
1.97	0.17	3.23989
1.97	0.18	3.20399
1.97	0.19	3.16828
1.97	0.2	3.13277
1.97	0.21	3.09747
1.97	0.22	3.06236
1.97	0.23	3.02745
1.97	0.24	2.99275
1.97	0.25	2.95824
1.97	0.26	2.92394
1.97	0.27	2.88983
1.97	0.28	2.85593
1.97	0.29	2.82222
1.97	0.3	2.78871
1.97	0.31	2.75541
1.97	0.32	2.7223
1.97	0.33	2.6894
1.97	0.34	2.65669
1.97	0.35	2.62419
1.97	0.36	2.59188
1.97	0.37	2.55978
1.97	0.38	2.52787
1.97	0.39	2.49617
1.97	0.4	2.46466
1.97	0.41	2.43336
1.97	0.42	2.40225
1.97	0.43	2.37135
1.97	0.44	2.34064
1.97	0.45	2.31014
1.97	0.46	2.27983
1.97	0.47	2.24973
1.97	0.48	2.21982
1.97	0.49	2.19012
1.97	0.5	2.16062
1.97	0.51	2.13131
1.97	0.52	2.10221
1.97	0.53	2.0733
1.97	0.54	2.0446
1.97	0.55	2.0161
1.97	0.56	1.98779
1.97	0.57	1.95969
1.97	0.58	1.93179
1.97	0.59	1.90408
1.97	0.6	1.87658
1.97	0.61	1.84928
1.97	0.62	1.82217
1.97	0.63	1.79527
1.97	0.64	1.76857
1.97	0.65	1.74206
1.97	0.66	1.71576
1.97	0.67	1.68966
1.97	0.68	1.66376
1.97	0.69	1.63805
1.97	0.7	1.61255
1.97	0.71	1.58725
1.97	0.72	1.56215
1.97	0.73	1.53724
1.97	0.74	1.51254
1.97	0.75	1.48804
1.97	0.76	1.46374
1.97	0.77	1.43964
1.97	0.78	1.41573
1.97	0.79	1.39203
1.97	0.8	1.36853
1.97	0.81	1.34523
1.97	0.82	1.32213
1.97	0.83	1.29923
1.97	0.84	1.27653
1.97	0.85	1.25403
1.97	0.86	1.23172
1.97	0.87	1.20962
1.97	0.88	1.18772
1.97	0.89	1.16602
1.97	0.9	1.14452
1.97	0.91	1.12322
1.97	0.92	1.10212
1.97	0.93	1.08122
1.97	0.94	1.06052
1.97	0.95	1.04002
1.97	0.96	1.01972
1.97	0.97	0.999622
1.97	0.98	0.979722
1.97	0.99	0.960022
1.97	1	0.940523
1.97	1.01	0.921224
1.97	1.02	0.902124
1.97	1.03	0.883225
1.97	1.04	0.864526
1.97	1.05	0.846027
1.97	1.06	0.827728
1.97	1.07	0.809629
1.97	1.08	0.79173
1.97	1.09	0.774031
1.97	1.1	0.756533
1.97	1.11	0.739234
1.97	1.12	0.722136
1.97	1.13	0.705237
1.97	1.14	0.688539
1.97	1.15	0.672041
1.97	1.16	0.655743
1.97	1.17	0.639645
1.97	1.18	0.623747
1.97	1.19	0.608049
1.97	1.2	0.592551
1.97	1.21	0.577254
1.97	1.22	0.562156
1.97	1.23	0.547258
1.97	1.24	0.532561
1.97	1.25	0.518064
1.97	1.26	0.503766
1.97	1.27	0.489669
1.97	1.28	0.475772
1.97	1.29	0.462075
1.97	1.3	0.448578
1.97	1.31	0.435281
1.97	1.32	0.422184
1.97	1.33	0.409287
1.97	1.34	0.39659
1.97	1.35	0.384094
1.97	1.36	0.371797
1.97	1.37	0.3597
1.97	1.38	0.347804
1.97	1.39	0.336107
1.97	1.4	0.324611
1.97	1.41	0.313315
1.97	1.42	0.302218
1.97	1.43	0.291322
1.97	1.44	0.280626
1.97	1.45	0.27013
1.97	1.46	0.259834
1.97	1.47	0.249738
1.97	1.48	0.239842
1.97	1.49	0.230146
1.97	1.5	0.22065
1.97	1.51	0.211355
1.97	1.52	0.202259
1.97	1.53	0.193363
1.97	1.54	0.184667
1.97	1.55	0.176172
1.97	1.56	0.167876
1.97	1.57	0.159781
1.97	1.58	0.151885
1.97	1.59	0.14419
1.97	1.6	0.136695
1.97	1.61	0.129399
1.97	1.62	0.122304
1.97	1.63	0.115409
1.97	1.64	0.108713
1.97	1.65	0.102218
1.97	1.66	0.095923
1.97	1.67	0.0898279
1.97	1.68	0.0839327
1.97	1.69	0.0782377
1.97	1.7	0.0727426
1.97	1.71	0.0674476
1.97	1.72	0.0623526
1.97	1.73	0.0574577
1.97	1.74	0.0527627
1.97	1.75	0.0482678
1.97	1.76	0.0439729
1.97	1.77	0.0398781
1.97	1.78	0.0359832
1.97	1.79	0.0322884
1.97	1.8	0.0287936
1.97	1.81	0.0254988
1.97	1.82	0.022404
1.97	1.83	0.0195093
1.97	1.84	0.0168145
1.97	1.85	0.0143198
1.97	1.86	0.0120251
1.97	1.87	0.0099304
1.97	1.88	0.00803571
1.97	1.89	0.00634103
1.97	1.9	0.00484637
1.97	1.91	0.00355171
1.97	1.92	0.00245706
1.97	1.93	0.00156241
1.97	1.94	0.000867772
1.97	1.95	0.000373138
1.97	1.96	7.8507e-05
1.97	1.97	-1.61212e-05
1.97	1.98	8.92521e-05
1.97	1.99	0.000394626
1.97	2	0.0009
1.975	0	3.90063
1.975	0.01	3.86122
1.975	0.02	3.82201
1.975	0.03	3.78301
1.975	0.04	3.7442
1.975	0.05	3.7056
1.975	0.06	3.66719
1.975	0.07	3.62899
1.975	0.08	3.59098
1.975	0.09	3.55318
1.975	0.1	3.51557
1.975	0.11	3.47817
1.975	0.12	3.44096
1.975	0.13	3.40396
1.975	0.14	3.36715
1.975	0.15	3.33054
1.975	0.16	3.29414
1.975	0.17	3.25793
1.975	0.18	3.22193
1.975	0.19	3.18612
1.975	0.2	3.15052
1.975	0.21	3.11511
1.975	0.22	3.07991
1.975	0.23	3.0449
1.975	0.24	3.0101
1.975	0.25	2.97549
1.975	0.26	2.94109
1.975	0.27	2.90688
1.975	0.28	2.87288
1.975	0.29	2.83908
1.975	0.3	2.80547
1.975	0.31	2.77207
1.975	0.32	2.73886
1.975	0.33	2.70586
1.975	0.34	2.67305
1.975	0.35	2.64045
1.975	0.36	2.60804
1.975	0.37	2.57584
1.975	0.38	2.54383
1.975	0.39	2.51203
1.975	0.4	2.48043
1.975	0.41	2.44902
1.975	0.42	2.41782
1.975	0.43	2.38681
1.975	0.44	2.35601
1.975	0.45	2.32541
1.975	0.46	2.295
1.975	0.47	2.2648
1.975	0.48	2.2348
1.975	0.49	2.20499
1.975	0.5	2.17539
1.975	0.51	2.14598
1.975	0.52	2.11678
1.975	0.53	2.08778
1.975	0.54	2.05897
1.975	0.55	2.03037
1.975	0.56	2.00197
1.975	0.57	1.97377
1.975	0.58	1.94576
1.975	0.59	1.91796
1.975	0.6	1.89036
1.975	0.61	1.86295
1.975	0.62	1.83575
1.975	0.63	1.80875
1.975	0.64	1.78195
1.975	0.65	1.75534
1.975	0.66	1.72894
1.975	0.67	1.70274
1.975	0.68	1.67674
1.975	0.69	1.65094
1.975	0.7	1.62533
1.975	0.71	1.59993
1.975	0.72	1.57473
1.975	0.73	1.54973
1.975	0.74	1.52493
1.975	0.75	1.50032
1.975	0.76	1.47592
1.975	0.77	1.45172
1.975	0.78	1.42772
1.975	0.79	1.40392
1.975	0.8	1.38032
1.975	0.81	1.35692
1.975	0.82	1.33372
1.975	0.83	1.31071
1.975	0.84	1.28791
1.975	0.85	1.26531
1.975	0.86	1.24291
1.975	0.87	1.22071
1.975	0.88	1.19871
1.975	0.89	1.17691
1.975	0.9	1.15531
1.975	0.91	1.13391
1.975	0.92	1.11271
1.975	0.93	1.09171
1.975	0.94	1.07091
1.975	0.95	1.05031
1.975	0.96	1.02991
1.975	0.97	1.00971
1.975	0.98	0.98971
1.975	0.99	0.96991
1.975	1	0.950311
1.975	1.01	0.930911
1.975	1.02	0.911712
1.975	1.03	0.892712
1.975	1.04	0.873913
1.975	1.05	0.855314
1.975	1.06	0.836915
1.975	1.07	0.818716
1.975	1.08	0.800717
1.975	1.09	0.782918
1.975	1.1	0.765319
1.975	1.11	0.74792
1.975	1.12	0.730721
1.975	1.13	0.713723
1.975	1.14	0.696924
1.975	1.15	0.680326
1.975	1.16	0.663927
1.975	1.17	0.647729
1.975	1.18	0.631731
1.975	1.19	0.615932
1.975	1.2	0.600334
1.975	1.21	0.584936
1.975	1.22	0.569738
1.975	1.23	0.55474
1.975	1.24	0.539942
1.975	1.25	0.525344
1.975	1.26	0.510947
1.975	1.27	0.496749
1.975	1.28	0.482751
1.975	1.29	0.468954
1.975	1.3	0.455356
1.975	1.31	0.441959
1.975	1.32	0.428761
1.975	1.33	0.415764
1.975	1.34	0.402967
1.975	1.35	0.390369
1.975	1.36	0.377972
1.975	1.37	0.365775
1.975	1.38	0.353778
1.975	1.39	0.341981
1.975	1.4	0.330384
1.975	1.41	0.318987
1.975	1.42	0.30779
1.975	1.43	0.296793
1.975	1.44	0.285997
1.975	1.45	0.2754
1.975	1.46	0.265003
1.975	1.47	0.254807
1.975	1.48	0.24481
1.975	1.49	0.235013
1.975	1.5	0.225417
1.975	1.51	0.21602
1.975	1.52	0.206824
1.975	1.53	0.197827
1.975	1.54	0.189031
1.975	1.55	0.180435
1.975	1.56	0.172038
1.975	1.57	0.163842
1.975	1.58	0.155846
1.975	1.59	0.14805
1.975	1.6	0.140454
1.975	1.61	0.133058
1.975	1.62	0.125861
1.975	1.63	0.118865
1.975	1.64	0.112069
1.975	1.65	0.105473
1.975	1.66	0.0990774
1.975	1.67	0.0928815
1.975	1.68	0.0868855
1.975	1.69	0.0810897
1.975	1.7	0.0754938
1.975	1.71	0.0700979
1.975	1.72	0.0649021
1.975	1.73	0.0599063
1.975	1.74	0.0551105
1.975	1.75	0.0505148
1.975	1.76	0.046119
1.975	1.77	0.0419233
1.975	1.78	0.0379276
1.975	1.79	0.0341319
1.975	1.8	0.0305363
1.975	1.81	0.0271406
1.975	1.82	0.023945
1.975	1.83	0.0209493
1.975	1.84	0.0181537
1.975	1.85	0.0155581
1.975	1.86	0.0131625
1.975	1.87	0.010967
1.975	1.88	0.00897139
1.975	1.89	0.00717583
1.975	1.9	0.00558028
1.975	1.91	0.00418473
1.975	1.92	0.00298919
1.975	1.93	0.00199366
1.975	1.94	0.00119813
1.975	1.95	0.000602602
1.975	1.96	0.000207079
1.975	1.97	1.1558e-05
1.975	1.98	1.60384e-05
1.975	1.99	0.000220519
1.975	2	0.000625
1.98	0	3.9204
1.98	0.01	3.8809
1.98	0.02	3.84159
1.98	0.03	3.80249
1.98	0.04	3.76358
1.98	0.05	3.72488
1.98	0.06	3.68637
1.98	0.07	3.64807
1.98	0.08	3.60997
1.98	0.09	3.57206
1.98	0.1	3.53436
1.98	0.11	3.49685
1.98	0.12	3.45955
1.98	0.13	3.42244
1.98	0.14	3.38554
1.98	0.15	3.34884
1.98	0.16	3.31233
1.98	0.17	3.27603
1.98	0.18	3.23992
1.98	0.19	3.20402
1.98	0.2	3.16832
1.98	0.21	3.13281
1.98	0.22	3.09751
1.98	0.23	3.0624
1.98	0.24	3.0275
1.98	0.25	2.9928
1.98	0.26	2.95829
1.98	0.27	2.92399
1.98	0.28	2.88988
1.98	0.29	2.85598
1.98	0.3	2.82228
1.98	0.31	2.78877
1.98	0.32	2.75547
1.98	0.33	2.72237
1.98	0.34	2.68946
1.98	0.35	2.65676
1.98	0.36	2.62425
1.98	0.37	2.59195
1.98	0.38	2.55985
1.98	0.39	2.52794
1.98	0.4	2.49624
1.98	0.41	2.46474
1.98	0.42	2.43343
1.98	0.43	2.40233
1.98	0.44	2.37143
1.98	0.45	2.34073
1.98	0.46	2.31022
1.98	0.47	2.27992
1.98	0.48	2.24982
1.98	0.49	2.21991
1.98	0.5	2.19021
1.98	0.51	2.16071
1.98	0.52	2.13141
1.98	0.53	2.1023
1.98	0.54	2.0734
1.98	0.55	2.0447
1.98	0.56	2.01619
1.98	0.57	1.98789
1.98	0.58	1.95979
1.98	0.59	1.93189
1.98	0.6	1.90419
1.98	0.61	1.87668
1.98	0.62	1.84938
1.98	0.63	1.82228
1.98	0.64	1.79538
1.98	0.65	1.76868
1.98	0.66	1.74217
1.98	0.67	1.71587
1.98	0.68	1.68977
1.98	0.69	1.66387
1.98	0.7	1.63817
1.98	0.71	1.61267
1.98	0.72	1.58736
1.98	0.73	1.56226
1.98	0.74	1.53736
1.98	0.75	1.51266
1.98	0.76	1.48816
1.98	0.77	1.46386
1.98	0.78	1.43976
1.98	0.79	1.41586
1.98	0.8	1.39215
1.98	0.81	1.36865
1.98	0.82	1.34535
1.98	0.83	1.32225
1.98	0.84	1.29935
1.98	0.85	1.27665
1.98	0.86	1.25415
1.98	0.87	1.23185
1.98	0.88	1.20975
1.98	0.89	1.18785
1.98	0.9	1.16615
1.98	0.91	1.14465
1.98	0.92	1.12335
1.98	0.93	1.10225
1.98	0.94	1.08135
1.98	0.95	1.06065
1.98	0.96	1.04015
1.98	0.97	1.01985
1.98	0.98	0.999748
1.98	0.99	0.979848
1.98	1	0.960148
1.98	1.01	0.940649
1.98	1.02	0.921349
1.98	1.03	0.90225
1.98	1.04	0.88335
1.98	1.05	0.864651
1.98	1.06	0.846152
1.98	1.07	0.827852
1.98	1.08	0.809753
1.98	1.09	0.791854
1.98	1.1	0.774155
1.98	1.11	0.756656
1.98	1.12	0.739357
1.98	1.13	0.722258
1.98	1.14	0.705359
1.98	1.15	0.68866
1.98	1.16	0.672162
1.98	1.17	0.655863
1.98	1.18	0.639764
1.98	1.19	0.623866
1.98	1.2	0.608167
1.98	1.21	0.592669
1.98	1.22	0.57737
1.98	1.23	0.562272
1.98	1.24	0.547374
1.98	1.25	0.532676
1.98	1.26	0.518177
1.98	1.27	0.503879
1.98	1.28	0.489781
1.98	1.29	0.475883
1.98	1.3	0.462185
1.98	1.31	0.448687
1.98	1.32	0.435389
1.98	1.33	0.422291
1.98	1.34	0.409393
1.98	1.35	0.396696
1.98	1.36	0.384198
1.98	1.37	0.3719
1.98	1.38	0.359802
1.98	1.39	0.347905
1.98	1.4	0.336207
1.98	1.41	0.32471
1.98	1.42	0.313412
1.98	1.43	0.302315
1.98	1.44	0.291417
1.98	1.45	0.28072
1.98	1.46	0.270222
1.98	1.47	0.259925
1.98	1.48	0.249828
1.98	1.49	0.239931
1.98	1.5	0.230233
1.98	1.51	0.220736
1.98	1.52	0.211439
1.98	1.53	0.202342
1.98	1.54	0.193445
1.98	1.55	0.184748
1.98	1.56	0.176251
1.98	1.57	0.167954
1.98	1.58	0.159857
1.98	1.59	0.15196
1.98	1.6	0.144263
1.98	1.61	0.136766
1.98	1.62	0.129469
1.98	1.63	0.122372
1.98	1.64	0.115475
1.98	1.65	0.108779
1.98	1.66	0.102282
1.98	1.67	0.0959851
1.98	1.68	0.0898884
1.98	1.69	0.0839917
1.98	1.7	0.078295
1.98	1.71	0.0727983
1.98	1.72	0.0675017
1.98	1.73	0.062405
1.98	1.74	0.0575084
1.98	1.75	0.0528118
1.98	1.76	0.0483152
1.98	1.77	0.0440186
1.98	1.78	0.0399221
1.98	1.79	0.0360255
1.98	1.8	0.032329
1.98	1.81	0.0288325
1.98	1.82	0.025536
1.98	1.83	0.0224395
1.98	1.84	0.019543
1.98	1.85	0.0168465
1.98	1.86	0.01435
1.98	1.87	0.0120536
1.98	1.88	0.0099571
1.98	1.89	0.00806066
1.98	1.9	0.00636421
1.98	1.91	0.00486778
1.98	1.92	0.00357135
1.98	1.93	0.00247492
1.98	1.94	0.0015785
1.98	1.95	0.000882077
1.98	1.96	0.00038566
1.98	1.97	8.92437e-05
1.98	1.98	-7.17111e-06
1.98	1.99	9.64145e-05
1.98	2	0.0004
1.985	0	3.94022
1.985	0.01	3.90062
1.985	0.02	3.86122
1.985	0.03	3.82202
1.985	0.04	3.78301
1.985	0.05	3.74421
1.985	0.06	3.70561
1.985	0.07	3.6672
1.985	0.08	3.629
1.985	0.09	3.591
1.985	0.1	3.55319
1.985	0.11	3.51559
1.985	0.12	3.47819
1.985	0.13	3.44098
1.985	0.14	3.40398
1.985	0.15	3.36718
1.985	0.16	3.33057
1.985	0.17	3.29417
1.985	0.18	3.25797
1.985	0.19	3.22196
1.985	0.2	3.18616
1.985	0.21	3.15056
1.985	0.22	3.11516
1.985	0.23	3.07995
1.985	0.24	3.04495
1.985	0.25	3.01015
1.985	0.26	2.97554
1.985	0.27	2.94114
1.985	0.28	2.90694
1.985	0.29	2.87294
1.985	0.3	2.83913
1.985	0.31	2.80553
1.985	0.32	2.77213
1.985	0.33	2.73892
1.985	0.34	2.70592
1.985	0.35	2.67312
1.985	0.36	2.64052
1.985	0.37	2.60811
1.985	0.38	2.57591
1.985	0.39	2.54391
1.985	0.4	2.51211
1.985	0.41	2.4805
1.985	0.42	2.4491
1.985	0.43	2.4179
1.985	0.44	2.3869
1.985	0.45	2.35609
1.985	0.46	2.32549
1.985	0.47	2.29509
1.985	0.48	2.26489
1.985	0.49	2.23489
1.985	0.5	2.20508
1.985	0.51	2.17548
1.985	0.52	2.14608
1.985	0.53	2.11688
1.985	0.54	2.08787
1.985	0.55	2.05907
1.985	0.56	2.03047
1.985	0.57	2.00207
1.985	0.58	1.97387
1.985	0.59	1.94587
1.985	0.6	1.91806
1.985	0.61	1.89046
1.985	0.62	1.86306
1.985	0.63	1.83586
1.985	0.64	1.80886
1.985	0.65	1.78206
1.985	0.66	1.75546
1.985	0.67	1.72905
1.985	0.68	1.70285
1.985	0.69	1.67685
1.985	0.7	1.65105
1.985	0.71	1.62545
1.985	0.72	1.60005
1.985	0.73	1.57485
1.985	0.74	1.54985
1.985	0.75	1.52504
1.985	0.76	1.50044
1.985	0.77	1.47604
1.985	0.78	1.45184
1.985	0.79	1.42784
1.985	0.8	1.40404
1.985	0.81	1.38044
1.985	0.82	1.35704
1.985	0.83	1.33384
1.985	0.84	1.31084
1.985	0.85	1.28804
1.985	0.86	1.26544
1.985	0.87	1.24304
1.985	0.88	1.22084
1.985	0.89	1.19884
1.985	0.9	1.17704
1.985	0.91	1.15544
1.985	0.92	1.13404
1.985	0.93	1.11284
1.985	0.94	1.09184
1.985	0.95	1.07104
1.985	0.96	1.05044
1.985	0.97	1.03004
1.985	0.98	1.00984
1.985	0.99	0.989836
1.985	1	0.970036
1.985	1.01	0.950437
1.985	1.02	0.931037
1.985	1.03	0.911837
1.985	1.04	0.892838
1.985	1.05	0.874038
1.985	1.06	0.855439
1.985	1.07	0.837039
1.985	1.08	0.81884
1.985	1.09	0.80084
1.985	1.1	0.783041
1.985	1.11	0.765442
1.985	1.12	0.748043
1.985	1.13	0.730844
1.985	1.14	0.713844
1.985	1.15	0.697045
1.985	1.16	0.680446
1.985	1.17	0.664047
1.985	1.18	0.647848
1.985	1.19	0.631849
1.985	1.2	0.61605
1.985	1.21	0.600452
1.985	1.22	0.585053
1.985	1.23	0.569854
1.985	1.24	0.554855
1.985	1.25	0.540057
1.985	1.26	0.525458
1.985	1.27	0.511059
1.985	1.28	0.496861
1.985	1.29	0.482862
1.985	1.3	0.469064
1.985	1.31	0.455465
1.985	1.32	0.442067
1.985	1.33	0.428868
1.985	1.34	0.41587
1.985	1.35	0.403072
1.985	1.36	0.390473
1.985	1.37	0.378075
1.985	1.38	0.365877
1.985	1.39	0.353879
1.985	1.4	0.34208
1.985	1.41	0.330482
1.985	1.42	0.319084
1.985	1.43	0.307886
1.985	1.44	0.296888
1.985	1.45	0.28609
1.985	1.46	0.275492
1.985	1.47	0.265094
1.985	1.48	0.254896
1.985	1.49	0.244898
1.985	1.5	0.2351
1.985	1.51	0.225502
1.985	1.52	0.216104
1.985	1.53	0.206906
1.985	1.54	0.197909
1.985	1.55	0.189111
1.985	1.56	0.180513
1.985	1.57	0.172115
1.985	1.58	0.163918
1.985	1.59	0.15592
1.985	1.6	0.148122
1.985	1.61	0.140524
1.985	1.62	0.133127
1.985	1.63	0.125929
1.985	1.64	0.118932
1.985	1.65	0.112134
1.985	1.66	0.105536
1.985	1.67	0.0991388
1.985	1.68	0.0929413
1.985	1.69	0.0869437
1.985	1.7	0.0811462
1.985	1.71	0.0755487
1.985	1.72	0.0701512
1.985	1.73	0.0649537
1.985	1.74	0.0599563
1.985	1.75	0.0551588
1.985	1.76	0.0505614
1.985	1.77	0.046164
1.985	1.78	0.0419665
1.985	1.79	0.0379691
1.985	1.8	0.0341717
1.985	1.81	0.0305743
1.985	1.82	0.027177
1.985	1.83	0.0239796
1.985	1.84	0.0209822
1.985	1.85	0.0181849
1.985	1.86	0.0155875
1.985	1.87	0.0131902
1.985	1.88	0.0109928
1.985	1.89	0.00899548
1.985	1.9	0.00719815
1.985	1.91	0.00560082
1.985	1.92	0.0042035
1.985	1.93	0.00300618
1.985	1.94	0.00200887
1.985	1.95	0.00121155
1.985	1.96	0.00061424
1.985	1.97	0.00021693
1.985	1.98	1.96195e-05
1.985	1.99	2.23098e-05
1.985	2	0.000225
1.99	0	3.9601
1.99	0.01	3.9204
1.99	0.02	3.8809
1.99	0.03	3.84159
1.99	0.04	3.80249
1.99	0.05	3.76359
1.99	0.06	3.72489
1.99	0.07	3.68638
1.99	0.08	3.64808
1.99	0.09	3.60998
1.99	0.1	3.57208
1.99	0.11	3.53438
1.99	0.12	3.49687
1.99	0.13	3.45957
1.99	0.14	3.42247
1.99	0.15	3.38557
1.99	0.16	3.34887
1.99	0.17	3.31236
1.99	0.18	3.27606
1.99	0.19	3.23996
1.99	0.2	3.20406
1.99	0.21	3.16836
1.99	0.22	3.13285
1.99	0.23	3.09755
1.99	0.24	3.06245
1.99	0.25	3.02755
1.99	0.26	2.99285
1.99	0.27	2.95834
1.99	0.28	2.92404
1.99	0.29	2.88994
1.99	0.3	2.85604
1.99	0.31	2.82234
1.99	0.32	2.78883
1.99	0.33	2.75553
1.99	0.34	2.72243
1.99	0.35	2.68953
1.99	0.36	2.65683
1.99	0.37	2.62433
1.99	0.38	2.59202
1.99	0.39	2.55992
1.99	0.4	2.52802
1.99	0.41	2.49632
1.99	0.42	2.46482
1.99	0.43	2.43352
1.99	0.44	2.40241
1.99	0.45	2.37151
1.99	0.46	2.34081
1.99	0.47	2.31031
1.99	0.48	2.28001
1.99	0.49	2.24991
1.99	0.5	2.22001
1.99	0.51	2.1903
1.99	0.52	2.1608
1.99	0.53	2.1315
1.99	0.54	2.1024
1.99	0.55	2.0735
1.99	0.56	2.0448
1.99	0.57	2.0163
1.99	0.58	1.98799
1.99	0.59	1.95989
1.99	0.6	1.93199
1.99	0.61	1.90429
1.99	0.62	1.87679
1.99	0.63	1.84949
1.99	0.64	1.82239
1.99	0.65	1.79549
1.99	0.66	1.76879
1.99	0.67	1.74229
1.99	0.68	1.71598
1.99	0.69	1.68988
1.99	0.7	1.66398
1.99	0.71	1.63828
1.99	0.72	1.61278
1.99	0.73	1.58748
1.99	0.74	1.56238
1.99	0.75	1.53748
1.99	0.76	1.51278
1.99	0.77	1.48828
1.99	0.78	1.46398
1.99	0.79	1.43988
1.99	0.8	1.41598
1.99	0.81	1.39228
1.99	0.82	1.36878
1.99	0.83	1.34548
1.99	0.84	1.32238
1.99	0.85	1.29948
1.99	0.86	1.27677
1.99	0.87	1.25427
1.99	0.88	1.23197
1.99	0.89	1.20987
1.99	0.9	1.18797
1.99	0.91	1.16627
1.99	0.92	1.14477
1.99	0.93	1.12347
1.99	0.94	1.10237
1.99	0.95	1.08147
1.99	0.96	1.06077
1.99	0.97	1.04027
1.99	0.98	1.01997
1.99	0.99	0.999874
1.99	1	0.979974
1.99	1.01	0.960274
1.99	1.02	0.940775
1.99	1.03	0.921475
1.99	1.04	0.902375
1.99	1.05	0.883475
1.99	1.06	0.864776
1.99	1.07	0.846276
1.99	1.08	0.827977
1.99	1.09	0.809877
1.99	1.1	0.791977
1.99	1.11	0.774278
1.99	1.12	0.756778
1.99	1.13	0.739479
1.99	1.14	0.72238
1.99	1.15	0.70548
1.99	1.16	0.688781
1.99	1.17	0.672281
1.99	1.18	0.655982
1.99	1.19	0.639883
1.99	1.2	0.623984
1.99	1.21	0.608284
1.99	1.22	0.592785
1.99	1.23	0.577486
1.99	1.24	0.562387
1.99	1.25	0.547488
1.99	1.26	0.532789
1.99	1.27	0.51829
1.99	1.28	0.50399
1.99	1.29	0.489891
1.99	1.3	0.475992
1.99	1.31	0.462293
1.99	1.32	0.448794
1.99	1.33	0.435496
1.99	1.34	0.422397
1.99	1.35	0.409498
1.99	1.36	0.396799
1.99	1.37	0.3843
1.99	1.38	0.372001
1.99	1.39	0.359902
1.99	1.4	0.348004
1.99	1.41	0.336305
1.99	1.42	0.324806
1.99	1.43	0.313507
1.99	1.44	0.302409
1.99	1.45	0.29151
1.99	1.46	0.280811
1.99	1.47	0.270313
1.99	1.48	0.260014
1.99	1.49	0.249915
1.99	1.5	0.240017
1.99	1.51	0.230318
1.99	1.52	0.220819
1.99	1.53	0.211521
1.99	1.54	0.202422
1.99	1.55	0.193524
1.99	1.56	0.184825
1.99	1.57	0.176327
1.99	1.58	0.168028
1.99	1.59	0.15993
1.99	1.6	0.152031
1.99	1.61	0.144333
1.99	1.62	0.136835
1.99	1.63	0.129536
1.99	1.64	0.122438
1.99	1.65	0.115539
1.99	1.66	0.108841
1.99	1.67	0.102343
1.99	1.68	0.0960442
1.99	1.69	0.0899458
1.99	1.7	0.0840475
1.99	1.71	0.0783491
1.99	1.72	0.0728508
1.99	1.73	0.0675525
1.99	1.74	0.0624542
1.99	1.75	0.0575559
1.99	1.76	0.0528576
1.99	1.77	0.0483593
1.99	1.78	0.044061
1.99	1.79	0.0399627
1.99	1.8	0.0360645
1.99	1.81	0.0323662
1.99	1.82	0.028868
1.99	1.83	0.0255697
1.99	1.84	0.0224715
1.99	1.85	0.0195732
1.99	1.86	0.016875
1.99	1.87	0.0143768
1.99	1.88	0.0120785
1.99	1.89	0.00998032
1.99	1.9	0.0080821
1.99	1.91	0.00638388
1.99	1.92	0.00488567
1.99	1.93	0.00358745
1.99	1.94	0.00248924
1.99	1.95	0.00159103
1.99	1.96	0.000892826
1.99	1.97	0.000394619
1.99	1.98	9.64127e-05
1.99	1.99	-1.79361e-06
1.99	2	0.0001
1.995	0	3.98003
1.995	0.01	3.94022
1.995	0.02	3.90062
1.995	0.03	3.86122
1.995	0.04	3.82202
1.995	0.05	3.78302
1.995	0.06	3.74422
1.995	0.07	3.70562
1.995	0.08	3.66722
1.995	0.09	3.62902
1.995	0.1	3.59101
1.995	0.11	3.55321
1.995	0.12	3.51561
1.995	0.13	3.47821
1.995	0.14	3.44101
1.995	0.15	3.40401
1.995	0.16	3.36721
1.995	0.17	3.33061
1.995	0.18	3.29421
1.995	0.19	3.258
1.995	0.2	3.222
1.995	0.21	3.1862
1.995	0.22	3.1506
1.995	0.23	3.1152
1.995	0.24	3.08
1.995	0.25	3.045
1.995	0.26	3.0102
1.995	0.27	2.9756
1.995	0.28	2.9412
1.995	0.29	2.90699
1.995	0.3	2.87299
1.995	0.31	2.83919
1.995	0.32	2.80559
1.995	0.33	2.77219
1.995	0.34	2.73899
1.995	0.35	2.70599
1.995	0.36	2.67319
1.995	0.37	2.64059
1.995	0.38	2.60819
1.995	0.39	2.57599
1.995	0.4	2.54399
1.995	0.41	2.51218
1.995	0.42	2.48058
1.995	0.43	2.44918
1.995	0.44	2.41798
1.995	0.45	2.38698
1.995	0.46	2.35618
1.995	0.47	2.32558
1.995	0.48	2.29518
1.995	0.49	2.26498
1.995	0.5	2.23498
1.995	0.51	2.20518
1.995	0.52	2.17558
1.995	0.53	2.14618
1.995	0.54	2.11697
1.995	0.55	2.08797
1.995	0.56	2.05917
1.995	0.57	2.03057
1.995	0.58	2.00217
1.995	0.59	1.97397
1.995	0.6	1.94597
1.995	0.61	1.91817
1.995	0.62	1.89057
1.995	0.63	1.86317
1.995	0.64	1.83597
1.995	0.65	1.80897
1.995	0.66	1.78217
1.995	0.67	1.75557
1.995	0.68	1.72917
1.995	0.69	1.70297
1.995	0.7	1.67697
1.995	0.71	1.65117
1.995	0.72	1.62557
1.995	0.73	1.60017
1.995	0.74	1.57497
1.995	0.75	1.54996
1.995	0.76	1.52516
1.995	0.77	1.50056
1.995	0.78	1.47616
1.995	0.79	1.45196
1.995	0.8	1.42796
1.995	0.81	1.40416
1.995	0.82	1.38056
1.995	0.83	1.35716
1.995	0.84	1.33396
1.995	0.85	1.31096
1.995	0.86	1.28816
1.995	0.87	1.26556
1.995	0.88	1.24316
1.995	0.89	1.22096
1.995	0.9	1.19896
1.995	0.91	1.17716
1.995	0.92	1.15556
1.995	0.93	1.13416
1.995	0.94	1.11296
1.995	0.95	1.09196
1.995	0.96	1.07116
1.995	0.97	1.05056
1.995	0.98	1.03016
1.995	0.99	1.00996
1.995	1	0.989962
1.995	1.01	0.970162
1.995	1.02	0.950562
1.995	1.03	0.931162
1.995	1.04	0.911963
1.995	1.05	0.892963
1.995	1.06	0.874163
1.995	1.07	0.855563
1.995	1.08	0.837163
1.995	1.09	0.818963
1.995	1.1	0.800964
1.995	1.11	0.783164
1.995	1.12	0.765564
1.995	1.13	0.748165
1.995	1.14	0.730965
1.995	1.15	0.713965
1.995	1.16	0.697165
1.995	1.17	0.680566
1.995	1.18	0.664166
1.995	1.19	0.647966
1.995	1.2	0.631967
1.995	1.21	0.616167
1.995	1.22	0.600568
1.995	1.23	0.585168
1.995	1.24	0.569968
1.995	1.25	0.554969
1.995	1.26	0.540169
1.995	1.27	0.52557
1.995	1.28	0.51117
1.995	1.29	0.496971
1.995	1.3	0.482971
1.995	1.31	0.469172
1.995	1.32	0.455572
1.995	1.33	0.442173
1.995	1.34	0.428973
1.995	1.35	0.415974
1.995	1.36	0.403174
1.995	1.37	0.390575
1.995	1.38	0.378176
1.995	1.39	0.365976
1.995	1.4	0.353977
1.995	1.41	0.342177
1.995	1.42	0.330578
1.995	1.43	0.319179
1.995	1.44	0.307979
1.995	1.45	0.29698
1.995	1.46	0.286181
1.995	1.47	0.275581
1.995	1.48	0.265182
1.995	1.49	0.254983
1.995	1.5	0.244983
1.995	1.51	0.235184
1.995	1.52	0.225585
1.995	1.53	0.216185
1.995	1.54	0.206986
1.995	1.55	0.197987
1.995	1.56	0.189188
1.995	1.57	0.180588
1.995	1.58	0.172189
1.995	1.59	0.16399
1.995	1.6	0.155991
1.995	1.61	0.148191
1.995	1.62	0.140592
1.995	1.63	0.133193
1.995	1.64	0.125994
1.995	1.65	0.118995
1.995	1.66	0.112195
1.995	1.67	0.105596
1.995	1.68	0.0991971
1.995	1.69	0.0929979
1.995	1.7	0.0869987
1.995	1.71	0.0811996
1.995	1.72	0.0756004
1.995	1.73	0.0702012
1.995	1.74	0.0650021
1.995	1.75	0.0600029
1.995	1.76	0.0552038
1.995	1.77	0.0506046
1.995	1.78	0.0462055
1.995	1.79	0.0420064
1.995	1.8	0.0380072
1.995	1.81	0.0342081
1.995	1.82	0.030609
1.995	1.83	0.0272099
1.995	1.84	0.0240107
1.995	1.85	0.0210116
1.995	1.86	0.0182125
1.995	1.87	0.0156134
1.995	1.88	0.0132143
1.995	1.89	0.0110152
1.995	1.9	0.00901605
1.995	1.91	0.00721694
1.995	1.92	0.00561783
1.995	1.93	0.00421873
1.995	1.94	0.00301962
1.995	1.95	0.00202052
1.995	1.96	0.00122141
1.995	1.97	0.00062231
1.995	1.98	0.000223206
1.995	1.99	2.41032e-05
1.995	2	2.5e-05
2	0	4
2	0.01	3.9601
2	0.02	3.9204
2	0.03	3.8809
2	0.04	3.8416
2	0.05	3.8025
2	0.06	3.7636
2	0.07	3.7249
2	0.08	3.6864
2	0.09	3.6481
2	0.1	3.61
2	0.11	3.5721
2	0.12	3.5344
2	0.13	3.4969
2	0.14	3.4596
2	0.15	3.4225
2	0.16	3.3856
2	0.17	3.3489
2	0.18	3.3124
2	0.19	3.2761
2	0.2	3.24
2	0.21	3.2041
2	0.22	3.1684
2	0.23	3.1329
2	0.24	3.0976
2	0.25	3.0625
2	0.26	3.0276
2	0.27	2.9929
2	0.28	2.9584
2	0.29	2.9241
2	0.3	2.89
2	0.31	2.8561
2	0.32	2.8224
2	0.33	2.7889
2	0.34	2.7556
2	0.35	2.7225
2	0.36	2.6896
2	0.37	2.6569
2	0.38	2.6244
2	0.39	2.5921
2	0.4	2.56
2	0.41	2.5281
2	0.42	2.4964
2	0.43	2.4649
2	0.44	2.4336
2	0.45	2.4025
2	0.46	2.3716
2	0.47	2.3409
2	0.48	2.3104
2	0.49	2.2801
2	0.5	2.25
2	0.51	2.2201
2	0.52	2.1904
2	0.53	2.1609
2	0.54	2.1316
2	0.55	2.1025
2	0.56	2.0736
2	0.57	2.0449
2	0.58	2.0164
2	0.59	1.9881
2	0.6	1.96
2	0.61	1.9321
2	0.62	1.9044
2	0.63	1.8769
2	0.64	1.8496
2	0.65	1.8225
2	0.66	1.7956
2	0.67	1.7689
2	0.68	1.7424
2	0.69	1.7161
2	0.7	1.69
2	0.71	1.6641
2	0.72	1.6384
2	0.73	1.6129
2	0.74	1.5876
2	0.75	1.5625
2	0.76	1.5376
2	0.77	1.5129
2	0.78	1.4884
2	0.79	1.4641
2	0.8	1.44
2	0.81	1.4161
2	0.82	1.3924
2	0.83	1.3689
2	0.84	1.3456
2	0.85	1.3225
2	0.86	1.2996
2	0.87	1.2769
2	0.88	1.2544
2	0.89	1.2321
2	0.9	1.21
2	0.91	1.1881
2	0.92	1.1664
2	0.93	1.1449
2	0.94	1.1236
2	0.95	1.1025
2	0.96	1.0816
2	0.97	1.0609
2	0.98	1.0404
2	0.99	1.0201
2	1	1
2	1.01	0.9801
2	1.02	0.9604
2	1.03	0.9409
2	1.04	0.9216
2	1.05	0.9025
2	1.06	0.8836
2	1.07	0.8649
2	1.08	0.8464
2	1.09	0.8281
2	1.1	0.81
2	1.11	0.7921
2	1.12	0.7744
2	1.13	0.7569
2	1.14	0.7396
2	1.15	0.7225
2	1.16	0.7056
2	1.17	0.6889
2	1.18	0.6724
2	1.19	0.6561
2	1.2	0.64
2	1.21	0.6241
2	1.22	0.6084
2	1.23	0.5929
2	1.24	0.5776
2	1.25	0.5625
2	1.26	0.5476
2	1.27	0.5329
2	1.28	0.5184
2	1.29	0.5041
2	1.3	0.49
2	1.31	0.4761
2	1.32	0.4624
2	1.33	0.4489
2	1.34	0.4356
2	1.35	0.4225
2	1.36	0.4096
2	1.37	0.3969
2	1.38	0.3844
2	1.39	0.3721
2	1.4	0.36
2	1.41	0.3481
2	1.42	0.3364
2	1.43	0.3249
2	1.44	0.3136
2	1.45	0.3025
2	1.46	0.2916
2	1.47	0.2809
2	1.48	0.2704
2	1.49	0.2601
2	1.5	0.25
2	1.51	0.2401
2	1.52	0.2304
2	1.53	0.2209
2	1.54	0.2116
2	1.55	0.2025
2	1.56	0.1936
2	1.57	0.1849
2	1.58	0.1764
2	1.59	0.1681
2	1.6	0.16
2	1.61	0.1521
2	1.62	0.1444
2	1.63	0.1369
2	1.64	0.1296
2	1.65	0.1225
2	1.66	0.1156
2	1.67	0.1089
2	1.68	0.1024
2	1.69	0.0961
2	1.7	0.09
2	1.71	0.0841
2	1.72	0.0784
2	1.73	0.0729
2	1.74	0.0676
2	1.75	0.0625
2	1.76	0.0576
2	1.77	0.0529
2	1.78	0.0484
2	1.79	0.0441
2	1.8	0.04
2	1.81	0.0361
2	1.82	0.0324
2	1.83	0.0289
2	1.84	0.0256
2	1.85	0.0225
2	1.86	0.0196
2	1.87	0.0169
2	1.88	0.0144
2	1.89	0.0121
2	1.9	0.01
2	1.91	0.0081
2	1.92	0.0064
2	1.93	0.0049
2	1.94	0.0036
2	1.95	0.0025
2	1.96	0.0016
2	1.97	0.0009
2	1.98	0.0004
2	1.99	0.0001
2	2	0
