1	0	1
1	0.02	0.9604
1	0.04	0.9216
1	0.06	0.8836
1	0.08	0.8464
1	0.1	0.81
1	0.12	0.7744
1	0.14	0.7396
1	0.16	0.7056
1	0.18	0.6724
1	0.2	0.64
1	0.22	0.6084
1	0.24	0.5776
1	0.26	0.5476
1	0.28	0.5184
1	0.3	0.49
1	0.32	0.4624
1	0.34	0.4356
1	0.36	0.4096
1	0.38	0.3844
1	0.4	0.36
1	0.42	0.3364
1	0.44	0.3136
1	0.46	0.2916
1	0.48	0.2704
1	0.5	0.25
1	0.52	0.2304
1	0.54	0.2116
1	0.56	0.1936
1	0.58	0.1764
1	0.6	0.16
1	0.62	0.1444
1	0.64	0.1296
1	0.66	0.1156
1	0.68	0.1024
1	0.7	0.09
1	0.72	0.0784
1	0.74	0.0676
1	0.76	0.0576
1	0.78	0.0484
1	0.8	0.04
1	0.82	0.0324
1	0.84	0.0256
1	0.86	0.0196
1	0.88	0.0144
1	0.9	0.01
1	0.92	0.0064
1	0.94	0.0036
1	0.96	0.0016
1	0.98	0.0004
1	1	0
1	1.02	0.0004
1	1.04	0.0016
1	1.06	0.0036
1	1.08	0.0064
1	1.1	0.01
1	1.12	0.0144
1	1.14	0.0196
1	1.16	0.0256
1	1.18	0.0324
1	1.2	0.04
1	1.22	0.0484
1	1.24	0.0576
1	1.26	0.0676
1	1.28	0.0784
1	1.3	0.09
1	1.32	0.1024
1	1.34	0.1156
1	1.36	0.1296
1	1.38	0.1444
1	1.4	0.16
1	1.42	0.1764
1	1.44	0.1936
1	1.46	0.2116
1	1.48	0.2304
1	1.5	0.25
1	1.52	0.2704
1	1.54	0.2916
1	1.56	0.3136
1	1.58	0.3364
1	1.6	0.36
1	1.62	0.3844
1	1.64	0.4096
1	1.66	0.4356
1	1.68	0.4624
1	1.7	0.49
1	1.72	0.5184
1	1.74	0.5476
1	1.76	0.5776
1	1.78	0.6084
1	1.8	0.64
1	1.82	0.6724
1	1.84	0.7056
1	1.86	0.7396
1	1.88	0.7744
1	1.9	0.81
1	1.92	0.8464
1	1.94	0.8836
1	1.96	0.9216
1	1.98	0.9604
1	2	1
1.01	0	1.0201
1.01	0.02	0.980099
1.01	0.04	0.940898
1.01	0.06	0.902497
1.01	0.08	0.864896
1.01	0.1	0.828095
1.01	0.12	0.792094
1.01	0.14	0.756893
1.01	0.16	0.722492
1.01	0.18	0.688891
1.01	0.2	0.65609
1.01	0.22	0.624089
1.01	0.24	0.592888
1.01	0.26	0.562487
1.01	0.28	0.532886
1.01	0.3	0.504085
1.01	0.32	0.476084
1.01	0.34	0.448883
1.01	0.36	0.422482
1.01	0.38	0.396882
1.01	0.4	0.372081
1.01	0.42	0.34808
1.01	0.44	0.324879
1.01	0.46	0.302478
1.01	0.48	0.280878
1.01	0.5	0.260077
1.01	0.52	0.240076
1.01	0.54	0.220876
1.01	0.56	0.202475
1.01	0.58	0.184874
1.01	0.6	0.168074
1.01	0.62	0.152073
1.01	0.64	0.136873
1.01	0.66	0.122472
1.01	0.68	0.108872
1.01	0.7	0.0960715
1.01	0.72	0.0840711
1.01	0.74	0.0728707
1.01	0.76	0.0624704
1.01	0.78	0.0528701
1.01	0.8	0.0440698
1.01	0.82	0.0360696
1.01	0.84	0.0288693
1.01	0.86	0.0224692
1.01	0.88	0.016869
1.01	0.9	0.0120689
1.01	0.92	0.0080688
1.01	0.94	0.00486874
1.01	0.96	0.00246872
1.01	0.98	0.000868723
1.01	1	6.87592e-05
1.01	1.02	6.88258e-05
1.01	1.04	0.000868923
1.01	1.06	0.00246905
1.01	1.08	0.00486921
1.01	1.1	0.0080694
1.01	1.12	0.0120696
1.01	1.14	0.0168699
1.01	1.16	0.0224701
1.01	1.18	0.0288704
1.01	1.2	0.0360708
1.01	1.22	0.0440711
1.01	1.24	0.0528715
1.01	1.26	0.0624719
1.01	1.28	0.0728724
1.01	1.3	0.0840728
1.01	1.32	0.0960733
1.01	1.34	0.108874
1.01	1.36	0.122474
1.01	1.38	0.136875
1.01	1.4	0.152076
1.01	1.42	0.168076
1.01	1.44	0.184877
1.01	1.46	0.202477
1.01	1.48	0.220878
1.01	1.5	0.240079
1.01	1.52	0.260079
1.01	1.54	0.28088
1.01	1.56	0.302481
1.01	1.58	0.324882
1.01	1.6	0.348082
1.01	1.62	0.372083
1.01	1.64	0.396884
1.01	1.66	0.422485
1.01	1.68	0.448886
1.01	1.7	0.476087
1.01	1.72	0.504087
1.01	1.74	0.532888
1.01	1.76	0.562489
1.01	1.78	0.59289
1.01	1.8	0.624091
1.01	1.82	0.656092
1.01	1.84	0.688893
1.01	1.86	0.722494
1.01	1.88	0.756894
1.01	1.9	0.792095
1.01	1.92	0.828096
1.01	1.94	0.864897
1.01	1.96	0.902498
1.01	1.98	0.940899
1.01	2	0.9801
1.02	0	1.0404
1.02	0.02	0.999998
1.02	0.04	0.960396
1.02	0.06	0.921594
1.02	0.08	0.883592
1.02	0.1	0.84639
1.02	0.12	0.809988
1.02	0.14	0.774386
1.02	0.16	0.739584
1.02	0.18	0.705582
1.02	0.2	0.67238
1.02	0.22	0.639978
1.02	0.24	0.608376
1.02	0.26	0.577574
1.02	0.28	0.547572
1.02	0.3	0.51837
1.02	0.32	0.489968
1.02	0.34	0.462367
1.02	0.36	0.435565
1.02	0.38	0.409563
1.02	0.4	0.384362
1.02	0.42	0.35996
1.02	0.44	0.336359
1.02	0.46	0.313557
1.02	0.48	0.291556
1.02	0.5	0.270354
1.02	0.52	0.249953
1.02	0.54	0.230351
1.02	0.56	0.21155
1.02	0.58	0.193549
1.02	0.6	0.176348
1.02	0.62	0.159947
1.02	0.64	0.144346
1.02	0.66	0.129545
1.02	0.68	0.115544
1.02	0.7	0.102343
1.02	0.72	0.0899422
1.02	0.74	0.0783415
1.02	0.76	0.0675408
1.02	0.78	0.0575402
1.02	0.8	0.0483397
1.02	0.82	0.0399392
1.02	0.84	0.0323388
1.02	0.86	0.0255384
1.02	0.88	0.0195381
1.02	0.9	0.0143378
1.02	0.92	0.00993767
1.02	0.94	0.00633756
1.02	0.96	0.0035375
1.02	0.98	0.00153751
1.02	1	0.000337586
1.02	1.02	-6.22812e-05
1.02	1.04	0.000337913
1.02	1.06	0.00153817
1.02	1.08	0.00353848
1.02	1.1	0.00633886
1.02	1.12	0.00993929
1.02	1.14	0.0143398
1.02	1.16	0.0195403
1.02	1.18	0.0255409
1.02	1.2	0.0323416
1.02	1.22	0.0399423
1.02	1.24	0.0483431
1.02	1.26	0.0575439
1.02	1.28	0.0675448
1.02	1.3	0.0783457
1.02	1.32	0.0899467
1.02	1.34	0.102348
1.02	1.36	0.115549
1.02	1.38	0.12955
1.02	1.4	0.144351
1.02	1.42	0.159952
1.02	1.44	0.176354
1.02	1.46	0.193555
1.02	1.48	0.211556
1.02	1.5	0.230358
1.02	1.52	0.249959
1.02	1.54	0.27036
1.02	1.56	0.291562
1.02	1.58	0.313563
1.02	1.6	0.336365
1.02	1.62	0.359966
1.02	1.64	0.384368
1.02	1.66	0.40957
1.02	1.68	0.435571
1.02	1.7	0.462373
1.02	1.72	0.489975
1.02	1.74	0.518376
1.02	1.76	0.547578
1.02	1.78	0.57758
1.02	1.8	0.608382
1.02	1.82	0.639984
1.02	1.84	0.672385
1.02	1.86	0.705587
1.02	1.88	0.739589
1.02	1.9	0.774391
1.02	1.92	0.809993
1.02	1.94	0.846394
1.02	1.96	0.883596
1.02	1.98	0.921598
1.02	2	0.9604
1.03	0	1.0609
1.03	0.02	1.0201
1.03	0.04	0.980094
1.03	0.06	0.940891
1.03	0.08	0.902488
1.03	0.1	0.864885
1.03	0.12	0.828081
1.03	0.14	0.792078
1.03	0.16	0.756875
1.03	0.18	0.722472
1.03	0.2	0.688869
1.03	0.22	0.656067
1.03	0.24	0.624064
1.03	0.26	0.592861
1.03	0.28	0.562458
1.03	0.3	0.532855
1.03	0.32	0.504053
1.03	0.34	0.47605
1.03	0.36	0.448848
1.03	0.38	0.422445
1.03	0.4	0.396843
1.03	0.42	0.37204
1.03	0.44	0.348038
1.03	0.46	0.324836
1.03	0.48	0.302433
1.03	0.5	0.280831
1.03	0.52	0.260029
1.03	0.54	0.240027
1.03	0.56	0.220825
1.03	0.58	0.202424
1.03	0.6	0.184822
1.03	0.62	0.16802
1.03	0.64	0.152019
1.03	0.66	0.136817
1.03	0.68	0.122416
1.03	0.7	0.108815
1.03	0.72	0.0960135
1.03	0.74	0.0840124
1.03	0.76	0.0728114
1.03	0.78	0.0624105
1.03	0.8	0.0528096
1.03	0.82	0.0440089
1.03	0.84	0.0360083
1.03	0.86	0.0288077
1.03	0.88	0.0224073
1.03	0.9	0.0168069
1.03	0.92	0.0120066
1.03	0.94	0.00800647
1.03	0.96	0.00480639
1.03	0.98	0.00240641
1.03	1	0.000806513
1.03	1.02	6.71199e-06
1.03	1.04	7.00287e-06
1.03	1.06	0.000807385
1.03	1.08	0.00240786
1.03	1.1	0.00480842
1.03	1.12	0.00800907
1.03	1.14	0.0120098
1.03	1.16	0.0168106
1.03	1.18	0.0224115
1.03	1.2	0.0288125
1.03	1.22	0.0360136
1.03	1.24	0.0440147
1.03	1.26	0.052816
1.03	1.28	0.0624173
1.03	1.3	0.0728187
1.03	1.32	0.0840201
1.03	1.34	0.0960217
1.03	1.36	0.108823
1.03	1.38	0.122425
1.03	1.4	0.136827
1.03	1.42	0.152029
1.03	1.44	0.16803
1.03	1.46	0.184832
1.03	1.48	0.202434
1.03	1.5	0.220836
1.03	1.52	0.240038
1.03	1.54	0.260041
1.03	1.56	0.280843
1.03	1.58	0.302445
1.03	1.6	0.324847
1.03	1.62	0.34805
1.03	1.64	0.372052
1.03	1.66	0.396855
1.03	1.68	0.422457
1.03	1.7	0.44886
1.03	1.72	0.476062
1.03	1.74	0.504065
1.03	1.76	0.532867
1.03	1.78	0.56247
1.03	1.8	0.592873
1.03	1.82	0.624075
1.03	1.84	0.656078
1.03	1.86	0.688881
1.03	1.88	0.722483
1.03	1.9	0.756886
1.03	1.92	0.792089
1.03	1.94	0.828092
1.03	1.96	0.864894
1.03	1.98	0.902497
1.03	2	0.9409
1.04	0	1.0816
1.04	0.02	1.0404
1.04	0.04	0.999992
1.04	0.06	0.960388
1.04	0.08	0.921583
1.04	0.1	0.883579
1.04	0.12	0.846375
1.04	0.14	0.809971
1.04	0.16	0.774367
1.04	0.18	0.739563
1.04	0.2	0.705559
1.04	0.22	0.672356
1.04	0.24	0.639952
1.04	0.26	0.608348
1.04	0.28	0.577544
1.04	0.3	0.547541
1.04	0.32	0.518337
1.04	0.34	0.489934
1.04	0.36	0.46233
1.04	0.38	0.435527
1.04	0.4	0.409524
1.04	0.42	0.38432
1.04	0.44	0.359917
1.04	0.46	0.336314
1.04	0.48	0.313511
1.04	0.5	0.291509
1.04	0.52	0.270306
1.04	0.54	0.249903
1.04	0.56	0.230301
1.04	0.58	0.211498
1.04	0.6	0.193496
1.04	0.62	0.176294
1.04	0.64	0.159892
1.04	0.66	0.14429
1.04	0.68	0.129488
1.04	0.7	0.115486
1.04	0.72	0.102285
1.04	0.74	0.0898833
1.04	0.76	0.078282
1.04	0.78	0.0674808
1.04	0.8	0.0574797
1.04	0.82	0.0482787
1.04	0.84	0.0398778
1.04	0.86	0.0322771
1.04	0.88	0.0254765
1.04	0.9	0.019476
1.04	0.92	0.0142757
1.04	0.94	0.00987544
1.04	0.96	0.00627534
1.04	0.98	0.00347536
1.04	1	0.0014755
1.04	1.02	0.000275765
1.04	1.04	-0.000123847
1.04	1.06	0.000276661
1.04	1.08	0.00147729
1.04	1.1	0.00347804
1.04	1.12	0.0062789
1.04	1.14	0.00987988
1.04	1.16	0.014281
1.04	1.18	0.0194822
1.04	1.2	0.0254835
1.04	1.22	0.0322849
1.04	1.24	0.0398865
1.04	1.26	0.0482881
1.04	1.28	0.0574899
1.04	1.3	0.0674917
1.04	1.32	0.0782937
1.04	1.34	0.0898957
1.04	1.36	0.102298
1.04	1.38	0.1155
1.04	1.4	0.129502
1.04	1.42	0.144305
1.04	1.44	0.159907
1.04	1.46	0.17631
1.04	1.48	0.193513
1.04	1.5	0.211515
1.04	1.52	0.230318
1.04	1.54	0.249921
1.04	1.56	0.270324
1.04	1.58	0.291527
1.04	1.6	0.31353
1.04	1.62	0.336333
1.04	1.64	0.359936
1.04	1.66	0.38434
1.04	1.68	0.409543
1.04	1.7	0.435546
1.04	1.72	0.46235
1.04	1.74	0.489953
1.04	1.76	0.518357
1.04	1.78	0.54756
1.04	1.8	0.577564
1.04	1.82	0.608367
1.04	1.84	0.639971
1.04	1.86	0.672374
1.04	1.88	0.705578
1.04	1.9	0.739582
1.04	1.92	0.774385
1.04	1.94	0.809989
1.04	1.96	0.846393
1.04	1.98	0.883596
1.04	2	0.9216
1.05	0	1.1025
1.05	0.02	1.06089
1.05	0.04	1.02009
1.05	0.06	0.980084
1.05	0.08	0.940879
1.05	0.1	0.902474
1.05	0.12	0.864869
1.05	0.14	0.828064
1.05	0.16	0.792059
1.05	0.18	0.756854
1.05	0.2	0.722449
1.05	0.22	0.688844
1.05	0.24	0.65604
1.05	0.26	0.624035
1.05	0.28	0.59283
1.05	0.3	0.562426
1.05	0.32	0.532821
1.05	0.34	0.504017
1.05	0.36	0.476013
1.05	0.38	0.448809
1.05	0.4	0.422405
1.05	0.42	0.396801
1.05	0.44	0.371997
1.05	0.46	0.347993
1.05	0.48	0.324789
1.05	0.5	0.302386
1.05	0.52	0.280783
1.05	0.54	0.259979
1.05	0.56	0.239976
1.05	0.58	0.220773
1.05	0.6	0.20237
1.05	0.62	0.184768
1.05	0.64	0.167965
1.05	0.66	0.151963
1.05	0.68	0.13676
1.05	0.7	0.122358
1.05	0.72	0.108756
1.05	0.74	0.0959544
1.05	0.76	0.0839527
1.05	0.78	0.0727512
1.05	0.8	0.0623498
1.05	0.82	0.0527486
1.05	0.84	0.0439476
1.05	0.86	0.0359466
1.05	0.88	0.0287459
1.05	0.9	0.0223453
1.05	0.92	0.0167449
1.05	0.94	0.0119446
1.05	0.96	0.00794444
1.05	0.98	0.00474447
1.05	1	0.00234465
1.05	1.02	0.000744977
1.05	1.04	-5.45397e-05
1.05	1.06	-5.39056e-05
1.05	1.08	0.000746878
1.05	1.1	0.00234781
1.05	1.12	0.00474889
1.05	1.14	0.00795011
1.05	1.16	0.0119515
1.05	1.18	0.016753
1.05	1.2	0.0223546
1.05	1.22	0.0287564
1.05	1.24	0.0359583
1.05	1.26	0.0439604
1.05	1.28	0.0527626
1.05	1.3	0.0623649
1.05	1.32	0.0727673
1.05	1.34	0.0839698
1.05	1.36	0.0959725
1.05	1.38	0.108775
1.05	1.4	0.122378
1.05	1.42	0.136781
1.05	1.44	0.151984
1.05	1.46	0.167988
1.05	1.48	0.184791
1.05	1.5	0.202394
1.05	1.52	0.220798
1.05	1.54	0.240001
1.05	1.56	0.260005
1.05	1.58	0.280809
1.05	1.6	0.302413
1.05	1.62	0.324817
1.05	1.64	0.348021
1.05	1.66	0.372025
1.05	1.68	0.396829
1.05	1.7	0.422433
1.05	1.72	0.448837
1.05	1.74	0.476041
1.05	1.76	0.504046
1.05	1.78	0.53285
1.05	1.8	0.562455
1.05	1.82	0.592859
1.05	1.84	0.624063
1.05	1.86	0.656068
1.05	1.88	0.688873
1.05	1.9	0.722477
1.05	1.92	0.756882
1.05	1.94	0.792086
1.05	1.96	0.828091
1.05	1.98	0.864895
1.05	2	0.9025
1.06	0	1.1236
1.06	0.02	1.08159
1.06	0.04	1.04039
1.06	0.06	0.999981
1.06	0.08	0.960375
1.06	0.1	0.921569
1.06	0.12	0.883563
1.06	0.14	0.846357
1.06	0.16	0.809951
1.06	0.18	0.774345
1.06	0.2	0.739539
1.06	0.22	0.705534
1.06	0.24	0.672328
1.06	0.26	0.639922
1.06	0.28	0.608317
1.06	0.3	0.577511
1.06	0.32	0.547506
1.06	0.34	0.518301
1.06	0.36	0.489896
1.06	0.38	0.462291
1.06	0.4	0.435486
1.06	0.42	0.409481
1.06	0.44	0.384276
1.06	0.46	0.359872
1.06	0.48	0.336268
1.06	0.5	0.313463
1.06	0.52	0.291459
1.06	0.54	0.270255
1.06	0.56	0.249852
1.06	0.58	0.230248
1.06	0.6	0.211445
1.06	0.62	0.193441
1.06	0.64	0.176238
1.06	0.66	0.159836
1.06	0.68	0.144233
1.06	0.7	0.12943
1.06	0.72	0.115428
1.06	0.74	0.102226
1.06	0.76	0.0898237
1.06	0.78	0.0782218
1.06	0.8	0.0674202
1.06	0.82	0.0574187
1.06	0.84	0.0482175
1.06	0.86	0.0398164
1.06	0.88	0.0322155
1.06	0.9	0.0254148
1.06	0.92	0.0194142
1.06	0.94	0.0142139
1.06	0.96	0.00981374
1.06	0.98	0.00621377
1.06	1	0.00341398
1.06	1.02	0.00141438
1.06	1.04	0.000214955
1.06	1.06	-0.000184286
1.06	1.08	0.000216653
1.06	1.1	0.00141777
1.06	1.12	0.00341906
1.06	1.14	0.00622052
1.06	1.16	0.00982216
1.06	1.18	0.014224
1.06	1.2	0.0194259
1.06	1.22	0.0254281
1.06	1.24	0.0322304
1.06	1.26	0.0398328
1.06	1.28	0.0482354
1.06	1.3	0.0574382
1.06	1.32	0.0674411
1.06	1.34	0.0782442
1.06	1.36	0.0898474
1.06	1.38	0.102251
1.06	1.4	0.115454
1.06	1.42	0.129458
1.06	1.44	0.144261
1.06	1.46	0.159865
1.06	1.48	0.176269
1.06	1.5	0.193473
1.06	1.52	0.211478
1.06	1.54	0.230282
1.06	1.56	0.249886
1.06	1.58	0.270291
1.06	1.6	0.291495
1.06	1.62	0.3135
1.06	1.64	0.336305
1.06	1.66	0.35991
1.06	1.68	0.384315
1.06	1.7	0.40952
1.06	1.72	0.435525
1.06	1.74	0.46233
1.06	1.76	0.489935
1.06	1.78	0.51834
1.06	1.8	0.547546
1.06	1.82	0.577551
1.06	1.84	0.608356
1.06	1.86	0.639962
1.06	1.88	0.672367
1.06	1.9	0.705573
1.06	1.92	0.739578
1.06	1.94	0.774384
1.06	1.96	0.809989
1.06	1.98	0.846395
1.06	2	0.8836
1.07	0	1.1449
1.07	0.02	1.10249
1.07	0.04	1.06089
1.07	0.06	1.02008
1.07	0.08	0.980071
1.07	0.1	0.940864
1.07	0.12	0.902457
1.07	0.14	0.86485
1.07	0.16	0.828043
1.07	0.18	0.792036
1.07	0.2	0.756829
1.07	0.22	0.722423
1.07	0.24	0.688816
1.07	0.26	0.656009
1.07	0.28	0.624003
1.07	0.3	0.592797
1.07	0.32	0.562391
1.07	0.34	0.532784
1.07	0.36	0.503979
1.07	0.38	0.475973
1.07	0.4	0.448767
1.07	0.42	0.422362
1.07	0.44	0.396756
1.07	0.46	0.371951
1.07	0.48	0.347946
1.07	0.5	0.324741
1.07	0.52	0.302336
1.07	0.54	0.280732
1.07	0.56	0.259927
1.07	0.58	0.239923
1.07	0.6	0.220719
1.07	0.62	0.202316
1.07	0.64	0.184712
1.07	0.66	0.167909
1.07	0.68	0.151905
1.07	0.7	0.136702
1.07	0.72	0.1223
1.07	0.74	0.108697
1.07	0.76	0.0958948
1.07	0.78	0.0838927
1.07	0.8	0.0726908
1.07	0.82	0.0622891
1.07	0.84	0.0526876
1.07	0.86	0.0438863
1.07	0.88	0.0358853
1.07	0.9	0.0286845
1.07	0.92	0.0222838
1.07	0.94	0.0166835
1.07	0.96	0.0118833
1.07	0.98	0.00788331
1.07	1	0.00468355
1.07	1.02	0.00228402
1.07	1.04	0.000684689
1.07	1.06	-0.000114428
1.07	1.08	-0.000113336
1.07	1.1	0.000687962
1.07	1.12	0.00228946
1.07	1.14	0.00469117
1.07	1.16	0.00789307
1.07	1.18	0.0118952
1.07	1.2	0.0166975
1.07	1.22	0.0222999
1.07	1.24	0.0287026
1.07	1.26	0.0359055
1.07	1.28	0.0439085
1.07	1.3	0.0527117
1.07	1.32	0.0623151
1.07	1.34	0.0727187
1.07	1.36	0.0839224
1.07	1.38	0.0959263
1.07	1.4	0.10873
1.07	1.42	0.122334
1.07	1.44	0.136739
1.07	1.46	0.151943
1.07	1.48	0.167948
1.07	1.5	0.184753
1.07	1.52	0.202358
1.07	1.54	0.220763
1.07	1.56	0.239968
1.07	1.58	0.259973
1.07	1.6	0.280778
1.07	1.62	0.302384
1.07	1.64	0.324789
1.07	1.66	0.347995
1.07	1.68	0.372001
1.07	1.7	0.396807
1.07	1.72	0.422412
1.07	1.74	0.448818
1.07	1.76	0.476024
1.07	1.78	0.504031
1.07	1.8	0.532837
1.07	1.82	0.562443
1.07	1.84	0.592849
1.07	1.86	0.624055
1.07	1.88	0.656062
1.07	1.9	0.688868
1.07	1.92	0.722474
1.07	1.94	0.756881
1.07	1.96	0.792087
1.07	1.98	0.828094
1.07	2	0.8649
1.08	0	1.1664
1.08	0.02	1.12359
1.08	0.04	1.08158
1.08	0.06	1.04038
1.08	0.08	0.999967
1.08	0.1	0.960359
1.08	0.12	0.921551
1.08	0.14	0.883543
1.08	0.16	0.846335
1.08	0.18	0.809927
1.08	0.2	0.77432
1.08	0.22	0.739512
1.08	0.24	0.705504
1.08	0.26	0.672297
1.08	0.28	0.63989
1.08	0.3	0.608282
1.08	0.32	0.577475
1.08	0.34	0.547468
1.08	0.36	0.518262
1.08	0.38	0.489855
1.08	0.4	0.462249
1.08	0.42	0.435442
1.08	0.44	0.409436
1.08	0.46	0.38423
1.08	0.48	0.359824
1.08	0.5	0.336219
1.08	0.52	0.313414
1.08	0.54	0.291408
1.08	0.56	0.270203
1.08	0.58	0.249799
1.08	0.6	0.230194
1.08	0.62	0.21139
1.08	0.64	0.193386
1.08	0.66	0.176182
1.08	0.68	0.159778
1.08	0.7	0.144175
1.08	0.72	0.129372
1.08	0.74	0.115369
1.08	0.76	0.102166
1.08	0.78	0.0897638
1.08	0.8	0.0781616
1.08	0.82	0.0673597
1.08	0.84	0.057358
1.08	0.86	0.0481566
1.08	0.88	0.0397554
1.08	0.9	0.0321544
1.08	0.92	0.0253537
1.08	0.94	0.0193533
1.08	0.96	0.0141531
1.08	0.98	0.00975311
1.08	1	0.0061534
1.08	1.02	0.00335392
1.08	1.04	0.00135469
1.08	1.06	0.000155694
1.08	1.08	-0.000243062
1.08	1.1	0.000158417
1.08	1.12	0.00136013
1.08	1.14	0.00336207
1.08	1.16	0.00616424
1.08	1.18	0.00976663
1.08	1.2	0.0141692
1.08	1.22	0.0193721
1.08	1.24	0.0253751
1.08	1.26	0.0321784
1.08	1.28	0.0397818
1.08	1.3	0.0481855
1.08	1.32	0.0573893
1.08	1.34	0.0673934
1.08	1.36	0.0781976
1.08	1.38	0.0898021
1.08	1.4	0.102207
1.08	1.42	0.115411
1.08	1.44	0.129416
1.08	1.46	0.144221
1.08	1.48	0.159827
1.08	1.5	0.176232
1.08	1.52	0.193438
1.08	1.54	0.211443
1.08	1.56	0.230249
1.08	1.58	0.249855
1.08	1.6	0.270261
1.08	1.62	0.291468
1.08	1.64	0.313474
1.08	1.66	0.33628
1.08	1.68	0.359887
1.08	1.7	0.384293
1.08	1.72	0.4095
1.08	1.74	0.435507
1.08	1.76	0.462314
1.08	1.78	0.489921
1.08	1.8	0.518328
1.08	1.82	0.547535
1.08	1.84	0.577542
1.08	1.86	0.608349
1.08	1.88	0.639956
1.08	1.9	0.672364
1.08	1.92	0.705571
1.08	1.94	0.739578
1.08	1.96	0.774385
1.08	1.98	0.809993
1.08	2	0.8464
1.09	0	1.1881
1.09	0.02	1.14489
1.09	0.04	1.10248
1.09	0.06	1.06087
1.09	0.08	1.02006
1.09	0.1	0.980054
1.09	0.12	0.940845
1.09	0.14	0.902436
1.09	0.16	0.864827
1.09	0.18	0.828018
1.09	0.2	0.79201
1.09	0.22	0.756801
1.09	0.24	0.722393
1.09	0.26	0.688784
1.09	0.28	0.655976
1.09	0.3	0.623968
1.09	0.32	0.59276
1.09	0.34	0.562352
1.09	0.36	0.532745
1.09	0.38	0.503937
1.09	0.4	0.47593
1.09	0.42	0.448723
1.09	0.44	0.422316
1.09	0.46	0.396709
1.09	0.48	0.371903
1.09	0.5	0.347897
1.09	0.52	0.324691
1.09	0.54	0.302285
1.09	0.56	0.280679
1.09	0.58	0.259874
1.09	0.6	0.239869
1.09	0.62	0.220664
1.09	0.64	0.20226
1.09	0.66	0.184655
1.09	0.68	0.167851
1.09	0.7	0.151847
1.09	0.72	0.136644
1.09	0.74	0.122241
1.09	0.76	0.108638
1.09	0.78	0.0958349
1.09	0.8	0.0838325
1.09	0.82	0.0726303
1.09	0.84	0.0622284
1.09	0.86	0.0526268
1.09	0.88	0.0438255
1.09	0.9	0.0358244
1.09	0.92	0.0286236
1.09	0.94	0.0222231
1.09	0.96	0.0166229
1.09	0.98	0.0118229
1.09	1	0.00782324
1.09	1.02	0.00462383
1.09	1.04	0.00222469
1.09	1.06	0.000625822
1.09	1.08	-0.000172782
1.09	1.1	-0.000171123
1.09	1.12	0.000630798
1.09	1.14	0.00223298
1.09	1.16	0.00463541
1.09	1.18	0.00783809
1.09	1.2	0.011841
1.09	1.22	0.0166442
1.09	1.24	0.0222476
1.09	1.26	0.0286513
1.09	1.28	0.0358552
1.09	1.3	0.0438593
1.09	1.32	0.0526636
1.09	1.34	0.0622681
1.09	1.36	0.0726729
1.09	1.38	0.0838779
1.09	1.4	0.095883
1.09	1.42	0.108688
1.09	1.44	0.122294
1.09	1.46	0.1367
1.09	1.48	0.151906
1.09	1.5	0.167912
1.09	1.52	0.184718
1.09	1.54	0.202324
1.09	1.56	0.220731
1.09	1.58	0.239938
1.09	1.6	0.259944
1.09	1.62	0.280751
1.09	1.64	0.302358
1.09	1.66	0.324766
1.09	1.68	0.347973
1.09	1.7	0.37198
1.09	1.72	0.396788
1.09	1.74	0.422396
1.09	1.76	0.448803
1.09	1.78	0.476011
1.09	1.8	0.504019
1.09	1.82	0.532827
1.09	1.84	0.562435
1.09	1.86	0.592843
1.09	1.88	0.624051
1.09	1.9	0.656059
1.09	1.92	0.688867
1.09	1.94	0.722475
1.09	1.96	0.756884
1.09	1.98	0.792092
1.09	2	0.8281
1.1	0	1.21
1.1	0.02	1.16639
1.1	0.04	1.12358
1.1	0.06	1.08157
1.1	0.08	1.04036
1.1	0.1	0.999949
1.1	0.12	0.960339
1.1	0.14	0.921529
1.1	0.16	0.883519
1.1	0.18	0.84631
1.1	0.2	0.8099
1.1	0.22	0.774291
1.1	0.24	0.739481
1.1	0.26	0.705472
1.1	0.28	0.672263
1.1	0.3	0.639854
1.1	0.32	0.608245
1.1	0.34	0.577436
1.1	0.36	0.547428
1.1	0.38	0.51822
1.1	0.4	0.489812
1.1	0.42	0.462204
1.1	0.44	0.435396
1.1	0.46	0.409389
1.1	0.48	0.384182
1.1	0.5	0.359775
1.1	0.52	0.336168
1.1	0.54	0.313362
1.1	0.56	0.291356
1.1	0.58	0.27015
1.1	0.6	0.249744
1.1	0.62	0.230139
1.1	0.64	0.211334
1.1	0.66	0.193329
1.1	0.68	0.176125
1.1	0.7	0.15972
1.1	0.72	0.144117
1.1	0.74	0.129313
1.1	0.76	0.11531
1.1	0.78	0.102107
1.1	0.8	0.0897039
1.1	0.82	0.0781015
1.1	0.84	0.0672994
1.1	0.86	0.0572976
1.1	0.88	0.0480961
1.1	0.9	0.0396949
1.1	0.92	0.0320941
1.1	0.94	0.0252935
1.1	0.96	0.0192932
1.1	0.98	0.0140933
1.1	1	0.00969364
1.1	1.02	0.00609429
1.1	1.04	0.00329525
1.1	1.06	0.0012965
1.1	1.08	9.80423e-05
1.1	1.1	-0.000300121
1.1	1.12	0.000102005
1.1	1.14	0.00130442
1.1	1.16	0.00330711
1.1	1.18	0.00611008
1.1	1.2	0.00971333
1.1	1.22	0.0141168
1.1	1.24	0.0193206
1.1	1.26	0.0253247
1.1	1.28	0.032129
1.1	1.3	0.0397335
1.1	1.32	0.0481383
1.1	1.34	0.0573433
1.1	1.36	0.0673486
1.1	1.38	0.0781541
1.1	1.4	0.0897598
1.1	1.42	0.102166
1.1	1.44	0.115372
1.1	1.46	0.129378
1.1	1.48	0.144185
1.1	1.5	0.159791
1.1	1.52	0.176198
1.1	1.54	0.193405
1.1	1.56	0.211413
1.1	1.58	0.23022
1.1	1.6	0.249828
1.1	1.62	0.270235
1.1	1.64	0.291443
1.1	1.66	0.313451
1.1	1.68	0.336259
1.1	1.7	0.359868
1.1	1.72	0.384276
1.1	1.74	0.409484
1.1	1.76	0.435493
1.1	1.78	0.462302
1.1	1.8	0.48991
1.1	1.82	0.518319
1.1	1.84	0.547528
1.1	1.86	0.577537
1.1	1.88	0.608346
1.1	1.9	0.639955
1.1	1.92	0.672364
1.1	1.94	0.705573
1.1	1.96	0.739582
1.1	1.98	0.774391
1.1	2	0.81
1.11	0	1.2321
1.11	0.02	1.18809
1.11	0.04	1.14488
1.11	0.06	1.10247
1.11	0.08	1.06086
1.11	0.1	1.02004
1.11	0.12	0.980033
1.11	0.14	0.940823
1.11	0.16	0.902412
1.11	0.18	0.864801
1.11	0.2	0.827991
1.11	0.22	0.79198
1.11	0.24	0.75677
1.11	0.26	0.72236
1.11	0.28	0.68875
1.11	0.3	0.65594
1.11	0.32	0.62393
1.11	0.34	0.592721
1.11	0.36	0.562312
1.11	0.38	0.532703
1.11	0.4	0.503894
1.11	0.42	0.475885
1.11	0.44	0.448677
1.11	0.46	0.422269
1.11	0.48	0.396661
1.11	0.5	0.371853
1.11	0.52	0.347846
1.11	0.54	0.324639
1.11	0.56	0.302232
1.11	0.58	0.280626
1.11	0.6	0.25982
1.11	0.62	0.239814
1.11	0.64	0.220608
1.11	0.66	0.202203
1.11	0.68	0.184598
1.11	0.7	0.167794
1.11	0.72	0.151789
1.11	0.74	0.136585
1.11	0.76	0.122182
1.11	0.78	0.108579
1.11	0.8	0.0957756
1.11	0.82	0.0837729
1.11	0.84	0.0725707
1.11	0.86	0.0621687
1.11	0.88	0.0525671
1.11	0.9	0.0437658
1.11	0.92	0.0357648
1.11	0.94	0.0285642
1.11	0.96	0.0221639
1.11	0.98	0.016564
1.11	1	0.0117644
1.11	1.02	0.00776508
1.11	1.04	0.00456612
1.11	1.06	0.00216749
1.11	1.08	0.000569186
1.11	1.1	-0.000228802
1.11	1.12	-0.000226473
1.11	1.14	0.000576169
1.11	1.16	0.00217912
1.11	1.18	0.00458238
1.11	1.2	0.00778593
1.11	1.22	0.0117898
1.11	1.24	0.0165939
1.11	1.26	0.0221984
1.11	1.28	0.0286031
1.11	1.3	0.035808
1.11	1.32	0.0438133
1.11	1.34	0.0526188
1.11	1.36	0.0622246
1.11	1.38	0.0726306
1.11	1.4	0.0838369
1.11	1.42	0.0958434
1.11	1.44	0.10865
1.11	1.46	0.122257
1.11	1.48	0.136664
1.11	1.5	0.151872
1.11	1.52	0.167879
1.11	1.54	0.184687
1.11	1.56	0.202295
1.11	1.58	0.220703
1.11	1.6	0.239911
1.11	1.62	0.25992
1.11	1.64	0.280728
1.11	1.66	0.302337
1.11	1.68	0.324746
1.11	1.7	0.347955
1.11	1.72	0.371964
1.11	1.74	0.396773
1.11	1.76	0.422383
1.11	1.78	0.448792
1.11	1.8	0.476002
1.11	1.82	0.504011
1.11	1.84	0.532821
1.11	1.86	0.562431
1.11	1.88	0.592841
1.11	1.9	0.62405
1.11	1.92	0.65606
1.11	1.94	0.68887
1.11	1.96	0.72248
1.11	1.98	0.75689
1.11	2	0.7921
1.12	0	1.2544
1.12	0.02	1.20999
1.12	0.04	1.16638
1.12	0.06	1.12356
1.12	0.08	1.08155
1.12	0.1	1.04034
1.12	0.12	0.999928
1.12	0.14	0.960316
1.12	0.16	0.921504
1.12	0.18	0.883493
1.12	0.2	0.846281
1.12	0.22	0.80987
1.12	0.24	0.774259
1.12	0.26	0.739448
1.12	0.28	0.705437
1.12	0.3	0.672226
1.12	0.32	0.639816
1.12	0.34	0.608205
1.12	0.36	0.577395
1.12	0.38	0.547386
1.12	0.4	0.518176
1.12	0.42	0.489767
1.12	0.44	0.462158
1.12	0.46	0.435349
1.12	0.48	0.40934
1.12	0.5	0.384132
1.12	0.52	0.359724
1.12	0.54	0.336117
1.12	0.56	0.313309
1.12	0.58	0.291302
1.12	0.6	0.270096
1.12	0.62	0.249689
1.12	0.64	0.230083
1.12	0.66	0.211278
1.12	0.68	0.193272
1.12	0.7	0.176067
1.12	0.72	0.159663
1.12	0.74	0.144058
1.12	0.76	0.129254
1.12	0.78	0.115251
1.12	0.8	0.102048
1.12	0.82	0.0896448
1.12	0.84	0.0780423
1.12	0.86	0.0672401
1.12	0.88	0.0572384
1.12	0.9	0.048037
1.12	0.92	0.0396359
1.12	0.94	0.0320353
1.12	0.96	0.025235
1.12	0.98	0.019235
1.12	1	0.0140354
1.12	1.02	0.00963621
1.12	1.04	0.00603735
1.12	1.06	0.00323884
1.12	1.08	0.00124067
1.12	1.1	4.28593e-05
1.12	1.12	-0.000354611
1.12	1.14	4.82586e-05
1.12	1.16	0.00125146
1.12	1.18	0.003255
1.12	1.2	0.00605886
1.12	1.22	0.00966305
1.12	1.24	0.0140675
1.12	1.26	0.0192724
1.12	1.28	0.0252775
1.12	1.3	0.0320829
1.12	1.32	0.0396886
1.12	1.34	0.0480946
1.12	1.36	0.0573008
1.12	1.38	0.0673074
1.12	1.4	0.0781142
1.12	1.42	0.0897212
1.12	1.44	0.102129
1.12	1.46	0.115336
1.12	1.48	0.129344
1.12	1.5	0.144152
1.12	1.52	0.15976
1.12	1.54	0.176169
1.12	1.56	0.193377
1.12	1.58	0.211386
1.12	1.6	0.230195
1.12	1.62	0.249804
1.12	1.64	0.270214
1.12	1.66	0.291423
1.12	1.68	0.313433
1.12	1.7	0.336243
1.12	1.72	0.359852
1.12	1.74	0.384263
1.12	1.76	0.409473
1.12	1.78	0.435483
1.12	1.8	0.462293
1.12	1.82	0.489904
1.12	1.84	0.518314
1.12	1.86	0.547525
1.12	1.88	0.577536
1.12	1.9	0.608346
1.12	1.92	0.639957
1.12	1.94	0.672368
1.12	1.96	0.705578
1.12	1.98	0.739589
1.12	2	0.7744
1.13	0	1.2769
1.13	0.02	1.23209
1.13	0.04	1.18807
1.13	0.06	1.14486
1.13	0.08	1.10245
1.13	0.1	1.06083
1.13	0.12	1.02002
1.13	0.14	0.980009
1.13	0.16	0.940797
1.13	0.18	0.902384
1.13	0.2	0.864772
1.13	0.22	0.827959
1.13	0.24	0.791947
1.13	0.26	0.756735
1.13	0.28	0.722324
1.13	0.3	0.688712
1.13	0.32	0.655901
1.13	0.34	0.62389
1.13	0.36	0.592679
1.13	0.38	0.562269
1.13	0.4	0.532658
1.13	0.42	0.503848
1.13	0.44	0.475838
1.13	0.46	0.448629
1.13	0.48	0.42222
1.13	0.5	0.396611
1.13	0.52	0.371802
1.13	0.54	0.347794
1.13	0.56	0.324586
1.13	0.58	0.302179
1.13	0.6	0.280572
1.13	0.62	0.259765
1.13	0.64	0.239758
1.13	0.66	0.220552
1.13	0.68	0.202146
1.13	0.7	0.184541
1.13	0.72	0.167736
1.13	0.74	0.151731
1.13	0.76	0.136527
1.13	0.78	0.122123
1.13	0.8	0.10852
1.13	0.82	0.0957166
1.13	0.84	0.0837139
1.13	0.86	0.0725116
1.13	0.88	0.0621097
1.13	0.9	0.0525082
1.13	0.92	0.043707
1.13	0.94	0.0357063
1.13	0.96	0.028506
1.13	0.98	0.0221061
1.13	1	0.0165065
1.13	1.02	0.0117073
1.13	1.04	0.00770857
1.13	1.06	0.00451018
1.13	1.08	0.00211216
1.13	1.1	0.00051452
1.13	1.12	-0.00028275
1.13	1.14	-0.000279652
1.13	1.16	0.000523807
1.13	1.18	0.00212762
1.13	1.2	0.00453179
1.13	1.22	0.00773631
1.13	1.24	0.0117412
1.13	1.26	0.0165464
1.13	1.28	0.0221519
1.13	1.3	0.0285577
1.13	1.32	0.0357639
1.13	1.34	0.0437703
1.13	1.36	0.0525771
1.13	1.38	0.0621842
1.13	1.4	0.0725915
1.13	1.42	0.0837991
1.13	1.44	0.095807
1.13	1.46	0.108615
1.13	1.48	0.122224
1.13	1.5	0.136632
1.13	1.52	0.151841
1.13	1.54	0.16785
1.13	1.56	0.184659
1.13	1.58	0.202269
1.13	1.6	0.220679
1.13	1.62	0.239889
1.13	1.64	0.259899
1.13	1.66	0.280709
1.13	1.68	0.302319
1.13	1.7	0.32473
1.13	1.72	0.347941
1.13	1.74	0.371952
1.13	1.76	0.396763
1.13	1.78	0.422374
1.13	1.8	0.448785
1.13	1.82	0.475996
1.13	1.84	0.504007
1.13	1.86	0.532819
1.13	1.88	0.56243
1.13	1.9	0.592842
1.13	1.92	0.624053
1.13	1.94	0.656065
1.13	1.96	0.688877
1.13	1.98	0.722488
1.13	2	0.7569
1.14	0	1.2996
1.14	0.02	1.25439
1.14	0.04	1.20997
1.14	0.06	1.16636
1.14	0.08	1.12354
1.14	0.1	1.08153
1.14	0.12	1.04032
1.14	0.14	0.999903
1.14	0.16	0.960289
1.14	0.18	0.921476
1.14	0.2	0.883462
1.14	0.22	0.846249
1.14	0.24	0.809836
1.14	0.26	0.774224
1.14	0.28	0.739411
1.14	0.3	0.705399
1.14	0.32	0.672187
1.14	0.34	0.639775
1.14	0.36	0.608163
1.14	0.38	0.577352
1.14	0.4	0.547341
1.14	0.42	0.51813
1.14	0.44	0.48972
1.14	0.46	0.46211
1.14	0.48	0.4353
1.14	0.5	0.40929
1.14	0.52	0.384081
1.14	0.54	0.359672
1.14	0.56	0.336064
1.14	0.58	0.313256
1.14	0.6	0.291248
1.14	0.62	0.270041
1.14	0.64	0.249634
1.14	0.66	0.230027
1.14	0.68	0.211221
1.14	0.7	0.193215
1.14	0.72	0.17601
1.14	0.74	0.159605
1.14	0.76	0.144
1.14	0.78	0.129196
1.14	0.8	0.115192
1.14	0.82	0.101989
1.14	0.84	0.0895863
1.14	0.86	0.0779838
1.14	0.88	0.0671818
1.14	0.9	0.0571802
1.14	0.92	0.047979
1.14	0.94	0.0395782
1.14	0.96	0.0319778
1.14	0.98	0.0251779
1.14	1	0.0191784
1.14	1.02	0.0139793
1.14	1.04	0.00958059
1.14	1.06	0.00598231
1.14	1.08	0.00318443
1.14	1.1	0.00118696
1.14	1.12	-1.01129e-05
1.14	1.14	-0.000406794
1.14	1.16	-3.08741e-06
1.14	1.18	0.001201
1.14	1.2	0.00320547
1.14	1.22	0.00601031
1.14	1.24	0.00961551
1.14	1.26	0.0140211
1.14	1.28	0.019227
1.14	1.3	0.0252332
1.14	1.32	0.0320398
1.14	1.34	0.0396468
1.14	1.36	0.048054
1.14	1.38	0.0572616
1.14	1.4	0.0672694
1.14	1.42	0.0780776
1.14	1.44	0.0896861
1.14	1.46	0.102095
1.14	1.48	0.115304
1.14	1.5	0.129313
1.14	1.52	0.144123
1.14	1.54	0.159732
1.14	1.56	0.176142
1.14	1.58	0.193353
1.14	1.6	0.211363
1.14	1.62	0.230174
1.14	1.64	0.249784
1.14	1.66	0.270195
1.14	1.68	0.291407
1.14	1.7	0.313418
1.14	1.72	0.336229
1.14	1.74	0.359841
1.14	1.76	0.384253
1.14	1.78	0.409465
1.14	1.8	0.435477
1.14	1.82	0.462289
1.14	1.84	0.489901
1.14	1.86	0.518313
1.14	1.88	0.547525
1.14	1.9	0.577538
1.14	1.92	0.60835
1.14	1.94	0.639963
1.14	1.96	0.672375
1.14	1.98	0.705588
1.14	2	0.7396
1.15	0	1.3225
1.15	0.02	1.27689
1.15	0.04	1.23207
1.15	0.06	1.18806
1.15	0.08	1.14484
1.15	0.1	1.10243
1.15	0.12	1.06081
1.15	0.14	1.02
1.15	0.16	0.979982
1.15	0.18	0.940767
1.15	0.2	0.902353
1.15	0.22	0.864739
1.15	0.24	0.827926
1.15	0.26	0.791912
1.15	0.28	0.756699
1.15	0.3	0.722286
1.15	0.32	0.688673
1.15	0.34	0.65586
1.15	0.36	0.623848
1.15	0.38	0.592636
1.15	0.4	0.562224
1.15	0.42	0.532612
1.15	0.44	0.503801
1.15	0.46	0.47579
1.15	0.48	0.44858
1.15	0.5	0.42217
1.15	0.52	0.39656
1.15	0.54	0.371751
1.15	0.56	0.347742
1.15	0.58	0.324533
1.15	0.6	0.302125
1.15	0.62	0.280517
1.15	0.64	0.25971
1.15	0.66	0.239703
1.15	0.68	0.220496
1.15	0.7	0.20209
1.15	0.72	0.184484
1.15	0.74	0.167679
1.15	0.76	0.151674
1.15	0.78	0.13647
1.15	0.8	0.122066
1.15	0.82	0.108462
1.15	0.84	0.0956589
1.15	0.86	0.0836563
1.15	0.88	0.0724541
1.15	0.9	0.0620524
1.15	0.92	0.0524511
1.15	0.94	0.0436503
1.15	0.96	0.0356499
1.15	0.98	0.02845
1.15	1	0.0220505
1.15	1.02	0.0164515
1.15	1.04	0.0116529
1.15	1.06	0.0076547
1.15	1.08	0.00445697
1.15	1.1	0.00205967
1.15	1.12	0.000462785
1.15	1.14	-0.000333677
1.15	1.16	-0.000329725
1.15	1.18	0.000474635
1.15	1.2	0.0020794
1.15	1.22	0.00448455
1.15	1.24	0.0076901
1.15	1.26	0.011696
1.15	1.28	0.0165023
1.15	1.3	0.022109
1.15	1.32	0.028516
1.15	1.34	0.0357234
1.15	1.36	0.0437311
1.15	1.38	0.0525392
1.15	1.4	0.0621476
1.15	1.42	0.0725563
1.15	1.44	0.0837653
1.15	1.46	0.0957746
1.15	1.48	0.108584
1.15	1.5	0.122194
1.15	1.52	0.136604
1.15	1.54	0.151815
1.15	1.56	0.167825
1.15	1.58	0.184636
1.15	1.6	0.202247
1.15	1.62	0.220659
1.15	1.64	0.23987
1.15	1.66	0.259882
1.15	1.68	0.280694
1.15	1.7	0.302306
1.15	1.72	0.324718
1.15	1.74	0.34793
1.15	1.76	0.371943
1.15	1.78	0.396756
1.15	1.8	0.422368
1.15	1.82	0.448781
1.15	1.84	0.475994
1.15	1.86	0.504007
1.15	1.88	0.53282
1.15	1.9	0.562434
1.15	1.92	0.592847
1.15	1.94	0.62406
1.15	1.96	0.656073
1.15	1.98	0.688887
1.15	2	0.7225
1.16	0	1.3456
1.16	0.02	1.29958
1.16	0.04	1.25437
1.16	0.06	1.20995
1.16	0.08	1.16634
1.16	0.1	1.12352
1.16	0.12	1.08151
1.16	0.14	1.04029
1.16	0.16	0.999875
1.16	0.18	0.960259
1.16	0.2	0.921444
1.16	0.22	0.88343
1.16	0.24	0.846215
1.16	0.26	0.809801
1.16	0.28	0.774186
1.16	0.3	0.739373
1.16	0.32	0.705359
1.16	0.34	0.672145
1.16	0.36	0.639732
1.16	0.38	0.60812
1.16	0.4	0.577307
1.16	0.42	0.547295
1.16	0.44	0.518083
1.16	0.46	0.489672
1.16	0.48	0.462061
1.16	0.5	0.43525
1.16	0.52	0.409239
1.16	0.54	0.384029
1.16	0.56	0.35962
1.16	0.58	0.336011
1.16	0.6	0.313202
1.16	0.62	0.291194
1.16	0.64	0.269986
1.16	0.66	0.249578
1.16	0.68	0.229971
1.16	0.7	0.211165
1.16	0.72	0.193159
1.16	0.74	0.175953
1.16	0.76	0.159548
1.16	0.78	0.143943
1.16	0.8	0.129139
1.16	0.82	0.115135
1.16	0.84	0.101932
1.16	0.86	0.0895293
1.16	0.88	0.077927
1.16	0.9	0.0671252
1.16	0.92	0.0571238
1.16	0.94	0.0479229
1.16	0.96	0.0395225
1.16	0.98	0.0319226
1.16	1	0.0251232
1.16	1.02	0.0191242
1.16	1.04	0.0139257
1.16	1.06	0.00952761
1.16	1.08	0.00593001
1.16	1.1	0.00313287
1.16	1.12	0.00113618
1.16	1.14	-6.00655e-05
1.16	1.16	-0.000455873
1.16	1.18	-5.12484e-05
1.16	1.2	0.0011538
1.16	1.22	0.00315927
1.16	1.24	0.00596516
1.16	1.26	0.00957145
1.16	1.28	0.0139781
1.16	1.3	0.0191852
1.16	1.32	0.0251927
1.16	1.34	0.0320005
1.16	1.36	0.0396087
1.16	1.38	0.0480173
1.16	1.4	0.0572261
1.16	1.42	0.0672354
1.16	1.44	0.0780449
1.16	1.46	0.0896548
1.16	1.48	0.102065
1.16	1.5	0.115275
1.16	1.52	0.129286
1.16	1.54	0.144097
1.16	1.56	0.159709
1.16	1.58	0.17612
1.16	1.6	0.193332
1.16	1.62	0.211344
1.16	1.64	0.230156
1.16	1.66	0.249769
1.16	1.68	0.270181
1.16	1.7	0.291394
1.16	1.72	0.313407
1.16	1.74	0.33622
1.16	1.76	0.359833
1.16	1.78	0.384247
1.16	1.8	0.40946
1.16	1.82	0.435474
1.16	1.84	0.462288
1.16	1.86	0.489902
1.16	1.88	0.518316
1.16	1.9	0.54753
1.16	1.92	0.577544
1.16	1.94	0.608358
1.16	1.96	0.639972
1.16	1.98	0.672386
1.16	2	0.7056
1.17	0	1.3689
1.17	0.02	1.32248
1.17	0.04	1.27687
1.17	0.06	1.23205
1.17	0.08	1.18803
1.17	0.1	1.14482
1.17	0.12	1.1024
1.17	0.14	1.06078
1.17	0.16	1.01997
1.17	0.18	0.979952
1.17	0.2	0.940736
1.17	0.22	0.90232
1.17	0.24	0.864705
1.17	0.26	0.827889
1.17	0.28	0.791874
1.17	0.3	0.75666
1.17	0.32	0.722245
1.17	0.34	0.688631
1.17	0.36	0.655817
1.17	0.38	0.623804
1.17	0.4	0.592591
1.17	0.42	0.562178
1.17	0.44	0.532565
1.17	0.46	0.503753
1.17	0.48	0.475741
1.17	0.5	0.44853
1.17	0.52	0.422119
1.17	0.54	0.396509
1.17	0.56	0.371699
1.17	0.58	0.347689
1.17	0.6	0.32448
1.17	0.62	0.302071
1.17	0.64	0.280463
1.17	0.66	0.259655
1.17	0.68	0.239647
1.17	0.7	0.22044
1.17	0.72	0.202034
1.17	0.74	0.184428
1.17	0.76	0.167623
1.17	0.78	0.151618
1.17	0.8	0.136413
1.17	0.82	0.122009
1.17	0.84	0.108406
1.17	0.86	0.0956028
1.17	0.88	0.0836004
1.17	0.9	0.0723985
1.17	0.92	0.061997
1.17	0.94	0.0523961
1.17	0.96	0.0435957
1.17	0.98	0.0355958
1.17	1	0.0283964
1.17	1.02	0.0219974
1.17	1.04	0.016399
1.17	1.06	0.011601
1.17	1.08	0.00760358
1.17	1.1	0.0044066
1.17	1.12	0.0020101
1.17	1.14	0.000414061
1.17	1.16	-0.000381511
1.17	1.18	-0.000376626
1.17	1.2	0.000428709
1.17	1.22	0.00203449
1.17	1.24	0.0044407
1.17	1.26	0.00764735
1.17	1.28	0.0116544
1.17	1.3	0.0164619
1.17	1.32	0.0220698
1.17	1.34	0.028478
1.17	1.36	0.0356867
1.17	1.38	0.0436957
1.17	1.4	0.0525051
1.17	1.42	0.0621149
1.17	1.44	0.072525
1.17	1.46	0.0837354
1.17	1.48	0.0957461
1.17	1.5	0.108557
1.17	1.52	0.122169
1.17	1.54	0.13658
1.17	1.56	0.151792
1.17	1.58	0.167804
1.17	1.6	0.184617
1.17	1.62	0.20223
1.17	1.64	0.220642
1.17	1.66	0.239856
1.17	1.68	0.259869
1.17	1.7	0.280682
1.17	1.72	0.302296
1.17	1.74	0.32471
1.17	1.76	0.347924
1.17	1.78	0.371938
1.17	1.8	0.396753
1.17	1.82	0.422367
1.17	1.84	0.448782
1.17	1.86	0.475996
1.17	1.88	0.504011
1.17	1.9	0.532826
1.17	1.92	0.56244
1.17	1.94	0.592855
1.17	1.96	0.62407
1.17	1.98	0.656085
1.17	2	0.6889
1.18	0	1.3924
1.18	0.02	1.34558
1.18	0.04	1.29956
1.18	0.06	1.25435
1.18	0.08	1.20993
1.18	0.1	1.16631
1.18	0.12	1.12349
1.18	0.14	1.08148
1.18	0.16	1.04026
1.18	0.18	0.999844
1.18	0.2	0.960227
1.18	0.22	0.921411
1.18	0.24	0.883394
1.18	0.26	0.846178
1.18	0.28	0.809763
1.18	0.3	0.774147
1.18	0.32	0.739332
1.18	0.34	0.705317
1.18	0.36	0.672103
1.18	0.38	0.639688
1.18	0.4	0.608074
1.18	0.42	0.577261
1.18	0.44	0.547248
1.18	0.46	0.518035
1.18	0.48	0.489623
1.18	0.5	0.462011
1.18	0.52	0.435199
1.18	0.54	0.409188
1.18	0.56	0.383978
1.18	0.58	0.359567
1.18	0.6	0.335958
1.18	0.62	0.313148
1.18	0.64	0.29114
1.18	0.66	0.269931
1.18	0.68	0.249524
1.18	0.7	0.229916
1.18	0.72	0.21111
1.18	0.74	0.193103
1.18	0.76	0.175898
1.18	0.78	0.159492
1.18	0.8	0.143888
1.18	0.82	0.129084
1.18	0.84	0.11508
1.18	0.86	0.101877
1.18	0.88	0.0894743
1.18	0.9	0.0778723
1.18	0.92	0.0670708
1.18	0.94	0.0570698
1.18	0.96	0.0478694
1.18	0.98	0.0394695
1.18	1	0.0318701
1.18	1.02	0.0250712
1.18	1.04	0.0190728
1.18	1.06	0.013875
1.18	1.08	0.00947768
1.18	1.1	0.00588086
1.18	1.12	0.00308454
1.18	1.14	0.00108871
1.18	1.16	-0.000106635
1.18	1.18	-0.000501496
1.18	1.2	-9.58816e-05
1.18	1.22	0.0011102
1.18	1.24	0.00311674
1.18	1.26	0.00592373
1.18	1.28	0.00953116
1.18	1.3	0.013939
1.18	1.32	0.0191473
1.18	1.34	0.025156
1.18	1.36	0.0319651
1.18	1.38	0.0395746
1.18	1.4	0.0479845
1.18	1.42	0.0571948
1.18	1.44	0.0672054
1.18	1.46	0.0780164
1.18	1.48	0.0896277
1.18	1.5	0.102039
1.18	1.52	0.115251
1.18	1.54	0.129264
1.18	1.56	0.144076
1.18	1.58	0.159689
1.18	1.6	0.176102
1.18	1.62	0.193315
1.18	1.64	0.211329
1.18	1.66	0.230143
1.18	1.68	0.249757
1.18	1.7	0.270171
1.18	1.72	0.291386
1.18	1.74	0.3134
1.18	1.76	0.336215
1.18	1.78	0.35983
1.18	1.8	0.384245
1.18	1.82	0.40946
1.18	1.84	0.435475
1.18	1.86	0.462291
1.18	1.88	0.489906
1.18	1.9	0.518322
1.18	1.92	0.547537
1.18	1.94	0.577553
1.18	1.96	0.608369
1.18	1.98	0.639984
1.18	2	0.6724
1.19	0	1.4161
1.19	0.02	1.36888
1.19	0.04	1.32246
1.19	0.06	1.27684
1.19	0.08	1.23203
1.19	0.1	1.18801
1.19	0.12	1.14479
1.19	0.14	1.10237
1.19	0.16	1.06075
1.19	0.18	1.01994
1.19	0.2	0.979919
1.19	0.22	0.940701
1.19	0.24	0.902284
1.19	0.26	0.864668
1.19	0.28	0.827851
1.19	0.3	0.791835
1.19	0.32	0.756619
1.19	0.34	0.722203
1.19	0.36	0.688588
1.19	0.38	0.655773
1.19	0.4	0.623759
1.19	0.42	0.592544
1.19	0.44	0.562131
1.19	0.46	0.532517
1.19	0.48	0.503704
1.19	0.5	0.475692
1.19	0.52	0.44848
1.19	0.54	0.422068
1.19	0.56	0.396457
1.19	0.58	0.371646
1.19	0.6	0.347636
1.19	0.62	0.324427
1.19	0.64	0.302017
1.19	0.66	0.280409
1.19	0.68	0.259601
1.19	0.7	0.239593
1.19	0.72	0.220386
1.19	0.74	0.201979
1.19	0.76	0.184373
1.19	0.78	0.167568
1.19	0.8	0.151563
1.19	0.82	0.136359
1.19	0.84	0.121955
1.19	0.86	0.108352
1.19	0.88	0.0955488
1.19	0.9	0.0835467
1.19	0.92	0.0723451
1.19	0.94	0.0619441
1.19	0.96	0.0523436
1.19	0.98	0.0435437
1.19	1	0.0355444
1.19	1.02	0.0283455
1.19	1.04	0.0219473
1.19	1.06	0.0163495
1.19	1.08	0.0115523
1.19	1.1	0.00755567
1.19	1.12	0.00435952
1.19	1.14	0.0019639
1.19	1.16	0.000368781
1.19	1.18	-0.00042583
1.19	1.2	-0.000419943
1.19	1.22	0.000386432
1.19	1.24	0.00199329
1.19	1.26	0.00440062
1.19	1.28	0.00760841
1.19	1.3	0.0116167
1.19	1.32	0.0164253
1.19	1.34	0.0220345
1.19	1.36	0.028444
1.19	1.38	0.035654
1.19	1.4	0.0436644
1.19	1.42	0.0524751
1.19	1.44	0.0620862
1.19	1.46	0.0724978
1.19	1.48	0.0837096
1.19	1.5	0.0957218
1.19	1.52	0.108534
1.19	1.54	0.122147
1.19	1.56	0.13656
1.19	1.58	0.151774
1.19	1.6	0.167788
1.19	1.62	0.184602
1.19	1.64	0.202216
1.19	1.66	0.22063
1.19	1.68	0.239845
1.19	1.7	0.25986
1.19	1.72	0.280675
1.19	1.74	0.30229
1.19	1.76	0.324706
1.19	1.78	0.347922
1.19	1.8	0.371937
1.19	1.82	0.396753
1.19	1.84	0.422369
1.19	1.86	0.448785
1.19	1.88	0.476002
1.19	1.9	0.504018
1.19	1.92	0.532834
1.19	1.94	0.562451
1.19	1.96	0.592867
1.19	1.98	0.624084
1.19	2	0.6561
1.2	0	1.44
1.2	0.02	1.39238
1.2	0.04	1.34556
1.2	0.06	1.29954
1.2	0.08	1.25432
1.2	0.1	1.2099
1.2	0.12	1.16628
1.2	0.14	1.12347
1.2	0.16	1.08145
1.2	0.18	1.04023
1.2	0.2	0.999811
1.2	0.22	0.960192
1.2	0.24	0.921375
1.2	0.26	0.883357
1.2	0.28	0.84614
1.2	0.3	0.809723
1.2	0.32	0.774106
1.2	0.34	0.73929
1.2	0.36	0.705274
1.2	0.38	0.672058
1.2	0.4	0.639643
1.2	0.42	0.608028
1.2	0.44	0.577214
1.2	0.46	0.5472
1.2	0.48	0.517987
1.2	0.5	0.489573
1.2	0.52	0.461961
1.2	0.54	0.435149
1.2	0.56	0.409137
1.2	0.58	0.383926
1.2	0.6	0.359515
1.2	0.62	0.335905
1.2	0.64	0.313096
1.2	0.66	0.291086
1.2	0.68	0.269878
1.2	0.7	0.24947
1.2	0.72	0.229863
1.2	0.74	0.211056
1.2	0.76	0.193049
1.2	0.78	0.175844
1.2	0.8	0.159439
1.2	0.82	0.143834
1.2	0.84	0.12903
1.2	0.86	0.115027
1.2	0.88	0.101824
1.2	0.9	0.0894217
1.2	0.92	0.07782
1.2	0.94	0.067019
1.2	0.96	0.0570185
1.2	0.98	0.0478186
1.2	1	0.0394192
1.2	1.02	0.0318205
1.2	1.04	0.0250223
1.2	1.06	0.0190246
1.2	1.08	0.0138276
1.2	1.1	0.00943105
1.2	1.12	0.00583508
1.2	1.14	0.00303965
1.2	1.16	0.00104475
1.2	1.18	-0.000149613
1.2	1.2	-0.000543461
1.2	1.22	-0.000136797
1.2	1.24	0.00107037
1.2	1.26	0.00307803
1.2	1.28	0.00588617
1.2	1.3	0.00949479
1.2	1.32	0.0139039
1.2	1.34	0.0191134
1.2	1.36	0.0251234
1.2	1.38	0.0319338
1.2	1.4	0.0395446
1.2	1.42	0.0479559
1.2	1.44	0.0571675
1.2	1.46	0.0671796
1.2	1.48	0.077992
1.2	1.5	0.0896047
1.2	1.52	0.102018
1.2	1.54	0.115231
1.2	1.56	0.129245
1.2	1.58	0.144059
1.2	1.6	0.159673
1.2	1.62	0.176088
1.2	1.64	0.193303
1.2	1.66	0.211318
1.2	1.68	0.230134
1.2	1.7	0.249749
1.2	1.72	0.270165
1.2	1.74	0.291381
1.2	1.76	0.313397
1.2	1.78	0.336214
1.2	1.8	0.35983
1.2	1.82	0.384247
1.2	1.84	0.409463
1.2	1.86	0.43548
1.2	1.88	0.462297
1.2	1.9	0.489914
1.2	1.92	0.518331
1.2	1.94	0.547548
1.2	1.96	0.577566
1.2	1.98	0.608383
1.2	2	0.64
1.21	0	1.4641
1.21	0.02	1.41608
1.21	0.04	1.36886
1.21	0.06	1.32244
1.21	0.08	1.27682
1.21	0.1	1.232
1.21	0.12	1.18798
1.21	0.14	1.14476
1.21	0.16	1.10234
1.21	0.18	1.06072
1.21	0.2	1.0199
1.21	0.22	0.979884
1.21	0.24	0.940665
1.21	0.26	0.902247
1.21	0.28	0.864629
1.21	0.3	0.827811
1.21	0.32	0.791794
1.21	0.34	0.756577
1.21	0.36	0.72216
1.21	0.38	0.688544
1.21	0.4	0.655728
1.21	0.42	0.623713
1.21	0.44	0.592498
1.21	0.46	0.562083
1.21	0.48	0.532469
1.21	0.5	0.503655
1.21	0.52	0.475642
1.21	0.54	0.44843
1.21	0.56	0.422017
1.21	0.58	0.396406
1.21	0.6	0.371595
1.21	0.62	0.347584
1.21	0.64	0.324374
1.21	0.66	0.301965
1.21	0.68	0.280356
1.21	0.7	0.259548
1.21	0.72	0.23954
1.21	0.74	0.220333
1.21	0.76	0.201926
1.21	0.78	0.18432
1.21	0.8	0.167515
1.21	0.82	0.15151
1.21	0.84	0.136306
1.21	0.86	0.121903
1.21	0.88	0.1083
1.21	0.9	0.0954972
1.21	0.92	0.0834955
1.21	0.94	0.0722944
1.21	0.96	0.0618939
1.21	0.98	0.052294
1.21	1	0.0434947
1.21	1.02	0.035496
1.21	1.04	0.0282979
1.21	1.06	0.0219003
1.21	1.08	0.0163034
1.21	1.1	0.011507
1.21	1.12	0.00751121
1.21	1.14	0.00431597
1.21	1.16	0.00192129
1.21	1.18	0.000327163
1.21	1.2	-0.000466425
1.21	1.22	-0.00045948
1.21	1.24	0.000347989
1.21	1.26	0.00195597
1.21	1.28	0.00436446
1.21	1.3	0.00757345
1.21	1.32	0.0115829
1.21	1.34	0.0163929
1.21	1.36	0.0220033
1.21	1.38	0.0284141
1.21	1.4	0.0356254
1.21	1.42	0.0436371
1.21	1.44	0.0524493
1.21	1.46	0.0620618
1.21	1.48	0.0724747
1.21	1.5	0.083688
1.21	1.52	0.0957017
1.21	1.54	0.108516
1.21	1.56	0.12213
1.21	1.58	0.136545
1.21	1.6	0.15176
1.21	1.62	0.167775
1.21	1.64	0.18459
1.21	1.66	0.202206
1.21	1.68	0.220622
1.21	1.7	0.239839
1.21	1.72	0.259855
1.21	1.74	0.280672
1.21	1.76	0.302289
1.21	1.78	0.324706
1.21	1.8	0.347923
1.21	1.82	0.37194
1.21	1.84	0.396758
1.21	1.86	0.422375
1.21	1.88	0.448793
1.21	1.9	0.476011
1.21	1.92	0.504028
1.21	1.94	0.532846
1.21	1.96	0.562464
1.21	1.98	0.592882
1.21	2	0.6241
1.22	0	1.4884
1.22	0.02	1.43998
1.22	0.04	1.39236
1.22	0.06	1.34554
1.22	0.08	1.29952
1.22	0.1	1.2543
1.22	0.12	1.20988
1.22	0.14	1.16625
1.22	0.16	1.12343
1.22	0.18	1.08141
1.22	0.2	1.04019
1.22	0.22	0.999775
1.22	0.24	0.960156
1.22	0.26	0.921337
1.22	0.28	0.883318
1.22	0.3	0.8461
1.22	0.32	0.809681
1.22	0.34	0.774064
1.22	0.36	0.739246
1.22	0.38	0.70523
1.22	0.4	0.672013
1.22	0.42	0.639597
1.22	0.44	0.607981
1.22	0.46	0.577166
1.22	0.48	0.547152
1.22	0.5	0.517937
1.22	0.52	0.489524
1.22	0.54	0.461911
1.22	0.56	0.435098
1.22	0.58	0.409086
1.22	0.6	0.383874
1.22	0.62	0.359463
1.22	0.64	0.335853
1.22	0.66	0.313043
1.22	0.68	0.291034
1.22	0.7	0.269825
1.22	0.72	0.249417
1.22	0.74	0.22981
1.22	0.76	0.211003
1.22	0.78	0.192997
1.22	0.8	0.175791
1.22	0.82	0.159386
1.22	0.84	0.143782
1.22	0.86	0.128978
1.22	0.88	0.114975
1.22	0.9	0.101773
1.22	0.92	0.089371
1.22	0.94	0.0777699
1.22	0.96	0.0669693
1.22	0.98	0.0569694
1.22	1	0.0477702
1.22	1.02	0.0393715
1.22	1.04	0.0317734
1.22	1.06	0.024976
1.22	1.08	0.0189792
1.22	1.1	0.013783
1.22	1.12	0.00938734
1.22	1.14	0.0057923
1.22	1.16	0.00299783
1.22	1.18	0.00100394
1.22	1.2	-0.000189387
1.22	1.22	-0.00058216
1.22	1.24	-0.000174388
1.22	1.26	0.00103392
1.22	1.28	0.00304275
1.22	1.3	0.0058521
1.22	1.32	0.00946195
1.22	1.34	0.0138723
1.22	1.36	0.0190831
1.22	1.38	0.0250944
1.22	1.4	0.0319062
1.22	1.42	0.0395184
1.22	1.44	0.047931
1.22	1.46	0.057144
1.22	1.48	0.0671575
1.22	1.5	0.0779713
1.22	1.52	0.0895855
1.22	1.54	0.102
1.22	1.56	0.115215
1.22	1.58	0.12923
1.22	1.6	0.144046
1.22	1.62	0.159662
1.22	1.64	0.176078
1.22	1.66	0.193294
1.22	1.68	0.211311
1.22	1.7	0.230128
1.22	1.72	0.249745
1.22	1.74	0.270162
1.22	1.76	0.29138
1.22	1.78	0.313398
1.22	1.8	0.336216
1.22	1.82	0.359834
1.22	1.84	0.384252
1.22	1.86	0.40947
1.22	1.88	0.435489
1.22	1.9	0.462307
1.22	1.92	0.489926
1.22	1.94	0.518344
1.22	1.96	0.547563
1.22	1.98	0.577581
1.22	2	0.6084
1.23	0	1.5129
1.23	0.02	1.46408
1.23	0.04	1.41606
1.23	0.06	1.36883
1.23	0.08	1.32241
1.23	0.1	1.27679
1.23	0.12	1.23197
1.23	0.14	1.18795
1.23	0.16	1.14473
1.23	0.18	1.10231
1.23	0.2	1.06069
1.23	0.22	1.01987
1.23	0.24	0.979847
1.23	0.26	0.940627
1.23	0.28	0.902207
1.23	0.3	0.864588
1.23	0.32	0.82777
1.23	0.34	0.791751
1.23	0.36	0.756533
1.23	0.38	0.722116
1.23	0.4	0.688499
1.23	0.42	0.655682
1.23	0.44	0.623666
1.23	0.46	0.59245
1.23	0.48	0.562035
1.23	0.5	0.53242
1.23	0.52	0.503606
1.23	0.54	0.475592
1.23	0.56	0.448379
1.23	0.58	0.421967
1.23	0.6	0.396355
1.23	0.62	0.371543
1.23	0.64	0.347533
1.23	0.66	0.324322
1.23	0.68	0.301913
1.23	0.7	0.280304
1.23	0.72	0.259496
1.23	0.74	0.239488
1.23	0.76	0.220281
1.23	0.78	0.201874
1.23	0.8	0.184269
1.23	0.82	0.167464
1.23	0.84	0.151459
1.23	0.86	0.136255
1.23	0.88	0.121852
1.23	0.9	0.10825
1.23	0.92	0.0954477
1.23	0.94	0.0834465
1.23	0.96	0.072246
1.23	0.98	0.0618461
1.23	1	0.0522468
1.23	1.02	0.0434482
1.23	1.04	0.0354502
1.23	1.06	0.0282529
1.23	1.08	0.0218562
1.23	1.1	0.0162601
1.23	1.12	0.0114646
1.23	1.14	0.00746979
1.23	1.16	0.00427553
1.23	1.18	0.00188187
1.23	1.2	0.000288785
1.23	1.22	-0.000503721
1.23	1.24	-0.000495661
1.23	1.26	0.000312954
1.23	1.28	0.00192211
1.23	1.3	0.00433181
1.23	1.32	0.00754203
1.23	1.34	0.0115528
1.23	1.36	0.016364
1.23	1.38	0.0219757
1.23	1.4	0.0283879
1.23	1.42	0.0356005
1.23	1.44	0.0436136
1.23	1.46	0.0524271
1.23	1.48	0.0620411
1.23	1.5	0.0724554
1.23	1.52	0.0836702
1.23	1.54	0.0956853
1.23	1.56	0.108501
1.23	1.58	0.122117
1.23	1.6	0.136533
1.23	1.62	0.151749
1.23	1.64	0.167766
1.23	1.66	0.184583
1.23	1.68	0.2022
1.23	1.7	0.220618
1.23	1.72	0.239836
1.23	1.74	0.259854
1.23	1.76	0.280672
1.23	1.78	0.30229
1.23	1.8	0.324709
1.23	1.82	0.347928
1.23	1.84	0.371946
1.23	1.86	0.396765
1.23	1.88	0.422384
1.23	1.9	0.448804
1.23	1.92	0.476023
1.23	1.94	0.504042
1.23	1.96	0.532861
1.23	1.98	0.562481
1.23	2	0.5929
1.24	0	1.5376
1.24	0.02	1.48838
1.24	0.04	1.43995
1.24	0.06	1.39233
1.24	0.08	1.34551
1.24	0.1	1.29949
1.24	0.12	1.25427
1.24	0.14	1.20984
1.24	0.16	1.16622
1.24	0.18	1.1234
1.24	0.2	1.08138
1.24	0.22	1.04016
1.24	0.24	0.999738
1.24	0.26	0.960117
1.24	0.28	0.921297
1.24	0.3	0.883278
1.24	0.32	0.846058
1.24	0.34	0.809639
1.24	0.36	0.774021
1.24	0.38	0.739203
1.24	0.4	0.705185
1.24	0.42	0.671968
1.24	0.44	0.639551
1.24	0.46	0.607935
1.24	0.48	0.577119
1.24	0.5	0.547104
1.24	0.52	0.517889
1.24	0.54	0.489475
1.24	0.56	0.461861
1.24	0.58	0.435048
1.24	0.6	0.409036
1.24	0.62	0.383824
1.24	0.64	0.359413
1.24	0.66	0.335802
1.24	0.68	0.312993
1.24	0.7	0.290983
1.24	0.72	0.269775
1.24	0.74	0.249367
1.24	0.76	0.229759
1.24	0.78	0.210953
1.24	0.8	0.192947
1.24	0.82	0.175741
1.24	0.84	0.159337
1.24	0.86	0.143733
1.24	0.88	0.12893
1.24	0.9	0.114927
1.24	0.92	0.101725
1.24	0.94	0.0893239
1.24	0.96	0.0777233
1.24	0.98	0.0669234
1.24	1	0.0569242
1.24	1.02	0.0477256
1.24	1.04	0.0393277
1.24	1.06	0.0317305
1.24	1.08	0.0249339
1.24	1.1	0.0189379
1.24	1.12	0.0137426
1.24	1.14	0.00934792
1.24	1.16	0.00575386
1.24	1.18	0.00296042
1.24	1.2	0.000967576
1.24	1.22	-0.00022467
1.24	1.24	-0.00061633
1.24	1.26	-0.000207416
1.24	1.28	0.00100206
1.24	1.3	0.00301209
1.24	1.32	0.00582266
1.24	1.34	0.00943376
1.24	1.36	0.0138454
1.24	1.38	0.0190575
1.24	1.4	0.0250701
1.24	1.42	0.0318832
1.24	1.44	0.0394967
1.24	1.46	0.0479107
1.24	1.48	0.0571252
1.24	1.5	0.06714
1.24	1.52	0.0779553
1.24	1.54	0.0895709
1.24	1.56	0.101987
1.24	1.58	0.115203
1.24	1.6	0.12922
1.24	1.62	0.144037
1.24	1.64	0.159654
1.24	1.66	0.176072
1.24	1.68	0.19329
1.24	1.7	0.211308
1.24	1.72	0.230126
1.24	1.74	0.249745
1.24	1.76	0.270164
1.24	1.78	0.291383
1.24	1.8	0.313402
1.24	1.82	0.336222
1.24	1.84	0.359841
1.24	1.86	0.384261
1.24	1.88	0.40948
1.24	1.9	0.4355
1.24	1.92	0.46232
1.24	1.94	0.48994
1.24	1.96	0.51836
1.24	1.98	0.54758
1.24	2	0.5776
1.25	0	1.5625
1.25	0.02	1.51288
1.25	0.04	1.46405
1.25	0.06	1.41603
1.25	0.08	1.36881
1.25	0.1	1.32238
1.25	0.12	1.27676
1.25	0.14	1.23194
1.25	0.16	1.18792
1.25	0.18	1.14469
1.25	0.2	1.10227
1.25	0.22	1.06065
1.25	0.24	1.01983
1.25	0.26	0.979808
1.25	0.28	0.940587
1.25	0.3	0.902167
1.25	0.32	0.864547
1.25	0.34	0.827728
1.25	0.36	0.791708
1.25	0.38	0.75649
1.25	0.4	0.722071
1.25	0.42	0.688454
1.25	0.44	0.655636
1.25	0.46	0.623619
1.25	0.48	0.592403
1.25	0.5	0.561987
1.25	0.52	0.532372
1.25	0.54	0.503558
1.25	0.56	0.475544
1.25	0.58	0.44833
1.25	0.6	0.421918
1.25	0.62	0.396305
1.25	0.64	0.371494
1.25	0.66	0.347483
1.25	0.68	0.324273
1.25	0.7	0.301863
1.25	0.72	0.280254
1.25	0.74	0.259446
1.25	0.76	0.239439
1.25	0.78	0.220232
1.25	0.8	0.201826
1.25	0.82	0.18422
1.25	0.84	0.167415
1.25	0.86	0.151411
1.25	0.88	0.136208
1.25	0.9	0.121805
1.25	0.92	0.108203
1.25	0.94	0.0954019
1.25	0.96	0.0834013
1.25	0.98	0.0722014
1.25	1	0.0618022
1.25	1.02	0.0522037
1.25	1.04	0.0434058
1.25	1.06	0.0354087
1.25	1.08	0.0282122
1.25	1.1	0.0218164
1.25	1.12	0.0162212
1.25	1.14	0.0114267
1.25	1.16	0.00743286
1.25	1.18	0.00423963
1.25	1.2	0.00184702
1.25	1.22	0.000255025
1.25	1.24	-0.000536365
1.25	1.26	-0.000527161
1.25	1.28	0.000282625
1.25	1.3	0.00189298
1.25	1.32	0.0043039
1.25	1.34	0.00751536
1.25	1.36	0.0115273
1.25	1.38	0.0163399
1.25	1.4	0.0219529
1.25	1.42	0.0283664
1.25	1.44	0.0355804
1.25	1.46	0.0435948
1.25	1.48	0.0524097
1.25	1.5	0.0620251
1.25	1.52	0.0724408
1.25	1.54	0.0836569
1.25	1.56	0.0956735
1.25	1.58	0.10849
1.25	1.6	0.122108
1.25	1.62	0.136525
1.25	1.64	0.151743
1.25	1.66	0.167761
1.25	1.68	0.18458
1.25	1.7	0.202199
1.25	1.72	0.220618
1.25	1.74	0.239837
1.25	1.76	0.259856
1.25	1.78	0.280676
1.25	1.8	0.302296
1.25	1.82	0.324716
1.25	1.84	0.347936
1.25	1.86	0.371956
1.25	1.88	0.396777
1.25	1.9	0.422397
1.25	1.92	0.448818
1.25	1.94	0.476038
1.25	1.96	0.504059
1.25	1.98	0.532879
1.25	2	0.5625
1.26	0	1.5876
1.26	0.02	1.53758
1.26	0.04	1.48835
1.26	0.06	1.43993
1.26	0.08	1.3923
1.26	0.1	1.34548
1.26	0.12	1.29946
1.26	0.14	1.25423
1.26	0.16	1.20981
1.26	0.18	1.16619
1.26	0.2	1.12337
1.26	0.22	1.08134
1.26	0.24	1.04012
1.26	0.26	0.999699
1.26	0.28	0.960078
1.26	0.3	0.921257
1.26	0.32	0.883236
1.26	0.34	0.846016
1.26	0.36	0.809596
1.26	0.38	0.773977
1.26	0.4	0.739158
1.26	0.42	0.70514
1.26	0.44	0.671922
1.26	0.46	0.639505
1.26	0.48	0.607888
1.26	0.5	0.577072
1.26	0.52	0.547056
1.26	0.54	0.517841
1.26	0.56	0.489427
1.26	0.58	0.461813
1.26	0.6	0.435
1.26	0.62	0.408987
1.26	0.64	0.383775
1.26	0.66	0.359364
1.26	0.68	0.335754
1.26	0.7	0.312944
1.26	0.72	0.290935
1.26	0.74	0.269726
1.26	0.76	0.249318
1.26	0.78	0.229711
1.26	0.8	0.210905
1.26	0.82	0.192899
1.26	0.84	0.175694
1.26	0.86	0.15929
1.26	0.88	0.143687
1.26	0.9	0.128884
1.26	0.92	0.114882
1.26	0.94	0.101681
1.26	0.96	0.08928
1.26	0.98	0.0776801
1.26	1	0.066881
1.26	1.02	0.0568825
1.26	1.04	0.0476847
1.26	1.06	0.0392876
1.26	1.08	0.0316913
1.26	1.1	0.0248956
1.26	1.12	0.0189006
1.26	1.14	0.0137062
1.26	1.16	0.00931255
1.26	1.18	0.00571952
1.26	1.2	0.00292714
1.26	1.22	0.000935387
1.26	1.24	-0.000255741
1.26	1.26	-0.000646257
1.26	1.28	-0.000236173
1.26	1.3	0.000974498
1.26	1.32	0.00298574
1.26	1.34	0.00579755
1.26	1.36	0.00940991
1.26	1.38	0.0138228
1.26	1.4	0.0190362
1.26	1.42	0.0250501
1.26	1.44	0.0318646
1.26	1.46	0.0394794
1.26	1.48	0.0478948
1.26	1.5	0.0571106
1.26	1.52	0.0671268
1.26	1.54	0.0779435
1.26	1.56	0.0895605
1.26	1.58	0.101978
1.26	1.6	0.115196
1.26	1.62	0.129214
1.26	1.64	0.144032
1.26	1.66	0.159651
1.26	1.68	0.17607
1.26	1.7	0.193289
1.26	1.72	0.211309
1.26	1.74	0.230129
1.26	1.76	0.249749
1.26	1.78	0.270169
1.26	1.8	0.29139
1.26	1.82	0.31341
1.26	1.84	0.336231
1.26	1.86	0.359852
1.26	1.88	0.384273
1.26	1.9	0.409494
1.26	1.92	0.435515
1.26	1.94	0.462336
1.26	1.96	0.489957
1.26	1.98	0.518379
1.26	2	0.5476
1.27	0	1.6129
1.27	0.02	1.56248
1.27	0.04	1.51285
1.27	0.06	1.46403
1.27	0.08	1.416
1.27	0.1	1.36878
1.27	0.12	1.32235
1.27	0.14	1.27673
1.27	0.16	1.23191
1.27	0.18	1.18788
1.27	0.2	1.14466
1.27	0.22	1.10224
1.27	0.24	1.06061
1.27	0.26	1.01979
1.27	0.28	0.979769
1.27	0.3	0.940547
1.27	0.32	0.902126
1.27	0.34	0.864505
1.27	0.36	0.827685
1.27	0.38	0.791665
1.27	0.4	0.756445
1.27	0.42	0.722027
1.27	0.44	0.688408
1.27	0.46	0.65559
1.27	0.48	0.623573
1.27	0.5	0.592357
1.27	0.52	0.561941
1.27	0.54	0.532325
1.27	0.56	0.50351
1.27	0.58	0.475496
1.27	0.6	0.448282
1.27	0.62	0.42187
1.27	0.64	0.396257
1.27	0.66	0.371446
1.27	0.68	0.347435
1.27	0.7	0.324225
1.27	0.72	0.301815
1.27	0.74	0.280207
1.27	0.76	0.259399
1.27	0.78	0.239391
1.27	0.8	0.220185
1.27	0.82	0.201779
1.27	0.84	0.184174
1.27	0.86	0.16737
1.27	0.88	0.151366
1.27	0.9	0.136163
1.27	0.92	0.121761
1.27	0.94	0.10816
1.27	0.96	0.0953592
1.27	0.98	0.0833593
1.27	1	0.0721601
1.27	1.02	0.0617617
1.27	1.04	0.052164
1.27	1.06	0.043367
1.27	1.08	0.0353707
1.27	1.1	0.0281752
1.27	1.12	0.0217803
1.27	1.14	0.0161861
1.27	1.16	0.0113926
1.27	1.18	0.0073998
1.27	1.2	0.00420764
1.27	1.22	0.00181613
1.27	1.24	0.000225256
1.27	1.26	-0.000564986
1.27	1.28	-0.00055461
1.27	1.3	0.000256371
1.27	1.32	0.00186794
1.27	1.34	0.00428009
1.27	1.36	0.00749281
1.27	1.38	0.0115061
1.27	1.4	0.0163199
1.27	1.42	0.0219342
1.27	1.44	0.028349
1.27	1.46	0.0355644
1.27	1.48	0.0435802
1.27	1.5	0.0523964
1.27	1.52	0.0620131
1.27	1.54	0.0724302
1.27	1.56	0.0836477
1.27	1.58	0.0956657
1.27	1.6	0.108484
1.27	1.62	0.122103
1.27	1.64	0.136522
1.27	1.66	0.151741
1.27	1.68	0.167761
1.27	1.7	0.18458
1.27	1.72	0.202201
1.27	1.74	0.220621
1.27	1.76	0.239842
1.27	1.78	0.259862
1.27	1.8	0.280683
1.27	1.82	0.302305
1.27	1.84	0.324726
1.27	1.86	0.347947
1.27	1.88	0.371969
1.27	1.9	0.396791
1.27	1.92	0.422413
1.27	1.94	0.448834
1.27	1.96	0.476056
1.27	1.98	0.504078
1.27	2	0.5329
1.28	0	1.6384
1.28	0.02	1.58757
1.28	0.04	1.53755
1.28	0.06	1.48832
1.28	0.08	1.4399
1.28	0.1	1.39227
1.28	0.12	1.34545
1.28	0.14	1.29942
1.28	0.16	1.2542
1.28	0.18	1.20978
1.28	0.2	1.16615
1.28	0.22	1.12333
1.28	0.24	1.08131
1.28	0.26	1.04008
1.28	0.28	0.99966
1.28	0.3	0.960038
1.28	0.32	0.921216
1.28	0.34	0.883194
1.28	0.36	0.845974
1.28	0.38	0.809553
1.28	0.4	0.773933
1.28	0.42	0.739114
1.28	0.44	0.705095
1.28	0.46	0.671877
1.28	0.48	0.639459
1.28	0.5	0.607842
1.28	0.52	0.577025
1.28	0.54	0.54701
1.28	0.56	0.517794
1.28	0.58	0.48938
1.28	0.6	0.461766
1.28	0.62	0.434953
1.28	0.64	0.40894
1.28	0.66	0.383728
1.28	0.68	0.359317
1.28	0.7	0.335707
1.28	0.72	0.312897
1.28	0.74	0.290888
1.28	0.76	0.26968
1.28	0.78	0.249272
1.28	0.8	0.229666
1.28	0.82	0.21086
1.28	0.84	0.192854
1.28	0.86	0.17565
1.28	0.88	0.159246
1.28	0.9	0.143643
1.28	0.92	0.128841
1.28	0.94	0.11484
1.28	0.96	0.101639
1.28	0.98	0.0892393
1.28	1	0.0776401
1.28	1.02	0.0668418
1.28	1.04	0.0568441
1.28	1.06	0.0476472
1.28	1.08	0.039251
1.28	1.1	0.0316556
1.28	1.12	0.0248609
1.28	1.14	0.0188668
1.28	1.16	0.0136735
1.28	1.18	0.00928089
1.28	1.2	0.00568894
1.28	1.22	0.00289766
1.28	1.24	0.000907036
1.28	1.26	-0.000282942
1.28	1.28	-0.000672286
1.28	1.3	-0.000261009
1.28	1.32	0.000950876
1.28	1.34	0.00296336
1.28	1.36	0.00577641
1.28	1.38	0.00939004
1.28	1.4	0.0138042
1.28	1.42	0.0190189
1.28	1.44	0.0250342
1.28	1.46	0.0318499
1.28	1.48	0.0394661
1.28	1.5	0.0478828
1.28	1.52	0.0571
1.28	1.54	0.0671175
1.28	1.56	0.0779355
1.28	1.58	0.0895539
1.28	1.6	0.101973
1.28	1.62	0.115192
1.28	1.64	0.129211
1.28	1.66	0.144031
1.28	1.68	0.159651
1.28	1.7	0.176072
1.28	1.72	0.193292
1.28	1.74	0.211313
1.28	1.76	0.230135
1.28	1.78	0.249756
1.28	1.8	0.270178
1.28	1.82	0.291399
1.28	1.84	0.313421
1.28	1.86	0.336243
1.28	1.88	0.359866
1.28	1.9	0.384288
1.28	1.92	0.40951
1.28	1.94	0.435533
1.28	1.96	0.462355
1.28	1.98	0.489978
1.28	2	0.5184
1.29	0	1.6641
1.29	0.02	1.61287
1.29	0.04	1.56245
1.29	0.06	1.51282
1.29	0.08	1.464
1.29	0.1	1.41597
1.29	0.12	1.36875
1.29	0.14	1.32232
1.29	0.16	1.2767
1.29	0.18	1.23187
1.29	0.2	1.18785
1.29	0.22	1.14462
1.29	0.24	1.1022
1.29	0.26	1.06057
1.29	0.28	1.01975
1.29	0.3	0.979728
1.29	0.32	0.940506
1.29	0.34	0.902084
1.29	0.36	0.864463
1.29	0.38	0.827642
1.29	0.4	0.791622
1.29	0.42	0.756402
1.29	0.44	0.721982
1.29	0.46	0.688364
1.29	0.48	0.655545
1.29	0.5	0.623528
1.29	0.52	0.592311
1.29	0.54	0.561895
1.29	0.56	0.532279
1.29	0.58	0.503464
1.29	0.6	0.47545
1.29	0.62	0.448236
1.29	0.64	0.421823
1.29	0.66	0.396211
1.29	0.68	0.3714
1.29	0.7	0.347389
1.29	0.72	0.324179
1.29	0.74	0.30177
1.29	0.76	0.280162
1.29	0.78	0.259354
1.29	0.8	0.239347
1.29	0.82	0.220141
1.29	0.84	0.201736
1.29	0.86	0.184131
1.29	0.88	0.167327
1.29	0.9	0.151324
1.29	0.92	0.136122
1.29	0.94	0.121721
1.29	0.96	0.10812
1.29	0.98	0.0953202
1.29	1	0.0833211
1.29	1.02	0.0721227
1.29	1.04	0.0617251
1.29	1.06	0.0521283
1.29	1.08	0.0433322
1.29	1.1	0.0353369
1.29	1.12	0.0281423
1.29	1.14	0.0217484
1.29	1.16	0.0161553
1.29	1.18	0.0113628
1.29	1.2	0.00737109
1.29	1.22	0.00418003
1.29	1.24	0.00178964
1.29	1.26	0.000199915
1.29	1.28	-0.000589161
1.29	1.3	-0.000577601
1.29	1.32	0.000234582
1.29	1.34	0.00184737
1.29	1.36	0.00426076
1.29	1.38	0.00747473
1.29	1.4	0.0114893
1.29	1.42	0.0163043
1.29	1.44	0.02192
1.29	1.46	0.0283361
1.29	1.48	0.0355527
1.29	1.5	0.0435698
1.29	1.52	0.0523874
1.29	1.54	0.0620054
1.29	1.56	0.0724239
1.29	1.58	0.0836427
1.29	1.6	0.095662
1.29	1.62	0.108482
1.29	1.64	0.122102
1.29	1.66	0.136522
1.29	1.68	0.151743
1.29	1.7	0.167764
1.29	1.72	0.184585
1.29	1.74	0.202206
1.29	1.76	0.220628
1.29	1.78	0.23985
1.29	1.8	0.259872
1.29	1.82	0.280694
1.29	1.84	0.302317
1.29	1.86	0.324739
1.29	1.88	0.347962
1.29	1.9	0.371985
1.29	1.92	0.396808
1.29	1.94	0.422431
1.29	1.96	0.448854
1.29	1.98	0.476077
1.29	2	0.5041
1.3	0	1.69
1.3	0.02	1.63837
1.3	0.04	1.58755
1.3	0.06	1.53752
1.3	0.08	1.48829
1.3	0.1	1.43987
1.3	0.12	1.39224
1.3	0.14	1.34542
1.3	0.16	1.29939
1.3	0.18	1.25417
1.3	0.2	1.20974
1.3	0.22	1.16612
1.3	0.24	1.12329
1.3	0.26	1.08127
1.3	0.28	1.04004
1.3	0.3	0.99962
1.3	0.32	0.959997
1.3	0.34	0.921175
1.3	0.36	0.883153
1.3	0.38	0.845931
1.3	0.4	0.80951
1.3	0.42	0.77389
1.3	0.44	0.73907
1.3	0.46	0.705051
1.3	0.48	0.671832
1.3	0.5	0.639415
1.3	0.52	0.607797
1.3	0.54	0.576981
1.3	0.56	0.546965
1.3	0.58	0.517749
1.3	0.6	0.489335
1.3	0.62	0.461721
1.3	0.64	0.434908
1.3	0.66	0.408895
1.3	0.68	0.383684
1.3	0.7	0.359273
1.3	0.72	0.335662
1.3	0.74	0.312853
1.3	0.76	0.290844
1.3	0.78	0.269637
1.3	0.8	0.24923
1.3	0.82	0.229623
1.3	0.84	0.210818
1.3	0.86	0.192813
1.3	0.88	0.175609
1.3	0.9	0.159206
1.3	0.92	0.143604
1.3	0.94	0.128802
1.3	0.96	0.114802
1.3	0.98	0.101602
1.3	1	0.0892029
1.3	1.02	0.0776046
1.3	1.04	0.066807
1.3	1.06	0.0568103
1.3	1.08	0.0476143
1.3	1.1	0.0392191
1.3	1.12	0.0316246
1.3	1.14	0.0248309
1.3	1.16	0.0188379
1.3	1.18	0.0136456
1.3	1.2	0.00925405
1.3	1.22	0.0056632
1.3	1.24	0.00287303
1.3	1.26	0.000883545
1.3	1.28	-0.000305277
1.3	1.3	-0.000693447
1.3	1.32	-0.000280979
1.3	1.34	0.000932113
1.3	1.36	0.00294581
1.3	1.38	0.00576011
1.3	1.4	0.00937498
1.3	1.42	0.0137904
1.3	1.44	0.0190064
1.3	1.46	0.0250229
1.3	1.48	0.0318399
1.3	1.5	0.0394574
1.3	1.52	0.0478754
1.3	1.54	0.0570939
1.3	1.56	0.0671127
1.3	1.58	0.077932
1.3	1.6	0.0895518
1.3	1.62	0.101972
1.3	1.64	0.115192
1.3	1.66	0.129213
1.3	1.68	0.144034
1.3	1.7	0.159656
1.3	1.72	0.176077
1.3	1.74	0.193299
1.3	1.76	0.211322
1.3	1.78	0.230144
1.3	1.8	0.249767
1.3	1.82	0.27019
1.3	1.84	0.291413
1.3	1.86	0.313436
1.3	1.88	0.336259
1.3	1.9	0.359882
1.3	1.92	0.384306
1.3	1.94	0.409529
1.3	1.96	0.435553
1.3	1.98	0.462376
1.3	2	0.49
1.31	0	1.7161
1.31	0.02	1.66407
1.31	0.04	1.61285
1.31	0.06	1.56242
1.31	0.08	1.51279
1.31	0.1	1.46396
1.31	0.12	1.41594
1.31	0.14	1.36871
1.31	0.16	1.32229
1.31	0.18	1.27666
1.31	0.2	1.23183
1.31	0.22	1.18781
1.31	0.24	1.14458
1.31	0.26	1.10216
1.31	0.28	1.06053
1.31	0.3	1.01971
1.31	0.32	0.979688
1.31	0.34	0.940465
1.31	0.36	0.902042
1.31	0.38	0.864421
1.31	0.4	0.827599
1.31	0.42	0.791578
1.31	0.44	0.756358
1.31	0.46	0.721939
1.31	0.48	0.68832
1.31	0.5	0.655501
1.31	0.52	0.623483
1.31	0.54	0.592266
1.31	0.56	0.56185
1.31	0.58	0.532234
1.31	0.6	0.503419
1.31	0.62	0.475405
1.31	0.64	0.448192
1.31	0.66	0.421779
1.31	0.68	0.396167
1.31	0.7	0.371356
1.31	0.72	0.347346
1.31	0.74	0.324136
1.31	0.76	0.301727
1.31	0.78	0.280119
1.31	0.8	0.259312
1.31	0.82	0.239306
1.31	0.84	0.2201
1.31	0.86	0.201695
1.31	0.88	0.184091
1.31	0.9	0.167288
1.31	0.92	0.151286
1.31	0.94	0.136084
1.31	0.96	0.121684
1.31	0.98	0.108084
1.31	1	0.0952847
1.31	1.02	0.0832864
1.31	1.04	0.0720889
1.31	1.06	0.0616922
1.31	1.08	0.0520964
1.31	1.1	0.0433012
1.31	1.12	0.0353069
1.31	1.14	0.0281133
1.31	1.16	0.0217205
1.31	1.18	0.0161284
1.31	1.2	0.011337
1.31	1.22	0.00734638
1.31	1.24	0.00415644
1.31	1.26	0.00176719
1.31	1.28	0.000178625
1.31	1.3	-0.000609274
1.31	1.32	-0.000596522
1.31	1.34	0.000216869
1.31	1.36	0.00183088
1.31	1.38	0.0042455
1.31	1.4	0.00746071
1.31	1.42	0.0114765
1.31	1.44	0.0162928
1.31	1.46	0.0219097
1.31	1.48	0.0283271
1.31	1.5	0.035545
1.31	1.52	0.0435634
1.31	1.54	0.0523823
1.31	1.56	0.0620016
1.31	1.58	0.0724214
1.31	1.6	0.0836415
1.31	1.62	0.0956621
1.31	1.64	0.108483
1.31	1.66	0.122104
1.31	1.68	0.136526
1.31	1.7	0.151748
1.31	1.72	0.16777
1.31	1.74	0.184592
1.31	1.76	0.202215
1.31	1.78	0.220638
1.31	1.8	0.239861
1.31	1.82	0.259885
1.31	1.84	0.280708
1.31	1.86	0.302332
1.31	1.88	0.324756
1.31	1.9	0.34798
1.31	1.92	0.372004
1.31	1.94	0.396828
1.31	1.96	0.422452
1.31	1.98	0.448876
1.31	2	0.4761
1.32	0	1.7424
1.32	0.02	1.68997
1.32	0.04	1.63834
1.32	0.06	1.58752
1.32	0.08	1.53749
1.32	0.1	1.48826
1.32	0.12	1.43983
1.32	0.14	1.39221
1.32	0.16	1.34538
1.32	0.18	1.29935
1.32	0.2	1.25413
1.32	0.22	1.2097
1.32	0.24	1.16608
1.32	0.26	1.12325
1.32	0.28	1.08123
1.32	0.3	1.04
1.32	0.32	0.999579
1.32	0.34	0.959956
1.32	0.36	0.921133
1.32	0.38	0.883111
1.32	0.4	0.845889
1.32	0.42	0.809468
1.32	0.44	0.773847
1.32	0.46	0.739027
1.32	0.48	0.705008
1.32	0.5	0.671789
1.32	0.52	0.639371
1.32	0.54	0.607754
1.32	0.56	0.576937
1.32	0.58	0.546921
1.32	0.6	0.517706
1.32	0.62	0.489291
1.32	0.64	0.461677
1.32	0.66	0.434864
1.32	0.68	0.408852
1.32	0.7	0.383641
1.32	0.72	0.35923
1.32	0.74	0.33562
1.32	0.76	0.312811
1.32	0.78	0.290803
1.32	0.8	0.269596
1.32	0.82	0.249189
1.32	0.84	0.229584
1.32	0.86	0.210779
1.32	0.88	0.192775
1.32	0.9	0.175572
1.32	0.92	0.159169
1.32	0.94	0.143568
1.32	0.96	0.128767
1.32	0.98	0.114767
1.32	1	0.101568
1.32	1.02	0.0891699
1.32	1.04	0.0775725
1.32	1.06	0.0667759
1.32	1.08	0.0567801
1.32	1.1	0.0475851
1.32	1.12	0.0391908
1.32	1.14	0.0315974
1.32	1.16	0.0248047
1.32	1.18	0.0188127
1.32	1.2	0.0136216
1.32	1.22	0.0092311
1.32	1.24	0.00564136
1.32	1.26	0.00285233
1.32	1.28	0.000863998
1.32	1.3	-0.000323656
1.32	1.32	-0.000710645
1.32	1.34	-0.000296983
1.32	1.36	0.000917313
1.32	1.38	0.00293223
1.32	1.4	0.00574775
1.32	1.42	0.00936385
1.32	1.44	0.0137805
1.32	1.46	0.0189978
1.32	1.48	0.0250155
1.32	1.5	0.0318338
1.32	1.52	0.0394526
1.32	1.54	0.0478718
1.32	1.56	0.0570915
1.32	1.58	0.0671117
1.32	1.6	0.0779322
1.32	1.62	0.0895532
1.32	1.64	0.101975
1.32	1.66	0.115196
1.32	1.68	0.129218
1.32	1.7	0.144041
1.32	1.72	0.159663
1.32	1.74	0.176086
1.32	1.76	0.193309
1.32	1.78	0.211333
1.32	1.8	0.230157
1.32	1.82	0.24978
1.32	1.84	0.270204
1.32	1.86	0.291429
1.32	1.88	0.313453
1.32	1.9	0.336277
1.32	1.92	0.359902
1.32	1.94	0.384326
1.32	1.96	0.409551
1.32	1.98	0.435575
1.32	2	0.4624
1.33	0	1.7689
1.33	0.02	1.71607
1.33	0.04	1.66404
1.33	0.06	1.61282
1.33	0.08	1.56239
1.33	0.1	1.51276
1.33	0.12	1.46393
1.33	0.14	1.4159
1.33	0.16	1.36868
1.33	0.18	1.32225
1.33	0.2	1.27662
1.33	0.22	1.2318
1.33	0.24	1.18777
1.33	0.26	1.14455
1.33	0.28	1.10212
1.33	0.3	1.0605
1.33	0.32	1.01967
1.33	0.34	0.979648
1.33	0.36	0.940424
1.33	0.38	0.902002
1.33	0.4	0.864379
1.33	0.42	0.827558
1.33	0.44	0.791537
1.33	0.46	0.756316
1.33	0.48	0.721897
1.33	0.5	0.688278
1.33	0.52	0.655459
1.33	0.54	0.623441
1.33	0.56	0.592224
1.33	0.58	0.561808
1.33	0.6	0.532193
1.33	0.62	0.503378
1.33	0.64	0.475364
1.33	0.66	0.448151
1.33	0.68	0.421738
1.33	0.7	0.396127
1.33	0.72	0.371316
1.33	0.74	0.347306
1.33	0.76	0.324097
1.33	0.78	0.301688
1.33	0.8	0.280081
1.33	0.82	0.259274
1.33	0.84	0.239268
1.33	0.86	0.220063
1.33	0.88	0.201659
1.33	0.9	0.184056
1.33	0.92	0.167254
1.33	0.94	0.151252
1.33	0.96	0.136051
1.33	0.98	0.121651
1.33	1	0.108052
1.33	1.02	0.0952542
1.33	1.04	0.0832569
1.33	1.06	0.0720603
1.33	1.08	0.0616646
1.33	1.1	0.0520697
1.33	1.12	0.0432755
1.33	1.14	0.0352822
1.33	1.16	0.0280897
1.33	1.18	0.0216979
1.33	1.2	0.0161069
1.33	1.22	0.0113166
1.33	1.24	0.00732704
1.33	1.26	0.00413822
1.33	1.28	0.0017501
1.33	1.3	0.00016268
1.33	1.32	-0.000624063
1.33	1.34	-0.000610144
1.33	1.36	0.000204423
1.33	1.38	0.00181962
1.33	1.4	0.00423543
1.33	1.42	0.00745184
1.33	1.44	0.0114688
1.33	1.46	0.0162864
1.33	1.48	0.0219045
1.33	1.5	0.0283231
1.33	1.52	0.0355422
1.33	1.54	0.0435618
1.33	1.56	0.0523819
1.33	1.58	0.0620024
1.33	1.6	0.0724234
1.33	1.62	0.0836448
1.33	1.64	0.0956665
1.33	1.66	0.108489
1.33	1.68	0.122111
1.33	1.7	0.136534
1.33	1.72	0.151757
1.33	1.74	0.16778
1.33	1.76	0.184604
1.33	1.78	0.202228
1.33	1.8	0.220652
1.33	1.82	0.239876
1.33	1.84	0.259901
1.33	1.86	0.280725
1.33	1.88	0.30235
1.33	1.9	0.324775
1.33	1.92	0.348
1.33	1.94	0.372025
1.33	1.96	0.39685
1.33	1.98	0.422475
1.33	2	0.4489
1.34	0	1.7956
1.34	0.02	1.74237
1.34	0.04	1.68994
1.34	0.06	1.63831
1.34	0.08	1.58749
1.34	0.1	1.53746
1.34	0.12	1.48823
1.34	0.14	1.4398
1.34	0.16	1.39217
1.34	0.18	1.34535
1.34	0.2	1.29932
1.34	0.22	1.25409
1.34	0.24	1.20967
1.34	0.26	1.16604
1.34	0.28	1.12321
1.34	0.3	1.08119
1.34	0.32	1.03996
1.34	0.34	0.999539
1.34	0.36	0.959915
1.34	0.38	0.921092
1.34	0.4	0.88307
1.34	0.42	0.845848
1.34	0.44	0.809426
1.34	0.46	0.773806
1.34	0.48	0.738985
1.34	0.5	0.704966
1.34	0.52	0.671747
1.34	0.54	0.639329
1.34	0.56	0.607712
1.34	0.58	0.576895
1.34	0.6	0.546879
1.34	0.62	0.517664
1.34	0.64	0.48925
1.34	0.66	0.461637
1.34	0.68	0.434824
1.34	0.7	0.408812
1.34	0.72	0.383601
1.34	0.74	0.359191
1.34	0.76	0.335582
1.34	0.78	0.312773
1.34	0.8	0.290766
1.34	0.82	0.269559
1.34	0.84	0.249153
1.34	0.86	0.229548
1.34	0.88	0.210744
1.34	0.9	0.19274
1.34	0.92	0.175538
1.34	0.94	0.159136
1.34	0.96	0.143536
1.34	0.98	0.128736
1.34	1	0.114737
1.34	1.02	0.101539
1.34	1.04	0.0891412
1.34	1.06	0.0775448
1.34	1.08	0.0667491
1.34	1.1	0.0567543
1.34	1.12	0.0475603
1.34	1.14	0.0391671
1.34	1.16	0.0315746
1.34	1.18	0.024783
1.34	1.2	0.0187922
1.34	1.22	0.0136021
1.34	1.24	0.00921272
1.34	1.26	0.0056241
1.34	1.28	0.00283621
1.34	1.3	0.000849021
1.34	1.32	-0.000337476
1.34	1.34	-0.000723299
1.34	1.36	-0.000308463
1.34	1.38	0.000907016
1.34	1.4	0.00292312
1.34	1.42	0.00573983
1.34	1.44	0.00935714
1.34	1.46	0.013775
1.34	1.48	0.0189934
1.34	1.5	0.0250124
1.34	1.52	0.0318319
1.34	1.54	0.0394519
1.34	1.56	0.0478723
1.34	1.58	0.0570932
1.34	1.6	0.0671146
1.34	1.62	0.0779363
1.34	1.64	0.0895585
1.34	1.66	0.101981
1.34	1.68	0.115204
1.34	1.7	0.129227
1.34	1.72	0.144051
1.34	1.74	0.159674
1.34	1.76	0.176098
1.34	1.78	0.193323
1.34	1.8	0.211347
1.34	1.82	0.230172
1.34	1.84	0.249797
1.34	1.86	0.270222
1.34	1.88	0.291447
1.34	1.9	0.313473
1.34	1.92	0.336298
1.34	1.94	0.359923
1.34	1.96	0.384349
1.34	1.98	0.409574
1.34	2	0.4356
1.35	0	1.8225
1.35	0.02	1.76887
1.35	0.04	1.71604
1.35	0.06	1.66401
1.35	0.08	1.61278
1.35	0.1	1.56235
1.35	0.12	1.51273
1.35	0.14	1.4639
1.35	0.16	1.41587
1.35	0.18	1.36864
1.35	0.2	1.32221
1.35	0.22	1.27659
1.35	0.24	1.23176
1.35	0.26	1.18773
1.35	0.28	1.14451
1.35	0.3	1.10208
1.35	0.32	1.06046
1.35	0.34	1.01963
1.35	0.36	0.979608
1.35	0.38	0.940384
1.35	0.4	0.901961
1.35	0.42	0.864339
1.35	0.44	0.827517
1.35	0.46	0.791496
1.35	0.48	0.756275
1.35	0.5	0.721856
1.35	0.52	0.688237
1.35	0.54	0.655418
1.35	0.56	0.623401
1.35	0.58	0.592184
1.35	0.6	0.561768
1.35	0.62	0.532152
1.35	0.64	0.503338
1.35	0.66	0.475324
1.35	0.68	0.448111
1.35	0.7	0.421699
1.35	0.72	0.396088
1.35	0.74	0.371278
1.35	0.76	0.347268
1.35	0.78	0.32406
1.35	0.8	0.301652
1.35	0.82	0.280045
1.35	0.84	0.259239
1.35	0.86	0.239234
1.35	0.88	0.22003
1.35	0.9	0.201626
1.35	0.92	0.184024
1.35	0.94	0.167222
1.35	0.96	0.151222
1.35	0.98	0.136022
1.35	1	0.121623
1.35	1.02	0.108025
1.35	1.04	0.0952272
1.35	1.06	0.0832308
1.35	1.08	0.0720352
1.35	1.1	0.0616405
1.35	1.12	0.0520466
1.35	1.14	0.0432535
1.35	1.16	0.0352612
1.35	1.18	0.0280697
1.35	1.2	0.021679
1.35	1.22	0.0160891
1.35	1.24	0.0112999
1.35	1.26	0.00731146
1.35	1.28	0.00412376
1.35	1.3	0.00173678
1.35	1.32	0.000150504
1.35	1.34	-0.000635088
1.35	1.36	-0.00062001
1.35	1.38	0.000195721
1.35	1.4	0.00181209
1.35	1.42	0.00422907
1.35	1.44	0.00744666
1.35	1.46	0.0114648
1.35	1.48	0.0162836
1.35	1.5	0.0219028
1.35	1.52	0.0283226
1.35	1.54	0.0355429
1.35	1.56	0.0435637
1.35	1.58	0.052385
1.35	1.6	0.0620066
1.35	1.62	0.0724288
1.35	1.64	0.0836513
1.35	1.66	0.0956742
1.35	1.68	0.108497
1.35	1.7	0.122121
1.35	1.72	0.136545
1.35	1.74	0.151769
1.35	1.76	0.167794
1.35	1.78	0.184618
1.35	1.8	0.202243
1.35	1.82	0.220668
1.35	1.84	0.239894
1.35	1.86	0.259919
1.35	1.88	0.280745
1.35	1.9	0.30237
1.35	1.92	0.324796
1.35	1.94	0.348022
1.35	1.96	0.372048
1.35	1.98	0.396874
1.35	2	0.4225
1.36	0	1.8496
1.36	0.02	1.79557
1.36	0.04	1.74234
1.36	0.06	1.68991
1.36	0.08	1.63828
1.36	0.1	1.58745
1.36	0.12	1.53742
1.36	0.14	1.48819
1.36	0.16	1.43977
1.36	0.18	1.39214
1.36	0.2	1.34531
1.36	0.22	1.29928
1.36	0.24	1.25405
1.36	0.26	1.20963
1.36	0.28	1.166
1.36	0.3	1.12318
1.36	0.32	1.08115
1.36	0.34	1.03992
1.36	0.36	0.9995
1.36	0.38	0.959876
1.36	0.4	0.921053
1.36	0.42	0.88303
1.36	0.44	0.845808
1.36	0.46	0.809387
1.36	0.48	0.773766
1.36	0.5	0.738946
1.36	0.52	0.704927
1.36	0.54	0.671708
1.36	0.56	0.63929
1.36	0.58	0.607673
1.36	0.6	0.576857
1.36	0.62	0.546841
1.36	0.64	0.517626
1.36	0.66	0.489213
1.36	0.68	0.4616
1.36	0.7	0.434787
1.36	0.72	0.408776
1.36	0.74	0.383565
1.36	0.76	0.359156
1.36	0.78	0.335547
1.36	0.8	0.312739
1.36	0.82	0.290732
1.36	0.84	0.269526
1.36	0.86	0.249121
1.36	0.88	0.229517
1.36	0.9	0.210713
1.36	0.92	0.192711
1.36	0.94	0.175509
1.36	0.96	0.159108
1.36	0.98	0.143508
1.36	1	0.128709
1.36	1.02	0.114711
1.36	1.04	0.101514
1.36	1.06	0.0891177
1.36	1.08	0.0775222
1.36	1.1	0.0667276
1.36	1.12	0.0567337
1.36	1.14	0.0475407
1.36	1.16	0.0391486
1.36	1.18	0.0315572
1.36	1.2	0.0247666
1.36	1.22	0.0187768
1.36	1.24	0.0135878
1.36	1.26	0.00919958
1.36	1.28	0.00561206
1.36	1.3	0.00282528
1.36	1.32	0.000839209
1.36	1.34	-0.000346166
1.36	1.36	-0.00073086
1.36	1.38	-0.000314892
1.36	1.4	0.000901721
1.36	1.42	0.00291896
1.36	1.44	0.00573681
1.36	1.46	0.00935525
1.36	1.48	0.0137743
1.36	1.5	0.0189938
1.36	1.52	0.0250139
1.36	1.54	0.0318345
1.36	1.56	0.0394556
1.36	1.58	0.0478772
1.36	1.6	0.0570992
1.36	1.62	0.0671217
1.36	1.64	0.0779445
1.36	1.66	0.0895678
1.36	1.68	0.101991
1.36	1.7	0.115215
1.36	1.72	0.12924
1.36	1.74	0.144064
1.36	1.76	0.159689
1.36	1.78	0.176114
1.36	1.8	0.193339
1.36	1.82	0.211365
1.36	1.84	0.230191
1.36	1.86	0.249816
1.36	1.88	0.270242
1.36	1.9	0.291469
1.36	1.92	0.313495
1.36	1.94	0.336321
1.36	1.96	0.359947
1.36	1.98	0.384374
1.36	2	0.4096
1.37	0	1.8769
1.37	0.02	1.82247
1.37	0.04	1.76884
1.37	0.06	1.71601
1.37	0.08	1.66398
1.37	0.1	1.61275
1.37	0.12	1.56232
1.37	0.14	1.51269
1.37	0.16	1.46386
1.37	0.18	1.41583
1.37	0.2	1.36861
1.37	0.22	1.32218
1.37	0.24	1.27655
1.37	0.26	1.23172
1.37	0.28	1.1877
1.37	0.3	1.14447
1.37	0.32	1.10204
1.37	0.34	1.06042
1.37	0.36	1.01959
1.37	0.38	0.979569
1.37	0.4	0.940345
1.37	0.42	0.901922
1.37	0.44	0.8643
1.37	0.46	0.827478
1.37	0.48	0.791457
1.37	0.5	0.756237
1.37	0.52	0.721817
1.37	0.54	0.688198
1.37	0.56	0.65538
1.37	0.58	0.623363
1.37	0.6	0.592146
1.37	0.62	0.561731
1.37	0.64	0.532116
1.37	0.66	0.503302
1.37	0.68	0.475288
1.37	0.7	0.448076
1.37	0.72	0.421665
1.37	0.74	0.396054
1.37	0.76	0.371244
1.37	0.78	0.347235
1.37	0.8	0.324027
1.37	0.82	0.30162
1.37	0.84	0.280014
1.37	0.86	0.259209
1.37	0.88	0.239204
1.37	0.9	0.220001
1.37	0.92	0.201598
1.37	0.94	0.183997
1.37	0.96	0.167196
1.37	0.98	0.151196
1.37	1	0.135997
1.37	1.02	0.121599
1.37	1.04	0.108002
1.37	1.06	0.0952055
1.37	1.08	0.0832101
1.37	1.1	0.0720155
1.37	1.12	0.0616217
1.37	1.14	0.0520289
1.37	1.16	0.0432368
1.37	1.18	0.0352455
1.37	1.2	0.0280551
1.37	1.22	0.0216655
1.37	1.24	0.0160766
1.37	1.26	0.0112885
1.37	1.28	0.00730117
1.37	1.3	0.00411456
1.37	1.32	0.00172869
1.37	1.34	0.000143513
1.37	1.36	-0.00064097
1.37	1.38	-0.000624782
1.37	1.4	0.000192062
1.37	1.42	0.00180954
1.37	1.44	0.00422764
1.37	1.46	0.00744633
1.37	1.48	0.0114656
1.37	1.5	0.0162854
1.37	1.52	0.0219058
1.37	1.54	0.0283267
1.37	1.56	0.0355481
1.37	1.58	0.04357
1.37	1.6	0.0523923
1.37	1.62	0.062015
1.37	1.64	0.0724382
1.37	1.66	0.0836618
1.37	1.68	0.0956857
1.37	1.7	0.10851
1.37	1.72	0.122135
1.37	1.74	0.136559
1.37	1.76	0.151785
1.37	1.78	0.16781
1.37	1.8	0.184636
1.37	1.82	0.202262
1.37	1.84	0.220688
1.37	1.86	0.239914
1.37	1.88	0.25994
1.37	1.9	0.280767
1.37	1.92	0.302393
1.37	1.94	0.32482
1.37	1.96	0.348047
1.37	1.98	0.372073
1.37	2	0.3969
1.38	0	1.9044
1.38	0.02	1.84957
1.38	0.04	1.79554
1.38	0.06	1.74231
1.38	0.08	1.68988
1.38	0.1	1.63825
1.38	0.12	1.58742
1.38	0.14	1.53739
1.38	0.16	1.48816
1.38	0.18	1.43973
1.38	0.2	1.3921
1.38	0.22	1.34527
1.38	0.24	1.29925
1.38	0.26	1.25402
1.38	0.28	1.20959
1.38	0.3	1.16596
1.38	0.32	1.12314
1.38	0.34	1.08111
1.38	0.36	1.03989
1.38	0.38	0.999462
1.38	0.4	0.959838
1.38	0.42	0.921015
1.38	0.44	0.882992
1.38	0.46	0.84577
1.38	0.48	0.809349
1.38	0.5	0.773729
1.38	0.52	0.738909
1.38	0.54	0.70489
1.38	0.56	0.671671
1.38	0.58	0.639254
1.38	0.6	0.607637
1.38	0.62	0.576821
1.38	0.64	0.546806
1.38	0.66	0.517592
1.38	0.68	0.489178
1.38	0.7	0.461566
1.38	0.72	0.434754
1.38	0.74	0.408743
1.38	0.76	0.383533
1.38	0.78	0.359124
1.38	0.8	0.335516
1.38	0.82	0.312709
1.38	0.84	0.290703
1.38	0.86	0.269498
1.38	0.88	0.249093
1.38	0.9	0.22949
1.38	0.92	0.210687
1.38	0.94	0.192685
1.38	0.96	0.175485
1.38	0.98	0.159085
1.38	1	0.143486
1.38	1.02	0.128688
1.38	1.04	0.114691
1.38	1.06	0.101494
1.38	1.08	0.0890989
1.38	1.1	0.0775043
1.38	1.12	0.0667107
1.38	1.14	0.0567179
1.38	1.16	0.0475259
1.38	1.18	0.0391348
1.38	1.2	0.0315445
1.38	1.22	0.0247549
1.38	1.24	0.0187662
1.38	1.26	0.0135783
1.38	1.28	0.0091911
1.38	1.3	0.00560467
1.38	1.32	0.00281897
1.38	1.34	0.00083398
1.38	1.36	-0.000350308
1.38	1.38	-0.000733915
1.38	1.4	-0.00031686
1.38	1.42	0.000900839
1.38	1.44	0.00291916
1.38	1.46	0.0057381
1.38	1.48	0.00935761
1.38	1.5	0.0137777
1.38	1.52	0.0189983
1.38	1.54	0.0250195
1.38	1.56	0.0318411
1.38	1.58	0.0394633
1.38	1.6	0.0478859
1.38	1.62	0.0571089
1.38	1.64	0.0671324
1.38	1.66	0.0779562
1.38	1.68	0.0895805
1.38	1.7	0.102005
1.38	1.72	0.11523
1.38	1.74	0.129255
1.38	1.76	0.144081
1.38	1.78	0.159706
1.38	1.8	0.176132
1.38	1.82	0.193359
1.38	1.84	0.211385
1.38	1.86	0.230212
1.38	1.88	0.249838
1.38	1.9	0.270265
1.38	1.92	0.291492
1.38	1.94	0.313519
1.38	1.96	0.336346
1.38	1.98	0.359973
1.38	2	0.3844
1.39	0	1.9321
1.39	0.02	1.87687
1.39	0.04	1.82244
1.39	0.06	1.76881
1.39	0.08	1.71598
1.39	0.1	1.66395
1.39	0.12	1.61272
1.39	0.14	1.56229
1.39	0.16	1.51266
1.39	0.18	1.46383
1.39	0.2	1.4158
1.39	0.22	1.36857
1.39	0.24	1.32214
1.39	0.26	1.27651
1.39	0.28	1.23169
1.39	0.3	1.18766
1.39	0.32	1.14443
1.39	0.34	1.10201
1.39	0.36	1.06038
1.39	0.38	1.01956
1.39	0.4	0.979532
1.39	0.42	0.940308
1.39	0.44	0.901886
1.39	0.46	0.864263
1.39	0.48	0.827442
1.39	0.5	0.791421
1.39	0.52	0.756201
1.39	0.54	0.721782
1.39	0.56	0.688163
1.39	0.58	0.655345
1.39	0.6	0.623328
1.39	0.62	0.592112
1.39	0.64	0.561697
1.39	0.66	0.532082
1.39	0.68	0.503269
1.39	0.7	0.475256
1.39	0.72	0.448044
1.39	0.74	0.421634
1.39	0.76	0.396024
1.39	0.78	0.371214
1.39	0.8	0.347206
1.39	0.82	0.323999
1.39	0.84	0.301593
1.39	0.86	0.279987
1.39	0.88	0.259183
1.39	0.9	0.239179
1.39	0.92	0.219977
1.39	0.94	0.201575
1.39	0.96	0.183974
1.39	0.98	0.167174
1.39	1	0.151175
1.39	1.02	0.135977
1.39	1.04	0.12158
1.39	1.06	0.107984
1.39	1.08	0.0951886
1.39	1.1	0.0831941
1.39	1.12	0.0720006
1.39	1.14	0.0616078
1.39	1.16	0.052016
1.39	1.18	0.0432249
1.39	1.2	0.0352347
1.39	1.22	0.0280453
1.39	1.24	0.0216567
1.39	1.26	0.0160689
1.39	1.28	0.0112819
1.39	1.3	0.0072956
1.39	1.32	0.00411007
1.39	1.34	0.00172525
1.39	1.36	0.000141141
1.39	1.38	-0.000642279
1.39	1.4	-0.00062503
1.39	1.42	0.000192871
1.39	1.44	0.0018114
1.39	1.46	0.00423055
1.39	1.48	0.00745029
1.39	1.5	0.0114706
1.39	1.52	0.0162915
1.39	1.54	0.0219129
1.39	1.56	0.0283348
1.39	1.58	0.0355572
1.39	1.6	0.04358
1.39	1.62	0.0524033
1.39	1.64	0.0620271
1.39	1.66	0.0724512
1.39	1.68	0.0836757
1.39	1.7	0.0957006
1.39	1.72	0.108526
1.39	1.74	0.122151
1.39	1.76	0.136577
1.39	1.78	0.151803
1.39	1.8	0.167829
1.39	1.82	0.184656
1.39	1.84	0.202283
1.39	1.86	0.220709
1.39	1.88	0.239936
1.39	1.9	0.259964
1.39	1.92	0.280791
1.39	1.94	0.302418
1.39	1.96	0.324845
1.39	1.98	0.348073
1.39	2	0.3721
1.4	0	1.96
1.4	0.02	1.90437
1.4	0.04	1.84954
1.4	0.06	1.79551
1.4	0.08	1.74228
1.4	0.1	1.68985
1.4	0.12	1.63821
1.4	0.14	1.58738
1.4	0.16	1.53735
1.4	0.18	1.48812
1.4	0.2	1.43969
1.4	0.22	1.39207
1.4	0.24	1.34524
1.4	0.26	1.29921
1.4	0.28	1.25398
1.4	0.3	1.20955
1.4	0.32	1.16593
1.4	0.34	1.1231
1.4	0.36	1.08108
1.4	0.38	1.03985
1.4	0.4	0.999426
1.4	0.42	0.959802
1.4	0.44	0.920979
1.4	0.46	0.882956
1.4	0.48	0.845734
1.4	0.5	0.809313
1.4	0.52	0.773693
1.4	0.54	0.738873
1.4	0.56	0.704855
1.4	0.58	0.671637
1.4	0.6	0.63922
1.4	0.62	0.607603
1.4	0.64	0.576788
1.4	0.66	0.546773
1.4	0.68	0.51756
1.4	0.7	0.489147
1.4	0.72	0.461535
1.4	0.74	0.434724
1.4	0.76	0.408714
1.4	0.78	0.383504
1.4	0.8	0.359096
1.4	0.82	0.335489
1.4	0.84	0.312682
1.4	0.86	0.290677
1.4	0.88	0.269472
1.4	0.9	0.249069
1.4	0.92	0.229466
1.4	0.94	0.210665
1.4	0.96	0.192664
1.4	0.98	0.175464
1.4	1	0.159065
1.4	1.02	0.143467
1.4	1.04	0.12867
1.4	1.06	0.114674
1.4	1.08	0.101478
1.4	1.1	0.0890839
1.4	1.12	0.0774904
1.4	1.14	0.0666978
1.4	1.16	0.056706
1.4	1.18	0.0475151
1.4	1.2	0.039125
1.4	1.22	0.0315357
1.4	1.24	0.0247472
1.4	1.26	0.0187596
1.4	1.28	0.0135727
1.4	1.3	0.00918656
1.4	1.32	0.00560118
1.4	1.34	0.00281654
1.4	1.36	0.000832607
1.4	1.38	-0.000350627
1.4	1.4	-0.000733184
1.4	1.42	-0.000315081
1.4	1.44	0.000903661
1.4	1.46	0.00292302
1.4	1.48	0.00574298
1.4	1.5	0.00936353
1.4	1.52	0.0137846
1.4	1.54	0.0190063
1.4	1.56	0.0250284
1.4	1.58	0.0318511
1.4	1.6	0.0394742
1.4	1.62	0.0478977
1.4	1.64	0.0571217
1.4	1.66	0.0671461
1.4	1.68	0.0779709
1.4	1.7	0.0895961
1.4	1.72	0.102022
1.4	1.74	0.115247
1.4	1.76	0.129273
1.4	1.78	0.1441
1.4	1.8	0.159726
1.4	1.82	0.176153
1.4	1.84	0.19338
1.4	1.86	0.211407
1.4	1.88	0.230235
1.4	1.9	0.249862
1.4	1.92	0.270289
1.4	1.94	0.291517
1.4	1.96	0.313545
1.4	1.98	0.336372
1.4	2	0.36
1.41	0	1.9881
1.41	0.02	1.93207
1.41	0.04	1.87684
1.41	0.06	1.82241
1.41	0.08	1.76877
1.41	0.1	1.71594
1.41	0.12	1.66391
1.41	0.14	1.61268
1.41	0.16	1.56225
1.41	0.18	1.51262
1.41	0.2	1.46379
1.41	0.22	1.41576
1.41	0.24	1.36853
1.41	0.26	1.32211
1.41	0.28	1.27648
1.41	0.3	1.23165
1.41	0.32	1.18762
1.41	0.34	1.1444
1.41	0.36	1.10197
1.41	0.38	1.06035
1.41	0.4	1.01952
1.41	0.42	0.979496
1.41	0.44	0.940273
1.41	0.46	0.90185
1.41	0.48	0.864228
1.41	0.5	0.827407
1.41	0.52	0.791387
1.41	0.54	0.756167
1.41	0.56	0.721748
1.41	0.58	0.68813
1.41	0.6	0.655312
1.41	0.62	0.623296
1.41	0.64	0.59208
1.41	0.66	0.561666
1.41	0.68	0.532052
1.41	0.7	0.503239
1.41	0.72	0.475227
1.41	0.74	0.448016
1.41	0.76	0.421606
1.41	0.78	0.395996
1.41	0.8	0.371188
1.41	0.82	0.347181
1.41	0.84	0.323974
1.41	0.86	0.301569
1.41	0.88	0.279964
1.41	0.9	0.25916
1.41	0.92	0.239158
1.41	0.94	0.219956
1.41	0.96	0.201555
1.41	0.98	0.183955
1.41	1	0.167156
1.41	1.02	0.151158
1.41	1.04	0.135961
1.41	1.06	0.121565
1.41	1.08	0.10797
1.41	1.1	0.0951756
1.41	1.12	0.0831822
1.41	1.14	0.0719896
1.41	1.16	0.0615979
1.41	1.18	0.052007
1.41	1.2	0.043217
1.41	1.22	0.0352278
1.41	1.24	0.0280395
1.41	1.26	0.0216519
1.41	1.28	0.0160651
1.41	1.3	0.0112792
1.41	1.32	0.00729391
1.41	1.34	0.0041094
1.41	1.36	0.00172562
1.41	1.38	0.000142537
1.41	1.4	-0.000639861
1.41	1.42	-0.000621594
1.41	1.44	0.000197319
1.41	1.46	0.00181686
1.41	1.48	0.004237
1.41	1.5	0.00745773
1.41	1.52	0.011479
1.41	1.54	0.0163009
1.41	1.56	0.0219232
1.41	1.58	0.0283461
1.41	1.6	0.0355694
1.41	1.62	0.0435932
1.41	1.64	0.0524174
1.41	1.66	0.062042
1.41	1.68	0.072467
1.41	1.7	0.0836924
1.41	1.72	0.0957181
1.41	1.74	0.108544
1.41	1.76	0.12217
1.41	1.78	0.136597
1.41	1.8	0.151824
1.41	1.82	0.167851
1.41	1.84	0.184678
1.41	1.86	0.202305
1.41	1.88	0.220733
1.41	1.9	0.239961
1.41	1.92	0.259988
1.41	1.94	0.280816
1.41	1.96	0.302444
1.41	1.98	0.324872
1.41	2	0.3481
1.42	0	2.0164
1.42	0.02	1.95997
1.42	0.04	1.90434
1.42	0.06	1.84951
1.42	0.08	1.79547
1.42	0.1	1.74224
1.42	0.12	1.68981
1.42	0.14	1.63818
1.42	0.16	1.58735
1.42	0.18	1.53732
1.42	0.2	1.48809
1.42	0.22	1.43966
1.42	0.24	1.39203
1.42	0.26	1.3452
1.42	0.28	1.29917
1.42	0.3	1.25395
1.42	0.32	1.20952
1.42	0.34	1.16589
1.42	0.36	1.12307
1.42	0.38	1.08104
1.42	0.4	1.03982
1.42	0.42	0.999391
1.42	0.44	0.959768
1.42	0.46	0.920945
1.42	0.48	0.882923
1.42	0.5	0.845701
1.42	0.52	0.809281
1.42	0.54	0.773661
1.42	0.56	0.738842
1.42	0.58	0.704824
1.42	0.6	0.671606
1.42	0.62	0.63919
1.42	0.64	0.607574
1.42	0.66	0.576759
1.42	0.68	0.546745
1.42	0.7	0.517532
1.42	0.72	0.48912
1.42	0.74	0.461509
1.42	0.76	0.434698
1.42	0.78	0.408689
1.42	0.8	0.383481
1.42	0.82	0.359073
1.42	0.84	0.335467
1.42	0.86	0.312661
1.42	0.88	0.290657
1.42	0.9	0.269453
1.42	0.92	0.24905
1.42	0.94	0.229448
1.42	0.96	0.210648
1.42	0.98	0.192648
1.42	1	0.175449
1.42	1.02	0.159051
1.42	1.04	0.143454
1.42	1.06	0.128658
1.42	1.08	0.114662
1.42	1.1	0.101468
1.42	1.12	0.0890748
1.42	1.14	0.0774822
1.42	1.16	0.0666906
1.42	1.18	0.0566998
1.42	1.2	0.0475099
1.42	1.22	0.0391208
1.42	1.24	0.0315325
1.42	1.26	0.0247451
1.42	1.28	0.0187584
1.42	1.3	0.0135725
1.42	1.32	0.00918741
1.42	1.34	0.00560303
1.42	1.36	0.00281938
1.42	1.38	0.000836432
1.42	1.4	-0.000345824
1.42	1.42	-0.00072741
1.42	1.44	-0.000308345
1.42	1.46	0.00091135
1.42	1.48	0.00293166
1.42	1.5	0.00575255
1.42	1.52	0.00937401
1.42	1.54	0.013796
1.42	1.56	0.0190186
1.42	1.58	0.0250416
1.42	1.6	0.0318651
1.42	1.62	0.0394891
1.42	1.64	0.0479135
1.42	1.66	0.0571383
1.42	1.68	0.0671635
1.42	1.7	0.0779891
1.42	1.72	0.089615
1.42	1.74	0.102041
1.42	1.76	0.115268
1.42	1.78	0.129295
1.42	1.8	0.144122
1.42	1.82	0.159749
1.42	1.84	0.176176
1.42	1.86	0.193404
1.42	1.88	0.211432
1.42	1.9	0.23026
1.42	1.92	0.249888
1.42	1.94	0.270316
1.42	1.96	0.291544
1.42	1.98	0.313572
1.42	2	0.3364
1.43	0	2.0449
1.43	0.02	1.98807
1.43	0.04	1.93204
1.43	0.06	1.8768
1.43	0.08	1.82237
1.43	0.1	1.76874
1.43	0.12	1.71591
1.43	0.14	1.66388
1.43	0.16	1.61265
1.43	0.18	1.56222
1.43	0.2	1.51259
1.43	0.22	1.46376
1.43	0.24	1.41573
1.43	0.26	1.3685
1.43	0.28	1.32207
1.43	0.3	1.27644
1.43	0.32	1.23162
1.43	0.34	1.18759
1.43	0.36	1.14436
1.43	0.38	1.10194
1.43	0.4	1.06031
1.43	0.42	1.01949
1.43	0.44	0.979463
1.43	0.46	0.94024
1.43	0.48	0.901817
1.43	0.5	0.864196
1.43	0.52	0.827375
1.43	0.54	0.791355
1.43	0.56	0.756136
1.43	0.58	0.721717
1.43	0.6	0.6881
1.43	0.62	0.655283
1.43	0.64	0.623267
1.43	0.66	0.592052
1.43	0.68	0.561638
1.43	0.7	0.532025
1.43	0.72	0.503213
1.43	0.74	0.475202
1.43	0.76	0.447991
1.43	0.78	0.421582
1.43	0.8	0.395973
1.43	0.82	0.371166
1.43	0.84	0.347159
1.43	0.86	0.323954
1.43	0.88	0.301549
1.43	0.9	0.279945
1.43	0.92	0.259143
1.43	0.94	0.239141
1.43	0.96	0.21994
1.43	0.98	0.20154
1.43	1	0.183941
1.43	1.02	0.167143
1.43	1.04	0.151146
1.43	1.06	0.13595
1.43	1.08	0.121555
1.43	1.1	0.107961
1.43	1.12	0.0951674
1.43	1.14	0.0831749
1.43	1.16	0.0719833
1.43	1.18	0.0615926
1.43	1.2	0.0520028
1.43	1.22	0.0432138
1.43	1.24	0.0352256
1.43	1.26	0.0280383
1.43	1.28	0.0216517
1.43	1.3	0.0160659
1.43	1.32	0.0112809
1.43	1.34	0.00729666
1.43	1.36	0.00411314
1.43	1.38	0.00173033
1.43	1.4	0.000148217
1.43	1.42	-0.000633222
1.43	1.44	-0.000614005
1.43	1.46	0.000205848
1.43	1.48	0.00182632
1.43	1.5	0.00424738
1.43	1.52	0.00746901
1.43	1.54	0.0114912
1.43	1.56	0.0163139
1.43	1.58	0.0219371
1.43	1.6	0.0283608
1.43	1.62	0.035585
1.43	1.64	0.0436096
1.43	1.66	0.0524346
1.43	1.68	0.06206
1.43	1.7	0.0724858
1.43	1.72	0.0837119
1.43	1.74	0.0957384
1.43	1.76	0.108565
1.43	1.78	0.122192
1.43	1.8	0.136619
1.43	1.82	0.151847
1.43	1.84	0.167875
1.43	1.86	0.184702
1.43	1.88	0.20233
1.43	1.9	0.220758
1.43	1.92	0.239987
1.43	1.94	0.260015
1.43	1.96	0.280843
1.43	1.98	0.302472
1.43	2	0.3249
1.44	0	2.0736
1.44	0.02	2.01637
1.44	0.04	1.95994
1.44	0.06	1.9043
1.44	0.08	1.84947
1.44	0.1	1.79544
1.44	0.12	1.74221
1.44	0.14	1.68978
1.44	0.16	1.63815
1.44	0.18	1.58732
1.44	0.2	1.53729
1.44	0.22	1.48806
1.44	0.24	1.43963
1.44	0.26	1.392
1.44	0.28	1.34517
1.44	0.3	1.29914
1.44	0.32	1.25391
1.44	0.34	1.20949
1.44	0.36	1.16586
1.44	0.38	1.12303
1.44	0.4	1.08101
1.44	0.42	1.03978
1.44	0.44	0.999359
1.44	0.46	0.959736
1.44	0.48	0.920913
1.44	0.5	0.882892
1.44	0.52	0.845671
1.44	0.54	0.80925
1.44	0.56	0.773631
1.44	0.58	0.738813
1.44	0.6	0.704795
1.44	0.62	0.671578
1.44	0.64	0.639162
1.44	0.66	0.607547
1.44	0.68	0.576733
1.44	0.7	0.54672
1.44	0.72	0.517508
1.44	0.74	0.489096
1.44	0.76	0.461486
1.44	0.78	0.434676
1.44	0.8	0.408668
1.44	0.82	0.38346
1.44	0.84	0.359054
1.44	0.86	0.335448
1.44	0.88	0.312643
1.44	0.9	0.290639
1.44	0.92	0.269437
1.44	0.94	0.249035
1.44	0.96	0.229434
1.44	0.98	0.210634
1.44	1	0.192635
1.44	1.02	0.175437
1.44	1.04	0.15904
1.44	1.06	0.143444
1.44	1.08	0.128649
1.44	1.1	0.114655
1.44	1.12	0.101462
1.44	1.14	0.0890693
1.44	1.16	0.0774778
1.44	1.18	0.0666871
1.44	1.2	0.0566973
1.44	1.22	0.0475084
1.44	1.24	0.0391203
1.44	1.26	0.031533
1.44	1.28	0.0247466
1.44	1.3	0.0187609
1.44	1.32	0.013576
1.44	1.34	0.00919179
1.44	1.36	0.00560837
1.44	1.38	0.00282566
1.44	1.4	0.000843658
1.44	1.42	-0.000337668
1.44	1.44	-0.000718335
1.44	1.46	-0.000298362
1.44	1.48	0.00092223
1.44	1.5	0.00294342
1.44	1.52	0.00576519
1.44	1.54	0.00938751
1.44	1.56	0.0138104
1.44	1.58	0.0190337
1.44	1.6	0.0250576
1.44	1.62	0.0318819
1.44	1.64	0.0395066
1.44	1.66	0.0479318
1.44	1.68	0.0571574
1.44	1.7	0.0671833
1.44	1.72	0.0780096
1.44	1.74	0.0896362
1.44	1.76	0.102063
1.44	1.78	0.11529
1.44	1.8	0.129318
1.44	1.82	0.144145
1.44	1.84	0.159773
1.44	1.86	0.176201
1.44	1.88	0.193429
1.44	1.9	0.211458
1.44	1.92	0.230286
1.44	1.94	0.249914
1.44	1.96	0.270343
1.44	1.98	0.291571
1.44	2	0.3136
1.45	0	2.1025
1.45	0.02	2.04487
1.45	0.04	1.98804
1.45	0.06	1.932
1.45	0.08	1.87677
1.45	0.1	1.82234
1.45	0.12	1.76871
1.45	0.14	1.71588
1.45	0.16	1.66385
1.45	0.18	1.61261
1.45	0.2	1.56218
1.45	0.22	1.51255
1.45	0.24	1.46372
1.45	0.26	1.41569
1.45	0.28	1.36847
1.45	0.3	1.32204
1.45	0.32	1.27641
1.45	0.34	1.23158
1.45	0.36	1.18756
1.45	0.38	1.14433
1.45	0.4	1.1019
1.45	0.42	1.06028
1.45	0.44	1.01946
1.45	0.46	0.979432
1.45	0.48	0.94021
1.45	0.5	0.901788
1.45	0.52	0.864167
1.45	0.54	0.827347
1.45	0.56	0.791327
1.45	0.58	0.756109
1.45	0.6	0.721691
1.45	0.62	0.688074
1.45	0.64	0.655258
1.45	0.66	0.623243
1.45	0.68	0.592029
1.45	0.7	0.561615
1.45	0.72	0.532003
1.45	0.74	0.503192
1.45	0.76	0.475181
1.45	0.78	0.447972
1.45	0.8	0.421563
1.45	0.82	0.395955
1.45	0.84	0.371149
1.45	0.86	0.347143
1.45	0.88	0.323938
1.45	0.9	0.301535
1.45	0.92	0.279932
1.45	0.94	0.25913
1.45	0.96	0.239129
1.45	0.98	0.219929
1.45	1	0.201531
1.45	1.02	0.183933
1.45	1.04	0.167136
1.45	1.06	0.15114
1.45	1.08	0.135944
1.45	1.1	0.12155
1.45	1.12	0.107957
1.45	1.14	0.0951646
1.45	1.16	0.0831731
1.45	1.18	0.0719825
1.45	1.2	0.0615928
1.45	1.22	0.0520039
1.45	1.24	0.0432159
1.45	1.26	0.0352286
1.45	1.28	0.0280422
1.45	1.3	0.0216566
1.45	1.32	0.0160718
1.45	1.34	0.0112877
1.45	1.36	0.00730437
1.45	1.38	0.00412175
1.45	1.4	0.00173983
1.45	1.42	0.0001586
1.45	1.44	-0.000621969
1.45	1.46	-0.000601895
1.45	1.48	0.000218801
1.45	1.5	0.0018401
1.45	1.52	0.00426197
1.45	1.54	0.00748441
1.45	1.56	0.0115074
1.45	1.58	0.0163309
1.45	1.6	0.0219548
1.45	1.62	0.0283793
1.45	1.64	0.0356041
1.45	1.66	0.0436294
1.45	1.68	0.0524551
1.45	1.7	0.0620812
1.45	1.72	0.0725076
1.45	1.74	0.0837343
1.45	1.76	0.0957614
1.45	1.78	0.108589
1.45	1.8	0.122216
1.45	1.82	0.136644
1.45	1.84	0.151872
1.45	1.86	0.1679
1.45	1.88	0.184728
1.45	1.9	0.202357
1.45	1.92	0.220785
1.45	1.94	0.240014
1.45	1.96	0.260043
1.45	1.98	0.280871
1.45	2	0.3025
1.46	0	2.1316
1.46	0.02	2.07357
1.46	0.04	2.01634
1.46	0.06	1.9599
1.46	0.08	1.90427
1.46	0.1	1.84944
1.46	0.12	1.79541
1.46	0.14	1.74218
1.46	0.16	1.68974
1.46	0.18	1.63811
1.46	0.2	1.58728
1.46	0.22	1.53725
1.46	0.24	1.48802
1.46	0.26	1.43959
1.46	0.28	1.39196
1.46	0.3	1.34514
1.46	0.32	1.29911
1.46	0.34	1.25388
1.46	0.36	1.20945
1.46	0.38	1.16583
1.46	0.4	1.123
1.46	0.42	1.08098
1.46	0.44	1.03975
1.46	0.46	0.99933
1.46	0.48	0.959707
1.46	0.5	0.920885
1.46	0.52	0.882864
1.46	0.54	0.845644
1.46	0.56	0.809224
1.46	0.58	0.773605
1.46	0.6	0.738788
1.46	0.62	0.704771
1.46	0.64	0.671555
1.46	0.66	0.639139
1.46	0.68	0.607525
1.46	0.7	0.576712
1.46	0.72	0.546699
1.46	0.74	0.517488
1.46	0.76	0.489077
1.46	0.78	0.461468
1.46	0.8	0.434659
1.46	0.82	0.408652
1.46	0.84	0.383445
1.46	0.86	0.359039
1.46	0.88	0.335435
1.46	0.9	0.312631
1.46	0.92	0.290628
1.46	0.94	0.269426
1.46	0.96	0.249025
1.46	0.98	0.229426
1.46	1	0.210627
1.46	1.02	0.192629
1.46	1.04	0.175432
1.46	1.06	0.159036
1.46	1.08	0.143441
1.46	1.1	0.128646
1.46	1.12	0.114653
1.46	1.14	0.101461
1.46	1.16	0.0890694
1.46	1.18	0.0774788
1.46	1.2	0.0666891
1.46	1.22	0.0567003
1.46	1.24	0.0475123
1.46	1.26	0.0391251
1.46	1.28	0.0315388
1.46	1.3	0.0247532
1.46	1.32	0.0187684
1.46	1.34	0.0135844
1.46	1.36	0.00920116
1.46	1.38	0.00561861
1.46	1.4	0.00283677
1.46	1.42	0.00085561
1.46	1.44	-0.000324881
1.46	1.46	-0.000704726
1.46	1.48	-0.000283947
1.46	1.5	0.000937436
1.46	1.52	0.0029594
1.46	1.54	0.00578192
1.46	1.56	0.00940498
1.46	1.58	0.0138286
1.46	1.6	0.0190526
1.46	1.62	0.0250772
1.46	1.64	0.0319021
1.46	1.66	0.0395275
1.46	1.68	0.0479533
1.46	1.7	0.0571795
1.46	1.72	0.067206
1.46	1.74	0.0780329
1.46	1.76	0.08966
1.46	1.78	0.102087
1.46	1.8	0.115315
1.46	1.82	0.129343
1.46	1.84	0.144171
1.46	1.86	0.159799
1.46	1.88	0.176228
1.46	1.9	0.193456
1.46	1.92	0.211485
1.46	1.94	0.230314
1.46	1.96	0.249942
1.46	1.98	0.270371
1.46	2	0.2916
1.47	0	2.1609
1.47	0.02	2.10247
1.47	0.04	2.04483
1.47	0.06	1.988
1.47	0.08	1.93197
1.47	0.1	1.87674
1.47	0.12	1.82231
1.47	0.14	1.76867
1.47	0.16	1.71584
1.47	0.18	1.66381
1.47	0.2	1.61258
1.47	0.22	1.56215
1.47	0.24	1.51252
1.47	0.26	1.46369
1.47	0.28	1.41566
1.47	0.3	1.36843
1.47	0.32	1.32201
1.47	0.34	1.27638
1.47	0.36	1.23155
1.47	0.38	1.18753
1.47	0.4	1.1443
1.47	0.42	1.10188
1.47	0.44	1.06025
1.47	0.46	1.01943
1.47	0.48	0.979405
1.47	0.5	0.940183
1.47	0.52	0.901762
1.47	0.54	0.864141
1.47	0.56	0.827322
1.47	0.58	0.791303
1.47	0.6	0.756085
1.47	0.62	0.721668
1.47	0.64	0.688052
1.47	0.66	0.655237
1.47	0.68	0.623223
1.47	0.7	0.592009
1.47	0.72	0.561597
1.47	0.74	0.531985
1.47	0.76	0.503175
1.47	0.78	0.475165
1.47	0.8	0.447956
1.47	0.82	0.421549
1.47	0.84	0.395942
1.47	0.86	0.371136
1.47	0.88	0.347132
1.47	0.9	0.323928
1.47	0.92	0.301525
1.47	0.94	0.279923
1.47	0.96	0.259122
1.47	0.98	0.239123
1.47	1	0.219924
1.47	1.02	0.201526
1.47	1.04	0.183929
1.47	1.06	0.167133
1.47	1.08	0.151138
1.47	1.1	0.135944
1.47	1.12	0.12155
1.47	1.14	0.107958
1.47	1.16	0.0951666
1.47	1.18	0.083176
1.47	1.2	0.0719864
1.47	1.22	0.0615976
1.47	1.24	0.0520096
1.47	1.26	0.0432225
1.47	1.28	0.0352362
1.47	1.3	0.0280507
1.47	1.32	0.0216659
1.47	1.34	0.016082
1.47	1.36	0.0112988
1.47	1.38	0.00731626
1.47	1.4	0.00413447
1.47	1.42	0.00175337
1.47	1.44	0.000172939
1.47	1.46	-0.000606846
1.47	1.48	-0.000586005
1.47	1.5	0.000235442
1.47	1.52	0.00185747
1.47	1.54	0.00428006
1.47	1.56	0.00750319
1.47	1.58	0.0115268
1.47	1.6	0.016351
1.47	1.62	0.0219756
1.47	1.64	0.0284006
1.47	1.66	0.0356261
1.47	1.68	0.043652
1.47	1.7	0.0524782
1.47	1.72	0.0621048
1.47	1.74	0.0725318
1.47	1.76	0.083759
1.47	1.78	0.0957865
1.47	1.8	0.108614
1.47	1.82	0.122242
1.47	1.84	0.13667
1.47	1.86	0.151899
1.47	1.88	0.167927
1.47	1.9	0.184756
1.47	1.92	0.202385
1.47	1.94	0.220813
1.47	1.96	0.240042
1.47	1.98	0.260071
1.47	2	0.2809
1.48	0	2.1904
1.48	0.02	2.13157
1.48	0.04	2.07353
1.48	0.06	2.0163
1.48	0.08	1.95987
1.48	0.1	1.90424
1.48	0.12	1.84941
1.48	0.14	1.79537
1.48	0.16	1.74214
1.48	0.18	1.68971
1.48	0.2	1.63808
1.48	0.22	1.58725
1.48	0.24	1.53722
1.48	0.26	1.48799
1.48	0.28	1.43956
1.48	0.3	1.39193
1.48	0.32	1.34511
1.48	0.34	1.29908
1.48	0.36	1.25385
1.48	0.38	1.20942
1.48	0.4	1.1658
1.48	0.42	1.12297
1.48	0.44	1.08095
1.48	0.46	1.03973
1.48	0.48	0.999304
1.48	0.5	0.959682
1.48	0.52	0.92086
1.48	0.54	0.88284
1.48	0.56	0.84562
1.48	0.58	0.809202
1.48	0.6	0.773584
1.48	0.62	0.738767
1.48	0.64	0.70475
1.48	0.66	0.671535
1.48	0.68	0.639121
1.48	0.7	0.607507
1.48	0.72	0.576695
1.48	0.74	0.546683
1.48	0.76	0.517473
1.48	0.78	0.489063
1.48	0.8	0.461455
1.48	0.82	0.434647
1.48	0.84	0.40864
1.48	0.86	0.383434
1.48	0.88	0.35903
1.48	0.9	0.335426
1.48	0.92	0.312623
1.48	0.94	0.290621
1.48	0.96	0.269421
1.48	0.98	0.249021
1.48	1	0.229422
1.48	1.02	0.210624
1.48	1.04	0.192627
1.48	1.06	0.175431
1.48	1.08	0.159036
1.48	1.1	0.143442
1.48	1.12	0.128648
1.48	1.14	0.114656
1.48	1.16	0.101465
1.48	1.18	0.0890742
1.48	1.2	0.0774846
1.48	1.22	0.0666958
1.48	1.24	0.0567079
1.48	1.26	0.0475208
1.48	1.28	0.0391345
1.48	1.3	0.031549
1.48	1.32	0.0247643
1.48	1.34	0.0187804
1.48	1.36	0.0135972
1.48	1.38	0.0092147
1.48	1.4	0.00563295
1.48	1.42	0.00285189
1.48	1.44	0.000871494
1.48	1.46	-0.000308251
1.48	1.48	-0.000687368
1.48	1.5	-0.000265879
1.48	1.52	0.000956194
1.48	1.54	0.00297883
1.48	1.56	0.00580201
1.48	1.58	0.0094257
1.48	1.6	0.0138499
1.48	1.62	0.0190745
1.48	1.64	0.0250996
1.48	1.66	0.0319252
1.48	1.68	0.0395511
1.48	1.7	0.0479774
1.48	1.72	0.0572041
1.48	1.74	0.067231
1.48	1.76	0.0780583
1.48	1.78	0.0896859
1.48	1.8	0.102114
1.48	1.82	0.115342
1.48	1.84	0.12937
1.48	1.86	0.144198
1.48	1.88	0.159827
1.48	1.9	0.176256
1.48	1.92	0.193484
1.48	1.94	0.211513
1.48	1.96	0.230342
1.48	1.98	0.249971
1.48	2	0.2704
1.49	0	2.2201
1.49	0.02	2.16087
1.49	0.04	2.10243
1.49	0.06	2.0448
1.49	0.08	1.98797
1.49	0.1	1.93194
1.49	0.12	1.87671
1.49	0.14	1.82227
1.49	0.16	1.76864
1.49	0.18	1.71581
1.49	0.2	1.66378
1.49	0.22	1.61255
1.49	0.24	1.56212
1.49	0.26	1.51249
1.49	0.28	1.46366
1.49	0.3	1.41563
1.49	0.32	1.3684
1.49	0.34	1.32198
1.49	0.36	1.27635
1.49	0.38	1.23152
1.49	0.4	1.1875
1.49	0.42	1.14427
1.49	0.44	1.10185
1.49	0.46	1.06023
1.49	0.48	1.0194
1.49	0.5	0.97938
1.49	0.52	0.940159
1.49	0.54	0.901738
1.49	0.56	0.864119
1.49	0.58	0.8273
1.49	0.6	0.791282
1.49	0.62	0.756065
1.49	0.64	0.721649
1.49	0.66	0.688033
1.49	0.68	0.655219
1.49	0.7	0.623206
1.49	0.72	0.591993
1.49	0.74	0.561582
1.49	0.76	0.531971
1.49	0.78	0.503161
1.49	0.8	0.475153
1.49	0.82	0.447945
1.49	0.84	0.421538
1.49	0.86	0.395933
1.49	0.88	0.371128
1.49	0.9	0.347124
1.49	0.92	0.323921
1.49	0.94	0.301519
1.49	0.96	0.279919
1.49	0.98	0.259119
1.49	1	0.23912
1.49	1.02	0.219922
1.49	1.04	0.201525
1.49	1.06	0.183929
1.49	1.08	0.167134
1.49	1.1	0.15114
1.49	1.12	0.135947
1.49	1.14	0.121554
1.49	1.16	0.107963
1.49	1.18	0.0951724
1.49	1.2	0.0831828
1.49	1.22	0.071994
1.49	1.24	0.0616061
1.49	1.26	0.052019
1.49	1.28	0.0432328
1.49	1.3	0.0352473
1.49	1.32	0.0280626
1.49	1.34	0.0216787
1.49	1.36	0.0160956
1.49	1.38	0.0113132
1.49	1.4	0.00733144
1.49	1.42	0.00415042
1.49	1.44	0.00177006
1.49	1.46	0.000190358
1.49	1.48	-0.000588718
1.49	1.5	-0.000567187
1.49	1.52	0.00025493
1.49	1.54	0.00187761
1.49	1.56	0.00430083
1.49	1.58	0.00752457
1.49	1.6	0.0115488
1.49	1.62	0.0163735
1.49	1.64	0.0219987
1.49	1.66	0.0284242
1.49	1.68	0.0356502
1.49	1.7	0.0436766
1.49	1.72	0.0525033
1.49	1.74	0.0621303
1.49	1.76	0.0725576
1.49	1.78	0.0837852
1.49	1.8	0.0958131
1.49	1.82	0.108641
1.49	1.84	0.122269
1.49	1.86	0.136698
1.49	1.88	0.151927
1.49	1.9	0.167955
1.49	1.92	0.184784
1.49	1.94	0.202413
1.49	1.96	0.220842
1.49	1.98	0.240071
1.49	2	0.2601
1.5	0	2.25
1.5	0.02	2.19037
1.5	0.04	2.13153
1.5	0.06	2.0735
1.5	0.08	2.01627
1.5	0.1	1.95984
1.5	0.12	1.90421
1.5	0.14	1.84937
1.5	0.16	1.79534
1.5	0.18	1.74211
1.5	0.2	1.68968
1.5	0.22	1.63805
1.5	0.24	1.58722
1.5	0.26	1.53719
1.5	0.28	1.48796
1.5	0.3	1.43953
1.5	0.32	1.3919
1.5	0.34	1.34508
1.5	0.36	1.29905
1.5	0.38	1.25382
1.5	0.4	1.2094
1.5	0.42	1.16577
1.5	0.44	1.12295
1.5	0.46	1.08093
1.5	0.48	1.0397
1.5	0.5	0.99928
1.5	0.52	0.959659
1.5	0.54	0.920838
1.5	0.56	0.882819
1.5	0.58	0.8456
1.5	0.6	0.809182
1.5	0.62	0.773565
1.5	0.64	0.738749
1.5	0.66	0.704733
1.5	0.68	0.671519
1.5	0.7	0.639106
1.5	0.72	0.607493
1.5	0.74	0.576682
1.5	0.76	0.546671
1.5	0.78	0.517461
1.5	0.8	0.489053
1.5	0.82	0.461445
1.5	0.84	0.434638
1.5	0.86	0.408633
1.5	0.88	0.383428
1.5	0.9	0.359024
1.5	0.92	0.335421
1.5	0.94	0.312619
1.5	0.96	0.290619
1.5	0.98	0.269419
1.5	1	0.24902
1.5	1.02	0.229422
1.5	1.04	0.210625
1.5	1.06	0.192629
1.5	1.08	0.175434
1.5	1.1	0.15904
1.5	1.12	0.143447
1.5	1.14	0.128654
1.5	1.16	0.114663
1.5	1.18	0.101472
1.5	1.2	0.0890828
1.5	1.22	0.0774941
1.5	1.24	0.0667061
1.5	1.26	0.0567191
1.5	1.28	0.0475328
1.5	1.3	0.0391473
1.5	1.32	0.0315627
1.5	1.34	0.0247788
1.5	1.36	0.0187956
1.5	1.38	0.0136132
1.5	1.4	0.00923147
1.5	1.42	0.00565044
1.5	1.44	0.00287009
1.5	1.46	0.000890383
1.5	1.48	-0.000288694
1.5	1.5	-0.000667164
1.5	1.52	-0.000245048
1.5	1.54	0.000977632
1.5	1.56	0.00300085
1.5	1.58	0.00582459
1.5	1.6	0.00944882
1.5	1.62	0.0138735
1.5	1.64	0.0190987
1.5	1.66	0.0251243
1.5	1.68	0.0319502
1.5	1.7	0.0395766
1.5	1.72	0.0480033
1.5	1.74	0.0572303
1.5	1.76	0.0672576
1.5	1.78	0.0780853
1.5	1.8	0.0897131
1.5	1.82	0.102141
1.5	1.84	0.115369
1.5	1.86	0.129398
1.5	1.88	0.144227
1.5	1.9	0.159855
1.5	1.92	0.176284
1.5	1.94	0.193513
1.5	1.96	0.211542
1.5	1.98	0.230371
1.5	2	0.25
1.51	0	2.2801
1.51	0.02	2.22007
1.51	0.04	2.16083
1.51	0.06	2.1024
1.51	0.08	2.04477
1.51	0.1	1.98794
1.51	0.12	1.93191
1.51	0.14	1.87667
1.51	0.16	1.82224
1.51	0.18	1.76861
1.51	0.2	1.71578
1.51	0.22	1.66375
1.51	0.24	1.61252
1.51	0.26	1.56209
1.51	0.28	1.51246
1.51	0.3	1.46363
1.51	0.32	1.4156
1.51	0.34	1.36838
1.51	0.36	1.32195
1.51	0.38	1.27632
1.51	0.4	1.2315
1.51	0.42	1.18747
1.51	0.44	1.14425
1.51	0.46	1.10183
1.51	0.48	1.0602
1.51	0.5	1.01938
1.51	0.52	0.97936
1.51	0.54	0.940139
1.51	0.56	0.90172
1.51	0.58	0.864101
1.51	0.6	0.827283
1.51	0.62	0.791266
1.51	0.64	0.75605
1.51	0.66	0.721634
1.51	0.68	0.68802
1.51	0.7	0.655207
1.51	0.72	0.623194
1.51	0.74	0.591983
1.51	0.76	0.561572
1.51	0.78	0.531962
1.51	0.8	0.503154
1.51	0.82	0.475146
1.51	0.84	0.447939
1.51	0.86	0.421534
1.51	0.88	0.395929
1.51	0.9	0.371125
1.51	0.92	0.347122
1.51	0.94	0.32392
1.51	0.96	0.30152
1.51	0.98	0.27992
1.51	1	0.259121
1.51	1.02	0.239123
1.51	1.04	0.219926
1.51	1.06	0.20153
1.51	1.08	0.183935
1.51	1.1	0.167141
1.51	1.12	0.151148
1.51	1.14	0.135955
1.51	1.16	0.121564
1.51	1.18	0.107973
1.51	1.2	0.0951838
1.51	1.22	0.083195
1.51	1.24	0.0720071
1.51	1.26	0.06162
1.51	1.28	0.0520337
1.51	1.3	0.0432482
1.51	1.32	0.0352635
1.51	1.34	0.0280796
1.51	1.36	0.0216965
1.51	1.38	0.016114
1.51	1.4	0.0113323
1.51	1.42	0.00735122
1.51	1.44	0.00417085
1.51	1.46	0.00179112
1.51	1.48	0.000212021
1.51	1.5	-0.000566471
1.51	1.52	-0.000544378
1.51	1.54	0.000278277
1.51	1.56	0.00190147
1.51	1.58	0.00432519
1.51	1.6	0.00754939
1.51	1.62	0.0115741
1.51	1.64	0.0163992
1.51	1.66	0.0220247
1.51	1.68	0.0284507
1.51	1.7	0.035677
1.51	1.72	0.0437037
1.51	1.74	0.0525307
1.51	1.76	0.062158
1.51	1.78	0.0725856
1.51	1.8	0.0838134
1.51	1.82	0.0958415
1.51	1.84	0.10867
1.51	1.86	0.122298
1.51	1.88	0.136727
1.51	1.9	0.151955
1.51	1.92	0.167984
1.51	1.94	0.184813
1.51	1.96	0.202442
1.51	1.98	0.220871
1.51	2	0.2401
1.52	0	2.3104
1.52	0.02	2.24997
1.52	0.04	2.19033
1.52	0.06	2.1315
1.52	0.08	2.07347
1.52	0.1	2.01624
1.52	0.12	1.95981
1.52	0.14	1.90417
1.52	0.16	1.84934
1.52	0.18	1.79531
1.52	0.2	1.74208
1.52	0.22	1.68965
1.52	0.24	1.63802
1.52	0.26	1.58719
1.52	0.28	1.53716
1.52	0.3	1.48793
1.52	0.32	1.43951
1.52	0.34	1.39188
1.52	0.36	1.34505
1.52	0.38	1.29902
1.52	0.4	1.2538
1.52	0.42	1.20937
1.52	0.44	1.16575
1.52	0.46	1.12293
1.52	0.48	1.0809
1.52	0.5	1.03968
1.52	0.52	0.99926
1.52	0.54	0.95964
1.52	0.56	0.92082
1.52	0.58	0.882802
1.52	0.6	0.845584
1.52	0.62	0.809167
1.52	0.64	0.773551
1.52	0.66	0.738735
1.52	0.68	0.704721
1.52	0.7	0.671508
1.52	0.72	0.639095
1.52	0.74	0.607484
1.52	0.76	0.576673
1.52	0.78	0.546663
1.52	0.8	0.517455
1.52	0.82	0.489047
1.52	0.84	0.46144
1.52	0.86	0.434635
1.52	0.88	0.40863
1.52	0.9	0.383426
1.52	0.92	0.359023
1.52	0.94	0.335422
1.52	0.96	0.312621
1.52	0.98	0.290621
1.52	1	0.269422
1.52	1.02	0.249024
1.52	1.04	0.229427
1.52	1.06	0.210631
1.52	1.08	0.192636
1.52	1.1	0.175442
1.52	1.12	0.159049
1.52	1.14	0.143456
1.52	1.16	0.128665
1.52	1.18	0.114674
1.52	1.2	0.101485
1.52	1.22	0.0890959
1.52	1.24	0.077508
1.52	1.26	0.0667209
1.52	1.28	0.0567346
1.52	1.3	0.0475491
1.52	1.32	0.0391644
1.52	1.34	0.0315805
1.52	1.36	0.0247973
1.52	1.38	0.0188148
1.52	1.4	0.0136331
1.52	1.42	0.00925201
1.52	1.44	0.00567162
1.52	1.46	0.00289187
1.52	1.48	0.000912749
1.52	1.5	-0.000265766
1.52	1.52	-0.000643696
1.52	1.54	-0.000221065
1.52	1.56	0.00100211
1.52	1.58	0.0030258
1.52	1.6	0.00584998
1.52	1.62	0.00947463
1.52	1.64	0.0138997
1.52	1.66	0.0191253
1.52	1.68	0.0251512
1.52	1.7	0.0319775
1.52	1.72	0.0396041
1.52	1.74	0.0480311
1.52	1.76	0.0572584
1.52	1.78	0.0672859
1.52	1.8	0.0781137
1.52	1.82	0.0897417
1.52	1.84	0.10217
1.52	1.86	0.115398
1.52	1.88	0.129427
1.52	1.9	0.144256
1.52	1.92	0.159884
1.52	1.94	0.176313
1.52	1.96	0.193542
1.52	1.98	0.211571
1.52	2	0.2304
1.53	0	2.3409
1.53	0.02	2.28007
1.53	0.04	2.22004
1.53	0.06	2.1608
1.53	0.08	2.10237
1.53	0.1	2.04474
1.53	0.12	1.98791
1.53	0.14	1.93187
1.53	0.16	1.87664
1.53	0.18	1.82221
1.53	0.2	1.76858
1.53	0.22	1.71575
1.53	0.24	1.66372
1.53	0.26	1.61249
1.53	0.28	1.56206
1.53	0.3	1.51243
1.53	0.32	1.46361
1.53	0.34	1.41558
1.53	0.36	1.36835
1.53	0.38	1.32193
1.53	0.4	1.2763
1.53	0.42	1.23148
1.53	0.44	1.18745
1.53	0.46	1.14423
1.53	0.48	1.10181
1.53	0.5	1.06018
1.53	0.52	1.01936
1.53	0.54	0.979342
1.53	0.56	0.940123
1.53	0.58	0.901704
1.53	0.6	0.864086
1.53	0.62	0.827269
1.53	0.64	0.791253
1.53	0.66	0.756038
1.53	0.68	0.721624
1.53	0.7	0.68801
1.53	0.72	0.655198
1.53	0.74	0.623186
1.53	0.76	0.591976
1.53	0.78	0.561566
1.53	0.8	0.531958
1.53	0.82	0.50315
1.53	0.84	0.475143
1.53	0.86	0.447938
1.53	0.88	0.421533
1.53	0.9	0.395929
1.53	0.92	0.371126
1.53	0.94	0.347125
1.53	0.96	0.323924
1.53	0.98	0.301524
1.53	1	0.279925
1.53	1.02	0.259127
1.53	1.04	0.23913
1.53	1.06	0.219934
1.53	1.08	0.201539
1.53	1.1	0.183945
1.53	1.12	0.167152
1.53	1.14	0.151159
1.53	1.16	0.135968
1.53	1.18	0.121577
1.53	1.2	0.107988
1.53	1.22	0.0951987
1.53	1.24	0.0832107
1.53	1.26	0.0720236
1.53	1.28	0.0616373
1.53	1.3	0.0520517
1.53	1.32	0.043267
1.53	1.34	0.035283
1.53	1.36	0.0280998
1.53	1.38	0.0217172
1.53	1.4	0.0161354
1.53	1.42	0.0113543
1.53	1.44	0.00737385
1.53	1.46	0.00419404
1.53	1.48	0.00181485
1.53	1.5	0.000236272
1.53	1.52	-0.000541726
1.53	1.54	-0.000519164
1.53	1.56	0.000303937
1.53	1.58	0.00192755
1.53	1.6	0.00435166
1.53	1.62	0.00757624
1.53	1.64	0.0116013
1.53	1.66	0.0164267
1.53	1.68	0.0220525
1.53	1.7	0.0284788
1.53	1.72	0.0357053
1.53	1.74	0.0437322
1.53	1.76	0.0525594
1.53	1.78	0.0621869
1.53	1.8	0.0726146
1.53	1.82	0.0838425
1.53	1.84	0.0958707
1.53	1.86	0.108699
1.53	1.88	0.122327
1.53	1.9	0.136756
1.53	1.92	0.151985
1.53	1.94	0.168014
1.53	1.96	0.184842
1.53	1.98	0.202471
1.53	2	0.2209
1.54	0	2.3716
1.54	0.02	2.31037
1.54	0.04	2.24994
1.54	0.06	2.1903
1.54	0.08	2.13147
1.54	0.1	2.07344
1.54	0.12	2.01621
1.54	0.14	1.95978
1.54	0.16	1.90414
1.54	0.18	1.84931
1.54	0.2	1.79528
1.54	0.22	1.74205
1.54	0.24	1.68962
1.54	0.26	1.63799
1.54	0.28	1.58717
1.54	0.3	1.53714
1.54	0.32	1.48791
1.54	0.34	1.43948
1.54	0.36	1.39186
1.54	0.38	1.34503
1.54	0.4	1.299
1.54	0.42	1.25378
1.54	0.44	1.20935
1.54	0.46	1.16573
1.54	0.48	1.12291
1.54	0.5	1.08089
1.54	0.52	1.03967
1.54	0.54	0.999245
1.54	0.56	0.959626
1.54	0.58	0.920807
1.54	0.6	0.88279
1.54	0.62	0.845573
1.54	0.64	0.809157
1.54	0.66	0.773541
1.54	0.68	0.738727
1.54	0.7	0.704714
1.54	0.72	0.671502
1.54	0.74	0.63909
1.54	0.76	0.60748
1.54	0.78	0.57667
1.54	0.8	0.546661
1.54	0.82	0.517454
1.54	0.84	0.489047
1.54	0.86	0.461441
1.54	0.88	0.434637
1.54	0.9	0.408633
1.54	0.92	0.38343
1.54	0.94	0.359028
1.54	0.96	0.335428
1.54	0.98	0.312628
1.54	1	0.290629
1.54	1.02	0.269431
1.54	1.04	0.249034
1.54	1.06	0.229438
1.54	1.08	0.210643
1.54	1.1	0.192649
1.54	1.12	0.175455
1.54	1.14	0.159063
1.54	1.16	0.143472
1.54	1.18	0.128681
1.54	1.2	0.114691
1.54	1.22	0.101502
1.54	1.24	0.0891144
1.54	1.26	0.0775272
1.54	1.28	0.0667408
1.54	1.3	0.0567552
1.54	1.32	0.0475704
1.54	1.34	0.0391863
1.54	1.36	0.031603
1.54	1.38	0.0248204
1.54	1.4	0.0188385
1.54	1.42	0.0136573
1.54	1.44	0.0092768
1.54	1.46	0.0056969
1.54	1.48	0.00291763
1.54	1.5	0.000938967
1.54	1.52	-0.000239121
1.54	1.54	-0.00061665
1.54	1.56	-0.000193644
1.54	1.58	0.00102988
1.54	1.6	0.00305389
1.54	1.62	0.00587836
1.54	1.64	0.00950328
1.54	1.66	0.0139286
1.54	1.68	0.0191544
1.54	1.7	0.0251805
1.54	1.72	0.0320069
1.54	1.74	0.0396337
1.54	1.76	0.0480608
1.54	1.78	0.0572881
1.54	1.8	0.0673157
1.54	1.82	0.0781436
1.54	1.84	0.0897716
1.54	1.86	0.1022
1.54	1.88	0.115428
1.54	1.9	0.129457
1.54	1.92	0.144285
1.54	1.94	0.159914
1.54	1.96	0.176343
1.54	1.98	0.193571
1.54	2	0.2116
1.55	0	2.4025
1.55	0.02	2.34087
1.55	0.04	2.28004
1.55	0.06	2.22
1.55	0.08	2.16077
1.55	0.1	2.10234
1.55	0.12	2.04471
1.55	0.14	1.98788
1.55	0.16	1.93185
1.55	0.18	1.87661
1.55	0.2	1.82218
1.55	0.22	1.76855
1.55	0.24	1.71572
1.55	0.26	1.6637
1.55	0.28	1.61247
1.55	0.3	1.56204
1.55	0.32	1.51241
1.55	0.34	1.46358
1.55	0.36	1.41556
1.55	0.38	1.36833
1.55	0.4	1.32191
1.55	0.42	1.27628
1.55	0.44	1.23146
1.55	0.46	1.18743
1.55	0.48	1.14421
1.55	0.5	1.10179
1.55	0.52	1.06017
1.55	0.54	1.01935
1.55	0.56	0.979329
1.55	0.58	0.940111
1.55	0.6	0.901693
1.55	0.62	0.864076
1.55	0.64	0.82726
1.55	0.66	0.791245
1.55	0.68	0.756031
1.55	0.7	0.721618
1.55	0.72	0.688005
1.55	0.74	0.655194
1.55	0.76	0.623183
1.55	0.78	0.591974
1.55	0.8	0.561565
1.55	0.82	0.531958
1.55	0.84	0.503151
1.55	0.86	0.475145
1.55	0.88	0.447941
1.55	0.9	0.421537
1.55	0.92	0.395934
1.55	0.94	0.371132
1.55	0.96	0.347132
1.55	0.98	0.323932
1.55	1	0.301533
1.55	1.02	0.279935
1.55	1.04	0.259138
1.55	1.06	0.239142
1.55	1.08	0.219947
1.55	1.1	0.201553
1.55	1.12	0.183959
1.55	1.14	0.167167
1.55	1.16	0.151175
1.55	1.18	0.135985
1.55	1.2	0.121595
1.55	1.22	0.108006
1.55	1.24	0.095218
1.55	1.26	0.0832307
1.55	1.28	0.0720443
1.55	1.3	0.0616586
1.55	1.32	0.0520738
1.55	1.34	0.0432897
1.55	1.36	0.0353063
1.55	1.38	0.0281236
1.55	1.4	0.0217417
1.55	1.42	0.0161604
1.55	1.44	0.0113798
1.55	1.46	0.00739978
1.55	1.48	0.00422043
1.55	1.5	0.00184167
1.55	1.52	0.000263495
1.55	1.54	-0.000514126
1.55	1.56	-0.000491214
1.55	1.58	0.000332209
1.55	1.6	0.00195612
1.55	1.62	0.0043805
1.55	1.64	0.00760532
1.55	1.66	0.0116306
1.55	1.68	0.0164562
1.55	1.7	0.0220822
1.55	1.72	0.0285085
1.55	1.74	0.0357352
1.55	1.76	0.0437622
1.55	1.78	0.0525894
1.55	1.8	0.0622169
1.55	1.82	0.0726446
1.55	1.84	0.0838725
1.55	1.86	0.0959006
1.55	1.88	0.108729
1.55	1.9	0.122357
1.55	1.92	0.136786
1.55	1.94	0.152014
1.55	1.96	0.168043
1.55	1.98	0.184871
1.55	2	0.2025
1.56	0	2.4336
1.56	0.02	2.37157
1.56	0.04	2.31034
1.56	0.06	2.2499
1.56	0.08	2.19027
1.56	0.1	2.13144
1.56	0.12	2.07341
1.56	0.14	2.01618
1.56	0.16	1.95975
1.56	0.18	1.90412
1.56	0.2	1.84929
1.56	0.22	1.79526
1.56	0.24	1.74203
1.56	0.26	1.6896
1.56	0.28	1.63797
1.56	0.3	1.58714
1.56	0.32	1.53711
1.56	0.34	1.48789
1.56	0.36	1.43946
1.56	0.38	1.39183
1.56	0.4	1.34501
1.56	0.42	1.29899
1.56	0.44	1.25376
1.56	0.46	1.20934
1.56	0.48	1.16572
1.56	0.5	1.12289
1.56	0.52	1.08087
1.56	0.54	1.03965
1.56	0.56	0.999234
1.56	0.58	0.959615
1.56	0.6	0.920798
1.56	0.62	0.882781
1.56	0.64	0.845565
1.56	0.66	0.80915
1.56	0.68	0.773536
1.56	0.7	0.738723
1.56	0.72	0.704711
1.56	0.74	0.671499
1.56	0.76	0.639089
1.56	0.78	0.607479
1.56	0.8	0.576671
1.56	0.82	0.546663
1.56	0.84	0.517457
1.56	0.86	0.489051
1.56	0.88	0.461446
1.56	0.9	0.434643
1.56	0.92	0.40864
1.56	0.94	0.383438
1.56	0.96	0.359037
1.56	0.98	0.335438
1.56	1	0.312639
1.56	1.02	0.290641
1.56	1.04	0.269444
1.56	1.06	0.249048
1.56	1.08	0.229452
1.56	1.1	0.210658
1.56	1.12	0.192665
1.56	1.14	0.175472
1.56	1.16	0.159081
1.56	1.18	0.14349
1.56	1.2	0.1287
1.56	1.22	0.114711
1.56	1.24	0.101523
1.56	1.26	0.089136
1.56	1.28	0.0775494
1.56	1.3	0.0667637
1.56	1.32	0.0567787
1.56	1.34	0.0475945
1.56	1.36	0.039211
1.56	1.38	0.0316283
1.56	1.4	0.0248462
1.56	1.42	0.0188648
1.56	1.44	0.0136841
1.56	1.46	0.009304
1.56	1.48	0.00572452
1.56	1.5	0.00294563
1.56	1.52	0.000967325
1.56	1.54	-0.000210431
1.56	1.56	-0.000587657
1.56	1.58	-0.000164374
1.56	1.6	0.00105939
1.56	1.62	0.00308362
1.56	1.64	0.00590829
1.56	1.66	0.00953338
1.56	1.68	0.0139589
1.56	1.7	0.0191847
1.56	1.72	0.0252109
1.56	1.74	0.0320374
1.56	1.76	0.0396642
1.56	1.78	0.0480913
1.56	1.8	0.0573186
1.56	1.82	0.0673462
1.56	1.84	0.0781739
1.56	1.86	0.0898018
1.56	1.88	0.10223
1.56	1.9	0.115458
1.56	1.92	0.129486
1.56	1.94	0.144315
1.56	1.96	0.159943
1.56	1.98	0.176372
1.56	2	0.1936
1.57	0	2.4649
1.57	0.02	2.40247
1.57	0.04	2.34084
1.57	0.06	2.28
1.57	0.08	2.21997
1.57	0.1	2.16074
1.57	0.12	2.10231
1.57	0.14	2.04468
1.57	0.16	1.98785
1.57	0.18	1.93182
1.57	0.2	1.87659
1.57	0.22	1.82216
1.57	0.24	1.76853
1.57	0.26	1.7157
1.57	0.28	1.66367
1.57	0.3	1.61244
1.57	0.32	1.56202
1.57	0.34	1.51239
1.57	0.36	1.46356
1.57	0.38	1.41554
1.57	0.4	1.36831
1.57	0.42	1.32189
1.57	0.44	1.27627
1.57	0.46	1.23144
1.57	0.48	1.18742
1.57	0.5	1.1442
1.57	0.52	1.10178
1.57	0.54	1.06016
1.57	0.56	1.01934
1.57	0.58	0.979321
1.57	0.6	0.940103
1.57	0.62	0.901687
1.57	0.64	0.864071
1.57	0.66	0.827256
1.57	0.68	0.791242
1.57	0.7	0.756029
1.57	0.72	0.721617
1.57	0.74	0.688006
1.57	0.76	0.655195
1.57	0.78	0.623186
1.57	0.8	0.591977
1.57	0.82	0.56157
1.57	0.84	0.531963
1.57	0.86	0.503158
1.57	0.88	0.475153
1.57	0.9	0.44795
1.57	0.92	0.421547
1.57	0.94	0.395945
1.57	0.96	0.371144
1.57	0.98	0.347144
1.57	1	0.323945
1.57	1.02	0.301547
1.57	1.04	0.27995
1.57	1.06	0.259154
1.57	1.08	0.239159
1.57	1.1	0.219965
1.57	1.12	0.201571
1.57	1.14	0.183979
1.57	1.16	0.167187
1.57	1.18	0.151197
1.57	1.2	0.136007
1.57	1.22	0.121618
1.57	1.24	0.108029
1.57	1.26	0.095242
1.57	1.28	0.0832554
1.57	1.3	0.0720696
1.57	1.32	0.0616845
1.57	1.34	0.0521002
1.57	1.36	0.0433166
1.57	1.38	0.0353337
1.57	1.4	0.0281515
1.57	1.42	0.02177
1.57	1.44	0.0161891
1.57	1.46	0.0114089
1.57	1.48	0.00742924
1.57	1.5	0.00425021
1.57	1.52	0.00187175
1.57	1.54	0.000293841
1.57	1.56	-0.000483544
1.57	1.58	-0.000460425
1.57	1.6	0.000363177
1.57	1.62	0.00198724
1.57	1.64	0.00441173
1.57	1.66	0.00763664
1.57	1.68	0.0116619
1.57	1.7	0.0164876
1.57	1.72	0.0221136
1.57	1.74	0.0285399
1.57	1.76	0.0357666
1.57	1.78	0.0437935
1.57	1.8	0.0526206
1.57	1.82	0.0622479
1.57	1.84	0.0726755
1.57	1.86	0.0839032
1.57	1.88	0.0959311
1.57	1.9	0.108759
1.57	1.92	0.122387
1.57	1.94	0.136815
1.57	1.96	0.152044
1.57	1.98	0.168072
1.57	2	0.1849
1.58	0	2.4964
1.58	0.02	2.43357
1.58	0.04	2.37154
1.58	0.06	2.31031
1.58	0.08	2.24987
1.58	0.1	2.19024
1.58	0.12	2.13141
1.58	0.14	2.07338
1.58	0.16	2.01615
1.58	0.18	1.95972
1.58	0.2	1.90409
1.58	0.22	1.84926
1.58	0.24	1.79523
1.58	0.26	1.742
1.58	0.28	1.68958
1.58	0.3	1.63795
1.58	0.32	1.58712
1.58	0.34	1.53709
1.58	0.36	1.48787
1.58	0.38	1.43944
1.58	0.4	1.39182
1.58	0.42	1.34499
1.58	0.44	1.29897
1.58	0.46	1.25375
1.58	0.48	1.20933
1.58	0.5	1.1657
1.58	0.52	1.12288
1.58	0.54	1.08086
1.58	0.56	1.03965
1.58	0.58	0.999227
1.58	0.6	0.95961
1.58	0.62	0.920793
1.58	0.64	0.882778
1.58	0.66	0.845563
1.58	0.68	0.809149
1.58	0.7	0.773536
1.58	0.72	0.738724
1.58	0.74	0.704713
1.58	0.76	0.671503
1.58	0.78	0.639093
1.58	0.8	0.607485
1.58	0.82	0.576677
1.58	0.84	0.546671
1.58	0.86	0.517465
1.58	0.88	0.489061
1.58	0.9	0.461457
1.58	0.92	0.434654
1.58	0.94	0.408653
1.58	0.96	0.383452
1.58	0.98	0.359052
1.58	1	0.335453
1.58	1.02	0.312655
1.58	1.04	0.290658
1.58	1.06	0.269462
1.58	1.08	0.249067
1.58	1.1	0.229472
1.58	1.12	0.210679
1.58	1.14	0.192686
1.58	1.16	0.175495
1.58	1.18	0.159104
1.58	1.2	0.143514
1.58	1.22	0.128725
1.58	1.24	0.114736
1.58	1.26	0.101549
1.58	1.28	0.0891622
1.58	1.3	0.0775762
1.58	1.32	0.066791
1.58	1.34	0.0568066
1.58	1.36	0.0476228
1.58	1.38	0.0392398
1.58	1.4	0.0316575
1.58	1.42	0.0248758
1.58	1.44	0.0188948
1.58	1.46	0.0137144
1.58	1.48	0.00933462
1.58	1.5	0.00575542
1.58	1.52	0.00297678
1.58	1.54	0.000998695
1.58	1.56	-0.000178872
1.58	1.58	-0.000555937
1.58	1.6	-0.000132525
1.58	1.62	0.00109134
1.58	1.64	0.00311564
1.58	1.66	0.00594035
1.58	1.68	0.00956545
1.58	1.7	0.0139909
1.58	1.72	0.0192167
1.58	1.74	0.0252428
1.58	1.76	0.0320692
1.58	1.78	0.0396959
1.58	1.8	0.0481228
1.58	1.82	0.05735
1.58	1.84	0.0673773
1.58	1.86	0.0782048
1.58	1.88	0.0898324
1.58	1.9	0.10226
1.58	1.92	0.115488
1.58	1.94	0.129516
1.58	1.96	0.144344
1.58	1.98	0.159972
1.58	2	0.1764
1.59	0	2.5281
1.59	0.02	2.46487
1.59	0.04	2.40244
1.59	0.06	2.34081
1.59	0.08	2.27998
1.59	0.1	2.21994
1.59	0.12	2.16071
1.59	0.14	2.10228
1.59	0.16	2.04465
1.59	0.18	1.98782
1.59	0.2	1.93179
1.59	0.22	1.87656
1.59	0.24	1.82214
1.59	0.26	1.76851
1.59	0.28	1.71568
1.59	0.3	1.66365
1.59	0.32	1.61243
1.59	0.34	1.562
1.59	0.36	1.51237
1.59	0.38	1.46355
1.59	0.4	1.41552
1.59	0.42	1.3683
1.59	0.44	1.32188
1.59	0.46	1.27625
1.59	0.48	1.23143
1.59	0.5	1.18741
1.59	0.52	1.14419
1.59	0.54	1.10177
1.59	0.56	1.06015
1.59	0.58	1.01933
1.59	0.6	0.979317
1.59	0.62	0.940101
1.59	0.64	0.901685
1.59	0.66	0.86407
1.59	0.68	0.827257
1.59	0.7	0.791244
1.59	0.72	0.756032
1.59	0.74	0.721621
1.59	0.76	0.688011
1.59	0.78	0.655201
1.59	0.8	0.623193
1.59	0.82	0.591986
1.59	0.84	0.561579
1.59	0.86	0.531974
1.59	0.88	0.503169
1.59	0.9	0.475166
1.59	0.92	0.447963
1.59	0.94	0.421561
1.59	0.96	0.39596
1.59	0.98	0.371161
1.59	1	0.347162
1.59	1.02	0.323964
1.59	1.04	0.301567
1.59	1.06	0.27997
1.59	1.08	0.259175
1.59	1.1	0.239181
1.59	1.12	0.219987
1.59	1.14	0.201595
1.59	1.16	0.184003
1.59	1.18	0.167212
1.59	1.2	0.151222
1.59	1.22	0.136033
1.59	1.24	0.121644
1.59	1.26	0.108057
1.59	1.28	0.0952697
1.59	1.3	0.0832837
1.59	1.32	0.0720983
1.59	1.34	0.0617137
1.59	1.36	0.0521299
1.59	1.38	0.0433467
1.59	1.4	0.0353642
1.59	1.42	0.0281824
1.59	1.44	0.0218012
1.59	1.46	0.0162206
1.59	1.48	0.0114406
1.59	1.5	0.00746124
1.59	1.52	0.00428241
1.59	1.54	0.00190413
1.59	1.56	0.000326357
1.59	1.58	-0.000450916
1.59	1.6	-0.000427715
1.59	1.62	0.000395938
1.59	1.64	0.00202002
1.59	1.66	0.00444451
1.59	1.68	0.00766938
1.59	1.7	0.0116946
1.59	1.72	0.0165202
1.59	1.74	0.0221461
1.59	1.76	0.0285722
1.59	1.78	0.0357987
1.59	1.8	0.0438253
1.59	1.82	0.0526522
1.59	1.84	0.0622793
1.59	1.86	0.0727066
1.59	1.88	0.0839339
1.59	1.9	0.0959615
1.59	1.92	0.108789
1.59	1.94	0.122417
1.59	1.96	0.136844
1.59	1.98	0.152072
1.59	2	0.1681
1.6	0	2.56
1.6	0.02	2.49637
1.6	0.04	2.43354
1.6	0.06	2.37151
1.6	0.08	2.31028
1.6	0.1	2.24985
1.6	0.12	2.19022
1.6	0.14	2.13139
1.6	0.16	2.07336
1.6	0.18	2.01613
1.6	0.2	1.9597
1.6	0.22	1.90407
1.6	0.24	1.84924
1.6	0.26	1.79521
1.6	0.28	1.74198
1.6	0.3	1.68956
1.6	0.32	1.63793
1.6	0.34	1.5871
1.6	0.36	1.53708
1.6	0.38	1.48785
1.6	0.4	1.43943
1.6	0.42	1.39181
1.6	0.44	1.34498
1.6	0.46	1.29896
1.6	0.48	1.25374
1.6	0.5	1.20932
1.6	0.52	1.1657
1.6	0.54	1.12288
1.6	0.56	1.08086
1.6	0.58	1.03964
1.6	0.6	0.999225
1.6	0.62	0.959609
1.6	0.64	0.920793
1.6	0.66	0.882779
1.6	0.68	0.845565
1.6	0.7	0.809152
1.6	0.72	0.773541
1.6	0.74	0.73873
1.6	0.76	0.70472
1.6	0.78	0.67151
1.6	0.8	0.639102
1.6	0.82	0.607495
1.6	0.84	0.576689
1.6	0.86	0.546683
1.6	0.88	0.517479
1.6	0.9	0.489075
1.6	0.92	0.461472
1.6	0.94	0.434671
1.6	0.96	0.40867
1.6	0.98	0.38347
1.6	1	0.359071
1.6	1.02	0.335473
1.6	1.04	0.312676
1.6	1.06	0.29068
1.6	1.08	0.269484
1.6	1.1	0.24909
1.6	1.12	0.229496
1.6	1.14	0.210704
1.6	1.16	0.192712
1.6	1.18	0.175521
1.6	1.2	0.159131
1.6	1.22	0.143541
1.6	1.24	0.128753
1.6	1.26	0.114765
1.6	1.28	0.101578
1.6	1.3	0.0891919
1.6	1.32	0.0776064
1.6	1.34	0.0668217
1.6	1.36	0.0568376
1.6	1.38	0.0476543
1.6	1.4	0.0392716
1.6	1.42	0.0316896
1.6	1.44	0.0249082
1.6	1.46	0.0189274
1.6	1.48	0.0137473
1.6	1.5	0.00936767
1.6	1.52	0.00578864
1.6	1.54	0.00301013
1.6	1.56	0.00103214
1.6	1.58	-0.000145366
1.6	1.6	-0.000522399
1.6	1.62	-9.8985e-05
1.6	1.64	0.00112485
1.6	1.66	0.00314909
1.6	1.68	0.00597371
1.6	1.7	0.00959869
1.6	1.72	0.014024
1.6	1.74	0.0192496
1.6	1.76	0.0252755
1.6	1.78	0.0321017
1.6	1.8	0.0397281
1.6	1.82	0.0481547
1.6	1.84	0.0573815
1.6	1.86	0.0674085
1.6	1.88	0.0782356
1.6	1.9	0.0898629
1.6	1.92	0.10229
1.6	1.94	0.115518
1.6	1.96	0.129545
1.6	1.98	0.144373
1.6	2	0.16
1.61	0	2.5921
1.61	0.02	2.52807
1.61	0.04	2.46484
1.61	0.06	2.40241
1.61	0.08	2.34078
1.61	0.1	2.27995
1.61	0.12	2.21992
1.61	0.14	2.16069
1.61	0.16	2.10226
1.61	0.18	2.04463
1.61	0.2	1.9878
1.61	0.22	1.93177
1.61	0.24	1.87654
1.61	0.26	1.82212
1.61	0.28	1.76849
1.61	0.3	1.71566
1.61	0.32	1.66364
1.61	0.34	1.61241
1.61	0.36	1.56198
1.61	0.38	1.51236
1.61	0.4	1.46354
1.61	0.42	1.41551
1.61	0.44	1.36829
1.61	0.46	1.32187
1.61	0.48	1.27625
1.61	0.5	1.23142
1.61	0.52	1.1874
1.61	0.54	1.14419
1.61	0.56	1.10177
1.61	0.58	1.06015
1.61	0.6	1.01933
1.61	0.62	0.979317
1.61	0.64	0.940101
1.61	0.66	0.901687
1.61	0.68	0.864074
1.61	0.7	0.827261
1.61	0.72	0.791249
1.61	0.74	0.756038
1.61	0.76	0.721629
1.61	0.78	0.68802
1.61	0.8	0.655211
1.61	0.82	0.623204
1.61	0.84	0.591998
1.61	0.86	0.561592
1.61	0.88	0.531988
1.61	0.9	0.503184
1.61	0.92	0.475182
1.61	0.94	0.44798
1.61	0.96	0.421579
1.61	0.98	0.39598
1.61	1	0.371181
1.61	1.02	0.347183
1.61	1.04	0.323985
1.61	1.06	0.301589
1.61	1.08	0.279994
1.61	1.1	0.259199
1.61	1.12	0.239206
1.61	1.14	0.220013
1.61	1.16	0.201621
1.61	1.18	0.18403
1.61	1.2	0.16724
1.61	1.22	0.15125
1.61	1.24	0.136061
1.61	1.26	0.121674
1.61	1.28	0.108086
1.61	1.3	0.0953001
1.61	1.32	0.0833145
1.61	1.34	0.0721296
1.61	1.36	0.0617454
1.61	1.38	0.0521619
1.61	1.4	0.043379
1.61	1.42	0.0353968
1.61	1.44	0.0282153
1.61	1.46	0.0218343
1.61	1.48	0.0162539
1.61	1.5	0.0114741
1.61	1.52	0.00749486
1.61	1.54	0.00431614
1.61	1.56	0.00193792
1.61	1.58	0.000360191
1.61	1.6	-0.000417076
1.61	1.62	-0.000393901
1.61	1.64	0.000429695
1.61	1.66	0.00205369
1.61	1.68	0.00447806
1.61	1.7	0.00770278
1.61	1.72	0.0117278
1.61	1.74	0.0165532
1.61	1.76	0.0221788
1.61	1.78	0.0286047
1.61	1.8	0.0358309
1.61	1.82	0.0438572
1.61	1.84	0.0526837
1.61	1.86	0.0623105
1.61	1.88	0.0727373
1.61	1.9	0.0839643
1.61	1.92	0.0959913
1.61	1.94	0.108818
1.61	1.96	0.122446
1.61	1.98	0.136873
1.61	2	0.1521
1.62	0	2.6244
1.62	0.02	2.55997
1.62	0.04	2.49634
1.62	0.06	2.43351
1.62	0.08	2.37148
1.62	0.1	2.31025
1.62	0.12	2.24982
1.62	0.14	2.19019
1.62	0.16	2.13136
1.62	0.18	2.07333
1.62	0.2	2.0161
1.62	0.22	1.95968
1.62	0.24	1.90405
1.62	0.26	1.84922
1.62	0.28	1.79519
1.62	0.3	1.74197
1.62	0.32	1.68954
1.62	0.34	1.63792
1.62	0.36	1.58709
1.62	0.38	1.53707
1.62	0.4	1.48784
1.62	0.42	1.43942
1.62	0.44	1.3918
1.62	0.46	1.34497
1.62	0.48	1.29895
1.62	0.5	1.25373
1.62	0.52	1.20931
1.62	0.54	1.16569
1.62	0.56	1.12288
1.62	0.58	1.08086
1.62	0.6	1.03964
1.62	0.62	0.999226
1.62	0.64	0.959611
1.62	0.66	0.920797
1.62	0.68	0.882784
1.62	0.7	0.845571
1.62	0.72	0.80916
1.62	0.74	0.773549
1.62	0.76	0.738739
1.62	0.78	0.70473
1.62	0.8	0.671522
1.62	0.82	0.639115
1.62	0.84	0.607509
1.62	0.86	0.576704
1.62	0.88	0.546699
1.62	0.9	0.517496
1.62	0.92	0.489093
1.62	0.94	0.461491
1.62	0.96	0.434691
1.62	0.98	0.408691
1.62	1	0.383492
1.62	1.02	0.359094
1.62	1.04	0.335497
1.62	1.06	0.3127
1.62	1.08	0.290705
1.62	1.1	0.26951
1.62	1.12	0.249117
1.62	1.14	0.229524
1.62	1.16	0.210732
1.62	1.18	0.192741
1.62	1.2	0.17555
1.62	1.22	0.159161
1.62	1.24	0.143572
1.62	1.26	0.128784
1.62	1.28	0.114796
1.62	1.3	0.10161
1.62	1.32	0.0892242
1.62	1.34	0.0776391
1.62	1.36	0.0668547
1.62	1.38	0.056871
1.62	1.4	0.0476879
1.62	1.42	0.0393055
1.62	1.44	0.0317237
1.62	1.46	0.0249425
1.62	1.48	0.0189619
1.62	1.5	0.0137818
1.62	1.52	0.00940231
1.62	1.54	0.00582333
1.62	1.56	0.00304484
1.62	1.58	0.00106684
1.62	1.6	-0.000110711
1.62	1.62	-0.000487821
1.62	1.64	-6.45157e-05
1.62	1.66	0.00115918
1.62	1.68	0.00318325
1.62	1.7	0.00600767
1.62	1.72	0.00963241
1.62	1.74	0.0140575
1.62	1.76	0.0192828
1.62	1.78	0.0253084
1.62	1.8	0.0321342
1.62	1.82	0.0397602
1.62	1.84	0.0481864
1.62	1.86	0.0574128
1.62	1.88	0.0674393
1.62	1.9	0.0782659
1.62	1.92	0.0898927
1.62	1.94	0.102319
1.62	1.96	0.115546
1.62	1.98	0.129573
1.62	2	0.1444
1.63	0	2.6569
1.63	0.02	2.59207
1.63	0.04	2.52804
1.63	0.06	2.46481
1.63	0.08	2.40238
1.63	0.1	2.34075
1.63	0.12	2.27992
1.63	0.14	2.21989
1.63	0.16	2.16066
1.63	0.18	2.10224
1.63	0.2	2.04461
1.63	0.22	1.98778
1.63	0.24	1.93175
1.63	0.26	1.87653
1.63	0.28	1.8221
1.63	0.3	1.76847
1.63	0.32	1.71565
1.63	0.34	1.66362
1.63	0.36	1.6124
1.63	0.38	1.56197
1.63	0.4	1.51235
1.63	0.42	1.46353
1.63	0.44	1.4155
1.63	0.46	1.36828
1.63	0.48	1.32186
1.63	0.5	1.27624
1.63	0.52	1.23142
1.63	0.54	1.1874
1.63	0.56	1.14419
1.63	0.58	1.10177
1.63	0.6	1.06015
1.63	0.62	1.01934
1.63	0.64	0.979322
1.63	0.66	0.940108
1.63	0.68	0.901695
1.63	0.7	0.864083
1.63	0.72	0.827271
1.63	0.74	0.791261
1.63	0.76	0.756051
1.63	0.78	0.721642
1.63	0.8	0.688034
1.63	0.82	0.655227
1.63	0.84	0.623221
1.63	0.86	0.592016
1.63	0.88	0.561611
1.63	0.9	0.532008
1.63	0.92	0.503205
1.63	0.94	0.475204
1.63	0.96	0.448003
1.63	0.98	0.421603
1.63	1	0.396004
1.63	1.02	0.371206
1.63	1.04	0.347209
1.63	1.06	0.324013
1.63	1.08	0.301617
1.63	1.1	0.280022
1.63	1.12	0.259229
1.63	1.14	0.239236
1.63	1.16	0.220043
1.63	1.18	0.201652
1.63	1.2	0.184062
1.63	1.22	0.167272
1.63	1.24	0.151283
1.63	1.26	0.136095
1.63	1.28	0.121707
1.63	1.3	0.108121
1.63	1.32	0.0953347
1.63	1.34	0.0833494
1.63	1.36	0.0721648
1.63	1.38	0.0617808
1.63	1.4	0.0521975
1.63	1.42	0.0434149
1.63	1.44	0.0354328
1.63	1.46	0.0282514
1.63	1.48	0.0218705
1.63	1.5	0.0162902
1.63	1.52	0.0115104
1.63	1.54	0.00753112
1.63	1.56	0.00435234
1.63	1.58	0.00197404
1.63	1.6	0.000396189
1.63	1.62	-0.00038123
1.63	1.64	-0.00035824
1.63	1.66	0.000465138
1.63	1.68	0.00208888
1.63	1.7	0.00451297
1.63	1.72	0.00773738
1.63	1.74	0.0117621
1.63	1.76	0.0165871
1.63	1.78	0.0222123
1.63	1.8	0.0286378
1.63	1.82	0.0358634
1.63	1.84	0.0438893
1.63	1.86	0.0527153
1.63	1.88	0.0623415
1.63	1.9	0.0727677
1.63	1.92	0.0839941
1.63	1.94	0.0960205
1.63	1.96	0.108847
1.63	1.98	0.122474
1.63	2	0.1369
1.64	0	2.6896
1.64	0.02	2.62437
1.64	0.04	2.55994
1.64	0.06	2.49631
1.64	0.08	2.43348
1.64	0.1	2.37145
1.64	0.12	2.31022
1.64	0.14	2.2498
1.64	0.16	2.19017
1.64	0.18	2.13134
1.64	0.2	2.07331
1.64	0.22	2.01608
1.64	0.24	1.95966
1.64	0.26	1.90403
1.64	0.28	1.8492
1.64	0.3	1.79518
1.64	0.32	1.74195
1.64	0.34	1.68953
1.64	0.36	1.6379
1.64	0.38	1.58708
1.64	0.4	1.53706
1.64	0.42	1.48783
1.64	0.44	1.43941
1.64	0.46	1.39179
1.64	0.48	1.34497
1.64	0.5	1.29895
1.64	0.52	1.25373
1.64	0.54	1.20931
1.64	0.56	1.1657
1.64	0.58	1.12288
1.64	0.6	1.08086
1.64	0.62	1.03965
1.64	0.64	0.999233
1.64	0.66	0.959619
1.64	0.68	0.920806
1.64	0.7	0.882794
1.64	0.72	0.845583
1.64	0.74	0.809172
1.64	0.76	0.773563
1.64	0.78	0.738754
1.64	0.8	0.704746
1.64	0.82	0.671539
1.64	0.84	0.639133
1.64	0.86	0.607528
1.64	0.88	0.576724
1.64	0.9	0.54672
1.64	0.92	0.517518
1.64	0.94	0.489116
1.64	0.96	0.461515
1.64	0.98	0.434715
1.64	1	0.408716
1.64	1.02	0.383518
1.64	1.04	0.359121
1.64	1.06	0.335525
1.64	1.08	0.312729
1.64	1.1	0.290734
1.64	1.12	0.269541
1.64	1.14	0.249147
1.64	1.16	0.229555
1.64	1.18	0.210764
1.64	1.2	0.192773
1.64	1.22	0.175583
1.64	1.24	0.159194
1.64	1.26	0.143606
1.64	1.28	0.128818
1.64	1.3	0.114831
1.64	1.32	0.101645
1.64	1.34	0.0892597
1.64	1.36	0.0776749
1.64	1.38	0.0668907
1.64	1.4	0.0569072
1.64	1.42	0.0477243
1.64	1.44	0.039342
1.64	1.46	0.0317603
1.64	1.48	0.0249791
1.64	1.5	0.0189985
1.64	1.52	0.0138185
1.64	1.54	0.00943893
1.64	1.56	0.00585986
1.64	1.58	0.00308126
1.64	1.6	0.00110311
1.64	1.62	-7.46238e-05
1.64	1.64	-0.000451949
1.64	1.66	-2.88923e-05
1.64	1.68	0.00119453
1.64	1.7	0.00321828
1.64	1.72	0.00604235
1.64	1.74	0.00966672
1.64	1.76	0.0140914
1.64	1.78	0.0193162
1.64	1.8	0.0253414
1.64	1.82	0.0321667
1.64	1.84	0.0397922
1.64	1.86	0.0482178
1.64	1.88	0.0574436
1.64	1.9	0.0674696
1.64	1.92	0.0782956
1.64	1.94	0.0899216
1.64	1.96	0.102348
1.64	1.98	0.115574
1.64	2	0.1296
1.65	0	2.7225
1.65	0.02	2.65687
1.65	0.04	2.59204
1.65	0.06	2.52801
1.65	0.08	2.46478
1.65	0.1	2.40236
1.65	0.12	2.34073
1.65	0.14	2.2799
1.65	0.16	2.21987
1.65	0.18	2.16064
1.65	0.2	2.10222
1.65	0.22	2.04459
1.65	0.24	1.98776
1.65	0.26	1.93174
1.65	0.28	1.87651
1.65	0.3	1.82209
1.65	0.32	1.76846
1.65	0.34	1.71564
1.65	0.36	1.66361
1.65	0.38	1.61239
1.65	0.4	1.56197
1.65	0.42	1.51234
1.65	0.44	1.46352
1.65	0.46	1.4155
1.65	0.48	1.36828
1.65	0.5	1.32186
1.65	0.52	1.27624
1.65	0.54	1.23142
1.65	0.56	1.18741
1.65	0.58	1.14419
1.65	0.6	1.10177
1.65	0.62	1.06016
1.65	0.64	1.01934
1.65	0.66	0.979331
1.65	0.68	0.940119
1.65	0.7	0.901707
1.65	0.72	0.864096
1.65	0.74	0.827285
1.65	0.76	0.791276
1.65	0.78	0.756067
1.65	0.8	0.72166
1.65	0.82	0.688053
1.65	0.84	0.655247
1.65	0.86	0.623242
1.65	0.88	0.592038
1.65	0.9	0.561634
1.65	0.92	0.532032
1.65	0.94	0.50323
1.65	0.96	0.475229
1.65	0.98	0.44803
1.65	1	0.421631
1.65	1.02	0.396032
1.65	1.04	0.371235
1.65	1.06	0.347239
1.65	1.08	0.324043
1.65	1.1	0.301648
1.65	1.12	0.280054
1.65	1.14	0.259261
1.65	1.16	0.239269
1.65	1.18	0.220077
1.65	1.2	0.201686
1.65	1.22	0.184096
1.65	1.24	0.167307
1.65	1.26	0.151318
1.65	1.28	0.136131
1.65	1.3	0.121744
1.65	1.32	0.108157
1.65	1.34	0.0953714
1.65	1.36	0.0833864
1.65	1.38	0.072202
1.65	1.4	0.0618182
1.65	1.42	0.052235
1.65	1.44	0.0434524
1.65	1.46	0.0354705
1.65	1.48	0.028289
1.65	1.5	0.0219081
1.65	1.52	0.0163277
1.65	1.54	0.0115479
1.65	1.56	0.00756845
1.65	1.58	0.00438951
1.65	1.6	0.00201101
1.65	1.62	0.000432924
1.65	1.64	-0.000344762
1.65	1.66	-0.000322072
1.65	1.68	0.000500973
1.65	1.7	0.00212435
1.65	1.72	0.00454804
1.65	1.74	0.00777202
1.65	1.76	0.0117963
1.65	1.78	0.0166208
1.65	1.8	0.0222455
1.65	1.82	0.0286704
1.65	1.84	0.0358955
1.65	1.86	0.0439207
1.65	1.88	0.0527461
1.65	1.9	0.0623716
1.65	1.92	0.0727972
1.65	1.94	0.0840229
1.65	1.96	0.0960486
1.65	1.98	0.108874
1.65	2	0.1225
1.66	0	2.7556
1.66	0.02	2.68957
1.66	0.04	2.62434
1.66	0.06	2.55991
1.66	0.08	2.49629
1.66	0.1	2.43346
1.66	0.12	2.37143
1.66	0.14	2.3102
1.66	0.16	2.24978
1.66	0.18	2.19015
1.66	0.2	2.13132
1.66	0.22	2.07329
1.66	0.24	2.01607
1.66	0.26	1.95964
1.66	0.28	1.90402
1.66	0.3	1.84919
1.66	0.32	1.79517
1.66	0.34	1.74194
1.66	0.36	1.68952
1.66	0.38	1.6379
1.66	0.4	1.58708
1.66	0.42	1.53705
1.66	0.44	1.48783
1.66	0.46	1.43941
1.66	0.48	1.39179
1.66	0.5	1.34497
1.66	0.52	1.29895
1.66	0.54	1.25374
1.66	0.56	1.20932
1.66	0.58	1.1657
1.66	0.6	1.12289
1.66	0.62	1.08087
1.66	0.64	1.03966
1.66	0.66	0.999244
1.66	0.68	0.959632
1.66	0.7	0.92082
1.66	0.72	0.882809
1.66	0.74	0.845599
1.66	0.76	0.80919
1.66	0.78	0.773582
1.66	0.8	0.738774
1.66	0.82	0.704767
1.66	0.84	0.671561
1.66	0.86	0.639156
1.66	0.88	0.607552
1.66	0.9	0.576749
1.66	0.92	0.546747
1.66	0.94	0.517545
1.66	0.96	0.489144
1.66	0.98	0.461544
1.66	1	0.434745
1.66	1.02	0.408747
1.66	1.04	0.38355
1.66	1.06	0.359153
1.66	1.08	0.335558
1.66	1.1	0.312763
1.66	1.12	0.290769
1.66	1.14	0.269575
1.66	1.16	0.249183
1.66	1.18	0.229591
1.66	1.2	0.2108
1.66	1.22	0.19281
1.66	1.24	0.175621
1.66	1.26	0.159232
1.66	1.28	0.143644
1.66	1.3	0.128856
1.66	1.32	0.11487
1.66	1.34	0.101684
1.66	1.36	0.0892986
1.66	1.38	0.0777139
1.66	1.4	0.0669298
1.66	1.42	0.0569464
1.66	1.44	0.0477635
1.66	1.46	0.0393812
1.66	1.48	0.0317994
1.66	1.5	0.0250182
1.66	1.52	0.0190375
1.66	1.54	0.0138573
1.66	1.56	0.00947753
1.66	1.58	0.00589823
1.66	1.6	0.00311936
1.66	1.62	0.0011409
1.66	1.64	-3.7166e-05
1.66	1.66	-0.000414863
1.66	1.68	7.78787e-06
1.66	1.7	0.00123077
1.66	1.72	0.00325405
1.66	1.74	0.00607762
1.66	1.76	0.00970146
1.66	1.78	0.0141255
1.66	1.8	0.0193498
1.66	1.82	0.0253743
1.66	1.84	0.032199
1.66	1.86	0.0398238
1.66	1.88	0.0482488
1.66	1.9	0.0574738
1.66	1.92	0.067499
1.66	1.94	0.0783242
1.66	1.96	0.0899494
1.66	1.98	0.102375
1.66	2	0.1156
1.67	0	2.7889
1.67	0.02	2.72247
1.67	0.04	2.65684
1.67	0.06	2.59202
1.67	0.08	2.52799
1.67	0.1	2.46476
1.67	0.12	2.40233
1.67	0.14	2.34071
1.67	0.16	2.27988
1.67	0.18	2.21985
1.67	0.2	2.16063
1.67	0.22	2.1022
1.67	0.24	2.04457
1.67	0.26	1.98775
1.67	0.28	1.93172
1.67	0.3	1.8765
1.67	0.32	1.82208
1.67	0.34	1.76845
1.67	0.36	1.71563
1.67	0.38	1.66361
1.67	0.4	1.61238
1.67	0.42	1.56196
1.67	0.44	1.51234
1.67	0.46	1.46352
1.67	0.48	1.4155
1.67	0.5	1.36828
1.67	0.52	1.32187
1.67	0.54	1.27625
1.67	0.56	1.23143
1.67	0.58	1.18741
1.67	0.6	1.1442
1.67	0.62	1.10178
1.67	0.64	1.06017
1.67	0.66	1.01936
1.67	0.68	0.979345
1.67	0.7	0.940134
1.67	0.72	0.901723
1.67	0.74	0.864113
1.67	0.76	0.827304
1.67	0.78	0.791296
1.67	0.8	0.756088
1.67	0.82	0.721682
1.67	0.84	0.688076
1.67	0.86	0.655271
1.67	0.88	0.623267
1.67	0.9	0.592064
1.67	0.92	0.561661
1.67	0.94	0.53206
1.67	0.96	0.503259
1.67	0.98	0.475259
1.67	1	0.44806
1.67	1.02	0.421662
1.67	1.04	0.396065
1.67	1.06	0.371268
1.67	1.08	0.347272
1.67	1.1	0.324077
1.67	1.12	0.301683
1.67	1.14	0.28009
1.67	1.16	0.259297
1.67	1.18	0.239305
1.67	1.2	0.220114
1.67	1.22	0.201724
1.67	1.24	0.184134
1.67	1.26	0.167345
1.67	1.28	0.151357
1.67	1.3	0.136169
1.67	1.32	0.121783
1.67	1.34	0.108196
1.67	1.36	0.0954108
1.67	1.38	0.0834258
1.67	1.4	0.0722415
1.67	1.42	0.0618577
1.67	1.44	0.0522746
1.67	1.46	0.043492
1.67	1.48	0.0355099
1.67	1.5	0.0283283
1.67	1.52	0.0219473
1.67	1.54	0.0163667
1.67	1.56	0.0115866
1.67	1.58	0.00760695
1.67	1.6	0.00442771
1.67	1.62	0.00204888
1.67	1.64	0.000470433
1.67	1.66	-0.000307652
1.67	1.68	-0.000285394
1.67	1.7	0.000537185
1.67	1.72	0.00216007
1.67	1.74	0.00458323
1.67	1.76	0.00780665
1.67	1.78	0.0118303
1.67	1.8	0.0166542
1.67	1.82	0.0222782
1.67	1.84	0.0287025
1.67	1.86	0.0359269
1.67	1.88	0.0439514
1.67	1.9	0.052776
1.67	1.92	0.0624007
1.67	1.94	0.0728255
1.67	1.96	0.0840503
1.67	1.98	0.0960752
1.67	2	0.1089
1.68	0	2.8224
1.68	0.02	2.75557
1.68	0.04	2.68955
1.68	0.06	2.62432
1.68	0.08	2.55989
1.68	0.1	2.49626
1.68	0.12	2.43344
1.68	0.14	2.37141
1.68	0.16	2.31018
1.68	0.18	2.24976
1.68	0.2	2.19013
1.68	0.22	2.13131
1.68	0.24	2.07328
1.68	0.26	2.01606
1.68	0.28	1.95963
1.68	0.3	1.90401
1.68	0.32	1.84918
1.68	0.34	1.79516
1.68	0.36	1.74194
1.68	0.38	1.68952
1.68	0.4	1.63789
1.68	0.42	1.58707
1.68	0.44	1.53705
1.68	0.46	1.48783
1.68	0.48	1.43941
1.68	0.5	1.3918
1.68	0.52	1.34498
1.68	0.54	1.29896
1.68	0.56	1.25374
1.68	0.58	1.20933
1.68	0.6	1.16571
1.68	0.62	1.1229
1.68	0.64	1.08088
1.68	0.66	1.03967
1.68	0.68	0.99926
1.68	0.7	0.959649
1.68	0.72	0.920838
1.68	0.74	0.882828
1.68	0.76	0.84562
1.68	0.78	0.809211
1.68	0.8	0.773604
1.68	0.82	0.738798
1.68	0.84	0.704792
1.68	0.86	0.671587
1.68	0.88	0.639183
1.68	0.9	0.60758
1.68	0.92	0.576778
1.68	0.94	0.546776
1.68	0.96	0.517576
1.68	0.98	0.489176
1.68	1	0.461577
1.68	1.02	0.434778
1.68	1.04	0.408781
1.68	1.06	0.383584
1.68	1.08	0.359188
1.68	1.1	0.335593
1.68	1.12	0.312799
1.68	1.14	0.290806
1.68	1.16	0.269613
1.68	1.18	0.249221
1.68	1.2	0.229629
1.68	1.22	0.210839
1.68	1.24	0.192849
1.68	1.26	0.17566
1.68	1.28	0.159271
1.68	1.3	0.143684
1.68	1.32	0.128897
1.68	1.34	0.11491
1.68	1.36	0.101724
1.68	1.38	0.089339
1.68	1.4	0.0777543
1.68	1.42	0.0669703
1.68	1.44	0.0569868
1.68	1.46	0.0478038
1.68	1.48	0.0394214
1.68	1.5	0.0318395
1.68	1.52	0.0250581
1.68	1.54	0.0190771
1.68	1.56	0.0138966
1.68	1.58	0.00951656
1.68	1.6	0.00593692
1.68	1.62	0.00315768
1.68	1.64	0.00117881
1.68	1.66	2.94796e-07
1.68	1.68	-0.000377882
1.68	1.7	4.42578e-05
1.68	1.72	0.00126669
1.68	1.74	0.0032894
1.68	1.76	0.00611236
1.68	1.78	0.00973556
1.68	1.8	0.014159
1.68	1.82	0.0193826
1.68	1.84	0.0254063
1.68	1.86	0.0322302
1.68	1.88	0.0398543
1.68	1.9	0.0482784
1.68	1.92	0.0575027
1.68	1.94	0.067527
1.68	1.96	0.0783513
1.68	1.98	0.0899756
1.68	2	0.1024
1.69	0	2.8561
1.69	0.02	2.78887
1.69	0.04	2.72245
1.69	0.06	2.65682
1.69	0.08	2.59199
1.69	0.1	2.52797
1.69	0.12	2.46474
1.69	0.14	2.40231
1.69	0.16	2.34069
1.69	0.18	2.27986
1.69	0.2	2.21984
1.69	0.22	2.16061
1.69	0.24	2.10219
1.69	0.26	2.04456
1.69	0.28	1.98774
1.69	0.3	1.93172
1.69	0.32	1.87649
1.69	0.34	1.82207
1.69	0.36	1.76845
1.69	0.38	1.71563
1.69	0.4	1.6636
1.69	0.42	1.61238
1.69	0.44	1.56196
1.69	0.46	1.51234
1.69	0.48	1.46353
1.69	0.5	1.41551
1.69	0.52	1.36829
1.69	0.54	1.32187
1.69	0.56	1.27626
1.69	0.58	1.23144
1.69	0.6	1.18743
1.69	0.62	1.14421
1.69	0.64	1.1018
1.69	0.66	1.06019
1.69	0.68	1.01938
1.69	0.7	0.979364
1.69	0.72	0.940154
1.69	0.74	0.901745
1.69	0.76	0.864136
1.69	0.78	0.827328
1.69	0.8	0.791321
1.69	0.82	0.756114
1.69	0.84	0.721709
1.69	0.86	0.688104
1.69	0.88	0.6553
1.69	0.9	0.623297
1.69	0.92	0.592095
1.69	0.94	0.561693
1.69	0.96	0.532093
1.69	0.98	0.503293
1.69	1	0.475294
1.69	1.02	0.448095
1.69	1.04	0.421698
1.69	1.06	0.396101
1.69	1.08	0.371305
1.69	1.1	0.34731
1.69	1.12	0.324116
1.69	1.14	0.301722
1.69	1.16	0.280129
1.69	1.18	0.259337
1.69	1.2	0.239345
1.69	1.22	0.220155
1.69	1.24	0.201765
1.69	1.26	0.184175
1.69	1.28	0.167387
1.69	1.3	0.151399
1.69	1.32	0.136211
1.69	1.34	0.121824
1.69	1.36	0.108238
1.69	1.38	0.0954527
1.69	1.4	0.0834677
1.69	1.42	0.0722834
1.69	1.44	0.0618995
1.69	1.46	0.0523162
1.69	1.48	0.0435334
1.69	1.5	0.0355511
1.69	1.52	0.0283693
1.69	1.54	0.021988
1.69	1.56	0.0164071
1.69	1.58	0.0116266
1.69	1.6	0.00764655
1.69	1.62	0.00446687
1.69	1.64	0.00208756
1.69	1.66	0.000508602
1.69	1.68	-0.000270028
1.69	1.7	-0.000248348
1.69	1.72	0.00057362
1.69	1.74	0.00219586
1.69	1.76	0.00461834
1.69	1.78	0.00784105
1.69	1.8	0.011864
1.69	1.82	0.0166871
1.69	1.84	0.0223104
1.69	1.86	0.0287338
1.69	1.88	0.0359573
1.69	1.9	0.043981
1.69	1.92	0.0528047
1.69	1.94	0.0624285
1.69	1.96	0.0728523
1.69	1.98	0.0840762
1.69	2	0.0961
1.7	0	2.89
1.7	0.02	2.82237
1.7	0.04	2.75555
1.7	0.06	2.68952
1.7	0.08	2.6243
1.7	0.1	2.55987
1.7	0.12	2.49624
1.7	0.14	2.43342
1.7	0.16	2.37139
1.7	0.18	2.31017
1.7	0.2	2.24974
1.7	0.22	2.19012
1.7	0.24	2.13129
1.7	0.26	2.07327
1.7	0.28	2.01605
1.7	0.3	1.95962
1.7	0.32	1.904
1.7	0.34	1.84918
1.7	0.36	1.79516
1.7	0.38	1.74194
1.7	0.4	1.68952
1.7	0.42	1.6379
1.7	0.44	1.58708
1.7	0.46	1.53706
1.7	0.48	1.48784
1.7	0.5	1.43942
1.7	0.52	1.3918
1.7	0.54	1.34499
1.7	0.56	1.29897
1.7	0.58	1.25376
1.7	0.6	1.20934
1.7	0.62	1.16573
1.7	0.64	1.12292
1.7	0.66	1.0809
1.7	0.68	1.03969
1.7	0.7	0.999281
1.7	0.72	0.959671
1.7	0.74	0.920861
1.7	0.76	0.882853
1.7	0.78	0.845645
1.7	0.8	0.809238
1.7	0.82	0.773632
1.7	0.84	0.738826
1.7	0.86	0.704822
1.7	0.88	0.671618
1.7	0.9	0.639215
1.7	0.92	0.607613
1.7	0.94	0.576811
1.7	0.96	0.546811
1.7	0.98	0.517611
1.7	1	0.489212
1.7	1.02	0.461613
1.7	1.04	0.434816
1.7	1.06	0.408819
1.7	1.08	0.383623
1.7	1.1	0.359228
1.7	1.12	0.335633
1.7	1.14	0.312839
1.7	1.16	0.290846
1.7	1.18	0.269654
1.7	1.2	0.249262
1.7	1.22	0.229671
1.7	1.24	0.210881
1.7	1.26	0.192891
1.7	1.28	0.175702
1.7	1.3	0.159314
1.7	1.32	0.143726
1.7	1.34	0.128939
1.7	1.36	0.114953
1.7	1.38	0.101767
1.7	1.4	0.0893818
1.7	1.42	0.077797
1.7	1.44	0.0670128
1.7	1.46	0.0570291
1.7	1.48	0.047846
1.7	1.5	0.0394633
1.7	1.52	0.0318811
1.7	1.54	0.0250993
1.7	1.56	0.019118
1.7	1.58	0.0139371
1.7	1.6	0.0095566
1.7	1.62	0.00597647
1.7	1.64	0.0031967
1.7	1.66	0.00121728
1.7	1.68	3.81737e-05
1.7	1.7	-0.000340628
1.7	1.72	8.08536e-05
1.7	1.74	0.0013026
1.7	1.76	0.00332458
1.7	1.78	0.00614679
1.7	1.8	0.00976921
1.7	1.82	0.0141918
1.7	1.84	0.0194146
1.7	1.86	0.0254375
1.7	1.88	0.0322605
1.7	1.9	0.0398836
1.7	1.92	0.0483068
1.7	1.94	0.0575301
1.7	1.96	0.0675534
1.7	1.98	0.0783767
1.7	2	0.09
1.71	0	2.9241
1.71	0.02	2.85607
1.71	0.04	2.78885
1.71	0.06	2.72242
1.71	0.08	2.6568
1.71	0.1	2.59197
1.71	0.12	2.52795
1.71	0.14	2.46472
1.71	0.16	2.4023
1.71	0.18	2.34067
1.71	0.2	2.27985
1.71	0.22	2.21983
1.71	0.24	2.1606
1.71	0.26	2.10218
1.71	0.28	2.04456
1.71	0.3	1.98773
1.71	0.32	1.93171
1.71	0.34	1.87649
1.71	0.36	1.82207
1.71	0.38	1.76845
1.71	0.4	1.71563
1.71	0.42	1.66361
1.71	0.44	1.61239
1.71	0.46	1.56197
1.71	0.48	1.51235
1.71	0.5	1.46353
1.71	0.52	1.41552
1.71	0.54	1.3683
1.71	0.56	1.32189
1.71	0.58	1.27627
1.71	0.6	1.23146
1.71	0.62	1.18744
1.71	0.64	1.14423
1.71	0.66	1.10182
1.71	0.68	1.06021
1.71	0.7	1.0194
1.71	0.72	0.979388
1.71	0.74	0.940179
1.71	0.76	0.90177
1.71	0.78	0.864163
1.71	0.8	0.827356
1.71	0.82	0.79135
1.71	0.84	0.756145
1.71	0.86	0.72174
1.71	0.88	0.688136
1.71	0.9	0.655334
1.71	0.92	0.623331
1.71	0.94	0.59213
1.71	0.96	0.561729
1.71	0.98	0.532129
1.71	1	0.50333
1.71	1.02	0.475332
1.71	1.04	0.448134
1.71	1.06	0.421737
1.71	1.08	0.396141
1.71	1.1	0.371346
1.71	1.12	0.347351
1.71	1.14	0.324157
1.71	1.16	0.301764
1.71	1.18	0.280171
1.71	1.2	0.25938
1.71	1.22	0.239388
1.71	1.24	0.220198
1.71	1.26	0.201808
1.71	1.28	0.184219
1.71	1.3	0.16743
1.71	1.32	0.151442
1.71	1.34	0.136255
1.71	1.36	0.121868
1.71	1.38	0.108282
1.71	1.4	0.0954964
1.71	1.42	0.0835113
1.71	1.44	0.0723267
1.71	1.46	0.0619426
1.71	1.48	0.0523591
1.71	1.5	0.043576
1.71	1.52	0.0355933
1.71	1.54	0.0284112
1.71	1.56	0.0220294
1.71	1.58	0.016448
1.71	1.6	0.0116671
1.71	1.62	0.00768648
1.71	1.64	0.00450623
1.71	1.66	0.00212632
1.71	1.68	0.000546723
1.71	1.7	-0.000232579
1.71	1.72	-0.000211605
1.71	1.74	0.000609625
1.71	1.76	0.00223109
1.71	1.78	0.00465278
1.71	1.8	0.00787466
1.71	1.82	0.0118967
1.71	1.84	0.0167189
1.71	1.86	0.0223413
1.71	1.88	0.0287638
1.71	1.9	0.0359863
1.71	1.92	0.044009
1.71	1.94	0.0528317
1.71	1.96	0.0624545
1.71	1.98	0.0728772
1.71	2	0.0841
1.72	0	2.9584
1.72	0.02	2.88997
1.72	0.04	2.82235
1.72	0.06	2.75553
1.72	0.08	2.6895
1.72	0.1	2.62428
1.72	0.12	2.55985
1.72	0.14	2.49623
1.72	0.16	2.4334
1.72	0.18	2.37138
1.72	0.2	2.31016
1.72	0.22	2.24973
1.72	0.24	2.19011
1.72	0.26	2.13129
1.72	0.28	2.07326
1.72	0.3	2.01604
1.72	0.32	1.95962
1.72	0.34	1.904
1.72	0.36	1.84918
1.72	0.38	1.79516
1.72	0.4	1.74194
1.72	0.42	1.68952
1.72	0.44	1.6379
1.72	0.46	1.58708
1.72	0.48	1.53707
1.72	0.5	1.48785
1.72	0.52	1.43943
1.72	0.54	1.39182
1.72	0.56	1.345
1.72	0.58	1.29899
1.72	0.6	1.25377
1.72	0.62	1.20936
1.72	0.64	1.16575
1.72	0.66	1.12294
1.72	0.68	1.08093
1.72	0.7	1.03972
1.72	0.72	0.999306
1.72	0.74	0.959697
1.72	0.76	0.920889
1.72	0.78	0.882881
1.72	0.8	0.845675
1.72	0.82	0.809269
1.72	0.84	0.773664
1.72	0.86	0.738859
1.72	0.88	0.704856
1.72	0.9	0.671653
1.72	0.92	0.639251
1.72	0.94	0.607649
1.72	0.96	0.576849
1.72	0.98	0.546849
1.72	1	0.51765
1.72	1.02	0.489251
1.72	1.04	0.461654
1.72	1.06	0.434857
1.72	1.08	0.40886
1.72	1.1	0.383665
1.72	1.12	0.35927
1.72	1.14	0.335676
1.72	1.16	0.312883
1.72	1.18	0.29089
1.72	1.2	0.269698
1.72	1.22	0.249306
1.72	1.24	0.229716
1.72	1.26	0.210926
1.72	1.28	0.192936
1.72	1.3	0.175747
1.72	1.32	0.159359
1.72	1.34	0.143771
1.72	1.36	0.128984
1.72	1.38	0.114998
1.72	1.4	0.101812
1.72	1.42	0.0894261
1.72	1.44	0.0778411
1.72	1.46	0.0670567
1.72	1.48	0.0570727
1.72	1.5	0.0478892
1.72	1.52	0.0395061
1.72	1.54	0.0319235
1.72	1.56	0.0251413
1.72	1.58	0.0191594
1.72	1.6	0.013978
1.72	1.62	0.0095969
1.72	1.64	0.00601615
1.72	1.66	0.00323574
1.72	1.68	0.00125562
1.72	1.7	7.58011e-05
1.72	1.72	-0.000303754
1.72	1.74	0.000116942
1.72	1.76	0.00133787
1.72	1.78	0.00335901
1.72	1.8	0.00618034
1.72	1.82	0.00980184
1.72	1.84	0.0142235
1.72	1.86	0.0194453
1.72	1.88	0.0254672
1.72	1.9	0.0322892
1.72	1.92	0.0399113
1.72	1.94	0.0483334
1.72	1.96	0.0575556
1.72	1.98	0.0675778
1.72	2	0.0784
1.73	0	2.9929
1.73	0.02	2.92408
1.73	0.04	2.85605
1.73	0.06	2.78883
1.73	0.08	2.7224
1.73	0.1	2.65678
1.73	0.12	2.59196
1.73	0.14	2.52793
1.73	0.16	2.46471
1.73	0.18	2.40228
1.73	0.2	2.34066
1.73	0.22	2.27984
1.73	0.24	2.21982
1.73	0.26	2.16059
1.73	0.28	2.10217
1.73	0.3	2.04455
1.73	0.32	1.98773
1.73	0.34	1.93171
1.73	0.36	1.87649
1.73	0.38	1.82207
1.73	0.4	1.76845
1.73	0.42	1.71563
1.73	0.44	1.66361
1.73	0.46	1.6124
1.73	0.48	1.56198
1.73	0.5	1.51236
1.73	0.52	1.46355
1.73	0.54	1.41553
1.73	0.56	1.36832
1.73	0.58	1.3219
1.73	0.6	1.27629
1.73	0.62	1.23148
1.73	0.64	1.18747
1.73	0.66	1.14425
1.73	0.68	1.10184
1.73	0.7	1.06023
1.73	0.72	1.01942
1.73	0.74	0.979416
1.73	0.76	0.940208
1.73	0.78	0.901801
1.73	0.8	0.864194
1.73	0.82	0.827389
1.73	0.84	0.791384
1.73	0.86	0.756179
1.73	0.88	0.721776
1.73	0.9	0.688173
1.73	0.92	0.655371
1.73	0.94	0.623369
1.73	0.96	0.592169
1.73	0.98	0.561769
1.73	1	0.53217
1.73	1.02	0.503371
1.73	1.04	0.475374
1.73	1.06	0.448177
1.73	1.08	0.42178
1.73	1.1	0.396185
1.73	1.12	0.37139
1.73	1.14	0.347395
1.73	1.16	0.324202
1.73	1.18	0.301809
1.73	1.2	0.280217
1.73	1.22	0.259425
1.73	1.24	0.239434
1.73	1.26	0.220244
1.73	1.28	0.201854
1.73	1.3	0.184265
1.73	1.32	0.167476
1.73	1.34	0.151488
1.73	1.36	0.136301
1.73	1.38	0.121914
1.73	1.4	0.108327
1.73	1.42	0.0955415
1.73	1.44	0.0835562
1.73	1.46	0.0723713
1.73	1.48	0.0619869
1.73	1.5	0.0524029
1.73	1.52	0.0436194
1.73	1.54	0.0356363
1.73	1.56	0.0284536
1.73	1.58	0.0220713
1.73	1.6	0.0164893
1.73	1.62	0.0117077
1.73	1.64	0.00772647
1.73	1.66	0.00454553
1.73	1.68	0.00216488
1.73	1.7	0.000584515
1.73	1.72	-0.000195589
1.73	1.74	-0.00017545
1.73	1.76	0.000644914
1.73	1.78	0.00226548
1.73	1.8	0.00468624
1.73	1.82	0.00790717
1.73	1.84	0.0119282
1.73	1.86	0.0167495
1.73	1.88	0.0223708
1.73	1.9	0.0287922
1.73	1.92	0.0360137
1.73	1.94	0.0440352
1.73	1.96	0.0528568
1.73	1.98	0.0624784
1.73	2	0.0729
1.74	0	3.0276
1.74	0.02	2.95838
1.74	0.04	2.88995
1.74	0.06	2.82233
1.74	0.08	2.75551
1.74	0.1	2.68948
1.74	0.12	2.62426
1.74	0.14	2.55984
1.74	0.16	2.49621
1.74	0.18	2.43339
1.74	0.2	2.37137
1.74	0.22	2.31015
1.74	0.24	2.24972
1.74	0.26	2.1901
1.74	0.28	2.13128
1.74	0.3	2.07326
1.74	0.32	2.01604
1.74	0.34	1.95962
1.74	0.36	1.904
1.74	0.38	1.84918
1.74	0.4	1.79516
1.74	0.42	1.74195
1.74	0.44	1.68953
1.74	0.46	1.63791
1.74	0.48	1.5871
1.74	0.5	1.53708
1.74	0.52	1.48786
1.74	0.54	1.43945
1.74	0.56	1.39183
1.74	0.58	1.34502
1.74	0.6	1.29901
1.74	0.62	1.2538
1.74	0.64	1.20938
1.74	0.66	1.16577
1.74	0.68	1.12296
1.74	0.7	1.08095
1.74	0.72	1.03974
1.74	0.74	0.999335
1.74	0.76	0.959728
1.74	0.78	0.920921
1.74	0.8	0.882915
1.74	0.82	0.845709
1.74	0.84	0.809304
1.74	0.86	0.7737
1.74	0.88	0.738896
1.74	0.9	0.704894
1.74	0.92	0.671692
1.74	0.94	0.63929
1.74	0.96	0.60769
1.74	0.98	0.57689
1.74	1	0.546891
1.74	1.02	0.517692
1.74	1.04	0.489294
1.74	1.06	0.461697
1.74	1.08	0.434901
1.74	1.1	0.408905
1.74	1.12	0.38371
1.74	1.14	0.359316
1.74	1.16	0.335722
1.74	1.18	0.312929
1.74	1.2	0.290936
1.74	1.22	0.269744
1.74	1.24	0.249353
1.74	1.26	0.229762
1.74	1.28	0.210972
1.74	1.3	0.192983
1.74	1.32	0.175794
1.74	1.34	0.159406
1.74	1.36	0.143818
1.74	1.38	0.129031
1.74	1.4	0.115044
1.74	1.42	0.101858
1.74	1.44	0.0894717
1.74	1.46	0.0778864
1.74	1.48	0.0671016
1.74	1.5	0.0571172
1.74	1.52	0.0479332
1.74	1.54	0.0395496
1.74	1.56	0.0319664
1.74	1.58	0.0251836
1.74	1.6	0.0192011
1.74	1.62	0.014019
1.74	1.64	0.00963717
1.74	1.66	0.00605568
1.74	1.68	0.00327448
1.74	1.7	0.00129355
1.74	1.72	0.000112877
1.74	1.74	-0.000267561
1.74	1.76	0.00015222
1.74	1.78	0.0013722
1.74	1.8	0.00339236
1.74	1.82	0.00621269
1.74	1.84	0.00983317
1.74	1.86	0.0142538
1.74	1.88	0.0194745
1.74	1.9	0.0254953
1.74	1.92	0.0323162
1.74	1.94	0.0399371
1.74	1.96	0.048358
1.74	1.98	0.057579
1.74	2	0.0676
1.75	0	3.0625
1.75	0.02	2.99288
1.75	0.04	2.92405
1.75	0.06	2.85603
1.75	0.08	2.78881
1.75	0.1	2.72239
1.75	0.12	2.65676
1.75	0.14	2.59194
1.75	0.16	2.52792
1.75	0.18	2.4647
1.75	0.2	2.40228
1.75	0.22	2.34065
1.75	0.24	2.27983
1.75	0.26	2.21981
1.75	0.28	2.16059
1.75	0.3	2.10217
1.75	0.32	2.04455
1.75	0.34	1.98773
1.75	0.36	1.93171
1.75	0.38	1.8765
1.75	0.4	1.82208
1.75	0.42	1.76846
1.75	0.44	1.71564
1.75	0.46	1.66363
1.75	0.48	1.61241
1.75	0.5	1.562
1.75	0.52	1.51238
1.75	0.54	1.46357
1.75	0.56	1.41555
1.75	0.58	1.36834
1.75	0.6	1.32193
1.75	0.62	1.27631
1.75	0.64	1.2315
1.75	0.66	1.18749
1.75	0.68	1.14428
1.75	0.7	1.10187
1.75	0.72	1.06026
1.75	0.74	1.01946
1.75	0.76	0.979448
1.75	0.78	0.940241
1.75	0.8	0.901835
1.75	0.82	0.86423
1.75	0.84	0.827425
1.75	0.86	0.791421
1.75	0.88	0.756218
1.75	0.9	0.721815
1.75	0.92	0.688213
1.75	0.94	0.655412
1.75	0.96	0.623411
1.75	0.98	0.592212
1.75	1	0.561812
1.75	1.02	0.532214
1.75	1.04	0.503416
1.75	1.06	0.475419
1.75	1.08	0.448222
1.75	1.1	0.421826
1.75	1.12	0.396231
1.75	1.14	0.371436
1.75	1.16	0.347443
1.75	1.18	0.324249
1.75	1.2	0.301856
1.75	1.22	0.280264
1.75	1.24	0.259473
1.75	1.26	0.239482
1.75	1.28	0.220292
1.75	1.3	0.201902
1.75	1.32	0.184312
1.75	1.34	0.167524
1.75	1.36	0.151536
1.75	1.38	0.136348
1.75	1.4	0.121961
1.75	1.42	0.108374
1.75	1.44	0.0955878
1.75	1.46	0.0836021
1.75	1.48	0.0724168
1.75	1.5	0.0620319
1.75	1.52	0.0524474
1.75	1.54	0.0436633
1.75	1.56	0.0356796
1.75	1.58	0.0284962
1.75	1.6	0.0221132
1.75	1.62	0.0165306
1.75	1.64	0.0117482
1.75	1.66	0.00776617
1.75	1.68	0.0045844
1.75	1.7	0.00220289
1.75	1.72	0.000621624
1.75	1.74	-0.00015941
1.75	1.76	-0.000140232
1.75	1.78	0.000679141
1.75	1.8	0.00229869
1.75	1.82	0.0047184
1.75	1.84	0.00793825
1.75	1.86	0.0119582
1.75	1.88	0.0167783
1.75	1.9	0.0223985
1.75	1.92	0.0288187
1.75	1.94	0.036039
1.75	1.96	0.0440593
1.75	1.98	0.0528797
1.75	2	0.0625
1.76	0	3.0976
1.76	0.02	3.02758
1.76	0.04	2.95836
1.76	0.06	2.88993
1.76	0.08	2.82231
1.76	0.1	2.75549
1.76	0.12	2.68947
1.76	0.14	2.62425
1.76	0.16	2.55982
1.76	0.18	2.4962
1.76	0.2	2.43338
1.76	0.22	2.37136
1.76	0.24	2.31014
1.76	0.26	2.24972
1.76	0.28	2.1901
1.76	0.3	2.13128
1.76	0.32	2.07326
1.76	0.34	2.01604
1.76	0.36	1.95963
1.76	0.38	1.90401
1.76	0.4	1.84919
1.76	0.42	1.79517
1.76	0.44	1.74196
1.76	0.46	1.68954
1.76	0.48	1.63793
1.76	0.5	1.58711
1.76	0.52	1.5371
1.76	0.54	1.48788
1.76	0.56	1.43947
1.76	0.58	1.39186
1.76	0.6	1.34504
1.76	0.62	1.29903
1.76	0.64	1.25382
1.76	0.66	1.20941
1.76	0.68	1.1658
1.76	0.7	1.12299
1.76	0.72	1.08098
1.76	0.74	1.03978
1.76	0.76	0.999369
1.76	0.78	0.959762
1.76	0.8	0.920956
1.76	0.82	0.882951
1.76	0.84	0.845746
1.76	0.86	0.809343
1.76	0.88	0.773739
1.76	0.9	0.738937
1.76	0.92	0.704935
1.76	0.94	0.671734
1.76	0.96	0.639333
1.76	0.98	0.607733
1.76	1	0.576934
1.76	1.02	0.546935
1.76	1.04	0.517737
1.76	1.06	0.48934
1.76	1.08	0.461744
1.76	1.1	0.434947
1.76	1.12	0.408952
1.76	1.14	0.383757
1.76	1.16	0.359363
1.76	1.18	0.33577
1.76	1.2	0.312977
1.76	1.22	0.290984
1.76	1.24	0.269793
1.76	1.26	0.249401
1.76	1.28	0.229811
1.76	1.3	0.211021
1.76	1.32	0.193031
1.76	1.34	0.175842
1.76	1.36	0.159453
1.76	1.38	0.143865
1.76	1.4	0.129078
1.76	1.42	0.115091
1.76	1.44	0.101904
1.76	1.46	0.0895177
1.76	1.48	0.077932
1.76	1.5	0.0671466
1.76	1.52	0.0571616
1.76	1.54	0.047977
1.76	1.56	0.0395928
1.76	1.58	0.0320089
1.76	1.6	0.0252254
1.76	1.62	0.0192422
1.76	1.64	0.0140593
1.76	1.66	0.00967667
1.76	1.68	0.00609432
1.76	1.7	0.00331223
1.76	1.72	0.00133038
1.76	1.74	0.000148747
1.76	1.76	-0.000232678
1.76	1.78	0.000186085
1.76	1.8	0.00140502
1.76	1.82	0.00342411
1.76	1.84	0.00624333
1.76	1.86	0.00986268
1.76	1.88	0.0142821
1.76	1.9	0.0195017
1.76	1.92	0.0255213
1.76	1.94	0.0323409
1.76	1.96	0.0399606
1.76	1.98	0.0483803
1.76	2	0.0576
1.77	0	3.1329
1.77	0.02	3.06248
1.77	0.04	2.99286
1.77	0.06	2.92404
1.77	0.08	2.85601
1.77	0.1	2.78879
1.77	0.12	2.72237
1.77	0.14	2.65675
1.77	0.16	2.59193
1.77	0.18	2.52791
1.77	0.2	2.46469
1.77	0.22	2.40227
1.77	0.24	2.34065
1.77	0.26	2.27983
1.77	0.28	2.21981
1.77	0.3	2.16059
1.77	0.32	2.10217
1.77	0.34	2.04456
1.77	0.36	1.98774
1.77	0.38	1.93172
1.77	0.4	1.87651
1.77	0.42	1.82209
1.77	0.44	1.76847
1.77	0.46	1.71566
1.77	0.48	1.66364
1.77	0.5	1.61243
1.77	0.52	1.56201
1.77	0.54	1.5124
1.77	0.56	1.46359
1.77	0.58	1.41558
1.77	0.6	1.36836
1.77	0.62	1.32195
1.77	0.64	1.27634
1.77	0.66	1.23153
1.77	0.68	1.18752
1.77	0.7	1.14431
1.77	0.72	1.1019
1.77	0.74	1.0603
1.77	0.76	1.01949
1.77	0.78	0.979484
1.77	0.8	0.940278
1.77	0.82	0.901873
1.77	0.84	0.864269
1.77	0.86	0.827465
1.77	0.88	0.791462
1.77	0.9	0.75626
1.77	0.92	0.721858
1.77	0.94	0.688257
1.77	0.96	0.655456
1.77	0.98	0.623456
1.77	1	0.592257
1.77	1.02	0.561858
1.77	1.04	0.53226
1.77	1.06	0.503463
1.77	1.08	0.475466
1.77	1.1	0.44827
1.77	1.12	0.421874
1.77	1.14	0.396279
1.77	1.16	0.371485
1.77	1.18	0.347491
1.77	1.2	0.324298
1.77	1.22	0.301906
1.77	1.24	0.280313
1.77	1.26	0.259522
1.77	1.28	0.239531
1.77	1.3	0.22034
1.77	1.32	0.201951
1.77	1.34	0.184361
1.77	1.36	0.167572
1.77	1.38	0.151584
1.77	1.4	0.136396
1.77	1.42	0.122008
1.77	1.44	0.108421
1.77	1.46	0.0956343
1.77	1.48	0.083648
1.77	1.5	0.0724622
1.77	1.52	0.0620767
1.77	1.54	0.0524916
1.77	1.56	0.0437068
1.77	1.58	0.0357224
1.77	1.6	0.0285383
1.77	1.62	0.0221545
1.77	1.64	0.016571
1.77	1.66	0.0117878
1.77	1.68	0.00780483
1.77	1.7	0.00462212
1.77	1.72	0.00223965
1.77	1.74	0.000657385
1.77	1.76	-0.000124678
1.77	1.78	-0.00010656
1.77	1.8	0.000711723
1.77	1.82	0.00233016
1.77	1.84	0.00474872
1.77	1.86	0.0079674
1.77	1.88	0.0119862
1.77	1.9	0.016805
1.77	1.92	0.022424
1.77	1.94	0.0288429
1.77	1.96	0.036062
1.77	1.98	0.044081
1.77	2	0.0529
1.78	0	3.1684
1.78	0.02	3.09758
1.78	0.04	3.02756
1.78	0.06	2.95834
1.78	0.08	2.88992
1.78	0.1	2.8223
1.78	0.12	2.75548
1.78	0.14	2.68946
1.78	0.16	2.62424
1.78	0.18	2.55982
1.78	0.2	2.4962
1.78	0.22	2.43338
1.78	0.24	2.37136
1.78	0.26	2.31014
1.78	0.28	2.24972
1.78	0.3	2.1901
1.78	0.32	2.13129
1.78	0.34	2.07327
1.78	0.36	2.01605
1.78	0.38	1.95964
1.78	0.4	1.90402
1.78	0.42	1.8492
1.78	0.44	1.79519
1.78	0.46	1.74197
1.78	0.48	1.68956
1.78	0.5	1.63794
1.78	0.52	1.58713
1.78	0.54	1.53712
1.78	0.56	1.48791
1.78	0.58	1.43949
1.78	0.6	1.39188
1.78	0.62	1.34507
1.78	0.64	1.29906
1.78	0.66	1.25385
1.78	0.68	1.20944
1.78	0.7	1.16583
1.78	0.72	1.12303
1.78	0.74	1.08102
1.78	0.76	1.03981
1.78	0.78	0.999407
1.78	0.8	0.959801
1.78	0.82	0.920996
1.78	0.84	0.882992
1.78	0.86	0.845788
1.78	0.88	0.809385
1.78	0.9	0.773783
1.78	0.92	0.738981
1.78	0.94	0.70498
1.78	0.96	0.67178
1.78	0.98	0.63938
1.78	1	0.60778
1.78	1.02	0.576982
1.78	1.04	0.546984
1.78	1.06	0.517786
1.78	1.08	0.489389
1.78	1.1	0.461793
1.78	1.12	0.434997
1.78	1.14	0.409002
1.78	1.16	0.383808
1.78	1.18	0.359414
1.78	1.2	0.33582
1.78	1.22	0.313027
1.78	1.24	0.291035
1.78	1.26	0.269843
1.78	1.28	0.249452
1.78	1.3	0.229861
1.78	1.32	0.211071
1.78	1.34	0.193081
1.78	1.36	0.175891
1.78	1.38	0.159503
1.78	1.4	0.143914
1.78	1.42	0.129126
1.78	1.44	0.115138
1.78	1.46	0.101951
1.78	1.48	0.0895646
1.78	1.5	0.0779782
1.78	1.52	0.0671921
1.78	1.54	0.0572065
1.78	1.56	0.0480212
1.78	1.58	0.0396362
1.78	1.6	0.0320515
1.78	1.62	0.0252671
1.78	1.64	0.019283
1.78	1.66	0.0140992
1.78	1.68	0.00971561
1.78	1.7	0.00613227
1.78	1.72	0.00334916
1.78	1.74	0.00136625
1.78	1.76	0.000183529
1.78	1.78	-0.000199015
1.78	1.8	0.000218601
1.78	1.82	0.00143636
1.78	1.84	0.00345425
1.78	1.86	0.00627224
1.78	1.88	0.00989034
1.78	1.9	0.0143085
1.78	1.92	0.0195267
1.78	1.94	0.025545
1.78	1.96	0.0323633
1.78	1.98	0.0399817
1.78	2	0.0484
1.79	0	3.2041
1.79	0.02	3.13288
1.79	0.04	3.06246
1.79	0.06	2.99284
1.79	0.08	2.92402
1.79	0.1	2.856
1.79	0.12	2.78878
1.79	0.14	2.72236
1.79	0.16	2.65674
1.79	0.18	2.59192
1.79	0.2	2.52791
1.79	0.22	2.46469
1.79	0.24	2.40227
1.79	0.26	2.34065
1.79	0.28	2.27983
1.79	0.3	2.21982
1.79	0.32	2.1606
1.79	0.34	2.10218
1.79	0.36	2.04457
1.79	0.38	1.98775
1.79	0.4	1.93173
1.79	0.42	1.87652
1.79	0.44	1.8221
1.79	0.46	1.76849
1.79	0.48	1.71568
1.79	0.5	1.66366
1.79	0.52	1.61245
1.79	0.54	1.56204
1.79	0.56	1.51243
1.79	0.58	1.46361
1.79	0.6	1.4156
1.79	0.62	1.36839
1.79	0.64	1.32198
1.79	0.66	1.27637
1.79	0.68	1.23156
1.79	0.7	1.18756
1.79	0.72	1.14435
1.79	0.74	1.10194
1.79	0.76	1.06034
1.79	0.78	1.01953
1.79	0.8	0.979524
1.79	0.82	0.94032
1.79	0.84	0.901916
1.79	0.86	0.864312
1.79	0.88	0.827509
1.79	0.9	0.791507
1.79	0.92	0.756305
1.79	0.94	0.721904
1.79	0.96	0.688304
1.79	0.98	0.655504
1.79	1	0.623504
1.79	1.02	0.592306
1.79	1.04	0.561908
1.79	1.06	0.53231
1.79	1.08	0.503513
1.79	1.1	0.475517
1.79	1.12	0.448321
1.79	1.14	0.421925
1.79	1.16	0.396331
1.79	1.18	0.371536
1.79	1.2	0.347543
1.79	1.22	0.324349
1.79	1.24	0.301957
1.79	1.26	0.280365
1.79	1.28	0.259573
1.79	1.3	0.239582
1.79	1.32	0.220391
1.79	1.34	0.202001
1.79	1.36	0.184411
1.79	1.38	0.167622
1.79	1.4	0.151633
1.79	1.42	0.136444
1.79	1.44	0.122056
1.79	1.46	0.108469
1.79	1.48	0.0956814
1.79	1.5	0.0836945
1.79	1.52	0.072508
1.79	1.54	0.0621218
1.79	1.56	0.0525359
1.79	1.58	0.0437503
1.79	1.6	0.035765
1.79	1.62	0.02858
1.79	1.64	0.0221953
1.79	1.66	0.0166109
1.79	1.68	0.0118266
1.79	1.7	0.00784266
1.79	1.72	0.00465889
1.79	1.74	0.00227531
1.79	1.76	0.000691925
1.79	1.78	-9.1296e-05
1.79	1.8	-7.43638e-05
1.79	1.82	0.000742706
1.79	1.84	0.0023599
1.79	1.86	0.0047772
1.79	1.88	0.00799459
1.79	1.9	0.0120121
1.79	1.92	0.0168296
1.79	1.94	0.0224472
1.79	1.96	0.0288648
1.79	1.98	0.0360824
1.79	2	0.0441
1.8	0	3.24
1.8	0.02	3.16838
1.8	0.04	3.09756
1.8	0.06	3.02754
1.8	0.08	2.95832
1.8	0.1	2.88991
1.8	0.12	2.82229
1.8	0.14	2.75547
1.8	0.16	2.68945
1.8	0.18	2.62423
1.8	0.2	2.55981
1.8	0.22	2.4962
1.8	0.24	2.43338
1.8	0.26	2.37136
1.8	0.28	2.31014
1.8	0.3	2.24973
1.8	0.32	2.19011
1.8	0.34	2.1313
1.8	0.36	2.07328
1.8	0.38	2.01606
1.8	0.4	1.95965
1.8	0.42	1.90403
1.8	0.44	1.84922
1.8	0.46	1.79521
1.8	0.48	1.74199
1.8	0.5	1.68958
1.8	0.52	1.63797
1.8	0.54	1.58716
1.8	0.56	1.53714
1.8	0.58	1.48793
1.8	0.6	1.43952
1.8	0.62	1.39191
1.8	0.64	1.3451
1.8	0.66	1.2991
1.8	0.68	1.25389
1.8	0.7	1.20948
1.8	0.72	1.16587
1.8	0.74	1.12307
1.8	0.76	1.08106
1.8	0.78	1.03985
1.8	0.8	0.999448
1.8	0.82	0.959844
1.8	0.84	0.92104
1.8	0.86	0.883036
1.8	0.88	0.845834
1.8	0.9	0.809431
1.8	0.92	0.77383
1.8	0.94	0.739029
1.8	0.96	0.705028
1.8	0.98	0.671828
1.8	1	0.639429
1.8	1.02	0.60783
1.8	1.04	0.577032
1.8	1.06	0.547034
1.8	1.08	0.517837
1.8	1.1	0.489441
1.8	1.12	0.461845
1.8	1.14	0.435049
1.8	1.16	0.409054
1.8	1.18	0.38386
1.8	1.2	0.359466
1.8	1.22	0.335872
1.8	1.24	0.313079
1.8	1.26	0.291087
1.8	1.28	0.269895
1.8	1.3	0.249503
1.8	1.32	0.229912
1.8	1.34	0.211122
1.8	1.36	0.193131
1.8	1.38	0.175942
1.8	1.4	0.159552
1.8	1.42	0.143963
1.8	1.44	0.129175
1.8	1.46	0.115187
1.8	1.48	0.101999
1.8	1.5	0.0896113
1.8	1.52	0.0780242
1.8	1.54	0.0672374
1.8	1.56	0.0572509
1.8	1.58	0.0480647
1.8	1.6	0.0396789
1.8	1.62	0.0320933
1.8	1.64	0.0253079
1.8	1.66	0.0193228
1.8	1.68	0.0141379
1.8	1.7	0.0097533
1.8	1.72	0.00616885
1.8	1.74	0.0033846
1.8	1.76	0.00140053
1.8	1.78	0.000216611
1.8	1.8	-0.000167156
1.8	1.82	0.000249208
1.8	1.84	0.00146569
1.8	1.86	0.00348227
1.8	1.88	0.00629895
1.8	1.9	0.00991569
1.8	1.92	0.0143325
1.8	1.94	0.0195493
1.8	1.96	0.0255662
1.8	1.98	0.0323831
1.8	2	0.04
1.81	0	3.2761
1.81	0.02	3.20408
1.81	0.04	3.13286
1.81	0.06	3.06245
1.81	0.08	2.99283
1.81	0.1	2.92401
1.81	0.12	2.85599
1.81	0.14	2.78877
1.81	0.16	2.72236
1.81	0.18	2.65674
1.81	0.2	2.59192
1.81	0.22	2.5279
1.81	0.24	2.46469
1.81	0.26	2.40227
1.81	0.28	2.34066
1.81	0.3	2.27984
1.81	0.32	2.21982
1.81	0.34	2.16061
1.81	0.36	2.10219
1.81	0.38	2.04458
1.81	0.4	1.98776
1.81	0.42	1.93175
1.81	0.44	1.87654
1.81	0.46	1.82212
1.81	0.48	1.76851
1.81	0.5	1.7157
1.81	0.52	1.66369
1.81	0.54	1.61248
1.81	0.56	1.56206
1.81	0.58	1.51245
1.81	0.6	1.46364
1.81	0.62	1.41563
1.81	0.64	1.36843
1.81	0.66	1.32202
1.81	0.68	1.27641
1.81	0.7	1.2316
1.81	0.72	1.18759
1.81	0.74	1.14439
1.81	0.76	1.10198
1.81	0.78	1.06038
1.81	0.8	1.01957
1.81	0.82	0.979568
1.81	0.84	0.940364
1.81	0.86	0.901961
1.81	0.88	0.864358
1.81	0.9	0.827556
1.81	0.92	0.791555
1.81	0.94	0.756354
1.81	0.96	0.721953
1.81	0.98	0.688353
1.81	1	0.655554
1.81	1.02	0.623555
1.81	1.04	0.592357
1.81	1.06	0.561959
1.81	1.08	0.532362
1.81	1.1	0.503565
1.81	1.12	0.475569
1.81	1.14	0.448373
1.81	1.16	0.421978
1.81	1.18	0.396383
1.81	1.2	0.371589
1.81	1.22	0.347595
1.81	1.24	0.324402
1.81	1.26	0.302009
1.81	1.28	0.280417
1.81	1.3	0.259625
1.81	1.32	0.239634
1.81	1.34	0.220442
1.81	1.36	0.202052
1.81	1.38	0.184462
1.81	1.4	0.167672
1.81	1.42	0.151682
1.81	1.44	0.136493
1.81	1.46	0.122105
1.81	1.48	0.108516
1.81	1.5	0.0957283
1.81	1.52	0.0837406
1.81	1.54	0.0725532
1.81	1.56	0.0621662
1.81	1.58	0.0525794
1.81	1.6	0.0437929
1.81	1.62	0.0358067
1.81	1.64	0.0286207
1.81	1.66	0.0222349
1.81	1.68	0.0166494
1.81	1.7	0.0118641
1.81	1.72	0.00787896
1.81	1.74	0.00469402
1.81	1.76	0.00230925
1.81	1.78	0.000724631
1.81	1.8	-5.98468e-05
1.81	1.82	-4.41981e-05
1.81	1.84	0.000771563
1.81	1.86	0.00238742
1.81	1.88	0.00480337
1.81	1.9	0.00801938
1.81	1.92	0.0120354
1.81	1.94	0.0168516
1.81	1.96	0.0224677
1.81	1.98	0.0288838
1.81	2	0.0361
1.82	0	3.3124
1.82	0.02	3.23998
1.82	0.04	3.16837
1.82	0.06	3.09755
1.82	0.08	3.02753
1.82	0.1	2.95831
1.82	0.12	2.8899
1.82	0.14	2.82228
1.82	0.16	2.75546
1.82	0.18	2.68945
1.82	0.2	2.62423
1.82	0.22	2.55981
1.82	0.24	2.4962
1.82	0.26	2.43338
1.82	0.28	2.37137
1.82	0.3	2.31015
1.82	0.32	2.24974
1.82	0.34	2.19012
1.82	0.36	2.13131
1.82	0.38	2.07329
1.82	0.4	2.01608
1.82	0.42	1.95967
1.82	0.44	1.90405
1.82	0.46	1.84924
1.82	0.48	1.79523
1.82	0.5	1.74202
1.82	0.52	1.68961
1.82	0.54	1.638
1.82	0.56	1.58719
1.82	0.58	1.53718
1.82	0.6	1.48797
1.82	0.62	1.43956
1.82	0.64	1.39195
1.82	0.66	1.34514
1.82	0.68	1.29913
1.82	0.7	1.25393
1.82	0.72	1.20952
1.82	0.74	1.16591
1.82	0.76	1.12311
1.82	0.78	1.0811
1.82	0.8	1.0399
1.82	0.82	0.999493
1.82	0.84	0.959889
1.82	0.86	0.921086
1.82	0.88	0.883084
1.82	0.9	0.845882
1.82	0.92	0.80948
1.82	0.94	0.773879
1.82	0.96	0.739079
1.82	0.98	0.705079
1.82	1	0.67188
1.82	1.02	0.639481
1.82	1.04	0.607882
1.82	1.06	0.577084
1.82	1.08	0.547087
1.82	1.1	0.51789
1.82	1.12	0.489494
1.82	1.14	0.461898
1.82	1.16	0.435102
1.82	1.18	0.409107
1.82	1.2	0.383913
1.82	1.22	0.359519
1.82	1.24	0.335925
1.82	1.26	0.313132
1.82	1.28	0.29114
1.82	1.3	0.269947
1.82	1.32	0.249555
1.82	1.34	0.229964
1.82	1.36	0.211173
1.82	1.38	0.193182
1.82	1.4	0.175992
1.82	1.42	0.159602
1.82	1.44	0.144012
1.82	1.46	0.129223
1.82	1.48	0.115234
1.82	1.5	0.102046
1.82	1.52	0.0896575
1.82	1.54	0.0780695
1.82	1.56	0.0672818
1.82	1.58	0.0572944
1.82	1.6	0.0481073
1.82	1.62	0.0397204
1.82	1.64	0.0321338
1.82	1.66	0.0253474
1.82	1.68	0.0193612
1.82	1.7	0.0141751
1.82	1.72	0.00978933
1.82	1.74	0.00620368
1.82	1.76	0.0034182
1.82	1.78	0.00143286
1.82	1.8	0.000247651
1.82	1.82	-0.000137434
1.82	1.84	0.000277588
1.82	1.86	0.0014927
1.82	1.88	0.0035079
1.82	1.9	0.00632316
1.82	1.92	0.00993848
1.82	1.94	0.0143538
1.82	1.96	0.0195692
1.82	1.98	0.0255846
1.82	2	0.0324
1.83	0	3.3489
1.83	0.02	3.27608
1.83	0.04	3.20407
1.83	0.06	3.13285
1.83	0.08	3.06243
1.83	0.1	2.99282
1.83	0.12	2.924
1.83	0.14	2.85599
1.83	0.16	2.78877
1.83	0.18	2.72235
1.83	0.2	2.65674
1.83	0.22	2.59192
1.83	0.24	2.52791
1.83	0.26	2.46469
1.83	0.28	2.40228
1.83	0.3	2.34066
1.83	0.32	2.27985
1.83	0.34	2.21984
1.83	0.36	2.16062
1.83	0.38	2.10221
1.83	0.4	2.0446
1.83	0.42	1.98778
1.83	0.44	1.93177
1.83	0.46	1.87656
1.83	0.48	1.82215
1.83	0.5	1.76854
1.83	0.52	1.71573
1.83	0.54	1.66372
1.83	0.56	1.61251
1.83	0.58	1.5621
1.83	0.6	1.51249
1.83	0.62	1.46368
1.83	0.64	1.41567
1.83	0.66	1.36846
1.83	0.68	1.32206
1.83	0.7	1.27645
1.83	0.72	1.23164
1.83	0.74	1.18764
1.83	0.76	1.14443
1.83	0.78	1.10203
1.83	0.8	1.06042
1.83	0.82	1.01962
1.83	0.84	0.979615
1.83	0.86	0.940412
1.83	0.88	0.90201
1.83	0.9	0.864408
1.83	0.92	0.827607
1.83	0.94	0.791606
1.83	0.96	0.756405
1.83	0.98	0.722005
1.83	1	0.688406
1.83	1.02	0.655607
1.83	1.04	0.623608
1.83	1.06	0.59241
1.83	1.08	0.562013
1.83	1.1	0.532416
1.83	1.12	0.503619
1.83	1.14	0.475623
1.83	1.16	0.448428
1.83	1.18	0.422032
1.83	1.2	0.396438
1.83	1.22	0.371643
1.83	1.24	0.347649
1.83	1.26	0.324456
1.83	1.28	0.302063
1.83	1.3	0.28047
1.83	1.32	0.259678
1.83	1.34	0.239686
1.83	1.36	0.220494
1.83	1.38	0.202103
1.83	1.4	0.184512
1.83	1.42	0.167722
1.83	1.44	0.151732
1.83	1.46	0.136542
1.83	1.48	0.122153
1.83	1.5	0.108564
1.83	1.52	0.0957747
1.83	1.54	0.0837862
1.83	1.56	0.0725979
1.83	1.58	0.0622098
1.83	1.6	0.0526221
1.83	1.62	0.0438345
1.83	1.64	0.0358472
1.83	1.66	0.0286601
1.83	1.68	0.0222732
1.83	1.7	0.0166865
1.83	1.72	0.0118999
1.83	1.74	0.00791357
1.83	1.76	0.00472735
1.83	1.78	0.00234127
1.83	1.8	0.000755324
1.83	1.82	-3.05123e-05
1.83	1.84	-1.6247e-05
1.83	1.86	0.000798107
1.83	1.88	0.00241254
1.83	1.9	0.00482703
1.83	1.92	0.00804158
1.83	1.94	0.0120562
1.83	1.96	0.0168708
1.83	1.98	0.0224854
1.83	2	0.0289
1.84	0	3.3856
1.84	0.02	3.31238
1.84	0.04	3.23997
1.84	0.06	3.16835
1.84	0.08	3.09754
1.84	0.1	3.02752
1.84	0.12	2.95831
1.84	0.14	2.88989
1.84	0.16	2.82228
1.84	0.18	2.75546
1.84	0.2	2.68945
1.84	0.22	2.62423
1.84	0.24	2.55982
1.84	0.26	2.4962
1.84	0.28	2.43339
1.84	0.3	2.37138
1.84	0.32	2.31016
1.84	0.34	2.24975
1.84	0.36	2.19014
1.84	0.38	2.13133
1.84	0.4	2.07331
1.84	0.42	2.0161
1.84	0.44	1.95969
1.84	0.46	1.90408
1.84	0.48	1.84927
1.84	0.5	1.79526
1.84	0.52	1.74205
1.84	0.54	1.68964
1.84	0.56	1.63803
1.84	0.58	1.58722
1.84	0.6	1.53721
1.84	0.62	1.488
1.84	0.64	1.43959
1.84	0.66	1.39199
1.84	0.68	1.34518
1.84	0.7	1.29917
1.84	0.72	1.25397
1.84	0.74	1.20956
1.84	0.76	1.16596
1.84	0.78	1.12315
1.84	0.8	1.08115
1.84	0.82	1.03994
1.84	0.84	0.999541
1.84	0.86	0.959939
1.84	0.88	0.921136
1.84	0.9	0.883135
1.84	0.92	0.845933
1.84	0.94	0.809532
1.84	0.96	0.773932
1.84	0.98	0.739132
1.84	1	0.705133
1.84	1.02	0.671934
1.84	1.04	0.639535
1.84	1.06	0.607937
1.84	1.08	0.577139
1.84	1.1	0.547142
1.84	1.12	0.517945
1.84	1.14	0.489549
1.84	1.16	0.461953
1.84	1.18	0.435158
1.84	1.2	0.409163
1.84	1.22	0.383968
1.84	1.24	0.359574
1.84	1.26	0.33598
1.84	1.28	0.313186
1.84	1.3	0.291193
1.84	1.32	0.270001
1.84	1.34	0.249608
1.84	1.36	0.230016
1.84	1.38	0.211225
1.84	1.4	0.193233
1.84	1.42	0.176042
1.84	1.44	0.159652
1.84	1.46	0.144062
1.84	1.48	0.129271
1.84	1.5	0.115282
1.84	1.52	0.102092
1.84	1.54	0.0897031
1.84	1.56	0.0781142
1.84	1.58	0.0673255
1.84	1.6	0.0573371
1.84	1.62	0.0481489
1.84	1.64	0.0397609
1.84	1.66	0.0321731
1.84	1.68	0.0253854
1.84	1.7	0.019398
1.84	1.72	0.0142108
1.84	1.74	0.00982365
1.84	1.76	0.00623669
1.84	1.78	0.00344986
1.84	1.8	0.00146315
1.84	1.82	0.000276543
1.84	1.84	-0.000109962
1.84	1.86	0.000303616
1.84	1.88	0.00151727
1.84	1.9	0.00353098
1.84	1.92	0.00634473
1.84	1.94	0.00995853
1.84	1.96	0.0143723
1.84	1.98	0.0195862
1.84	2	0.0256
1.85	0	3.4225
1.85	0.02	3.34889
1.85	0.04	3.27607
1.85	0.06	3.20406
1.85	0.08	3.13284
1.85	0.1	3.06243
1.85	0.12	2.99281
1.85	0.14	2.924
1.85	0.16	2.85598
1.85	0.18	2.78877
1.85	0.2	2.72236
1.85	0.22	2.65674
1.85	0.24	2.59193
1.85	0.26	2.52792
1.85	0.28	2.4647
1.85	0.3	2.40229
1.85	0.32	2.34068
1.85	0.34	2.27986
1.85	0.36	2.21985
1.85	0.38	2.16064
1.85	0.4	2.10223
1.85	0.42	2.04462
1.85	0.44	1.98781
1.85	0.46	1.9318
1.85	0.48	1.87659
1.85	0.5	1.82218
1.85	0.52	1.76857
1.85	0.54	1.71576
1.85	0.56	1.66375
1.85	0.58	1.61254
1.85	0.6	1.56213
1.85	0.62	1.51252
1.85	0.64	1.46372
1.85	0.66	1.41571
1.85	0.68	1.3685
1.85	0.7	1.3221
1.85	0.72	1.27649
1.85	0.74	1.23169
1.85	0.76	1.18768
1.85	0.78	1.14448
1.85	0.8	1.10207
1.85	0.82	1.06047
1.85	0.84	1.01967
1.85	0.86	0.979665
1.85	0.88	0.940463
1.85	0.9	0.902061
1.85	0.92	0.86446
1.85	0.94	0.827659
1.85	0.96	0.791659
1.85	0.98	0.756459
1.85	1	0.722059
1.85	1.02	0.68846
1.85	1.04	0.655662
1.85	1.06	0.623663
1.85	1.08	0.592466
1.85	1.1	0.562068
1.85	1.12	0.532471
1.85	1.14	0.503675
1.85	1.16	0.475679
1.85	1.18	0.448483
1.85	1.2	0.422088
1.85	1.22	0.396493
1.85	1.24	0.371698
1.85	1.26	0.347704
1.85	1.28	0.32451
1.85	1.3	0.302117
1.85	1.32	0.280523
1.85	1.34	0.259731
1.85	1.36	0.239738
1.85	1.38	0.220546
1.85	1.4	0.202154
1.85	1.42	0.184563
1.85	1.44	0.167772
1.85	1.46	0.151781
1.85	1.48	0.13659
1.85	1.5	0.1222
1.85	1.52	0.10861
1.85	1.54	0.0958201
1.85	1.56	0.0838305
1.85	1.58	0.0726412
1.85	1.6	0.0622521
1.85	1.62	0.0526632
1.85	1.64	0.0438745
1.85	1.66	0.035886
1.85	1.68	0.0286977
1.85	1.7	0.0223096
1.85	1.72	0.0167216
1.85	1.74	0.0119337
1.85	1.76	0.00794603
1.85	1.78	0.00475844
1.85	1.8	0.00237097
1.85	1.82	0.000783604
1.85	1.84	-3.67401e-06
1.85	1.86	9.12765e-06
1.85	1.88	0.000821997
1.85	1.9	0.00243492
1.85	1.92	0.00484789
1.85	1.94	0.0080609
1.85	1.96	0.0120739
1.85	1.98	0.016887
1.85	2	0.0225
1.86	0	3.4596
1.86	0.02	3.38559
1.86	0.04	3.31237
1.86	0.06	3.23996
1.86	0.08	3.16835
1.86	0.1	3.09753
1.86	0.12	3.02752
1.86	0.14	2.9583
1.86	0.16	2.88989
1.86	0.18	2.82228
1.86	0.2	2.75547
1.86	0.22	2.68945
1.86	0.24	2.62424
1.86	0.26	2.55983
1.86	0.28	2.49622
1.86	0.3	2.4334
1.86	0.32	2.37139
1.86	0.34	2.31018
1.86	0.36	2.24977
1.86	0.38	2.19016
1.86	0.4	2.13135
1.86	0.42	2.07334
1.86	0.44	2.01613
1.86	0.46	1.95972
1.86	0.48	1.90411
1.86	0.5	1.8493
1.86	0.52	1.79529
1.86	0.54	1.74208
1.86	0.56	1.68967
1.86	0.58	1.63806
1.86	0.6	1.58726
1.86	0.62	1.53725
1.86	0.64	1.48804
1.86	0.66	1.43963
1.86	0.68	1.39203
1.86	0.7	1.34522
1.86	0.72	1.29922
1.86	0.74	1.25401
1.86	0.76	1.20961
1.86	0.78	1.166
1.86	0.8	1.1232
1.86	0.82	1.0812
1.86	0.84	1.03999
1.86	0.86	0.999592
1.86	0.88	0.95999
1.86	0.9	0.921189
1.86	0.92	0.883187
1.86	0.94	0.845987
1.86	0.96	0.809586
1.86	0.98	0.773986
1.86	1	0.739187
1.86	1.02	0.705188
1.86	1.04	0.671989
1.86	1.06	0.639591
1.86	1.08	0.607993
1.86	1.1	0.577195
1.86	1.12	0.547198
1.86	1.14	0.518001
1.86	1.16	0.489605
1.86	1.18	0.462009
1.86	1.2	0.435213
1.86	1.22	0.409218
1.86	1.24	0.384023
1.86	1.26	0.359629
1.86	1.28	0.336034
1.86	1.3	0.313241
1.86	1.32	0.291247
1.86	1.34	0.270054
1.86	1.36	0.249661
1.86	1.38	0.230068
1.86	1.4	0.211276
1.86	1.42	0.193284
1.86	1.44	0.176092
1.86	1.46	0.159701
1.86	1.48	0.14411
1.86	1.5	0.129319
1.86	1.52	0.115328
1.86	1.54	0.102138
1.86	1.56	0.0897474
1.86	1.58	0.0781574
1.86	1.6	0.0673676
1.86	1.62	0.0573781
1.86	1.64	0.0481887
1.86	1.66	0.0397994
1.86	1.68	0.0322104
1.86	1.7	0.0254215
1.86	1.72	0.0194328
1.86	1.74	0.0142442
1.86	1.76	0.00985568
1.86	1.78	0.00626731
1.86	1.8	0.00347906
1.86	1.82	0.0014909
1.86	1.84	0.000302823
1.86	1.86	-8.51776e-05
1.86	1.88	0.000326885
1.86	1.9	0.001539
1.86	1.92	0.00355116
1.86	1.94	0.00636335
1.86	1.96	0.00997556
1.86	1.98	0.0143878
1.86	2	0.0196
1.87	0	3.4969
1.87	0.02	3.42249
1.87	0.04	3.34887
1.87	0.06	3.27606
1.87	0.08	3.20405
1.87	0.1	3.13284
1.87	0.12	3.06242
1.87	0.14	2.99281
1.87	0.16	2.924
1.87	0.18	2.85599
1.87	0.2	2.78877
1.87	0.22	2.72236
1.87	0.24	2.65675
1.87	0.26	2.59194
1.87	0.28	2.52793
1.87	0.3	2.46472
1.87	0.32	2.40231
1.87	0.34	2.34069
1.87	0.36	2.27988
1.87	0.38	2.21987
1.87	0.4	2.16066
1.87	0.42	2.10225
1.87	0.44	2.04464
1.87	0.46	1.98783
1.87	0.48	1.93183
1.87	0.5	1.87662
1.87	0.52	1.82221
1.87	0.54	1.7686
1.87	0.56	1.71579
1.87	0.58	1.66379
1.87	0.6	1.61258
1.87	0.62	1.56217
1.87	0.64	1.51257
1.87	0.66	1.46376
1.87	0.68	1.41575
1.87	0.7	1.36855
1.87	0.72	1.32214
1.87	0.74	1.27654
1.87	0.76	1.23174
1.87	0.78	1.18773
1.87	0.8	1.14453
1.87	0.82	1.10212
1.87	0.84	1.06052
1.87	0.86	1.01972
1.87	0.88	0.979718
1.87	0.9	0.940517
1.87	0.92	0.902115
1.87	0.94	0.864515
1.87	0.96	0.827714
1.87	0.98	0.791714
1.87	1	0.756515
1.87	1.02	0.722116
1.87	1.04	0.688517
1.87	1.06	0.655718
1.87	1.08	0.62372
1.87	1.1	0.592523
1.87	1.12	0.562125
1.87	1.14	0.532528
1.87	1.16	0.503732
1.87	1.18	0.475736
1.87	1.2	0.44854
1.87	1.22	0.422144
1.87	1.24	0.396549
1.87	1.26	0.371754
1.87	1.28	0.347759
1.87	1.3	0.324565
1.87	1.32	0.302171
1.87	1.34	0.280577
1.87	1.36	0.259784
1.87	1.38	0.239791
1.87	1.4	0.220598
1.87	1.42	0.202205
1.87	1.44	0.184613
1.87	1.46	0.167821
1.87	1.48	0.151829
1.87	1.5	0.136638
1.87	1.52	0.122247
1.87	1.54	0.108655
1.87	1.56	0.0958645
1.87	1.58	0.0838739
1.87	1.6	0.0726834
1.87	1.62	0.0622931
1.87	1.64	0.052703
1.87	1.66	0.043913
1.87	1.68	0.0359232
1.87	1.7	0.0287336
1.87	1.72	0.0223441
1.87	1.74	0.0167547
1.87	1.76	0.0119655
1.87	1.78	0.00797631
1.87	1.8	0.00478725
1.87	1.82	0.00239829
1.87	1.84	0.000809408
1.87	1.86	2.05947e-05
1.87	1.88	3.18403e-05
1.87	1.9	0.000843135
1.87	1.92	0.00245447
1.87	1.94	0.00486583
1.87	1.96	0.00807722
1.87	1.98	0.0120886
1.87	2	0.0169
1.88	0	3.5344
1.88	0.02	3.45959
1.88	0.04	3.38558
1.88	0.06	3.31236
1.88	0.08	3.23995
1.88	0.1	3.16834
1.88	0.12	3.09753
1.88	0.14	3.02752
1.88	0.16	2.95831
1.88	0.18	2.88989
1.88	0.2	2.82228
1.88	0.22	2.75547
1.88	0.24	2.68946
1.88	0.26	2.62425
1.88	0.28	2.55984
1.88	0.3	2.49623
1.88	0.32	2.43342
1.88	0.34	2.37141
1.88	0.36	2.3102
1.88	0.38	2.24979
1.88	0.4	2.19018
1.88	0.42	2.13137
1.88	0.44	2.07336
1.88	0.46	2.01615
1.88	0.48	1.95975
1.88	0.5	1.90414
1.88	0.52	1.84933
1.88	0.54	1.79532
1.88	0.56	1.74212
1.88	0.58	1.68971
1.88	0.6	1.6381
1.88	0.62	1.5873
1.88	0.64	1.53729
1.88	0.66	1.48808
1.88	0.68	1.43968
1.88	0.7	1.39207
1.88	0.72	1.34527
1.88	0.74	1.29927
1.88	0.76	1.25406
1.88	0.78	1.20966
1.88	0.8	1.16606
1.88	0.82	1.12325
1.88	0.84	1.08125
1.88	0.86	1.04005
1.88	0.88	0.999646
1.88	0.9	0.960045
1.88	0.92	0.921244
1.88	0.94	0.883243
1.88	0.96	0.846043
1.88	0.98	0.809643
1.88	1	0.774043
1.88	1.02	0.739244
1.88	1.04	0.705245
1.88	1.06	0.672047
1.88	1.08	0.639648
1.88	1.1	0.60805
1.88	1.12	0.577253
1.88	1.14	0.547256
1.88	1.16	0.518059
1.88	1.18	0.489662
1.88	1.2	0.462066
1.88	1.22	0.43527
1.88	1.24	0.409275
1.88	1.26	0.384079
1.88	1.28	0.359684
1.88	1.3	0.33609
1.88	1.32	0.313295
1.88	1.34	0.291301
1.88	1.36	0.270107
1.88	1.38	0.249714
1.88	1.4	0.23012
1.88	1.42	0.211327
1.88	1.44	0.193334
1.88	1.46	0.176142
1.88	1.48	0.159749
1.88	1.5	0.144157
1.88	1.52	0.129365
1.88	1.54	0.115373
1.88	1.56	0.102182
1.88	1.58	0.0897905
1.88	1.6	0.0781993
1.88	1.62	0.0674083
1.88	1.64	0.0574175
1.88	1.66	0.0482268
1.88	1.68	0.0398363
1.88	1.7	0.0322458
1.88	1.72	0.0254556
1.88	1.74	0.0194654
1.88	1.76	0.0142754
1.88	1.78	0.00988541
1.88	1.8	0.00629555
1.88	1.82	0.00350578
1.88	1.84	0.00151608
1.88	1.86	0.000326439
1.88	1.88	-6.31433e-05
1.88	1.9	0.00034732
1.88	1.92	0.00155782
1.88	1.94	0.00356835
1.88	1.96	0.00637889
1.88	1.98	0.00998945
1.88	2	0.0144
1.89	0	3.5721
1.89	0.02	3.49689
1.89	0.04	3.42248
1.89	0.06	3.34887
1.89	0.08	3.27606
1.89	0.1	3.20405
1.89	0.12	3.13283
1.89	0.14	3.06242
1.89	0.16	2.99281
1.89	0.18	2.924
1.89	0.2	2.85599
1.89	0.22	2.78878
1.89	0.24	2.72237
1.89	0.26	2.65676
1.89	0.28	2.59195
1.89	0.3	2.52794
1.89	0.32	2.46473
1.89	0.34	2.40232
1.89	0.36	2.34072
1.89	0.38	2.27991
1.89	0.4	2.2199
1.89	0.42	2.16069
1.89	0.44	2.10228
1.89	0.46	2.04467
1.89	0.48	1.98787
1.89	0.5	1.93186
1.89	0.52	1.87665
1.89	0.54	1.82225
1.89	0.56	1.76864
1.89	0.58	1.71583
1.89	0.6	1.66383
1.89	0.62	1.61262
1.89	0.64	1.56222
1.89	0.66	1.51261
1.89	0.68	1.46381
1.89	0.7	1.4158
1.89	0.72	1.3686
1.89	0.74	1.32219
1.89	0.76	1.27659
1.89	0.78	1.23179
1.89	0.8	1.18778
1.89	0.82	1.14458
1.89	0.84	1.10218
1.89	0.86	1.06058
1.89	0.88	1.01977
1.89	0.9	0.979773
1.89	0.92	0.940572
1.89	0.94	0.902172
1.89	0.96	0.864571
1.89	0.98	0.827772
1.89	1	0.791772
1.89	1.02	0.756573
1.89	1.04	0.722174
1.89	1.06	0.688575
1.89	1.08	0.655777
1.89	1.1	0.623779
1.89	1.12	0.592581
1.89	1.14	0.562183
1.89	1.16	0.532586
1.89	1.18	0.503789
1.89	1.2	0.475793
1.89	1.22	0.448597
1.89	1.24	0.422201
1.89	1.26	0.396605
1.89	1.28	0.37181
1.89	1.3	0.347815
1.89	1.32	0.32462
1.89	1.34	0.302225
1.89	1.36	0.280631
1.89	1.38	0.259837
1.89	1.4	0.239843
1.89	1.42	0.220649
1.89	1.44	0.202256
1.89	1.46	0.184662
1.89	1.48	0.167869
1.89	1.5	0.151877
1.89	1.52	0.136684
1.89	1.54	0.122292
1.89	1.56	0.108699
1.89	1.58	0.0959073
1.89	1.6	0.0839155
1.89	1.62	0.0727237
1.89	1.64	0.0623321
1.89	1.66	0.0527407
1.89	1.68	0.0439494
1.89	1.7	0.0359582
1.89	1.72	0.0287672
1.89	1.74	0.0223762
1.89	1.76	0.0167854
1.89	1.78	0.0119946
1.89	1.8	0.00800394
1.89	1.82	0.00481335
1.89	1.84	0.00242282
1.89	1.86	0.000832349
1.89	1.88	4.19296e-05
1.89	1.9	5.15526e-05
1.89	1.92	0.000861209
1.89	1.94	0.00247089
1.89	1.96	0.00488059
1.89	1.98	0.00809029
1.89	2	0.0121
1.9	0	3.61
1.9	0.02	3.53439
1.9	0.04	3.45958
1.9	0.06	3.38557
1.9	0.08	3.31236
1.9	0.1	3.23995
1.9	0.12	3.16834
1.9	0.14	3.09753
1.9	0.16	3.02752
1.9	0.18	2.95831
1.9	0.2	2.8899
1.9	0.22	2.82229
1.9	0.24	2.75548
1.9	0.26	2.68947
1.9	0.28	2.62427
1.9	0.3	2.55986
1.9	0.32	2.49625
1.9	0.34	2.43344
1.9	0.36	2.37143
1.9	0.38	2.31022
1.9	0.4	2.24982
1.9	0.42	2.19021
1.9	0.44	2.1314
1.9	0.46	2.07339
1.9	0.48	2.01619
1.9	0.5	1.95978
1.9	0.52	1.90417
1.9	0.54	1.84937
1.9	0.56	1.79536
1.9	0.58	1.74216
1.9	0.6	1.68975
1.9	0.62	1.63815
1.9	0.64	1.58734
1.9	0.66	1.53734
1.9	0.68	1.48813
1.9	0.7	1.43973
1.9	0.72	1.39212
1.9	0.74	1.34532
1.9	0.76	1.29932
1.9	0.78	1.25411
1.9	0.8	1.20971
1.9	0.82	1.16611
1.9	0.84	1.12331
1.9	0.86	1.0813
1.9	0.88	1.0401
1.9	0.9	0.999702
1.9	0.92	0.960101
1.9	0.94	0.921301
1.9	0.96	0.8833
1.9	0.98	0.846101
1.9	1	0.809701
1.9	1.02	0.774101
1.9	1.04	0.739302
1.9	1.06	0.705304
1.9	1.08	0.672105
1.9	1.1	0.639707
1.9	1.12	0.608109
1.9	1.14	0.577311
1.9	1.16	0.547314
1.9	1.18	0.518117
1.9	1.2	0.48972
1.9	1.22	0.462123
1.9	1.24	0.435327
1.9	1.26	0.409331
1.9	1.28	0.384135
1.9	1.3	0.35974
1.9	1.32	0.336144
1.9	1.34	0.313349
1.9	1.36	0.291354
1.9	1.38	0.27016
1.9	1.4	0.249765
1.9	1.42	0.230171
1.9	1.44	0.211377
1.9	1.46	0.193383
1.9	1.48	0.17619
1.9	1.5	0.159796
1.9	1.52	0.144203
1.9	1.54	0.12941
1.9	1.56	0.115417
1.9	1.58	0.102224
1.9	1.6	0.0898317
1.9	1.62	0.0782393
1.9	1.64	0.067447
1.9	1.66	0.0574548
1.9	1.68	0.0482627
1.9	1.7	0.0398707
1.9	1.72	0.0322789
1.9	1.74	0.0254871
1.9	1.76	0.0194955
1.9	1.78	0.0143039
1.9	1.8	0.00991242
1.9	1.82	0.00632099
1.9	1.84	0.00352963
1.9	1.86	0.00153832
1.9	1.88	0.000347054
1.9	1.9	-4.41721e-05
1.9	1.92	0.000364632
1.9	1.94	0.00157346
1.9	1.96	0.0035823
1.9	1.98	0.00639115
1.9	2	0.01
1.91	0	3.6481
1.91	0.02	3.57209
1.91	0.04	3.49688
1.91	0.06	3.42247
1.91	0.08	3.34886
1.91	0.1	3.27606
1.91	0.12	3.20405
1.91	0.14	3.13284
1.91	0.16	3.06243
1.91	0.18	2.99282
1.91	0.2	2.92401
1.91	0.22	2.856
1.91	0.24	2.7888
1.91	0.26	2.72239
1.91	0.28	2.65678
1.91	0.3	2.59197
1.91	0.32	2.52796
1.91	0.34	2.46476
1.91	0.36	2.40235
1.91	0.38	2.34074
1.91	0.4	2.27993
1.91	0.42	2.21993
1.91	0.44	2.16072
1.91	0.46	2.10231
1.91	0.48	2.04471
1.91	0.5	1.9879
1.91	0.52	1.9319
1.91	0.54	1.87669
1.91	0.56	1.82228
1.91	0.58	1.76868
1.91	0.6	1.71587
1.91	0.62	1.66387
1.91	0.64	1.61267
1.91	0.66	1.56226
1.91	0.68	1.51266
1.91	0.7	1.46385
1.91	0.72	1.41585
1.91	0.74	1.36865
1.91	0.76	1.32224
1.91	0.78	1.27664
1.91	0.8	1.23184
1.91	0.82	1.18784
1.91	0.84	1.14463
1.91	0.86	1.10223
1.91	0.88	1.06063
1.91	0.9	1.01983
1.91	0.92	0.97983
1.91	0.94	0.94063
1.91	0.96	0.902229
1.91	0.98	0.86463
1.91	1	0.82783
1.91	1.02	0.79183
1.91	1.04	0.756631
1.91	1.06	0.722232
1.91	1.08	0.688634
1.91	1.1	0.655835
1.91	1.12	0.623837
1.91	1.14	0.592639
1.91	1.16	0.562242
1.91	1.18	0.532644
1.91	1.2	0.503847
1.91	1.22	0.47585
1.91	1.24	0.448654
1.91	1.26	0.422257
1.91	1.28	0.396661
1.91	1.3	0.371865
1.91	1.32	0.347869
1.91	1.34	0.324674
1.91	1.36	0.302278
1.91	1.38	0.280683
1.91	1.4	0.259888
1.91	1.42	0.239893
1.91	1.44	0.220699
1.91	1.46	0.202304
1.91	1.48	0.18471
1.91	1.5	0.167916
1.91	1.52	0.151922
1.91	1.54	0.136728
1.91	1.56	0.122335
1.91	1.58	0.108741
1.91	1.6	0.095948
1.91	1.62	0.0839548
1.91	1.64	0.0727618
1.91	1.66	0.0623688
1.91	1.68	0.052776
1.91	1.7	0.0439833
1.91	1.72	0.0359906
1.91	1.74	0.0287981
1.91	1.76	0.0224056
1.91	1.78	0.0168132
1.91	1.8	0.0120209
1.91	1.82	0.00802864
1.91	1.84	0.00483644
1.91	1.86	0.00244429
1.91	1.88	0.00085218
1.91	1.9	6.0104e-05
1.91	1.92	6.80561e-05
1.91	1.94	0.000876029
1.91	1.96	0.00248402
1.91	1.98	0.00489201
1.91	2	0.0081
1.92	0	3.6864
1.92	0.02	3.60999
1.92	0.04	3.53438
1.92	0.06	3.45958
1.92	0.08	3.38557
1.92	0.1	3.31236
1.92	0.12	3.23995
1.92	0.14	3.16834
1.92	0.16	3.09754
1.92	0.18	3.02753
1.92	0.2	2.95832
1.92	0.22	2.88991
1.92	0.24	2.82231
1.92	0.26	2.7555
1.92	0.28	2.68949
1.92	0.3	2.62429
1.92	0.32	2.55988
1.92	0.34	2.49627
1.92	0.36	2.43346
1.92	0.38	2.37146
1.92	0.4	2.31025
1.92	0.42	2.24985
1.92	0.44	2.19024
1.92	0.46	2.13143
1.92	0.48	2.07343
1.92	0.5	2.01622
1.92	0.52	1.95982
1.92	0.54	1.90421
1.92	0.56	1.84941
1.92	0.58	1.7954
1.92	0.6	1.7422
1.92	0.62	1.68979
1.92	0.64	1.63819
1.92	0.66	1.58739
1.92	0.68	1.53738
1.92	0.7	1.48818
1.92	0.72	1.43978
1.92	0.74	1.39217
1.92	0.76	1.34537
1.92	0.78	1.29937
1.92	0.8	1.25417
1.92	0.82	1.20977
1.92	0.84	1.16616
1.92	0.86	1.12336
1.92	0.88	1.08136
1.92	0.9	1.04016
1.92	0.92	0.99976
1.92	0.94	0.960159
1.92	0.96	0.921359
1.92	0.98	0.883359
1.92	1	0.846159
1.92	1.02	0.80976
1.92	1.04	0.774161
1.92	1.06	0.739362
1.92	1.08	0.705363
1.92	1.1	0.672164
1.92	1.12	0.639766
1.92	1.14	0.608168
1.92	1.16	0.57737
1.92	1.18	0.547372
1.92	1.2	0.518175
1.92	1.22	0.489777
1.92	1.24	0.46218
1.92	1.26	0.435384
1.92	1.28	0.409387
1.92	1.3	0.384191
1.92	1.32	0.359794
1.92	1.34	0.336198
1.92	1.36	0.313402
1.92	1.38	0.291407
1.92	1.4	0.270211
1.92	1.42	0.249816
1.92	1.44	0.230221
1.92	1.46	0.211426
1.92	1.48	0.193431
1.92	1.5	0.176236
1.92	1.52	0.159842
1.92	1.54	0.144247
1.92	1.56	0.129453
1.92	1.58	0.115459
1.92	1.6	0.102265
1.92	1.62	0.0898707
1.92	1.64	0.0782769
1.92	1.66	0.0674831
1.92	1.68	0.0574895
1.92	1.7	0.048296
1.92	1.72	0.0399026
1.92	1.74	0.0323092
1.92	1.76	0.0255159
1.92	1.78	0.0195227
1.92	1.8	0.0143295
1.92	1.82	0.00993643
1.92	1.84	0.00634338
1.92	1.86	0.00355037
1.92	1.88	0.0015574
1.92	1.9	0.000364457
1.92	1.92	-2.84586e-05
1.92	1.94	0.000378644
1.92	1.96	0.00158576
1.92	1.98	0.00359288
1.92	2	0.0064
1.93	0	3.7249
1.93	0.02	3.64809
1.93	0.04	3.57209
1.93	0.06	3.49688
1.93	0.08	3.42247
1.93	0.1	3.34887
1.93	0.12	3.27606
1.93	0.14	3.20405
1.93	0.16	3.13284
1.93	0.18	3.06244
1.93	0.2	2.99283
1.93	0.22	2.92402
1.93	0.24	2.85602
1.93	0.26	2.78881
1.93	0.28	2.72241
1.93	0.3	2.6568
1.93	0.32	2.59199
1.93	0.34	2.52799
1.93	0.36	2.46478
1.93	0.38	2.40238
1.93	0.4	2.34077
1.93	0.42	2.27997
1.93	0.44	2.21996
1.93	0.46	2.16075
1.93	0.48	2.10235
1.93	0.5	2.04475
1.93	0.52	1.98794
1.93	0.54	1.93194
1.93	0.56	1.87673
1.93	0.58	1.82233
1.93	0.6	1.76872
1.93	0.62	1.71592
1.93	0.64	1.66392
1.93	0.66	1.61271
1.93	0.68	1.56231
1.93	0.7	1.51271
1.93	0.72	1.4639
1.93	0.74	1.4159
1.93	0.76	1.3687
1.93	0.78	1.3223
1.93	0.8	1.2767
1.93	0.82	1.23189
1.93	0.84	1.18789
1.93	0.86	1.14469
1.93	0.88	1.10229
1.93	0.9	1.06069
1.93	0.92	1.01989
1.93	0.94	0.979889
1.93	0.96	0.940689
1.93	0.98	0.902289
1.93	1	0.864689
1.93	1.02	0.827889
1.93	1.04	0.79189
1.93	1.06	0.756691
1.93	1.08	0.722292
1.93	1.1	0.688693
1.93	1.12	0.655895
1.93	1.14	0.623896
1.93	1.16	0.592698
1.93	1.18	0.5623
1.93	1.2	0.532703
1.93	1.22	0.503905
1.93	1.24	0.475908
1.93	1.26	0.44871
1.93	1.28	0.422313
1.93	1.3	0.396716
1.93	1.32	0.37192
1.93	1.34	0.347923
1.93	1.36	0.324727
1.93	1.38	0.302331
1.93	1.4	0.280735
1.93	1.42	0.259939
1.93	1.44	0.239943
1.93	1.46	0.220747
1.93	1.48	0.202352
1.93	1.5	0.184756
1.93	1.52	0.167961
1.93	1.54	0.151966
1.93	1.56	0.136771
1.93	1.58	0.122376
1.93	1.6	0.108781
1.93	1.62	0.0959866
1.93	1.64	0.083992
1.93	1.66	0.0727975
1.93	1.68	0.0624031
1.93	1.7	0.0528088
1.93	1.72	0.0440146
1.93	1.74	0.0360204
1.93	1.76	0.0288263
1.93	1.78	0.0224322
1.93	1.8	0.0168382
1.93	1.82	0.0120443
1.93	1.84	0.00805036
1.93	1.86	0.00485649
1.93	1.88	0.00246265
1.93	1.9	0.00086884
1.93	1.92	7.50505e-05
1.93	1.94	8.12774e-05
1.93	1.96	0.000887515
1.93	1.98	0.00249376
1.93	2	0.0049
1.94	0	3.7636
1.94	0.02	3.68639
1.94	0.04	3.60999
1.94	0.06	3.53438
1.94	0.08	3.45958
1.94	0.1	3.38557
1.94	0.12	3.31236
1.94	0.14	3.23996
1.94	0.16	3.16835
1.94	0.18	3.09755
1.94	0.2	3.02754
1.94	0.22	2.95834
1.94	0.24	2.88993
1.94	0.26	2.82232
1.94	0.28	2.75552
1.94	0.3	2.68951
1.94	0.32	2.62431
1.94	0.34	2.5599
1.94	0.36	2.4963
1.94	0.38	2.43349
1.94	0.4	2.37149
1.94	0.42	2.31028
1.94	0.44	2.24988
1.94	0.46	2.19028
1.94	0.48	2.13147
1.94	0.5	2.07347
1.94	0.52	2.01626
1.94	0.54	1.95986
1.94	0.56	1.90426
1.94	0.58	1.84945
1.94	0.6	1.79545
1.94	0.62	1.74225
1.94	0.64	1.68984
1.94	0.66	1.63824
1.94	0.68	1.58744
1.94	0.7	1.53743
1.94	0.72	1.48823
1.94	0.74	1.43983
1.94	0.76	1.39223
1.94	0.78	1.34543
1.94	0.8	1.29942
1.94	0.82	1.25422
1.94	0.84	1.20982
1.94	0.86	1.16622
1.94	0.88	1.12342
1.94	0.9	1.08142
1.94	0.92	1.04022
1.94	0.94	0.999819
1.94	0.96	0.960218
1.94	0.98	0.921418
1.94	1	0.883419
1.94	1.02	0.846219
1.94	1.04	0.80982
1.94	1.06	0.77422
1.94	1.08	0.739421
1.94	1.1	0.705422
1.94	1.12	0.672224
1.94	1.14	0.639825
1.94	1.16	0.608227
1.94	1.18	0.577428
1.94	1.2	0.54743
1.94	1.22	0.518232
1.94	1.24	0.489835
1.94	1.26	0.462237
1.94	1.28	0.43544
1.94	1.3	0.409442
1.94	1.32	0.384245
1.94	1.34	0.359848
1.94	1.36	0.336251
1.94	1.38	0.313454
1.94	1.4	0.291458
1.94	1.42	0.270261
1.94	1.44	0.249865
1.94	1.46	0.230269
1.94	1.48	0.211473
1.94	1.5	0.193477
1.94	1.52	0.176281
1.94	1.54	0.159885
1.94	1.56	0.144289
1.94	1.58	0.129494
1.94	1.6	0.115498
1.94	1.62	0.102303
1.94	1.64	0.0899072
1.94	1.66	0.078312
1.94	1.68	0.0675168
1.94	1.7	0.0575216
1.94	1.72	0.0483266
1.94	1.74	0.0399316
1.94	1.76	0.0323366
1.94	1.78	0.0255418
1.94	1.8	0.0195469
1.94	1.82	0.0143521
1.94	1.84	0.00995734
1.94	1.86	0.00636261
1.94	1.88	0.0035679
1.94	1.9	0.00157322
1.94	1.92	0.00037856
1.94	1.94	-1.6089e-05
1.94	1.96	0.000389271
1.94	1.98	0.00159464
1.94	2	0.0036
1.95	0	3.8025
1.95	0.02	3.72489
1.95	0.04	3.64809
1.95	0.06	3.57208
1.95	0.08	3.49688
1.95	0.1	3.42247
1.95	0.12	3.34887
1.95	0.14	3.27607
1.95	0.16	3.20406
1.95	0.18	3.13286
1.95	0.2	3.06245
1.95	0.22	2.99285
1.95	0.24	2.92404
1.95	0.26	2.85604
1.95	0.28	2.78883
1.95	0.3	2.72243
1.95	0.32	2.65682
1.95	0.34	2.59202
1.95	0.36	2.52802
1.95	0.38	2.46481
1.95	0.4	2.40241
1.95	0.42	2.3408
1.95	0.44	2.28
1.95	0.46	2.22
1.95	0.48	2.16079
1.95	0.5	2.10239
1.95	0.52	2.04479
1.95	0.54	1.98798
1.95	0.56	1.93198
1.95	0.58	1.87678
1.95	0.6	1.82237
1.95	0.62	1.76877
1.95	0.64	1.71597
1.95	0.66	1.66397
1.95	0.68	1.61276
1.95	0.7	1.56236
1.95	0.72	1.51276
1.95	0.74	1.46396
1.95	0.76	1.41596
1.95	0.78	1.36876
1.95	0.8	1.32235
1.95	0.82	1.27675
1.95	0.84	1.23195
1.95	0.86	1.18795
1.95	0.88	1.14475
1.95	0.9	1.10235
1.95	0.92	1.06075
1.95	0.94	1.01995
1.95	0.96	0.979948
1.95	0.98	0.940749
1.95	1	0.902349
1.95	1.02	0.864749
1.95	1.04	0.827949
1.95	1.06	0.79195
1.95	1.08	0.756751
1.95	1.1	0.722352
1.95	1.12	0.688753
1.95	1.14	0.655954
1.95	1.16	0.623955
1.95	1.18	0.592757
1.95	1.2	0.562358
1.95	1.22	0.53276
1.95	1.24	0.503962
1.95	1.26	0.475964
1.95	1.28	0.448766
1.95	1.3	0.422368
1.95	1.32	0.396771
1.95	1.34	0.371973
1.95	1.36	0.347976
1.95	1.38	0.324779
1.95	1.4	0.302381
1.95	1.42	0.280784
1.95	1.44	0.259987
1.95	1.46	0.23999
1.95	1.48	0.220794
1.95	1.5	0.202397
1.95	1.52	0.1848
1.95	1.54	0.168004
1.95	1.56	0.152007
1.95	1.58	0.136811
1.95	1.6	0.122415
1.95	1.62	0.108819
1.95	1.64	0.0960226
1.95	1.66	0.0840265
1.95	1.68	0.0728305
1.95	1.7	0.0624346
1.95	1.72	0.0528387
1.95	1.74	0.0440429
1.95	1.76	0.0360471
1.95	1.78	0.0288514
1.95	1.8	0.0224557
1.95	1.82	0.01686
1.95	1.84	0.0120644
1.95	1.86	0.0080688
1.95	1.88	0.00487322
1.95	1.9	0.00247766
1.95	1.92	0.000882109
1.95	1.94	8.65746e-05
1.95	1.96	9.10474e-05
1.95	1.98	0.000895524
1.95	2	0.0025
1.96	0	3.8416
1.96	0.02	3.7636
1.96	0.04	3.68639
1.96	0.06	3.60999
1.96	0.08	3.53438
1.96	0.1	3.45958
1.96	0.12	3.38558
1.96	0.14	3.31237
1.96	0.16	3.23997
1.96	0.18	3.16836
1.96	0.2	3.09756
1.96	0.22	3.02756
1.96	0.24	2.95835
1.96	0.26	2.88995
1.96	0.28	2.82235
1.96	0.3	2.75554
1.96	0.32	2.68954
1.96	0.34	2.62434
1.96	0.36	2.55993
1.96	0.38	2.49633
1.96	0.4	2.43353
1.96	0.42	2.37152
1.96	0.44	2.31032
1.96	0.46	2.24992
1.96	0.48	2.19031
1.96	0.5	2.13151
1.96	0.52	2.07351
1.96	0.54	2.01631
1.96	0.56	1.9599
1.96	0.58	1.9043
1.96	0.6	1.8495
1.96	0.62	1.7955
1.96	0.64	1.74229
1.96	0.66	1.68989
1.96	0.68	1.63829
1.96	0.7	1.58749
1.96	0.72	1.53749
1.96	0.74	1.48829
1.96	0.76	1.43989
1.96	0.78	1.39228
1.96	0.8	1.34548
1.96	0.82	1.29948
1.96	0.84	1.25428
1.96	0.86	1.20988
1.96	0.88	1.16628
1.96	0.9	1.12348
1.96	0.92	1.08148
1.96	0.94	1.04028
1.96	0.96	0.999879
1.96	0.98	0.960279
1.96	1	0.921479
1.96	1.02	0.883479
1.96	1.04	0.846279
1.96	1.06	0.80988
1.96	1.08	0.774281
1.96	1.1	0.739481
1.96	1.12	0.705482
1.96	1.14	0.672283
1.96	1.16	0.639884
1.96	1.18	0.608285
1.96	1.2	0.577487
1.96	1.22	0.547488
1.96	1.24	0.518289
1.96	1.26	0.489891
1.96	1.28	0.462293
1.96	1.3	0.435495
1.96	1.32	0.409496
1.96	1.34	0.384298
1.96	1.36	0.359901
1.96	1.38	0.336303
1.96	1.4	0.313505
1.96	1.42	0.291507
1.96	1.44	0.27031
1.96	1.46	0.249912
1.96	1.48	0.230315
1.96	1.5	0.211518
1.96	1.52	0.19352
1.96	1.54	0.176323
1.96	1.56	0.159926
1.96	1.58	0.144329
1.96	1.6	0.129532
1.96	1.62	0.115535
1.96	1.64	0.102338
1.96	1.66	0.0899412
1.96	1.68	0.0783444
1.96	1.7	0.0675476
1.96	1.72	0.0575509
1.96	1.74	0.0483543
1.96	1.76	0.0399577
1.96	1.78	0.0323611
1.96	1.8	0.0255645
1.96	1.82	0.019568
1.96	1.84	0.0143715
1.96	1.86	0.00997501
1.96	1.88	0.00637855
1.96	1.9	0.00358211
1.96	1.92	0.00158567
1.96	1.94	0.000389249
1.96	1.96	-7.16942e-06
1.96	1.98	0.000396415
1.96	2	0.0016
1.97	0	3.8809
1.97	0.02	3.8025
1.97	0.04	3.72489
1.97	0.06	3.64809
1.97	0.08	3.57209
1.97	0.1	3.49688
1.97	0.12	3.42248
1.97	0.14	3.34888
1.97	0.16	3.27608
1.97	0.18	3.20407
1.97	0.2	3.13287
1.97	0.22	3.06247
1.97	0.24	2.99286
1.97	0.26	2.92406
1.97	0.28	2.85606
1.97	0.3	2.78886
1.97	0.32	2.72245
1.97	0.34	2.65685
1.97	0.36	2.59205
1.97	0.38	2.52805
1.97	0.4	2.46484
1.97	0.42	2.40244
1.97	0.44	2.34084
1.97	0.46	2.28004
1.97	0.48	2.22004
1.97	0.5	2.16083
1.97	0.52	2.10243
1.97	0.54	2.04483
1.97	0.56	1.98803
1.97	0.58	1.93203
1.97	0.6	1.87682
1.97	0.62	1.82242
1.97	0.64	1.76882
1.97	0.66	1.71602
1.97	0.68	1.66402
1.97	0.7	1.61282
1.97	0.72	1.56242
1.97	0.74	1.51281
1.97	0.76	1.46401
1.97	0.78	1.41601
1.97	0.8	1.36881
1.97	0.82	1.32241
1.97	0.84	1.27681
1.97	0.86	1.23201
1.97	0.88	1.18801
1.97	0.9	1.14481
1.97	0.92	1.10241
1.97	0.94	1.06081
1.97	0.96	1.02001
1.97	0.98	0.980009
1.97	1	0.940809
1.97	1.02	0.902409
1.97	1.04	0.86481
1.97	1.06	0.82801
1.97	1.08	0.79201
1.97	1.1	0.756811
1.97	1.12	0.722412
1.97	1.14	0.688812
1.97	1.16	0.656013
1.97	1.18	0.624014
1.97	1.2	0.592815
1.97	1.22	0.562416
1.97	1.24	0.532817
1.97	1.26	0.504018
1.97	1.28	0.47602
1.97	1.3	0.448821
1.97	1.32	0.422422
1.97	1.34	0.396824
1.97	1.36	0.372025
1.97	1.38	0.348027
1.97	1.4	0.324829
1.97	1.42	0.30243
1.97	1.44	0.280832
1.97	1.46	0.260034
1.97	1.48	0.240036
1.97	1.5	0.220838
1.97	1.52	0.20244
1.97	1.54	0.184842
1.97	1.56	0.168044
1.97	1.58	0.152047
1.97	1.6	0.136849
1.97	1.62	0.122451
1.97	1.64	0.108853
1.97	1.66	0.0960558
1.97	1.68	0.0840583
1.97	1.7	0.0728607
1.97	1.72	0.0624632
1.97	1.74	0.0528657
1.97	1.76	0.0440682
1.97	1.78	0.0360708
1.97	1.8	0.0288734
1.97	1.82	0.022476
1.97	1.84	0.0168786
1.97	1.86	0.0120812
1.97	1.88	0.0080839
1.97	1.9	0.00488657
1.97	1.92	0.00248925
1.97	1.94	0.000891931
1.97	1.96	9.46192e-05
1.97	1.98	9.73097e-05
1.97	2	0.0009
1.98	0	3.9204
1.98	0.02	3.8416
1.98	0.04	3.7636
1.98	0.06	3.68639
1.98	0.08	3.60999
1.98	0.1	3.53439
1.98	0.12	3.45959
1.98	0.14	3.38559
1.98	0.16	3.31238
1.98	0.18	3.23998
1.98	0.2	3.16838
1.98	0.22	3.09758
1.98	0.24	3.02758
1.98	0.26	2.95837
1.98	0.28	2.88997
1.98	0.3	2.82237
1.98	0.32	2.75557
1.98	0.34	2.68957
1.98	0.36	2.62437
1.98	0.38	2.55996
1.98	0.4	2.49636
1.98	0.42	2.43356
1.98	0.44	2.37156
1.98	0.46	2.31036
1.98	0.48	2.24996
1.98	0.5	2.19036
1.98	0.52	2.13155
1.98	0.54	2.07355
1.98	0.56	2.01635
1.98	0.58	1.95995
1.98	0.6	1.90435
1.98	0.62	1.84955
1.98	0.64	1.79555
1.98	0.66	1.74235
1.98	0.68	1.68995
1.98	0.7	1.63834
1.98	0.72	1.58754
1.98	0.74	1.53754
1.98	0.76	1.48834
1.98	0.78	1.43994
1.98	0.8	1.39234
1.98	0.82	1.34554
1.98	0.84	1.29954
1.98	0.86	1.25434
1.98	0.88	1.20994
1.98	0.9	1.16634
1.98	0.92	1.12354
1.98	0.94	1.08154
1.98	0.96	1.04034
1.98	0.98	0.999939
1.98	1	0.960339
1.98	1.02	0.921539
1.98	1.04	0.88354
1.98	1.06	0.84634
1.98	1.08	0.80994
1.98	1.1	0.774341
1.98	1.12	0.739541
1.98	1.14	0.705541
1.98	1.16	0.672342
1.98	1.18	0.639943
1.98	1.2	0.608343
1.98	1.22	0.577544
1.98	1.24	0.547545
1.98	1.26	0.518345
1.98	1.28	0.489946
1.98	1.3	0.462347
1.98	1.32	0.435548
1.98	1.34	0.409549
1.98	1.36	0.38435
1.98	1.38	0.359951
1.98	1.4	0.336352
1.98	1.42	0.313554
1.98	1.44	0.291555
1.98	1.46	0.270356
1.98	1.48	0.249957
1.98	1.5	0.230359
1.98	1.52	0.21156
1.98	1.54	0.193561
1.98	1.56	0.176363
1.98	1.58	0.159964
1.98	1.6	0.144366
1.98	1.62	0.129567
1.98	1.64	0.115569
1.98	1.66	0.102371
1.98	1.68	0.0899722
1.98	1.7	0.0783738
1.98	1.72	0.0675754
1.98	1.74	0.0575771
1.98	1.76	0.0483788
1.98	1.78	0.0399805
1.98	1.8	0.0323822
1.98	1.82	0.025584
1.98	1.84	0.0195857
1.98	1.86	0.0143875
1.98	1.88	0.00998926
1.98	1.9	0.00639104
1.98	1.92	0.00359283
1.98	1.94	0.00159462
1.98	1.96	0.000396412
1.98	1.98	-1.79416e-06
1.98	2	0.0004
1.99	0	3.9601
1.99	0.02	3.8809
1.99	0.04	3.8025
1.99	0.06	3.7249
1.99	0.08	3.6481
1.99	0.1	3.57209
1.99	0.12	3.49689
1.99	0.14	3.42249
1.99	0.16	3.34889
1.99	0.18	3.27609
1.99	0.2	3.20409
1.99	0.22	3.13289
1.99	0.24	3.06249
1.99	0.26	2.99289
1.99	0.28	2.92409
1.99	0.3	2.85609
1.99	0.32	2.78888
1.99	0.34	2.72248
1.99	0.36	2.65688
1.99	0.38	2.59208
1.99	0.4	2.52808
1.99	0.42	2.46488
1.99	0.44	2.40248
1.99	0.46	2.34088
1.99	0.48	2.28008
1.99	0.5	2.22008
1.99	0.52	2.16088
1.99	0.54	2.10248
1.99	0.56	2.04488
1.99	0.58	1.98808
1.99	0.6	1.93207
1.99	0.62	1.87687
1.99	0.64	1.82247
1.99	0.66	1.76887
1.99	0.68	1.71607
1.99	0.7	1.66407
1.99	0.72	1.61287
1.99	0.74	1.56247
1.99	0.76	1.51287
1.99	0.78	1.46407
1.99	0.8	1.41607
1.99	0.82	1.36887
1.99	0.84	1.32247
1.99	0.86	1.27687
1.99	0.88	1.23207
1.99	0.9	1.18807
1.99	0.92	1.14487
1.99	0.94	1.10247
1.99	0.96	1.06087
1.99	0.98	1.02007
1.99	1	0.98007
1.99	1.02	0.94087
1.99	1.04	0.90247
1.99	1.06	0.86487
1.99	1.08	0.82807
1.99	1.1	0.79207
1.99	1.12	0.75687
1.99	1.14	0.722471
1.99	1.16	0.688871
1.99	1.18	0.656071
1.99	1.2	0.624072
1.99	1.22	0.592872
1.99	1.24	0.562472
1.99	1.26	0.532873
1.99	1.28	0.504073
1.99	1.3	0.476074
1.99	1.32	0.448874
1.99	1.34	0.422475
1.99	1.36	0.396875
1.99	1.38	0.372076
1.99	1.4	0.348076
1.99	1.42	0.324877
1.99	1.44	0.302477
1.99	1.46	0.280878
1.99	1.48	0.260079
1.99	1.5	0.240079
1.99	1.52	0.22088
1.99	1.54	0.202481
1.99	1.56	0.184881
1.99	1.58	0.168082
1.99	1.6	0.152083
1.99	1.62	0.136884
1.99	1.64	0.122484
1.99	1.66	0.108885
1.99	1.68	0.0960861
1.99	1.7	0.0840869
1.99	1.72	0.0728877
1.99	1.74	0.0624886
1.99	1.76	0.0528894
1.99	1.78	0.0440903
1.99	1.8	0.0360911
1.99	1.82	0.028892
1.99	1.84	0.0224929
1.99	1.86	0.0168937
1.99	1.88	0.0120946
1.99	1.9	0.00809552
1.99	1.92	0.00489641
1.99	1.94	0.00249731
1.99	1.96	0.000898206
1.99	1.98	9.91029e-05
1.99	2	0.0001
2	0	4
2	0.02	3.9204
2	0.04	3.8416
2	0.06	3.7636
2	0.08	3.6864
2	0.1	3.61
2	0.12	3.5344
2	0.14	3.4596
2	0.16	3.3856
2	0.18	3.3124
2	0.2	3.24
2	0.22	3.1684
2	0.24	3.0976
2	0.26	3.0276
2	0.28	2.9584
2	0.3	2.89
2	0.32	2.8224
2	0.34	2.7556
2	0.36	2.6896
2	0.38	2.6244
2	0.4	2.56
2	0.42	2.4964
2	0.44	2.4336
2	0.46	2.3716
2	0.48	2.3104
2	0.5	2.25
2	0.52	2.1904
2	0.54	2.1316
2	0.56	2.0736
2	0.58	2.0164
2	0.6	1.96
2	0.62	1.9044
2	0.64	1.8496
2	0.66	1.7956
2	0.68	1.7424
2	0.7	1.69
2	0.72	1.6384
2	0.74	1.5876
2	0.76	1.5376
2	0.78	1.4884
2	0.8	1.44
2	0.82	1.3924
2	0.84	1.3456
2	0.86	1.2996
2	0.88	1.2544
2	0.9	1.21
2	0.92	1.1664
2	0.94	1.1236
2	0.96	1.0816
2	0.98	1.0404
2	1	1
2	1.02	0.9604
2	1.04	0.9216
2	1.06	0.8836
2	1.08	0.8464
2	1.1	0.81
2	1.12	0.7744
2	1.14	0.7396
2	1.16	0.7056
2	1.18	0.6724
2	1.2	0.64
2	1.22	0.6084
2	1.24	0.5776
2	1.26	0.5476
2	1.28	0.5184
2	1.3	0.49
2	1.32	0.4624
2	1.34	0.4356
2	1.36	0.4096
2	1.38	0.3844
2	1.4	0.36
2	1.42	0.3364
2	1.44	0.3136
2	1.46	0.2916
2	1.48	0.2704
2	1.5	0.25
2	1.52	0.2304
2	1.54	0.2116
2	1.56	0.1936
2	1.58	0.1764
2	1.6	0.16
2	1.62	0.1444
2	1.64	0.1296
2	1.66	0.1156
2	1.68	0.1024
2	1.7	0.09
2	1.72	0.0784
2	1.74	0.0676
2	1.76	0.0576
2	1.78	0.0484
2	1.8	0.04
2	1.82	0.0324
2	1.84	0.0256
2	1.86	0.0196
2	1.88	0.0144
2	1.9	0.01
2	1.92	0.0064
2	1.94	0.0036
2	1.96	0.0016
2	1.98	0.0004
2	2	0
