1	0	1
1	0.02	0.9604
1	0.04	0.9216
1	0.06	0.8836
1	0.08	0.8464
1	0.1	0.81
1	0.12	0.7744
1	0.14	0.7396
1	0.16	0.7056
1	0.18	0.6724
1	0.2	0.64
1	0.22	0.6084
1	0.24	0.5776
1	0.26	0.5476
1	0.28	0.5184
1	0.3	0.49
1	0.32	0.4624
1	0.34	0.4356
1	0.36	0.4096
1	0.38	0.3844
1	0.4	0.36
1	0.42	0.3364
1	0.44	0.3136
1	0.46	0.2916
1	0.48	0.2704
1	0.5	0.25
1	0.52	0.2304
1	0.54	0.2116
1	0.56	0.1936
1	0.58	0.1764
1	0.6	0.16
1	0.62	0.1444
1	0.64	0.1296
1	0.66	0.1156
1	0.68	0.1024
1	0.7	0.09
1	0.72	0.0784
1	0.74	0.0676
1	0.76	0.0576
1	0.78	0.0484
1	0.8	0.04
1	0.82	0.0324
1	0.84	0.0256
1	0.86	0.0196
1	0.88	0.0144
1	0.9	0.01
1	0.92	0.0064
1	0.94	0.0036
1	0.96	0.0016
1	0.98	0.0004
1	1	0
1	1.02	0.0004
1	1.04	0.0016
1	1.06	0.0036
1	1.08	0.0064
1	1.1	0.01
1	1.12	0.0144
1	1.14	0.0196
1	1.16	0.0256
1	1.18	0.0324
1	1.2	0.04
1	1.22	0.0484
1	1.24	0.0576
1	1.26	0.0676
1	1.28	0.0784
1	1.3	0.09
1	1.32	0.1024
1	1.34	0.1156
1	1.36	0.1296
1	1.38	0.1444
1	1.4	0.16
1	1.42	0.1764
1	1.44	0.1936
1	1.46	0.2116
1	1.48	0.2304
1	1.5	0.25
1	1.52	0.2704
1	1.54	0.2916
1	1.56	0.3136
1	1.58	0.3364
1	1.6	0.36
1	1.62	0.3844
1	1.64	0.4096
1	1.66	0.4356
1	1.68	0.4624
1	1.7	0.49
1	1.72	0.5184
1	1.74	0.5476
1	1.76	0.5776
1	1.78	0.6084
1	1.8	0.64
1	1.82	0.6724
1	1.84	0.7056
1	1.86	0.7396
1	1.88	0.7744
1	1.9	0.81
1	1.92	0.8464
1	1.94	0.8836
1	1.96	0.9216
1	1.98	0.9604
1	2	1
1.01	0	1.0201
1.01	0.02	0.980099
1.01	0.04	0.940898
1.01	0.06	0.902497
1.01	0.08	0.864896
1.01	0.1	0.828095
1.01	0.12	0.792094
1.01	0.14	0.756893
1.01	0.16	0.722492
1.01	0.18	0.688891
1.01	0.2	0.65609
1.01	0.22	0.624089
1.01	0.24	0.592888
1.01	0.26	0.562487
1.01	0.28	0.532886
1.01	0.3	0.504085
1.01	0.32	0.476084
1.01	0.34	0.448883
1.01	0.36	0.422482
1.01	0.38	0.396882
1.01	0.4	0.372081
1.01	0.42	0.34808
1.01	0.44	0.324879
1.01	0.46	0.302478
1.01	0.48	0.280878
1.01	0.5	0.260077
1.01	0.52	0.240076
1.01	0.54	0.220876
1.01	0.56	0.202475
1.01	0.58	0.184874
1.01	0.6	0.168074
1.01	0.62	0.152073
1.01	0.64	0.136873
1.01	0.66	0.122472
1.01	0.68	0.108872
1.01	0.7	0.0960715
1.01	0.72	0.0840711
1.01	0.74	0.0728707
1.01	0.76	0.0624704
1.01	0.78	0.05287
1.01	0.8	0.0440698
1.01	0.82	0.0360695
1.01	0.84	0.0288693
1.01	0.86	0.0224691
1.01	0.88	0.016869
1.01	0.9	0.0120689
1.01	0.92	0.00806876
1.01	0.94	0.00486871
1.01	0.96	0.00246868
1.01	0.98	0.000868685
1.01	1	6.87214e-05
1.01	1.02	6.87884e-05
1.01	1.04	0.000868886
1.01	1.06	0.00246901
1.01	1.08	0.00486917
1.01	1.1	0.00806936
1.01	1.12	0.0120696
1.01	1.14	0.0168698
1.01	1.16	0.0224701
1.01	1.18	0.0288704
1.01	1.2	0.0360707
1.01	1.22	0.0440711
1.01	1.24	0.0528715
1.01	1.26	0.0624719
1.01	1.28	0.0728723
1.01	1.3	0.0840728
1.01	1.32	0.0960733
1.01	1.34	0.108874
1.01	1.36	0.122474
1.01	1.38	0.136875
1.01	1.4	0.152075
1.01	1.42	0.168076
1.01	1.44	0.184877
1.01	1.46	0.202477
1.01	1.48	0.220878
1.01	1.5	0.240079
1.01	1.52	0.260079
1.01	1.54	0.28088
1.01	1.56	0.302481
1.01	1.58	0.324882
1.01	1.6	0.348082
1.01	1.62	0.372083
1.01	1.64	0.396884
1.01	1.66	0.422485
1.01	1.68	0.448886
1.01	1.7	0.476086
1.01	1.72	0.504087
1.01	1.74	0.532888
1.01	1.76	0.562489
1.01	1.78	0.59289
1.01	1.8	0.624091
1.01	1.82	0.656092
1.01	1.84	0.688893
1.01	1.86	0.722494
1.01	1.88	0.756894
1.01	1.9	0.792095
1.01	1.92	0.828096
1.01	1.94	0.864897
1.01	1.96	0.902498
1.01	1.98	0.940899
1.01	2	0.9801
1.02	0	1.0404
1.02	0.02	0.999998
1.02	0.04	0.960396
1.02	0.06	0.921594
1.02	0.08	0.883592
1.02	0.1	0.84639
1.02	0.12	0.809988
1.02	0.14	0.774386
1.02	0.16	0.739584
1.02	0.18	0.705582
1.02	0.2	0.67238
1.02	0.22	0.639978
1.02	0.24	0.608376
1.02	0.26	0.577574
1.02	0.28	0.547572
1.02	0.3	0.51837
1.02	0.32	0.489968
1.02	0.34	0.462367
1.02	0.36	0.435565
1.02	0.38	0.409563
1.02	0.4	0.384362
1.02	0.42	0.35996
1.02	0.44	0.336358
1.02	0.46	0.313557
1.02	0.48	0.291556
1.02	0.5	0.270354
1.02	0.52	0.249953
1.02	0.54	0.230351
1.02	0.56	0.21155
1.02	0.58	0.193549
1.02	0.6	0.176348
1.02	0.62	0.159947
1.02	0.64	0.144346
1.02	0.66	0.129545
1.02	0.68	0.115544
1.02	0.7	0.102343
1.02	0.72	0.0899422
1.02	0.74	0.0783414
1.02	0.76	0.0675408
1.02	0.78	0.0575402
1.02	0.8	0.0483396
1.02	0.82	0.0399391
1.02	0.84	0.0323387
1.02	0.86	0.0255383
1.02	0.88	0.019538
1.02	0.9	0.0143378
1.02	0.92	0.0099376
1.02	0.94	0.00633748
1.02	0.96	0.00353743
1.02	0.98	0.00153744
1.02	1	0.000337512
1.02	1.02	-6.23541e-05
1.02	1.04	0.000337841
1.02	1.06	0.0015381
1.02	1.08	0.00353841
1.02	1.1	0.00633879
1.02	1.12	0.00993922
1.02	1.14	0.0143397
1.02	1.16	0.0195403
1.02	1.18	0.0255409
1.02	1.2	0.0323415
1.02	1.22	0.0399422
1.02	1.24	0.048343
1.02	1.26	0.0575438
1.02	1.28	0.0675447
1.02	1.3	0.0783456
1.02	1.32	0.0899466
1.02	1.34	0.102348
1.02	1.36	0.115549
1.02	1.38	0.12955
1.02	1.4	0.144351
1.02	1.42	0.159952
1.02	1.44	0.176353
1.02	1.46	0.193555
1.02	1.48	0.211556
1.02	1.5	0.230357
1.02	1.52	0.249959
1.02	1.54	0.27036
1.02	1.56	0.291562
1.02	1.58	0.313563
1.02	1.6	0.336365
1.02	1.62	0.359966
1.02	1.64	0.384368
1.02	1.66	0.40957
1.02	1.68	0.435571
1.02	1.7	0.462373
1.02	1.72	0.489975
1.02	1.74	0.518376
1.02	1.76	0.547578
1.02	1.78	0.57758
1.02	1.8	0.608382
1.02	1.82	0.639984
1.02	1.84	0.672385
1.02	1.86	0.705587
1.02	1.88	0.739589
1.02	1.9	0.774391
1.02	1.92	0.809993
1.02	1.94	0.846394
1.02	1.96	0.883596
1.02	1.98	0.921598
1.02	2	0.9604
1.03	0	1.0609
1.03	0.02	1.0201
1.03	0.04	0.980094
1.03	0.06	0.940891
1.03	0.08	0.902488
1.03	0.1	0.864884
1.03	0.12	0.828081
1.03	0.14	0.792078
1.03	0.16	0.756875
1.03	0.18	0.722472
1.03	0.2	0.688869
1.03	0.22	0.656067
1.03	0.24	0.624064
1.03	0.26	0.592861
1.03	0.28	0.562458
1.03	0.3	0.532855
1.03	0.32	0.504053
1.03	0.34	0.47605
1.03	0.36	0.448847
1.03	0.38	0.422445
1.03	0.4	0.396842
1.03	0.42	0.37204
1.03	0.44	0.348038
1.03	0.46	0.324836
1.03	0.48	0.302433
1.03	0.5	0.280831
1.03	0.52	0.260029
1.03	0.54	0.240027
1.03	0.56	0.220825
1.03	0.58	0.202424
1.03	0.6	0.184822
1.03	0.62	0.16802
1.03	0.64	0.152019
1.03	0.66	0.136817
1.03	0.68	0.122416
1.03	0.7	0.108815
1.03	0.72	0.0960134
1.03	0.74	0.0840123
1.03	0.76	0.0728113
1.03	0.78	0.0624104
1.03	0.8	0.0528095
1.03	0.82	0.0440088
1.03	0.84	0.0360082
1.03	0.86	0.0288076
1.03	0.88	0.0224072
1.03	0.9	0.0168068
1.03	0.92	0.0120065
1.03	0.94	0.00800636
1.03	0.96	0.00480628
1.03	0.98	0.00240629
1.03	1	0.000806402
1.03	1.02	6.60258e-06
1.03	1.04	6.89434e-06
1.03	1.06	0.000807277
1.03	1.08	0.00240775
1.03	1.1	0.00480831
1.03	1.12	0.00800896
1.03	1.14	0.0120097
1.03	1.16	0.0168105
1.03	1.18	0.0224114
1.03	1.2	0.0288124
1.03	1.22	0.0360135
1.03	1.24	0.0440147
1.03	1.26	0.0528159
1.03	1.28	0.0624172
1.03	1.3	0.0728186
1.03	1.32	0.0840201
1.03	1.34	0.0960216
1.03	1.36	0.108823
1.03	1.38	0.122425
1.03	1.4	0.136827
1.03	1.42	0.152028
1.03	1.44	0.16803
1.03	1.46	0.184832
1.03	1.48	0.202434
1.03	1.5	0.220836
1.03	1.52	0.240038
1.03	1.54	0.260041
1.03	1.56	0.280843
1.03	1.58	0.302445
1.03	1.6	0.324847
1.03	1.62	0.34805
1.03	1.64	0.372052
1.03	1.66	0.396855
1.03	1.68	0.422457
1.03	1.7	0.44886
1.03	1.72	0.476062
1.03	1.74	0.504065
1.03	1.76	0.532867
1.03	1.78	0.56247
1.03	1.8	0.592873
1.03	1.82	0.624075
1.03	1.84	0.656078
1.03	1.86	0.688881
1.03	1.88	0.722483
1.03	1.9	0.756886
1.03	1.92	0.792089
1.03	1.94	0.828092
1.03	1.96	0.864894
1.03	1.98	0.902497
1.03	2	0.9409
1.04	0	1.0816
1.04	0.02	1.0404
1.04	0.04	0.999992
1.04	0.06	0.960388
1.04	0.08	0.921583
1.04	0.1	0.883579
1.04	0.12	0.846375
1.04	0.14	0.809971
1.04	0.16	0.774367
1.04	0.18	0.739563
1.04	0.2	0.705559
1.04	0.22	0.672355
1.04	0.24	0.639952
1.04	0.26	0.608348
1.04	0.28	0.577544
1.04	0.3	0.54754
1.04	0.32	0.518337
1.04	0.34	0.489933
1.04	0.36	0.46233
1.04	0.38	0.435527
1.04	0.4	0.409523
1.04	0.42	0.38432
1.04	0.44	0.359917
1.04	0.46	0.336314
1.04	0.48	0.313511
1.04	0.5	0.291508
1.04	0.52	0.270306
1.04	0.54	0.249903
1.04	0.56	0.230301
1.04	0.58	0.211498
1.04	0.6	0.193496
1.04	0.62	0.176294
1.04	0.64	0.159892
1.04	0.66	0.14429
1.04	0.68	0.129488
1.04	0.7	0.115486
1.04	0.72	0.102285
1.04	0.74	0.0898831
1.04	0.76	0.0782818
1.04	0.78	0.0674806
1.04	0.8	0.0574795
1.04	0.82	0.0482785
1.04	0.84	0.0398776
1.04	0.86	0.0322769
1.04	0.88	0.0254763
1.04	0.9	0.0194758
1.04	0.92	0.0142755
1.04	0.94	0.00987523
1.04	0.96	0.00627513
1.04	0.98	0.00347515
1.04	1	0.00147529
1.04	1.02	0.000275561
1.04	1.04	-0.000124051
1.04	1.06	0.000276459
1.04	1.08	0.00147709
1.04	1.1	0.00347784
1.04	1.12	0.0062787
1.04	1.14	0.00987969
1.04	1.16	0.0142808
1.04	1.18	0.019482
1.04	1.2	0.0254833
1.04	1.22	0.0322847
1.04	1.24	0.0398863
1.04	1.26	0.0482879
1.04	1.28	0.0574897
1.04	1.3	0.0674915
1.04	1.32	0.0782935
1.04	1.34	0.0898955
1.04	1.36	0.102298
1.04	1.38	0.1155
1.04	1.4	0.129502
1.04	1.42	0.144305
1.04	1.44	0.159907
1.04	1.46	0.17631
1.04	1.48	0.193512
1.04	1.5	0.211515
1.04	1.52	0.230318
1.04	1.54	0.249921
1.04	1.56	0.270324
1.04	1.58	0.291527
1.04	1.6	0.31353
1.04	1.62	0.336333
1.04	1.64	0.359936
1.04	1.66	0.384339
1.04	1.68	0.409543
1.04	1.7	0.435546
1.04	1.72	0.46235
1.04	1.74	0.489953
1.04	1.76	0.518356
1.04	1.78	0.54756
1.04	1.8	0.577564
1.04	1.82	0.608367
1.04	1.84	0.639971
1.04	1.86	0.672374
1.04	1.88	0.705578
1.04	1.9	0.739582
1.04	1.92	0.774385
1.04	1.94	0.809989
1.04	1.96	0.846393
1.04	1.98	0.883596
1.04	2	0.9216
1.05	0	1.1025
1.05	0.02	1.06089
1.05	0.04	1.02009
1.05	0.06	0.980084
1.05	0.08	0.940879
1.05	0.1	0.902474
1.05	0.12	0.864869
1.05	0.14	0.828064
1.05	0.16	0.792059
1.05	0.18	0.756854
1.05	0.2	0.722449
1.05	0.22	0.688844
1.05	0.24	0.65604
1.05	0.26	0.624035
1.05	0.28	0.59283
1.05	0.3	0.562426
1.05	0.32	0.532821
1.05	0.34	0.504017
1.05	0.36	0.476013
1.05	0.38	0.448808
1.05	0.4	0.422404
1.05	0.42	0.3968
1.05	0.44	0.371997
1.05	0.46	0.347993
1.05	0.48	0.324789
1.05	0.5	0.302386
1.05	0.52	0.280782
1.05	0.54	0.259979
1.05	0.56	0.239976
1.05	0.58	0.220773
1.05	0.6	0.20237
1.05	0.62	0.184767
1.05	0.64	0.167965
1.05	0.66	0.151962
1.05	0.68	0.13676
1.05	0.7	0.122358
1.05	0.72	0.108756
1.05	0.74	0.0959542
1.05	0.76	0.0839525
1.05	0.78	0.072751
1.05	0.8	0.0623496
1.05	0.82	0.0527484
1.05	0.84	0.0439473
1.05	0.86	0.0359464
1.05	0.88	0.0287457
1.05	0.9	0.0223451
1.05	0.92	0.0167446
1.05	0.94	0.0119444
1.05	0.96	0.00794423
1.05	0.98	0.00474426
1.05	1	0.00234444
1.05	1.02	0.00074477
1.05	1.04	-5.47451e-05
1.05	1.06	-5.41093e-05
1.05	1.08	0.000746676
1.05	1.1	0.00234761
1.05	1.12	0.00474869
1.05	1.14	0.00794991
1.05	1.16	0.0119513
1.05	1.18	0.0167528
1.05	1.2	0.0223544
1.05	1.22	0.0287562
1.05	1.24	0.0359581
1.05	1.26	0.0439602
1.05	1.28	0.0527624
1.05	1.3	0.0623647
1.05	1.32	0.0727671
1.05	1.34	0.0839697
1.05	1.36	0.0959724
1.05	1.38	0.108775
1.05	1.4	0.122378
1.05	1.42	0.136781
1.05	1.44	0.151984
1.05	1.46	0.167987
1.05	1.48	0.184791
1.05	1.5	0.202394
1.05	1.52	0.220798
1.05	1.54	0.240001
1.05	1.56	0.260005
1.05	1.58	0.280809
1.05	1.6	0.302413
1.05	1.62	0.324816
1.05	1.64	0.34802
1.05	1.66	0.372025
1.05	1.68	0.396829
1.05	1.7	0.422433
1.05	1.72	0.448837
1.05	1.74	0.476041
1.05	1.76	0.504046
1.05	1.78	0.53285
1.05	1.8	0.562454
1.05	1.82	0.592859
1.05	1.84	0.624063
1.05	1.86	0.656068
1.05	1.88	0.688872
1.05	1.9	0.722477
1.05	1.92	0.756882
1.05	1.94	0.792086
1.05	1.96	0.828091
1.05	1.98	0.864895
1.05	2	0.9025
1.06	0	1.1236
1.06	0.02	1.08159
1.06	0.04	1.04039
1.06	0.06	0.999981
1.06	0.08	0.960375
1.06	0.1	0.921569
1.06	0.12	0.883563
1.06	0.14	0.846357
1.06	0.16	0.809951
1.06	0.18	0.774345
1.06	0.2	0.739539
1.06	0.22	0.705533
1.06	0.24	0.672328
1.06	0.26	0.639922
1.06	0.28	0.608317
1.06	0.3	0.577511
1.06	0.32	0.547506
1.06	0.34	0.518301
1.06	0.36	0.489895
1.06	0.38	0.46229
1.06	0.4	0.435486
1.06	0.42	0.409481
1.06	0.44	0.384276
1.06	0.46	0.359872
1.06	0.48	0.336267
1.06	0.5	0.313463
1.06	0.52	0.291459
1.06	0.54	0.270255
1.06	0.56	0.249852
1.06	0.58	0.230248
1.06	0.6	0.211445
1.06	0.62	0.193441
1.06	0.64	0.176238
1.06	0.66	0.159835
1.06	0.68	0.144233
1.06	0.7	0.12943
1.06	0.72	0.115428
1.06	0.74	0.102225
1.06	0.76	0.0898235
1.06	0.78	0.0782216
1.06	0.8	0.06742
1.06	0.82	0.0574185
1.06	0.84	0.0482172
1.06	0.86	0.0398162
1.06	0.88	0.0322153
1.06	0.9	0.0254145
1.06	0.92	0.019414
1.06	0.94	0.0142137
1.06	0.96	0.00981352
1.06	0.98	0.00621355
1.06	1	0.00341376
1.06	1.02	0.00141416
1.06	1.04	0.00021474
1.06	1.06	-0.000184499
1.06	1.08	0.000216441
1.06	1.1	0.00141756
1.06	1.12	0.00341885
1.06	1.14	0.00622032
1.06	1.16	0.00982196
1.06	1.18	0.0142238
1.06	1.2	0.0194257
1.06	1.22	0.0254279
1.06	1.24	0.0322302
1.06	1.26	0.0398326
1.06	1.28	0.0482352
1.06	1.3	0.057438
1.06	1.32	0.0674409
1.06	1.34	0.078244
1.06	1.36	0.0898472
1.06	1.38	0.102251
1.06	1.4	0.115454
1.06	1.42	0.129458
1.06	1.44	0.144261
1.06	1.46	0.159865
1.06	1.48	0.176269
1.06	1.5	0.193473
1.06	1.52	0.211477
1.06	1.54	0.230282
1.06	1.56	0.249886
1.06	1.58	0.270291
1.06	1.6	0.291495
1.06	1.62	0.3135
1.06	1.64	0.336305
1.06	1.66	0.35991
1.06	1.68	0.384315
1.06	1.7	0.40952
1.06	1.72	0.435525
1.06	1.74	0.46233
1.06	1.76	0.489935
1.06	1.78	0.51834
1.06	1.8	0.547546
1.06	1.82	0.577551
1.06	1.84	0.608356
1.06	1.86	0.639962
1.06	1.88	0.672367
1.06	1.9	0.705573
1.06	1.92	0.739578
1.06	1.94	0.774383
1.06	1.96	0.809989
1.06	1.98	0.846394
1.06	2	0.8836
1.07	0	1.1449
1.07	0.02	1.10249
1.07	0.04	1.06089
1.07	0.06	1.02008
1.07	0.08	0.980071
1.07	0.1	0.940864
1.07	0.12	0.902457
1.07	0.14	0.86485
1.07	0.16	0.828043
1.07	0.18	0.792036
1.07	0.2	0.756829
1.07	0.22	0.722423
1.07	0.24	0.688816
1.07	0.26	0.656009
1.07	0.28	0.624003
1.07	0.3	0.592797
1.07	0.32	0.56239
1.07	0.34	0.532784
1.07	0.36	0.503978
1.07	0.38	0.475973
1.07	0.4	0.448767
1.07	0.42	0.422361
1.07	0.44	0.396756
1.07	0.46	0.371951
1.07	0.48	0.347946
1.07	0.5	0.324741
1.07	0.52	0.302336
1.07	0.54	0.280731
1.07	0.56	0.259927
1.07	0.58	0.239923
1.07	0.6	0.220719
1.07	0.62	0.202315
1.07	0.64	0.184712
1.07	0.66	0.167908
1.07	0.68	0.151905
1.07	0.7	0.136702
1.07	0.72	0.122299
1.07	0.74	0.108697
1.07	0.76	0.0958944
1.07	0.78	0.0838923
1.07	0.8	0.0726903
1.07	0.82	0.0622886
1.07	0.84	0.0526871
1.07	0.86	0.0438859
1.07	0.88	0.0358848
1.07	0.9	0.028684
1.07	0.92	0.0222834
1.07	0.94	0.016683
1.07	0.96	0.0118828
1.07	0.98	0.00788284
1.07	1	0.00468309
1.07	1.02	0.00228355
1.07	1.04	0.000684225
1.07	1.06	-0.000114889
1.07	1.08	-0.000113794
1.07	1.1	0.000687508
1.07	1.12	0.00228901
1.07	1.14	0.00469072
1.07	1.16	0.00789263
1.07	1.18	0.0118947
1.07	1.2	0.016697
1.07	1.22	0.0222995
1.07	1.24	0.0287022
1.07	1.26	0.0359051
1.07	1.28	0.0439081
1.07	1.3	0.0527113
1.07	1.32	0.0623147
1.07	1.34	0.0727183
1.07	1.36	0.083922
1.07	1.38	0.0959259
1.07	1.4	0.10873
1.07	1.42	0.122334
1.07	1.44	0.136738
1.07	1.46	0.151943
1.07	1.48	0.167948
1.07	1.5	0.184752
1.07	1.52	0.202357
1.07	1.54	0.220762
1.07	1.56	0.239967
1.07	1.58	0.259973
1.07	1.6	0.280778
1.07	1.62	0.302384
1.07	1.64	0.324789
1.07	1.66	0.347995
1.07	1.68	0.372
1.07	1.7	0.396806
1.07	1.72	0.422412
1.07	1.74	0.448818
1.07	1.76	0.476024
1.07	1.78	0.50403
1.07	1.8	0.532837
1.07	1.82	0.562443
1.07	1.84	0.592849
1.07	1.86	0.624055
1.07	1.88	0.656062
1.07	1.9	0.688868
1.07	1.92	0.722474
1.07	1.94	0.756881
1.07	1.96	0.792087
1.07	1.98	0.828094
1.07	2	0.8649
1.08	0	1.1664
1.08	0.02	1.12359
1.08	0.04	1.08158
1.08	0.06	1.04038
1.08	0.08	0.999967
1.08	0.1	0.960359
1.08	0.12	0.921551
1.08	0.14	0.883543
1.08	0.16	0.846335
1.08	0.18	0.809927
1.08	0.2	0.774319
1.08	0.22	0.739512
1.08	0.24	0.705504
1.08	0.26	0.672297
1.08	0.28	0.639889
1.08	0.3	0.608282
1.08	0.32	0.577475
1.08	0.34	0.547468
1.08	0.36	0.518261
1.08	0.38	0.489855
1.08	0.4	0.462248
1.08	0.42	0.435442
1.08	0.44	0.409436
1.08	0.46	0.38423
1.08	0.48	0.359824
1.08	0.5	0.336218
1.08	0.52	0.313413
1.08	0.54	0.291408
1.08	0.56	0.270203
1.08	0.58	0.249798
1.08	0.6	0.230194
1.08	0.62	0.211389
1.08	0.64	0.193385
1.08	0.66	0.176181
1.08	0.68	0.159778
1.08	0.7	0.144174
1.08	0.72	0.129371
1.08	0.74	0.115368
1.08	0.76	0.102166
1.08	0.78	0.0897633
1.08	0.8	0.0781611
1.08	0.82	0.0673592
1.08	0.84	0.0573575
1.08	0.86	0.048156
1.08	0.88	0.0397548
1.08	0.9	0.0321539
1.08	0.92	0.0253532
1.08	0.94	0.0193527
1.08	0.96	0.0141525
1.08	0.98	0.00975255
1.08	1	0.00615283
1.08	1.02	0.00335336
1.08	1.04	0.00135413
1.08	1.06	0.00015514
1.08	1.08	-0.000243613
1.08	1.1	0.000157871
1.08	1.12	0.00135959
1.08	1.14	0.00336153
1.08	1.16	0.00616371
1.08	1.18	0.00976611
1.08	1.2	0.0141687
1.08	1.22	0.0193716
1.08	1.24	0.0253746
1.08	1.26	0.0321779
1.08	1.28	0.0397813
1.08	1.3	0.048185
1.08	1.32	0.0573889
1.08	1.34	0.0673929
1.08	1.36	0.0781972
1.08	1.38	0.0898016
1.08	1.4	0.102206
1.08	1.42	0.115411
1.08	1.44	0.129416
1.08	1.46	0.144221
1.08	1.48	0.159826
1.08	1.5	0.176232
1.08	1.52	0.193437
1.08	1.54	0.211443
1.08	1.56	0.230249
1.08	1.58	0.249855
1.08	1.6	0.270261
1.08	1.62	0.291467
1.08	1.64	0.313474
1.08	1.66	0.33628
1.08	1.68	0.359887
1.08	1.7	0.384293
1.08	1.72	0.4095
1.08	1.74	0.435507
1.08	1.76	0.462314
1.08	1.78	0.489921
1.08	1.8	0.518328
1.08	1.82	0.547535
1.08	1.84	0.577542
1.08	1.86	0.608349
1.08	1.88	0.639956
1.08	1.9	0.672364
1.08	1.92	0.705571
1.08	1.94	0.739578
1.08	1.96	0.774385
1.08	1.98	0.809993
1.08	2	0.8464
1.09	0	1.1881
1.09	0.02	1.14489
1.09	0.04	1.10248
1.09	0.06	1.06087
1.09	0.08	1.02006
1.09	0.1	0.980054
1.09	0.12	0.940845
1.09	0.14	0.902436
1.09	0.16	0.864827
1.09	0.18	0.828018
1.09	0.2	0.79201
1.09	0.22	0.756801
1.09	0.24	0.722392
1.09	0.26	0.688784
1.09	0.28	0.655976
1.09	0.3	0.623968
1.09	0.32	0.59276
1.09	0.34	0.562352
1.09	0.36	0.532744
1.09	0.38	0.503937
1.09	0.4	0.47593
1.09	0.42	0.448723
1.09	0.44	0.422316
1.09	0.46	0.396709
1.09	0.48	0.371903
1.09	0.5	0.347896
1.09	0.52	0.32469
1.09	0.54	0.302285
1.09	0.56	0.280679
1.09	0.58	0.259874
1.09	0.6	0.239869
1.09	0.62	0.220664
1.09	0.64	0.202259
1.09	0.66	0.184655
1.09	0.68	0.167851
1.09	0.7	0.151847
1.09	0.72	0.136644
1.09	0.74	0.12224
1.09	0.76	0.108637
1.09	0.78	0.0958346
1.09	0.8	0.0838321
1.09	0.82	0.0726299
1.09	0.84	0.062228
1.09	0.86	0.0526264
1.09	0.88	0.0438251
1.09	0.9	0.035824
1.09	0.92	0.0286232
1.09	0.94	0.0222227
1.09	0.96	0.0166225
1.09	0.98	0.0118225
1.09	1	0.00782286
1.09	1.02	0.00462345
1.09	1.04	0.00222431
1.09	1.06	0.000625444
1.09	1.08	-0.000173156
1.09	1.1	-0.000171493
1.09	1.12	0.000630431
1.09	1.14	0.00223261
1.09	1.16	0.00463505
1.09	1.18	0.00783774
1.09	1.2	0.0118407
1.09	1.22	0.0166439
1.09	1.24	0.0222473
1.09	1.26	0.0286509
1.09	1.28	0.0358548
1.09	1.3	0.0438589
1.09	1.32	0.0526633
1.09	1.34	0.0622678
1.09	1.36	0.0726726
1.09	1.38	0.0838776
1.09	1.4	0.0958827
1.09	1.42	0.108688
1.09	1.44	0.122294
1.09	1.46	0.136699
1.09	1.48	0.151905
1.09	1.5	0.167911
1.09	1.52	0.184718
1.09	1.54	0.202324
1.09	1.56	0.220731
1.09	1.58	0.239937
1.09	1.6	0.259944
1.09	1.62	0.280751
1.09	1.64	0.302358
1.09	1.66	0.324766
1.09	1.68	0.347973
1.09	1.7	0.37198
1.09	1.72	0.396788
1.09	1.74	0.422395
1.09	1.76	0.448803
1.09	1.78	0.476011
1.09	1.8	0.504019
1.09	1.82	0.532827
1.09	1.84	0.562435
1.09	1.86	0.592843
1.09	1.88	0.624051
1.09	1.9	0.656059
1.09	1.92	0.688867
1.09	1.94	0.722475
1.09	1.96	0.756884
1.09	1.98	0.792092
1.09	2	0.8281
1.1	0	1.21
1.1	0.02	1.16639
1.1	0.04	1.12358
1.1	0.06	1.08157
1.1	0.08	1.04036
1.1	0.1	0.999949
1.1	0.12	0.960339
1.1	0.14	0.921529
1.1	0.16	0.883519
1.1	0.18	0.84631
1.1	0.2	0.8099
1.1	0.22	0.77429
1.1	0.24	0.739481
1.1	0.26	0.705472
1.1	0.28	0.672263
1.1	0.3	0.639854
1.1	0.32	0.608245
1.1	0.34	0.577436
1.1	0.36	0.547428
1.1	0.38	0.51822
1.1	0.4	0.489811
1.1	0.42	0.462204
1.1	0.44	0.435396
1.1	0.46	0.409389
1.1	0.48	0.384182
1.1	0.5	0.359775
1.1	0.52	0.336168
1.1	0.54	0.313362
1.1	0.56	0.291355
1.1	0.58	0.27015
1.1	0.6	0.249744
1.1	0.62	0.230139
1.1	0.64	0.211333
1.1	0.66	0.193329
1.1	0.68	0.176124
1.1	0.7	0.15972
1.1	0.72	0.144116
1.1	0.74	0.129312
1.1	0.76	0.115309
1.1	0.78	0.102106
1.1	0.8	0.0897034
1.1	0.82	0.078101
1.1	0.84	0.0672989
1.1	0.86	0.0572971
1.1	0.88	0.0480957
1.1	0.9	0.0396945
1.1	0.92	0.0320936
1.1	0.94	0.025293
1.1	0.96	0.0192928
1.1	0.98	0.0140928
1.1	1	0.0096932
1.1	1.02	0.00609385
1.1	1.04	0.00329481
1.1	1.06	0.00129606
1.1	1.08	9.76095e-05
1.1	1.1	-0.000300549
1.1	1.12	0.000101581
1.1	1.14	0.001304
1.1	1.16	0.0033067
1.1	1.18	0.00610967
1.1	1.2	0.00971292
1.1	1.22	0.0141164
1.1	1.24	0.0193202
1.1	1.26	0.0253243
1.1	1.28	0.0321286
1.1	1.3	0.0397331
1.1	1.32	0.0481379
1.1	1.34	0.057343
1.1	1.36	0.0673482
1.1	1.38	0.0781537
1.1	1.4	0.0897595
1.1	1.42	0.102165
1.1	1.44	0.115372
1.1	1.46	0.129378
1.1	1.48	0.144184
1.1	1.5	0.159791
1.1	1.52	0.176198
1.1	1.54	0.193405
1.1	1.56	0.211412
1.1	1.58	0.23022
1.1	1.6	0.249828
1.1	1.62	0.270235
1.1	1.64	0.291443
1.1	1.66	0.313451
1.1	1.68	0.336259
1.1	1.7	0.359867
1.1	1.72	0.384276
1.1	1.74	0.409484
1.1	1.76	0.435493
1.1	1.78	0.462302
1.1	1.8	0.48991
1.1	1.82	0.518319
1.1	1.84	0.547528
1.1	1.86	0.577537
1.1	1.88	0.608346
1.1	1.9	0.639955
1.1	1.92	0.672364
1.1	1.94	0.705573
1.1	1.96	0.739582
1.1	1.98	0.774391
1.1	2	0.81
1.11	0	1.2321
1.11	0.02	1.18809
1.11	0.04	1.14488
1.11	0.06	1.10247
1.11	0.08	1.06086
1.11	0.1	1.02004
1.11	0.12	0.980033
1.11	0.14	0.940822
1.11	0.16	0.902412
1.11	0.18	0.864801
1.11	0.2	0.82799
1.11	0.22	0.79198
1.11	0.24	0.75677
1.11	0.26	0.722359
1.11	0.28	0.688749
1.11	0.3	0.65594
1.11	0.32	0.62393
1.11	0.34	0.592721
1.11	0.36	0.562311
1.11	0.38	0.532702
1.11	0.4	0.503893
1.11	0.42	0.475885
1.11	0.44	0.448677
1.11	0.46	0.422268
1.11	0.48	0.396661
1.11	0.5	0.371853
1.11	0.52	0.347846
1.11	0.54	0.324639
1.11	0.56	0.302232
1.11	0.58	0.280626
1.11	0.6	0.259819
1.11	0.62	0.239814
1.11	0.64	0.220608
1.11	0.66	0.202203
1.11	0.68	0.184598
1.11	0.7	0.167793
1.11	0.72	0.151789
1.11	0.74	0.136585
1.11	0.76	0.122181
1.11	0.78	0.108578
1.11	0.8	0.0957751
1.11	0.82	0.0837725
1.11	0.84	0.0725702
1.11	0.86	0.0621682
1.11	0.88	0.0525666
1.11	0.9	0.0437653
1.11	0.92	0.0357643
1.11	0.94	0.0285637
1.11	0.96	0.0221634
1.11	0.98	0.0165635
1.11	1	0.0117639
1.11	1.02	0.0077646
1.11	1.04	0.00456565
1.11	1.06	0.00216702
1.11	1.08	0.000568716
1.11	1.1	-0.000229266
1.11	1.12	-0.000226933
1.11	1.14	0.000575715
1.11	1.16	0.00217867
1.11	1.18	0.00458193
1.11	1.2	0.00778549
1.11	1.22	0.0117894
1.11	1.24	0.0165935
1.11	1.26	0.0221979
1.11	1.28	0.0286027
1.11	1.3	0.0358076
1.11	1.32	0.0438129
1.11	1.34	0.0526184
1.11	1.36	0.0622242
1.11	1.38	0.0726302
1.11	1.4	0.0838365
1.11	1.42	0.095843
1.11	1.44	0.10865
1.11	1.46	0.122257
1.11	1.48	0.136664
1.11	1.5	0.151871
1.11	1.52	0.167879
1.11	1.54	0.184687
1.11	1.56	0.202295
1.11	1.58	0.220703
1.11	1.6	0.239911
1.11	1.62	0.259919
1.11	1.64	0.280728
1.11	1.66	0.302337
1.11	1.68	0.324746
1.11	1.7	0.347955
1.11	1.72	0.371964
1.11	1.74	0.396773
1.11	1.76	0.422383
1.11	1.78	0.448792
1.11	1.8	0.476002
1.11	1.82	0.504011
1.11	1.84	0.532821
1.11	1.86	0.562431
1.11	1.88	0.592841
1.11	1.9	0.62405
1.11	1.92	0.65606
1.11	1.94	0.68887
1.11	1.96	0.72248
1.11	1.98	0.75689
1.11	2	0.7921
1.12	0	1.2544
1.12	0.02	1.20999
1.12	0.04	1.16638
1.12	0.06	1.12356
1.12	0.08	1.08155
1.12	0.1	1.04034
1.12	0.12	0.999928
1.12	0.14	0.960316
1.12	0.16	0.921504
1.12	0.18	0.883492
1.12	0.2	0.846281
1.12	0.22	0.80987
1.12	0.24	0.774258
1.12	0.26	0.739447
1.12	0.28	0.705436
1.12	0.3	0.672226
1.12	0.32	0.639815
1.12	0.34	0.608205
1.12	0.36	0.577395
1.12	0.38	0.547385
1.12	0.4	0.518176
1.12	0.42	0.489766
1.12	0.44	0.462157
1.12	0.46	0.435349
1.12	0.48	0.40934
1.12	0.5	0.384132
1.12	0.52	0.359724
1.12	0.54	0.336116
1.12	0.56	0.313309
1.12	0.58	0.291302
1.12	0.6	0.270095
1.12	0.62	0.249689
1.12	0.64	0.230083
1.12	0.66	0.211277
1.12	0.68	0.193272
1.12	0.7	0.176067
1.12	0.72	0.159662
1.12	0.74	0.144058
1.12	0.76	0.129254
1.12	0.78	0.11525
1.12	0.8	0.102047
1.12	0.82	0.0896443
1.12	0.84	0.0780418
1.12	0.86	0.0672396
1.12	0.88	0.0572379
1.12	0.9	0.0480365
1.12	0.92	0.0396354
1.12	0.94	0.0320348
1.12	0.96	0.0252345
1.12	0.98	0.0192345
1.12	1	0.0140349
1.12	1.02	0.00963572
1.12	1.04	0.00603685
1.12	1.06	0.00323835
1.12	1.08	0.00124019
1.12	1.1	4.2381e-05
1.12	1.12	-0.000355084
1.12	1.14	4.7791e-05
1.12	1.16	0.001251
1.12	1.18	0.00325454
1.12	1.2	0.00605841
1.12	1.22	0.0096626
1.12	1.24	0.0140671
1.12	1.26	0.0192719
1.12	1.28	0.025277
1.12	1.3	0.0320825
1.12	1.32	0.0396882
1.12	1.34	0.0480942
1.12	1.36	0.0573004
1.12	1.38	0.067307
1.12	1.4	0.0781138
1.12	1.42	0.0897209
1.12	1.44	0.102128
1.12	1.46	0.115336
1.12	1.48	0.129344
1.12	1.5	0.144152
1.12	1.52	0.15976
1.12	1.54	0.176168
1.12	1.56	0.193377
1.12	1.58	0.211386
1.12	1.6	0.230195
1.12	1.62	0.249804
1.12	1.64	0.270213
1.12	1.66	0.291423
1.12	1.68	0.313433
1.12	1.7	0.336242
1.12	1.72	0.359852
1.12	1.74	0.384262
1.12	1.76	0.409473
1.12	1.78	0.435483
1.12	1.8	0.462293
1.12	1.82	0.489904
1.12	1.84	0.518314
1.12	1.86	0.547525
1.12	1.88	0.577535
1.12	1.9	0.608346
1.12	1.92	0.639957
1.12	1.94	0.672368
1.12	1.96	0.705578
1.12	1.98	0.739589
1.12	2	0.7744
1.13	0	1.2769
1.13	0.02	1.23209
1.13	0.04	1.18807
1.13	0.06	1.14486
1.13	0.08	1.10245
1.13	0.1	1.06083
1.13	0.12	1.02002
1.13	0.14	0.980009
1.13	0.16	0.940796
1.13	0.18	0.902384
1.13	0.2	0.864772
1.13	0.22	0.827959
1.13	0.24	0.791947
1.13	0.26	0.756735
1.13	0.28	0.722324
1.13	0.3	0.688712
1.13	0.32	0.655901
1.13	0.34	0.62389
1.13	0.36	0.592679
1.13	0.38	0.562268
1.13	0.4	0.532658
1.13	0.42	0.503848
1.13	0.44	0.475838
1.13	0.46	0.448629
1.13	0.48	0.42222
1.13	0.5	0.396611
1.13	0.52	0.371802
1.13	0.54	0.347794
1.13	0.56	0.324586
1.13	0.58	0.302179
1.13	0.6	0.280571
1.13	0.62	0.259765
1.13	0.64	0.239758
1.13	0.66	0.220552
1.13	0.68	0.202146
1.13	0.7	0.184541
1.13	0.72	0.167736
1.13	0.74	0.151731
1.13	0.76	0.136527
1.13	0.78	0.122123
1.13	0.8	0.10852
1.13	0.82	0.095716
1.13	0.84	0.0837134
1.13	0.86	0.0725111
1.13	0.88	0.0621091
1.13	0.9	0.0525076
1.13	0.92	0.0437065
1.13	0.94	0.0357058
1.13	0.96	0.0285055
1.13	0.98	0.0221055
1.13	1	0.016506
1.13	1.02	0.0117068
1.13	1.04	0.00770807
1.13	1.06	0.00450968
1.13	1.08	0.00211167
1.13	1.1	0.000514032
1.13	1.12	-0.000283232
1.13	1.14	-0.000280129
1.13	1.16	0.000523337
1.13	1.18	0.00212716
1.13	1.2	0.00453134
1.13	1.22	0.00773585
1.13	1.24	0.0117407
1.13	1.26	0.0165459
1.13	1.28	0.0221514
1.13	1.3	0.0285573
1.13	1.32	0.0357635
1.13	1.34	0.0437699
1.13	1.36	0.0525767
1.13	1.38	0.0621838
1.13	1.4	0.0725911
1.13	1.42	0.0837987
1.13	1.44	0.0958066
1.13	1.46	0.108615
1.13	1.48	0.122223
1.13	1.5	0.136632
1.13	1.52	0.151841
1.13	1.54	0.16785
1.13	1.56	0.184659
1.13	1.58	0.202269
1.13	1.6	0.220678
1.13	1.62	0.239888
1.13	1.64	0.259899
1.13	1.66	0.280709
1.13	1.68	0.302319
1.13	1.7	0.32473
1.13	1.72	0.347941
1.13	1.74	0.371951
1.13	1.76	0.396762
1.13	1.78	0.422374
1.13	1.8	0.448785
1.13	1.82	0.475996
1.13	1.84	0.504007
1.13	1.86	0.532819
1.13	1.88	0.56243
1.13	1.9	0.592842
1.13	1.92	0.624053
1.13	1.94	0.656065
1.13	1.96	0.688877
1.13	1.98	0.722488
1.13	2	0.7569
1.14	0	1.2996
1.14	0.02	1.25439
1.14	0.04	1.20997
1.14	0.06	1.16636
1.14	0.08	1.12354
1.14	0.1	1.08153
1.14	0.12	1.04032
1.14	0.14	0.999903
1.14	0.16	0.960289
1.14	0.18	0.921476
1.14	0.2	0.883462
1.14	0.22	0.846249
1.14	0.24	0.809836
1.14	0.26	0.774223
1.14	0.28	0.739411
1.14	0.3	0.705399
1.14	0.32	0.672186
1.14	0.34	0.639775
1.14	0.36	0.608163
1.14	0.38	0.577352
1.14	0.4	0.547341
1.14	0.42	0.51813
1.14	0.44	0.489719
1.14	0.46	0.462109
1.14	0.48	0.435299
1.14	0.5	0.40929
1.14	0.52	0.384081
1.14	0.54	0.359672
1.14	0.56	0.336063
1.14	0.58	0.313255
1.14	0.6	0.291248
1.14	0.62	0.27004
1.14	0.64	0.249633
1.14	0.66	0.230027
1.14	0.68	0.21122
1.14	0.7	0.193215
1.14	0.72	0.176009
1.14	0.74	0.159604
1.14	0.76	0.144
1.14	0.78	0.129196
1.14	0.8	0.115192
1.14	0.82	0.101989
1.14	0.84	0.0895857
1.14	0.86	0.0779833
1.14	0.88	0.0671812
1.14	0.9	0.0571796
1.14	0.92	0.0479784
1.14	0.94	0.0395776
1.14	0.96	0.0319773
1.14	0.98	0.0251773
1.14	1	0.0191778
1.14	1.02	0.0139787
1.14	1.04	0.00958006
1.14	1.06	0.00598178
1.14	1.08	0.00318392
1.14	1.1	0.00118645
1.14	1.12	-1.06194e-05
1.14	1.14	-0.000407294
1.14	1.16	-3.58094e-06
1.14	1.18	0.00120051
1.14	1.2	0.00320498
1.14	1.22	0.00600982
1.14	1.24	0.00961503
1.14	1.26	0.0140206
1.14	1.28	0.0192265
1.14	1.3	0.0252328
1.14	1.32	0.0320394
1.14	1.34	0.0396463
1.14	1.36	0.0480536
1.14	1.38	0.0572611
1.14	1.4	0.067269
1.14	1.42	0.0780772
1.14	1.44	0.0896857
1.14	1.46	0.102094
1.14	1.48	0.115303
1.14	1.5	0.129313
1.14	1.52	0.144122
1.14	1.54	0.159732
1.14	1.56	0.176142
1.14	1.58	0.193352
1.14	1.6	0.211363
1.14	1.62	0.230173
1.14	1.64	0.249784
1.14	1.66	0.270195
1.14	1.68	0.291406
1.14	1.7	0.313418
1.14	1.72	0.336229
1.14	1.74	0.359841
1.14	1.76	0.384253
1.14	1.78	0.409464
1.14	1.8	0.435476
1.14	1.82	0.462289
1.14	1.84	0.489901
1.14	1.86	0.518313
1.14	1.88	0.547525
1.14	1.9	0.577538
1.14	1.92	0.60835
1.14	1.94	0.639963
1.14	1.96	0.672375
1.14	1.98	0.705588
1.14	2	0.7396
1.15	0	1.3225
1.15	0.02	1.27688
1.15	0.04	1.23207
1.15	0.06	1.18806
1.15	0.08	1.14484
1.15	0.1	1.10243
1.15	0.12	1.06081
1.15	0.14	1.02
1.15	0.16	0.979982
1.15	0.18	0.940767
1.15	0.2	0.902353
1.15	0.22	0.864739
1.15	0.24	0.827925
1.15	0.26	0.791912
1.15	0.28	0.756698
1.15	0.3	0.722285
1.15	0.32	0.688672
1.15	0.34	0.65586
1.15	0.36	0.623847
1.15	0.38	0.592635
1.15	0.4	0.562224
1.15	0.42	0.532612
1.15	0.44	0.503801
1.15	0.46	0.47579
1.15	0.48	0.44858
1.15	0.5	0.422169
1.15	0.52	0.39656
1.15	0.54	0.37175
1.15	0.56	0.347741
1.15	0.58	0.324533
1.15	0.6	0.302124
1.15	0.62	0.280517
1.15	0.64	0.259709
1.15	0.66	0.239702
1.15	0.68	0.220496
1.15	0.7	0.202089
1.15	0.72	0.184484
1.15	0.74	0.167678
1.15	0.76	0.151673
1.15	0.78	0.136469
1.15	0.8	0.122065
1.15	0.82	0.108462
1.15	0.84	0.0956585
1.15	0.86	0.0836559
1.15	0.88	0.0724537
1.15	0.9	0.062052
1.15	0.92	0.0524507
1.15	0.94	0.0436499
1.15	0.96	0.0356495
1.15	0.98	0.0284496
1.15	1	0.0220501
1.15	1.02	0.0164511
1.15	1.04	0.0116525
1.15	1.06	0.00765431
1.15	1.08	0.00445659
1.15	1.1	0.00205929
1.15	1.12	0.000462411
1.15	1.14	-0.000334046
1.15	1.16	-0.000330089
1.15	1.18	0.000474274
1.15	1.2	0.00207903
1.15	1.22	0.00448419
1.15	1.24	0.00768973
1.15	1.26	0.0116957
1.15	1.28	0.016502
1.15	1.3	0.0221087
1.15	1.32	0.0285157
1.15	1.34	0.0357231
1.15	1.36	0.0437308
1.15	1.38	0.0525389
1.15	1.4	0.0621473
1.15	1.42	0.072556
1.15	1.44	0.083765
1.15	1.46	0.0957743
1.15	1.48	0.108584
1.15	1.5	0.122194
1.15	1.52	0.136604
1.15	1.54	0.151814
1.15	1.56	0.167825
1.15	1.58	0.184636
1.15	1.6	0.202247
1.15	1.62	0.220658
1.15	1.64	0.23987
1.15	1.66	0.259882
1.15	1.68	0.280694
1.15	1.7	0.302306
1.15	1.72	0.324718
1.15	1.74	0.34793
1.15	1.76	0.371943
1.15	1.78	0.396756
1.15	1.8	0.422368
1.15	1.82	0.448781
1.15	1.84	0.475994
1.15	1.86	0.504007
1.15	1.88	0.53282
1.15	1.9	0.562434
1.15	1.92	0.592847
1.15	1.94	0.62406
1.15	1.96	0.656073
1.15	1.98	0.688887
1.15	2	0.7225
1.16	0	1.3456
1.16	0.02	1.29958
1.16	0.04	1.25437
1.16	0.06	1.20995
1.16	0.08	1.16634
1.16	0.1	1.12352
1.16	0.12	1.08151
1.16	0.14	1.04029
1.16	0.16	0.999874
1.16	0.18	0.960259
1.16	0.2	0.921444
1.16	0.22	0.883429
1.16	0.24	0.846215
1.16	0.26	0.8098
1.16	0.28	0.774186
1.16	0.3	0.739372
1.16	0.32	0.705359
1.16	0.34	0.672145
1.16	0.36	0.639732
1.16	0.38	0.608119
1.16	0.4	0.577307
1.16	0.42	0.547295
1.16	0.44	0.518083
1.16	0.46	0.489671
1.16	0.48	0.46206
1.16	0.5	0.435249
1.16	0.52	0.409239
1.16	0.54	0.384029
1.16	0.56	0.35962
1.16	0.58	0.33601
1.16	0.6	0.313202
1.16	0.62	0.291193
1.16	0.64	0.269985
1.16	0.66	0.249578
1.16	0.68	0.229971
1.16	0.7	0.211165
1.16	0.72	0.193158
1.16	0.74	0.175953
1.16	0.76	0.159548
1.16	0.78	0.143943
1.16	0.8	0.129139
1.16	0.82	0.115135
1.16	0.84	0.101932
1.16	0.86	0.089529
1.16	0.88	0.0779267
1.16	0.9	0.0671248
1.16	0.92	0.0571235
1.16	0.94	0.0479226
1.16	0.96	0.0395222
1.16	0.98	0.0319223
1.16	1	0.0251228
1.16	1.02	0.0191234
1.16	1.04	0.0139249
1.16	1.06	0.00952684
1.16	1.08	0.00592926
1.16	1.1	0.00313212
1.16	1.12	0.00113544
1.16	1.14	-6.0798e-05
1.16	1.16	-0.000456597
1.16	1.18	-5.19668e-05
1.16	1.2	0.00115308
1.16	1.22	0.00315855
1.16	1.24	0.00596443
1.16	1.26	0.00957073
1.16	1.28	0.0139774
1.16	1.3	0.0191845
1.16	1.32	0.025192
1.16	1.34	0.0319998
1.16	1.36	0.039608
1.16	1.38	0.0480166
1.16	1.4	0.0572255
1.16	1.42	0.0672348
1.16	1.44	0.0780443
1.16	1.46	0.0896542
1.16	1.48	0.102064
1.16	1.5	0.115275
1.16	1.52	0.129286
1.16	1.54	0.144097
1.16	1.56	0.159708
1.16	1.58	0.17612
1.16	1.6	0.193331
1.16	1.62	0.211343
1.16	1.64	0.230156
1.16	1.66	0.249768
1.16	1.68	0.270181
1.16	1.7	0.291394
1.16	1.72	0.313407
1.16	1.74	0.33622
1.16	1.76	0.359833
1.16	1.78	0.384247
1.16	1.8	0.40946
1.16	1.82	0.435474
1.16	1.84	0.462288
1.16	1.86	0.489902
1.16	1.88	0.518316
1.16	1.9	0.54753
1.16	1.92	0.577544
1.16	1.94	0.608358
1.16	1.96	0.639972
1.16	1.98	0.672386
1.16	2	0.7056
1.17	0	1.3689
1.17	0.02	1.32248
1.17	0.04	1.27687
1.17	0.06	1.23205
1.17	0.08	1.18803
1.17	0.1	1.14482
1.17	0.12	1.1024
1.17	0.14	1.06078
1.17	0.16	1.01997
1.17	0.18	0.979951
1.17	0.2	0.940735
1.17	0.22	0.90232
1.17	0.24	0.864704
1.17	0.26	0.827889
1.17	0.28	0.791874
1.17	0.3	0.756659
1.17	0.32	0.722245
1.17	0.34	0.688631
1.17	0.36	0.655817
1.17	0.38	0.623803
1.17	0.4	0.59259
1.17	0.42	0.562177
1.17	0.44	0.532565
1.17	0.46	0.503753
1.17	0.48	0.475741
1.17	0.5	0.448529
1.17	0.52	0.422118
1.17	0.54	0.396508
1.17	0.56	0.371698
1.17	0.58	0.347688
1.17	0.6	0.324479
1.17	0.62	0.30207
1.17	0.64	0.280462
1.17	0.66	0.259654
1.17	0.68	0.239647
1.17	0.7	0.22044
1.17	0.72	0.202033
1.17	0.74	0.184427
1.17	0.76	0.167622
1.17	0.78	0.151617
1.17	0.8	0.136412
1.17	0.82	0.122008
1.17	0.84	0.108405
1.17	0.86	0.095602
1.17	0.88	0.0835996
1.17	0.9	0.0723977
1.17	0.92	0.0619962
1.17	0.94	0.0523953
1.17	0.96	0.0435949
1.17	0.98	0.035595
1.17	1	0.0283955
1.17	1.02	0.0219966
1.17	1.04	0.0163982
1.17	1.06	0.0116003
1.17	1.08	0.00760281
1.17	1.1	0.00440584
1.17	1.12	0.00200935
1.17	1.14	0.000413318
1.17	1.16	-0.000382246
1.17	1.18	-0.000377358
1.17	1.2	0.000427973
1.17	1.22	0.00203375
1.17	1.24	0.00443996
1.17	1.26	0.00764661
1.17	1.28	0.0116537
1.17	1.3	0.0164612
1.17	1.32	0.0220691
1.17	1.34	0.0284774
1.17	1.36	0.035686
1.17	1.38	0.0436951
1.17	1.4	0.0525045
1.17	1.42	0.0621143
1.17	1.44	0.0725244
1.17	1.46	0.0837348
1.17	1.48	0.0957456
1.17	1.5	0.108557
1.17	1.52	0.122168
1.17	1.54	0.13658
1.17	1.56	0.151792
1.17	1.58	0.167804
1.17	1.6	0.184616
1.17	1.62	0.202229
1.17	1.64	0.220642
1.17	1.66	0.239855
1.17	1.68	0.259869
1.17	1.7	0.280682
1.17	1.72	0.302296
1.17	1.74	0.32471
1.17	1.76	0.347924
1.17	1.78	0.371938
1.17	1.8	0.396752
1.17	1.82	0.422367
1.17	1.84	0.448781
1.17	1.86	0.475996
1.17	1.88	0.504011
1.17	1.9	0.532826
1.17	1.92	0.56244
1.17	1.94	0.592855
1.17	1.96	0.62407
1.17	1.98	0.656085
1.17	2	0.6889
1.18	0	1.3924
1.18	0.02	1.34558
1.18	0.04	1.29956
1.18	0.06	1.25435
1.18	0.08	1.20993
1.18	0.1	1.16631
1.18	0.12	1.12349
1.18	0.14	1.08148
1.18	0.16	1.04026
1.18	0.18	0.999844
1.18	0.2	0.960227
1.18	0.22	0.92141
1.18	0.24	0.883394
1.18	0.26	0.846178
1.18	0.28	0.809762
1.18	0.3	0.774147
1.18	0.32	0.739332
1.18	0.34	0.705317
1.18	0.36	0.672102
1.18	0.38	0.639688
1.18	0.4	0.608074
1.18	0.42	0.57726
1.18	0.44	0.547247
1.18	0.46	0.518034
1.18	0.48	0.489622
1.18	0.5	0.46201
1.18	0.52	0.435199
1.18	0.54	0.409187
1.18	0.56	0.383977
1.18	0.58	0.359567
1.18	0.6	0.335957
1.18	0.62	0.313148
1.18	0.64	0.291139
1.18	0.66	0.269931
1.18	0.68	0.249523
1.18	0.7	0.229916
1.18	0.72	0.211109
1.18	0.74	0.193103
1.18	0.76	0.175897
1.18	0.78	0.159492
1.18	0.8	0.143887
1.18	0.82	0.129083
1.18	0.84	0.115079
1.18	0.86	0.101876
1.18	0.88	0.0894735
1.18	0.9	0.0778714
1.18	0.92	0.0670699
1.18	0.94	0.057069
1.18	0.96	0.0478685
1.18	0.98	0.0394686
1.18	1	0.0318692
1.18	1.02	0.0250704
1.18	1.04	0.019072
1.18	1.06	0.0138742
1.18	1.08	0.00947687
1.18	1.1	0.00588006
1.18	1.12	0.00308374
1.18	1.14	0.00108792
1.18	1.16	-0.000107409
1.18	1.18	-0.000502267
1.18	1.2	-9.66579e-05
1.18	1.22	0.00110942
1.18	1.24	0.00311596
1.18	1.26	0.00592296
1.18	1.28	0.0095304
1.18	1.3	0.0139383
1.18	1.32	0.0191466
1.18	1.34	0.0251553
1.18	1.36	0.0319644
1.18	1.38	0.0395739
1.18	1.4	0.0479838
1.18	1.42	0.0571941
1.18	1.44	0.0672048
1.18	1.46	0.0780158
1.18	1.48	0.0896271
1.18	1.5	0.102039
1.18	1.52	0.115251
1.18	1.54	0.129263
1.18	1.56	0.144076
1.18	1.58	0.159688
1.18	1.6	0.176102
1.18	1.62	0.193315
1.18	1.64	0.211329
1.18	1.66	0.230142
1.18	1.68	0.249756
1.18	1.7	0.270171
1.18	1.72	0.291385
1.18	1.74	0.3134
1.18	1.76	0.336215
1.18	1.78	0.35983
1.18	1.8	0.384245
1.18	1.82	0.40946
1.18	1.84	0.435475
1.18	1.86	0.462291
1.18	1.88	0.489906
1.18	1.9	0.518322
1.18	1.92	0.547537
1.18	1.94	0.577553
1.18	1.96	0.608369
1.18	1.98	0.639984
1.18	2	0.6724
1.19	0	1.4161
1.19	0.02	1.36888
1.19	0.04	1.32246
1.19	0.06	1.27684
1.19	0.08	1.23203
1.19	0.1	1.18801
1.19	0.12	1.14479
1.19	0.14	1.10237
1.19	0.16	1.06075
1.19	0.18	1.01994
1.19	0.2	0.979918
1.19	0.22	0.940701
1.19	0.24	0.902284
1.19	0.26	0.864667
1.19	0.28	0.827851
1.19	0.3	0.791834
1.19	0.32	0.756619
1.19	0.34	0.722203
1.19	0.36	0.688588
1.19	0.38	0.655773
1.19	0.4	0.623758
1.19	0.42	0.592544
1.19	0.44	0.56213
1.19	0.46	0.532517
1.19	0.48	0.503704
1.19	0.5	0.475691
1.19	0.52	0.448479
1.19	0.54	0.422067
1.19	0.56	0.396456
1.19	0.58	0.371646
1.19	0.6	0.347635
1.19	0.62	0.324426
1.19	0.64	0.302017
1.19	0.66	0.280408
1.19	0.68	0.2596
1.19	0.7	0.239592
1.19	0.72	0.220385
1.19	0.74	0.201978
1.19	0.76	0.184372
1.19	0.78	0.167567
1.19	0.8	0.151562
1.19	0.82	0.136358
1.19	0.84	0.121954
1.19	0.86	0.108351
1.19	0.88	0.0955479
1.19	0.9	0.0835458
1.19	0.92	0.0723442
1.19	0.94	0.0619432
1.19	0.96	0.0523427
1.19	0.98	0.0435428
1.19	1	0.0355435
1.19	1.02	0.0283446
1.19	1.04	0.0219464
1.19	1.06	0.0163487
1.19	1.08	0.0115515
1.19	1.1	0.00755481
1.19	1.12	0.00435867
1.19	1.14	0.00196306
1.19	1.16	0.00036795
1.19	1.18	-0.000426657
1.19	1.2	-0.000420774
1.19	1.22	0.000385599
1.19	1.24	0.00199246
1.19	1.26	0.0043998
1.19	1.28	0.0076076
1.19	1.3	0.0116159
1.19	1.32	0.0164246
1.19	1.34	0.0220337
1.19	1.36	0.0284433
1.19	1.38	0.0356533
1.19	1.4	0.0436637
1.19	1.42	0.0524744
1.19	1.44	0.0620856
1.19	1.46	0.0724971
1.19	1.48	0.083709
1.19	1.5	0.0957212
1.19	1.52	0.108534
1.19	1.54	0.122147
1.19	1.56	0.13656
1.19	1.58	0.151773
1.19	1.6	0.167787
1.19	1.62	0.184601
1.19	1.64	0.202215
1.19	1.66	0.22063
1.19	1.68	0.239845
1.19	1.7	0.25986
1.19	1.72	0.280675
1.19	1.74	0.30229
1.19	1.76	0.324706
1.19	1.78	0.347921
1.19	1.8	0.371937
1.19	1.82	0.396753
1.19	1.84	0.422369
1.19	1.86	0.448785
1.19	1.88	0.476002
1.19	1.9	0.504018
1.19	1.92	0.532834
1.19	1.94	0.562451
1.19	1.96	0.592867
1.19	1.98	0.624084
1.19	2	0.6561
1.2	0	1.44
1.2	0.02	1.39238
1.2	0.04	1.34556
1.2	0.06	1.29954
1.2	0.08	1.25432
1.2	0.1	1.2099
1.2	0.12	1.16628
1.2	0.14	1.12347
1.2	0.16	1.08145
1.2	0.18	1.04023
1.2	0.2	0.99981
1.2	0.22	0.960192
1.2	0.24	0.921374
1.2	0.26	0.883357
1.2	0.28	0.846139
1.2	0.3	0.809722
1.2	0.32	0.774106
1.2	0.34	0.739289
1.2	0.36	0.705273
1.2	0.38	0.672058
1.2	0.4	0.639643
1.2	0.42	0.608028
1.2	0.44	0.577213
1.2	0.46	0.547199
1.2	0.48	0.517986
1.2	0.5	0.489573
1.2	0.52	0.46196
1.2	0.54	0.435148
1.2	0.56	0.409136
1.2	0.58	0.383925
1.2	0.6	0.359514
1.2	0.62	0.335904
1.2	0.64	0.313095
1.2	0.66	0.291086
1.2	0.68	0.269877
1.2	0.7	0.249469
1.2	0.72	0.229862
1.2	0.74	0.211055
1.2	0.76	0.193049
1.2	0.78	0.175843
1.2	0.8	0.159438
1.2	0.82	0.143833
1.2	0.84	0.129029
1.2	0.86	0.115026
1.2	0.88	0.101823
1.2	0.9	0.0894207
1.2	0.92	0.0778191
1.2	0.94	0.067018
1.2	0.96	0.0570175
1.2	0.98	0.0478176
1.2	1	0.0394183
1.2	1.02	0.0318195
1.2	1.04	0.0250213
1.2	1.06	0.0190237
1.2	1.08	0.0138266
1.2	1.1	0.00943013
1.2	1.12	0.00583417
1.2	1.14	0.00303875
1.2	1.16	0.00104387
1.2	1.18	-0.000150494
1.2	1.2	-0.00054434
1.2	1.22	-0.000137676
1.2	1.24	0.0010695
1.2	1.26	0.00307717
1.2	1.28	0.00588533
1.2	1.3	0.00949396
1.2	1.32	0.0139031
1.2	1.34	0.0191126
1.2	1.36	0.0251226
1.2	1.38	0.0319331
1.2	1.4	0.0395439
1.2	1.42	0.0479552
1.2	1.44	0.0571669
1.2	1.46	0.0671789
1.2	1.48	0.0779913
1.2	1.5	0.0896041
1.2	1.52	0.102017
1.2	1.54	0.115231
1.2	1.56	0.129244
1.2	1.58	0.144059
1.2	1.6	0.159673
1.2	1.62	0.176088
1.2	1.64	0.193303
1.2	1.66	0.211318
1.2	1.68	0.230133
1.2	1.7	0.249749
1.2	1.72	0.270165
1.2	1.74	0.291381
1.2	1.76	0.313397
1.2	1.78	0.336213
1.2	1.8	0.35983
1.2	1.82	0.384246
1.2	1.84	0.409463
1.2	1.86	0.43548
1.2	1.88	0.462297
1.2	1.9	0.489914
1.2	1.92	0.518331
1.2	1.94	0.547548
1.2	1.96	0.577566
1.2	1.98	0.608383
1.2	2	0.64
1.21	0	1.4641
1.21	0.02	1.41608
1.21	0.04	1.36886
1.21	0.06	1.32244
1.21	0.08	1.27682
1.21	0.1	1.232
1.21	0.12	1.18798
1.21	0.14	1.14476
1.21	0.16	1.10234
1.21	0.18	1.06072
1.21	0.2	1.0199
1.21	0.22	0.979883
1.21	0.24	0.940665
1.21	0.26	0.902246
1.21	0.28	0.864628
1.21	0.3	0.827811
1.21	0.32	0.791793
1.21	0.34	0.756576
1.21	0.36	0.72216
1.21	0.38	0.688543
1.21	0.4	0.655728
1.21	0.42	0.623712
1.21	0.44	0.592497
1.21	0.46	0.562082
1.21	0.48	0.532468
1.21	0.5	0.503655
1.21	0.52	0.475641
1.21	0.54	0.448429
1.21	0.56	0.422017
1.21	0.58	0.396405
1.21	0.6	0.371594
1.21	0.62	0.347583
1.21	0.64	0.324373
1.21	0.66	0.301964
1.21	0.68	0.280355
1.21	0.7	0.259547
1.21	0.72	0.239539
1.21	0.74	0.220332
1.21	0.76	0.201925
1.21	0.78	0.184319
1.21	0.8	0.167514
1.21	0.82	0.151509
1.21	0.84	0.136305
1.21	0.86	0.121902
1.21	0.88	0.108299
1.21	0.9	0.0954962
1.21	0.92	0.0834945
1.21	0.94	0.0722934
1.21	0.96	0.0618929
1.21	0.98	0.052293
1.21	1	0.0434937
1.21	1.02	0.035495
1.21	1.04	0.0282969
1.21	1.06	0.0218994
1.21	1.08	0.0163024
1.21	1.1	0.0115061
1.21	1.12	0.00751027
1.21	1.14	0.00431505
1.21	1.16	0.00192038
1.21	1.18	0.000326255
1.21	1.2	-0.000467328
1.21	1.22	-0.000460379
1.21	1.24	0.000347098
1.21	1.26	0.00195509
1.21	1.28	0.0043636
1.21	1.3	0.0075726
1.21	1.32	0.0115821
1.21	1.34	0.016392
1.21	1.36	0.0220025
1.21	1.38	0.0284133
1.21	1.4	0.0356247
1.21	1.42	0.0436364
1.21	1.44	0.0524486
1.21	1.46	0.0620611
1.21	1.48	0.0724741
1.21	1.5	0.0836874
1.21	1.52	0.0957011
1.21	1.54	0.108515
1.21	1.56	0.122129
1.21	1.58	0.136544
1.21	1.6	0.151759
1.21	1.62	0.167774
1.21	1.64	0.18459
1.21	1.66	0.202206
1.21	1.68	0.220622
1.21	1.7	0.239838
1.21	1.72	0.259855
1.21	1.74	0.280671
1.21	1.76	0.302288
1.21	1.78	0.324705
1.21	1.8	0.347923
1.21	1.82	0.37194
1.21	1.84	0.396757
1.21	1.86	0.422375
1.21	1.88	0.448793
1.21	1.9	0.476011
1.21	1.92	0.504028
1.21	1.94	0.532846
1.21	1.96	0.562464
1.21	1.98	0.592882
1.21	2	0.6241
1.22	0	1.4884
1.22	0.02	1.43998
1.22	0.04	1.39236
1.22	0.06	1.34554
1.22	0.08	1.29952
1.22	0.1	1.2543
1.22	0.12	1.20987
1.22	0.14	1.16625
1.22	0.16	1.12343
1.22	0.18	1.08141
1.22	0.2	1.04019
1.22	0.22	0.999775
1.22	0.24	0.960155
1.22	0.26	0.921336
1.22	0.28	0.883318
1.22	0.3	0.846099
1.22	0.32	0.809681
1.22	0.34	0.774064
1.22	0.36	0.739246
1.22	0.38	0.705229
1.22	0.4	0.672013
1.22	0.42	0.639597
1.22	0.44	0.607981
1.22	0.46	0.577166
1.22	0.48	0.547151
1.22	0.5	0.517937
1.22	0.52	0.489523
1.22	0.54	0.46191
1.22	0.56	0.435098
1.22	0.58	0.409085
1.22	0.6	0.383874
1.22	0.62	0.359463
1.22	0.64	0.335853
1.22	0.66	0.313043
1.22	0.68	0.291034
1.22	0.7	0.269825
1.22	0.72	0.249417
1.22	0.74	0.229809
1.22	0.76	0.211003
1.22	0.78	0.192996
1.22	0.8	0.175791
1.22	0.82	0.159386
1.22	0.84	0.143782
1.22	0.86	0.128978
1.22	0.88	0.114975
1.22	0.9	0.101772
1.22	0.92	0.0893706
1.22	0.94	0.0777695
1.22	0.96	0.066969
1.22	0.98	0.0569691
1.22	1	0.0477698
1.22	1.02	0.0393711
1.22	1.04	0.0317731
1.22	1.06	0.0249757
1.22	1.08	0.0189788
1.22	1.1	0.0137826
1.22	1.12	0.009387
1.22	1.14	0.00579196
1.22	1.16	0.0029975
1.22	1.18	0.00100361
1.22	1.2	-0.000189715
1.22	1.22	-0.000582488
1.22	1.24	-0.000174714
1.22	1.26	0.0010336
1.22	1.28	0.00304244
1.22	1.3	0.00585179
1.22	1.32	0.00946165
1.22	1.34	0.013872
1.22	1.36	0.0190828
1.22	1.38	0.0250941
1.22	1.4	0.0319059
1.22	1.42	0.0395176
1.22	1.44	0.0479303
1.22	1.46	0.0571434
1.22	1.48	0.0671568
1.22	1.5	0.0779707
1.22	1.52	0.0895849
1.22	1.54	0.102
1.22	1.56	0.115214
1.22	1.58	0.12923
1.22	1.6	0.144045
1.22	1.62	0.159661
1.22	1.64	0.176077
1.22	1.66	0.193294
1.22	1.68	0.211311
1.22	1.7	0.230128
1.22	1.72	0.249745
1.22	1.74	0.270162
1.22	1.76	0.29138
1.22	1.78	0.313397
1.22	1.8	0.336215
1.22	1.82	0.359833
1.22	1.84	0.384252
1.22	1.86	0.40947
1.22	1.88	0.435488
1.22	1.9	0.462307
1.22	1.92	0.489925
1.22	1.94	0.518344
1.22	1.96	0.547563
1.22	1.98	0.577581
1.22	2	0.6084
1.23	0	1.5129
1.23	0.02	1.46408
1.23	0.04	1.41606
1.23	0.06	1.36883
1.23	0.08	1.32241
1.23	0.1	1.27679
1.23	0.12	1.23197
1.23	0.14	1.18795
1.23	0.16	1.14473
1.23	0.18	1.10231
1.23	0.2	1.06069
1.23	0.22	1.01987
1.23	0.24	0.979846
1.23	0.26	0.940626
1.23	0.28	0.902207
1.23	0.3	0.864588
1.23	0.32	0.827769
1.23	0.34	0.791751
1.23	0.36	0.756533
1.23	0.38	0.722115
1.23	0.4	0.688498
1.23	0.42	0.655681
1.23	0.44	0.623665
1.23	0.46	0.592449
1.23	0.48	0.562034
1.23	0.5	0.53242
1.23	0.52	0.503605
1.23	0.54	0.475592
1.23	0.56	0.448379
1.23	0.58	0.421966
1.23	0.6	0.396354
1.23	0.62	0.371543
1.23	0.64	0.347532
1.23	0.66	0.324322
1.23	0.68	0.301912
1.23	0.7	0.280303
1.23	0.72	0.259495
1.23	0.74	0.239487
1.23	0.76	0.22028
1.23	0.78	0.201873
1.23	0.8	0.184268
1.23	0.82	0.167463
1.23	0.84	0.151458
1.23	0.86	0.136254
1.23	0.88	0.121851
1.23	0.9	0.108249
1.23	0.92	0.0954467
1.23	0.94	0.0834455
1.23	0.96	0.072245
1.23	0.98	0.0618451
1.23	1	0.0522459
1.23	1.02	0.0434473
1.23	1.04	0.0354493
1.23	1.06	0.028252
1.23	1.08	0.0218553
1.23	1.1	0.0162592
1.23	1.12	0.0114637
1.23	1.14	0.00746888
1.23	1.16	0.00427463
1.23	1.18	0.00188098
1.23	1.2	0.000287907
1.23	1.22	-0.000504589
1.23	1.24	-0.000496518
1.23	1.26	0.00031211
1.23	1.28	0.00192128
1.23	1.3	0.00433099
1.23	1.32	0.00754123
1.23	1.34	0.011552
1.23	1.36	0.0163632
1.23	1.38	0.021975
1.23	1.4	0.0283872
1.23	1.42	0.0355998
1.23	1.44	0.043613
1.23	1.46	0.0524265
1.23	1.48	0.0620405
1.23	1.5	0.0724548
1.23	1.52	0.0836696
1.23	1.54	0.0956847
1.23	1.56	0.1085
1.23	1.58	0.122116
1.23	1.6	0.136532
1.23	1.62	0.151749
1.23	1.64	0.167766
1.23	1.66	0.184583
1.23	1.68	0.2022
1.23	1.7	0.220618
1.23	1.72	0.239835
1.23	1.74	0.259853
1.23	1.76	0.280672
1.23	1.78	0.30229
1.23	1.8	0.324709
1.23	1.82	0.347927
1.23	1.84	0.371946
1.23	1.86	0.396765
1.23	1.88	0.422384
1.23	1.9	0.448803
1.23	1.92	0.476023
1.23	1.94	0.504042
1.23	1.96	0.532861
1.23	1.98	0.562481
1.23	2	0.5929
1.24	0	1.5376
1.24	0.02	1.48838
1.24	0.04	1.43995
1.24	0.06	1.39233
1.24	0.08	1.34551
1.24	0.1	1.29949
1.24	0.12	1.25427
1.24	0.14	1.20984
1.24	0.16	1.16622
1.24	0.18	1.1234
1.24	0.2	1.08138
1.24	0.22	1.04016
1.24	0.24	0.999737
1.24	0.26	0.960117
1.24	0.28	0.921297
1.24	0.3	0.883277
1.24	0.32	0.846058
1.24	0.34	0.809639
1.24	0.36	0.77402
1.24	0.38	0.739202
1.24	0.4	0.705184
1.24	0.42	0.671967
1.24	0.44	0.63955
1.24	0.46	0.607934
1.24	0.48	0.577118
1.24	0.5	0.547103
1.24	0.52	0.517888
1.24	0.54	0.489474
1.24	0.56	0.461861
1.24	0.58	0.435048
1.24	0.6	0.409035
1.24	0.62	0.383823
1.24	0.64	0.359412
1.24	0.66	0.335802
1.24	0.68	0.312992
1.24	0.7	0.290982
1.24	0.72	0.269774
1.24	0.74	0.249366
1.24	0.76	0.229759
1.24	0.78	0.210952
1.24	0.8	0.192946
1.24	0.82	0.175741
1.24	0.84	0.159336
1.24	0.86	0.143732
1.24	0.88	0.128929
1.24	0.9	0.114926
1.24	0.92	0.101724
1.24	0.94	0.0893229
1.24	0.96	0.0777224
1.24	0.98	0.0669225
1.24	1	0.0569233
1.24	1.02	0.0477247
1.24	1.04	0.0393268
1.24	1.06	0.0317296
1.24	1.08	0.024933
1.24	1.1	0.018937
1.24	1.12	0.0137417
1.24	1.14	0.00934708
1.24	1.16	0.00575303
1.24	1.18	0.00295959
1.24	1.2	0.000966761
1.24	1.22	-0.000225475
1.24	1.24	-0.000617124
1.24	1.26	-0.000208197
1.24	1.28	0.00100129
1.24	1.3	0.00301134
1.24	1.32	0.00582193
1.24	1.34	0.00943304
1.24	1.36	0.0138447
1.24	1.38	0.0190568
1.24	1.4	0.0250694
1.24	1.42	0.0318826
1.24	1.44	0.0394961
1.24	1.46	0.0479101
1.24	1.48	0.0571246
1.24	1.5	0.0671395
1.24	1.52	0.0779547
1.24	1.54	0.0895704
1.24	1.56	0.101986
1.24	1.58	0.115203
1.24	1.6	0.12922
1.24	1.62	0.144037
1.24	1.64	0.159654
1.24	1.66	0.176072
1.24	1.68	0.19329
1.24	1.7	0.211308
1.24	1.72	0.230126
1.24	1.74	0.249745
1.24	1.76	0.270164
1.24	1.78	0.291383
1.24	1.8	0.313402
1.24	1.82	0.336221
1.24	1.84	0.359841
1.24	1.86	0.384261
1.24	1.88	0.40948
1.24	1.9	0.4355
1.24	1.92	0.46232
1.24	1.94	0.48994
1.24	1.96	0.51836
1.24	1.98	0.54758
1.24	2	0.5776
1.25	0	1.5625
1.25	0.02	1.51288
1.25	0.04	1.46405
1.25	0.06	1.41603
1.25	0.08	1.36881
1.25	0.1	1.32238
1.25	0.12	1.27676
1.25	0.14	1.23194
1.25	0.16	1.18792
1.25	0.18	1.14469
1.25	0.2	1.10227
1.25	0.22	1.06065
1.25	0.24	1.01983
1.25	0.26	0.979808
1.25	0.28	0.940587
1.25	0.3	0.902167
1.25	0.32	0.864547
1.25	0.34	0.827727
1.25	0.36	0.791708
1.25	0.38	0.756489
1.25	0.4	0.722071
1.25	0.42	0.688453
1.25	0.44	0.655636
1.25	0.46	0.623619
1.25	0.48	0.592403
1.25	0.5	0.561987
1.25	0.52	0.532372
1.25	0.54	0.503557
1.25	0.56	0.475543
1.25	0.58	0.44833
1.25	0.6	0.421917
1.25	0.62	0.396305
1.25	0.64	0.371493
1.25	0.66	0.347482
1.25	0.68	0.324272
1.25	0.7	0.301862
1.25	0.72	0.280254
1.25	0.74	0.259445
1.25	0.76	0.239438
1.25	0.78	0.220231
1.25	0.8	0.201825
1.25	0.82	0.184219
1.25	0.84	0.167414
1.25	0.86	0.15141
1.25	0.88	0.136207
1.25	0.9	0.121804
1.25	0.92	0.108202
1.25	0.94	0.095401
1.25	0.96	0.0834004
1.25	0.98	0.0722006
1.25	1	0.0618014
1.25	1.02	0.0522029
1.25	1.04	0.043405
1.25	1.06	0.0354079
1.25	1.08	0.0282114
1.25	1.1	0.0218156
1.25	1.12	0.0162204
1.25	1.14	0.0114259
1.25	1.16	0.00743209
1.25	1.18	0.00423886
1.25	1.2	0.00184627
1.25	1.22	0.000254283
1.25	1.24	-0.000537096
1.25	1.26	-0.00052788
1.25	1.28	0.000281919
1.25	1.3	0.00189229
1.25	1.32	0.00430322
1.25	1.34	0.00751469
1.25	1.36	0.0115267
1.25	1.38	0.0163392
1.25	1.4	0.0219523
1.25	1.42	0.0283658
1.25	1.44	0.0355798
1.25	1.46	0.0435943
1.25	1.48	0.0524092
1.25	1.5	0.0620246
1.25	1.52	0.0724403
1.25	1.54	0.0836565
1.25	1.56	0.095673
1.25	1.58	0.10849
1.25	1.6	0.122107
1.25	1.62	0.136524
1.25	1.64	0.151742
1.25	1.66	0.167761
1.25	1.68	0.184579
1.25	1.7	0.202198
1.25	1.72	0.220617
1.25	1.74	0.239836
1.25	1.76	0.259856
1.25	1.78	0.280676
1.25	1.8	0.302295
1.25	1.82	0.324715
1.25	1.84	0.347936
1.25	1.86	0.371956
1.25	1.88	0.396776
1.25	1.9	0.422397
1.25	1.92	0.448817
1.25	1.94	0.476038
1.25	1.96	0.504059
1.25	1.98	0.532879
1.25	2	0.5625
1.26	0	1.5876
1.26	0.02	1.53758
1.26	0.04	1.48835
1.26	0.06	1.43993
1.26	0.08	1.3923
1.26	0.1	1.34548
1.26	0.12	1.29946
1.26	0.14	1.25423
1.26	0.16	1.20981
1.26	0.18	1.16619
1.26	0.2	1.12336
1.26	0.22	1.08134
1.26	0.24	1.04012
1.26	0.26	0.999699
1.26	0.28	0.960077
1.26	0.3	0.921256
1.26	0.32	0.883236
1.26	0.34	0.846015
1.26	0.36	0.809596
1.26	0.38	0.773976
1.26	0.4	0.739157
1.26	0.42	0.705139
1.26	0.44	0.671921
1.26	0.46	0.639504
1.26	0.48	0.607887
1.26	0.5	0.577071
1.26	0.52	0.547055
1.26	0.54	0.51784
1.26	0.56	0.489426
1.26	0.58	0.461812
1.26	0.6	0.434999
1.26	0.62	0.408986
1.26	0.64	0.383774
1.26	0.66	0.359363
1.26	0.68	0.335752
1.26	0.7	0.312942
1.26	0.72	0.290933
1.26	0.74	0.269725
1.26	0.76	0.249317
1.26	0.78	0.22971
1.26	0.8	0.210904
1.26	0.82	0.192898
1.26	0.84	0.175693
1.26	0.86	0.159289
1.26	0.88	0.143685
1.26	0.9	0.128882
1.26	0.92	0.11488
1.26	0.94	0.101679
1.26	0.96	0.0892785
1.26	0.98	0.0776786
1.26	1	0.0668795
1.26	1.02	0.056881
1.26	1.04	0.0476832
1.26	1.06	0.0392862
1.26	1.08	0.0316898
1.26	1.1	0.0248941
1.26	1.12	0.0188991
1.26	1.14	0.0137048
1.26	1.16	0.00931115
1.26	1.18	0.00571814
1.26	1.2	0.00292578
1.26	1.22	0.000934046
1.26	1.24	-0.000257061
1.26	1.26	-0.000647556
1.26	1.28	-0.00023745
1.26	1.3	0.000973245
1.26	1.32	0.00298452
1.26	1.34	0.00579635
1.26	1.36	0.00940873
1.26	1.38	0.0138217
1.26	1.4	0.0190351
1.26	1.42	0.0250491
1.26	1.44	0.0318635
1.26	1.46	0.0394784
1.26	1.48	0.0478938
1.26	1.5	0.0571096
1.26	1.52	0.0671259
1.26	1.54	0.0779426
1.26	1.56	0.0895596
1.26	1.58	0.101977
1.26	1.6	0.115195
1.26	1.62	0.129213
1.26	1.64	0.144032
1.26	1.66	0.15965
1.26	1.68	0.176069
1.26	1.7	0.193289
1.26	1.72	0.211308
1.26	1.74	0.230128
1.26	1.76	0.249748
1.26	1.78	0.270169
1.26	1.8	0.291389
1.26	1.82	0.31341
1.26	1.84	0.336231
1.26	1.86	0.359852
1.26	1.88	0.384273
1.26	1.9	0.409494
1.26	1.92	0.435515
1.26	1.94	0.462336
1.26	1.96	0.489957
1.26	1.98	0.518379
1.26	2	0.5476
1.27	0	1.6129
1.27	0.02	1.56248
1.27	0.04	1.51285
1.27	0.06	1.46403
1.27	0.08	1.416
1.27	0.1	1.36878
1.27	0.12	1.32235
1.27	0.14	1.27673
1.27	0.16	1.23191
1.27	0.18	1.18788
1.27	0.2	1.14466
1.27	0.22	1.10224
1.27	0.24	1.06061
1.27	0.26	1.01979
1.27	0.28	0.979768
1.27	0.3	0.940546
1.27	0.32	0.902125
1.27	0.34	0.864504
1.27	0.36	0.827684
1.27	0.38	0.791664
1.27	0.4	0.756445
1.27	0.42	0.722026
1.27	0.44	0.688408
1.27	0.46	0.65559
1.27	0.48	0.623572
1.27	0.5	0.592356
1.27	0.52	0.56194
1.27	0.54	0.532324
1.27	0.56	0.503509
1.27	0.58	0.475495
1.27	0.6	0.448282
1.27	0.62	0.421869
1.27	0.64	0.396256
1.27	0.66	0.371445
1.27	0.68	0.347434
1.27	0.7	0.324224
1.27	0.72	0.301814
1.27	0.74	0.280206
1.27	0.76	0.259398
1.27	0.78	0.23939
1.27	0.8	0.220184
1.27	0.82	0.201778
1.27	0.84	0.184173
1.27	0.86	0.167369
1.27	0.88	0.151365
1.27	0.9	0.136162
1.27	0.92	0.12176
1.27	0.94	0.108159
1.27	0.96	0.095358
1.27	0.98	0.0833581
1.27	1	0.072159
1.27	1.02	0.0617606
1.27	1.04	0.0521629
1.27	1.06	0.0433659
1.27	1.08	0.0353696
1.27	1.1	0.0281741
1.27	1.12	0.0217792
1.27	1.14	0.0161851
1.27	1.16	0.0113916
1.27	1.18	0.00739876
1.27	1.2	0.00420661
1.27	1.22	0.00181512
1.27	1.24	0.000224263
1.27	1.26	-0.000565962
1.27	1.28	-0.000555569
1.27	1.3	0.00025543
1.27	1.32	0.00186702
1.27	1.34	0.00427919
1.27	1.36	0.00749193
1.27	1.38	0.0115052
1.27	1.4	0.016319
1.27	1.42	0.0219334
1.27	1.44	0.0283483
1.27	1.46	0.0355636
1.27	1.48	0.0435794
1.27	1.5	0.0523957
1.27	1.52	0.0620124
1.27	1.54	0.0724296
1.27	1.56	0.0836471
1.27	1.58	0.0956651
1.27	1.6	0.108483
1.27	1.62	0.122102
1.27	1.64	0.136521
1.27	1.66	0.15174
1.27	1.68	0.16776
1.27	1.7	0.18458
1.27	1.72	0.2022
1.27	1.74	0.220621
1.27	1.76	0.239841
1.27	1.78	0.259862
1.27	1.8	0.280683
1.27	1.82	0.302304
1.27	1.84	0.324726
1.27	1.86	0.347947
1.27	1.88	0.371969
1.27	1.9	0.396791
1.27	1.92	0.422412
1.27	1.94	0.448834
1.27	1.96	0.476056
1.27	1.98	0.504078
1.27	2	0.5329
1.28	0	1.6384
1.28	0.02	1.58757
1.28	0.04	1.53755
1.28	0.06	1.48832
1.28	0.08	1.4399
1.28	0.1	1.39227
1.28	0.12	1.34545
1.28	0.14	1.29942
1.28	0.16	1.2542
1.28	0.18	1.20978
1.28	0.2	1.16615
1.28	0.22	1.12333
1.28	0.24	1.0813
1.28	0.26	1.04008
1.28	0.28	0.999659
1.28	0.3	0.960037
1.28	0.32	0.921215
1.28	0.34	0.883194
1.28	0.36	0.845973
1.28	0.38	0.809553
1.28	0.4	0.773933
1.28	0.42	0.739113
1.28	0.44	0.705094
1.28	0.46	0.671876
1.28	0.48	0.639458
1.28	0.5	0.607841
1.28	0.52	0.577025
1.28	0.54	0.547009
1.28	0.56	0.517794
1.28	0.58	0.489379
1.28	0.6	0.461765
1.28	0.62	0.434952
1.28	0.64	0.408939
1.28	0.66	0.383727
1.28	0.68	0.359316
1.28	0.7	0.335706
1.28	0.72	0.312896
1.28	0.74	0.290887
1.28	0.76	0.269679
1.28	0.78	0.249271
1.28	0.8	0.229665
1.28	0.82	0.210859
1.28	0.84	0.192854
1.28	0.86	0.175649
1.28	0.88	0.159245
1.28	0.9	0.143642
1.28	0.92	0.12884
1.28	0.94	0.114839
1.28	0.96	0.101638
1.28	0.98	0.0892384
1.28	1	0.0776393
1.28	1.02	0.0668409
1.28	1.04	0.0568432
1.28	1.06	0.0476463
1.28	1.08	0.0392502
1.28	1.1	0.0316547
1.28	1.12	0.02486
1.28	1.14	0.018866
1.28	1.16	0.0136727
1.28	1.18	0.00928008
1.28	1.2	0.00568814
1.28	1.22	0.00289687
1.28	1.24	0.000906261
1.28	1.26	-0.000283704
1.28	1.28	-0.000673034
1.28	1.3	-0.000261743
1.28	1.32	0.000950157
1.28	1.34	0.00296265
1.28	1.36	0.00577573
1.28	1.38	0.00938937
1.28	1.4	0.0138036
1.28	1.42	0.0190183
1.28	1.44	0.0250335
1.28	1.46	0.0318493
1.28	1.48	0.0394655
1.28	1.5	0.0478823
1.28	1.52	0.0570994
1.28	1.54	0.067117
1.28	1.56	0.077935
1.28	1.58	0.0895535
1.28	1.6	0.101972
1.28	1.62	0.115191
1.28	1.64	0.129211
1.28	1.66	0.144031
1.28	1.68	0.159651
1.28	1.7	0.176071
1.28	1.72	0.193292
1.28	1.74	0.211313
1.28	1.76	0.230134
1.28	1.78	0.249756
1.28	1.8	0.270177
1.28	1.82	0.291399
1.28	1.84	0.313421
1.28	1.86	0.336243
1.28	1.88	0.359865
1.28	1.9	0.384288
1.28	1.92	0.40951
1.28	1.94	0.435532
1.28	1.96	0.462355
1.28	1.98	0.489977
1.28	2	0.5184
1.29	0	1.6641
1.29	0.02	1.61287
1.29	0.04	1.56245
1.29	0.06	1.51282
1.29	0.08	1.464
1.29	0.1	1.41597
1.29	0.12	1.36875
1.29	0.14	1.32232
1.29	0.16	1.27669
1.29	0.18	1.23187
1.29	0.2	1.18785
1.29	0.22	1.14462
1.29	0.24	1.1022
1.29	0.26	1.06057
1.29	0.28	1.01975
1.29	0.3	0.979728
1.29	0.32	0.940505
1.29	0.34	0.902083
1.29	0.36	0.864462
1.29	0.38	0.827641
1.29	0.4	0.791621
1.29	0.42	0.756401
1.29	0.44	0.721981
1.29	0.46	0.688363
1.29	0.48	0.655544
1.29	0.5	0.623527
1.29	0.52	0.59231
1.29	0.54	0.561893
1.29	0.56	0.532278
1.29	0.58	0.503463
1.29	0.6	0.475449
1.29	0.62	0.448235
1.29	0.64	0.421822
1.29	0.66	0.39621
1.29	0.68	0.371398
1.29	0.7	0.347388
1.29	0.72	0.324178
1.29	0.74	0.301769
1.29	0.76	0.28016
1.29	0.78	0.259353
1.29	0.8	0.239346
1.29	0.82	0.220139
1.29	0.84	0.201734
1.29	0.86	0.18413
1.29	0.88	0.167326
1.29	0.9	0.151323
1.29	0.92	0.136121
1.29	0.94	0.121719
1.29	0.96	0.108118
1.29	0.98	0.0953186
1.29	1	0.0833195
1.29	1.02	0.0721212
1.29	1.04	0.0617236
1.29	1.06	0.0521268
1.29	1.08	0.0433307
1.29	1.1	0.0353354
1.29	1.12	0.0281408
1.29	1.14	0.021747
1.29	1.16	0.0161538
1.29	1.18	0.0113614
1.29	1.2	0.00736967
1.29	1.22	0.00417863
1.29	1.24	0.00178826
1.29	1.26	0.000198558
1.29	1.28	-0.000590496
1.29	1.3	-0.000578911
1.29	1.32	0.000233297
1.29	1.34	0.00184612
1.29	1.36	0.00425953
1.29	1.38	0.00747353
1.29	1.4	0.0114881
1.29	1.42	0.0163032
1.29	1.44	0.0219188
1.29	1.46	0.028335
1.29	1.48	0.0355517
1.29	1.5	0.0435688
1.29	1.52	0.0523864
1.29	1.54	0.0620045
1.29	1.56	0.072423
1.29	1.58	0.0836419
1.29	1.6	0.0956612
1.29	1.62	0.108481
1.29	1.64	0.122101
1.29	1.66	0.136521
1.29	1.68	0.151742
1.29	1.7	0.167763
1.29	1.72	0.184584
1.29	1.74	0.202206
1.29	1.76	0.220627
1.29	1.78	0.239849
1.29	1.8	0.259872
1.29	1.82	0.280694
1.29	1.84	0.302317
1.29	1.86	0.324739
1.29	1.88	0.347962
1.29	1.9	0.371985
1.29	1.92	0.396808
1.29	1.94	0.422431
1.29	1.96	0.448854
1.29	1.98	0.476077
1.29	2	0.5041
1.3	0	1.69
1.3	0.02	1.63837
1.3	0.04	1.58755
1.3	0.06	1.53752
1.3	0.08	1.48829
1.3	0.1	1.43987
1.3	0.12	1.39224
1.3	0.14	1.34542
1.3	0.16	1.29939
1.3	0.18	1.25416
1.3	0.2	1.20974
1.3	0.22	1.16611
1.3	0.24	1.12329
1.3	0.26	1.08127
1.3	0.28	1.04004
1.3	0.3	0.999619
1.3	0.32	0.959996
1.3	0.34	0.921174
1.3	0.36	0.883152
1.3	0.38	0.84593
1.3	0.4	0.809509
1.3	0.42	0.773889
1.3	0.44	0.739069
1.3	0.46	0.70505
1.3	0.48	0.671831
1.3	0.5	0.639413
1.3	0.52	0.607796
1.3	0.54	0.576979
1.3	0.56	0.546963
1.3	0.58	0.517748
1.3	0.6	0.489333
1.3	0.62	0.461719
1.3	0.64	0.434906
1.3	0.66	0.408894
1.3	0.68	0.383682
1.3	0.7	0.359271
1.3	0.72	0.335661
1.3	0.74	0.312852
1.3	0.76	0.290843
1.3	0.78	0.269635
1.3	0.8	0.249228
1.3	0.82	0.229622
1.3	0.84	0.210816
1.3	0.86	0.192812
1.3	0.88	0.175608
1.3	0.9	0.159205
1.3	0.92	0.143602
1.3	0.94	0.128801
1.3	0.96	0.1148
1.3	0.98	0.1016
1.3	1	0.0892013
1.3	1.02	0.077603
1.3	1.04	0.0668055
1.3	1.06	0.0568087
1.3	1.08	0.0476127
1.3	1.1	0.0392175
1.3	1.12	0.0316231
1.3	1.14	0.0248294
1.3	1.16	0.0188364
1.3	1.18	0.0136441
1.3	1.2	0.00925261
1.3	1.22	0.00566177
1.3	1.24	0.00287163
1.3	1.26	0.000882165
1.3	1.28	-0.000306632
1.3	1.3	-0.000694778
1.3	1.32	-0.000282284
1.3	1.34	0.000930834
1.3	1.36	0.00294456
1.3	1.38	0.00575888
1.3	1.4	0.00937379
1.3	1.42	0.0137893
1.3	1.44	0.0190053
1.3	1.46	0.0250218
1.3	1.48	0.0318389
1.3	1.5	0.0394564
1.3	1.52	0.0478744
1.3	1.54	0.0570929
1.3	1.56	0.0671118
1.3	1.58	0.0779312
1.3	1.6	0.0895509
1.3	1.62	0.101971
1.3	1.64	0.115192
1.3	1.66	0.129212
1.3	1.68	0.144034
1.3	1.7	0.159655
1.3	1.72	0.176077
1.3	1.74	0.193299
1.3	1.76	0.211321
1.3	1.78	0.230144
1.3	1.8	0.249766
1.3	1.82	0.270189
1.3	1.84	0.291412
1.3	1.86	0.313435
1.3	1.88	0.336259
1.3	1.9	0.359882
1.3	1.92	0.384306
1.3	1.94	0.409529
1.3	1.96	0.435553
1.3	1.98	0.462376
1.3	2	0.49
1.31	0	1.7161
1.31	0.02	1.66407
1.31	0.04	1.61285
1.31	0.06	1.56242
1.31	0.08	1.51279
1.31	0.1	1.46396
1.31	0.12	1.41594
1.31	0.14	1.36871
1.31	0.16	1.32229
1.31	0.18	1.27666
1.31	0.2	1.23183
1.31	0.22	1.18781
1.31	0.24	1.14458
1.31	0.26	1.10216
1.31	0.28	1.06053
1.31	0.3	1.01971
1.31	0.32	0.979687
1.31	0.34	0.940464
1.31	0.36	0.902042
1.31	0.38	0.86442
1.31	0.4	0.827599
1.31	0.42	0.791578
1.31	0.44	0.756358
1.31	0.46	0.721938
1.31	0.48	0.688319
1.31	0.5	0.655501
1.31	0.52	0.623483
1.31	0.54	0.592266
1.31	0.56	0.561849
1.31	0.58	0.532234
1.31	0.6	0.503419
1.31	0.62	0.475405
1.31	0.64	0.448191
1.31	0.66	0.421778
1.31	0.68	0.396166
1.31	0.7	0.371355
1.31	0.72	0.347345
1.31	0.74	0.324135
1.31	0.76	0.301726
1.31	0.78	0.280118
1.31	0.8	0.259311
1.31	0.82	0.239305
1.31	0.84	0.220099
1.31	0.86	0.201694
1.31	0.88	0.18409
1.31	0.9	0.167287
1.31	0.92	0.151285
1.31	0.94	0.136083
1.31	0.96	0.121683
1.31	0.98	0.108083
1.31	1	0.0952839
1.31	1.02	0.0832856
1.31	1.04	0.0720881
1.31	1.06	0.0616915
1.31	1.08	0.0520956
1.31	1.1	0.0433005
1.31	1.12	0.0353061
1.31	1.14	0.0281125
1.31	1.16	0.0217197
1.31	1.18	0.0161276
1.31	1.2	0.0113363
1.31	1.22	0.00734566
1.31	1.24	0.00415573
1.31	1.26	0.00176649
1.31	1.28	0.000177941
1.31	1.3	-0.000609946
1.31	1.32	-0.00059718
1.31	1.34	0.000216225
1.31	1.36	0.00183025
1.31	1.38	0.00424489
1.31	1.4	0.00746011
1.31	1.42	0.0114759
1.31	1.44	0.0162923
1.31	1.46	0.0219092
1.31	1.48	0.0283266
1.31	1.5	0.0355445
1.31	1.52	0.0435629
1.31	1.54	0.0523818
1.31	1.56	0.0620012
1.31	1.58	0.0724209
1.31	1.6	0.0836411
1.31	1.62	0.0956617
1.31	1.64	0.108483
1.31	1.66	0.122104
1.31	1.68	0.136526
1.31	1.7	0.151748
1.31	1.72	0.16777
1.31	1.74	0.184592
1.31	1.76	0.202215
1.31	1.78	0.220638
1.31	1.8	0.239861
1.31	1.82	0.259885
1.31	1.84	0.280708
1.31	1.86	0.302332
1.31	1.88	0.324756
1.31	1.9	0.34798
1.31	1.92	0.372004
1.31	1.94	0.396828
1.31	1.96	0.422452
1.31	1.98	0.448876
1.31	2	0.4761
1.32	0	1.7424
1.32	0.02	1.68997
1.32	0.04	1.63834
1.32	0.06	1.58752
1.32	0.08	1.53749
1.32	0.1	1.48826
1.32	0.12	1.43983
1.32	0.14	1.39221
1.32	0.16	1.34538
1.32	0.18	1.29935
1.32	0.2	1.25413
1.32	0.22	1.2097
1.32	0.24	1.16608
1.32	0.26	1.12325
1.32	0.28	1.08123
1.32	0.3	1.04
1.32	0.32	0.999579
1.32	0.34	0.959956
1.32	0.36	0.921133
1.32	0.38	0.88311
1.32	0.4	0.845888
1.32	0.42	0.809467
1.32	0.44	0.773847
1.32	0.46	0.739027
1.32	0.48	0.705007
1.32	0.5	0.671788
1.32	0.52	0.63937
1.32	0.54	0.607753
1.32	0.56	0.576936
1.32	0.58	0.54692
1.32	0.6	0.517705
1.32	0.62	0.48929
1.32	0.64	0.461677
1.32	0.66	0.434864
1.32	0.68	0.408852
1.32	0.7	0.38364
1.32	0.72	0.359229
1.32	0.74	0.33562
1.32	0.76	0.312811
1.32	0.78	0.290802
1.32	0.8	0.269595
1.32	0.82	0.249189
1.32	0.84	0.229583
1.32	0.86	0.210778
1.32	0.88	0.192774
1.32	0.9	0.175571
1.32	0.92	0.159168
1.32	0.94	0.143567
1.32	0.96	0.128766
1.32	0.98	0.114766
1.32	1	0.101567
1.32	1.02	0.089169
1.32	1.04	0.0775716
1.32	1.06	0.066775
1.32	1.08	0.0567792
1.32	1.1	0.0475842
1.32	1.12	0.03919
1.32	1.14	0.0315965
1.32	1.16	0.0248039
1.32	1.18	0.018812
1.32	1.2	0.0136208
1.32	1.22	0.00923033
1.32	1.24	0.00564061
1.32	1.26	0.00285159
1.32	1.28	0.000863268
1.32	1.3	-0.000324373
1.32	1.32	-0.000711348
1.32	1.34	-0.000297671
1.32	1.36	0.000916641
1.32	1.38	0.00293157
1.32	1.4	0.00574711
1.32	1.42	0.00936323
1.32	1.44	0.0137799
1.32	1.46	0.0189972
1.32	1.48	0.0250149
1.32	1.5	0.0318332
1.32	1.52	0.039452
1.32	1.54	0.0478713
1.32	1.56	0.057091
1.32	1.58	0.0671112
1.32	1.6	0.0779318
1.32	1.62	0.0895528
1.32	1.64	0.101974
1.32	1.66	0.115196
1.32	1.68	0.129218
1.32	1.7	0.14404
1.32	1.72	0.159663
1.32	1.74	0.176086
1.32	1.76	0.193309
1.32	1.78	0.211333
1.32	1.8	0.230156
1.32	1.82	0.24978
1.32	1.84	0.270204
1.32	1.86	0.291428
1.32	1.88	0.313453
1.32	1.9	0.336277
1.32	1.92	0.359902
1.32	1.94	0.384326
1.32	1.96	0.409551
1.32	1.98	0.435575
1.32	2	0.4624
1.33	0	1.7689
1.33	0.02	1.71607
1.33	0.04	1.66404
1.33	0.06	1.61282
1.33	0.08	1.56239
1.33	0.1	1.51276
1.33	0.12	1.46393
1.33	0.14	1.4159
1.33	0.16	1.36868
1.33	0.18	1.32225
1.33	0.2	1.27662
1.33	0.22	1.2318
1.33	0.24	1.18777
1.33	0.26	1.14455
1.33	0.28	1.10212
1.33	0.3	1.0605
1.33	0.32	1.01967
1.33	0.34	0.979647
1.33	0.36	0.940424
1.33	0.38	0.902001
1.33	0.4	0.864379
1.33	0.42	0.827557
1.33	0.44	0.791536
1.33	0.46	0.756316
1.33	0.48	0.721896
1.33	0.5	0.688277
1.33	0.52	0.655458
1.33	0.54	0.623441
1.33	0.56	0.592224
1.33	0.58	0.561807
1.33	0.6	0.532192
1.33	0.62	0.503377
1.33	0.64	0.475363
1.33	0.66	0.44815
1.33	0.68	0.421737
1.33	0.7	0.396126
1.33	0.72	0.371315
1.33	0.74	0.347305
1.33	0.76	0.324096
1.33	0.78	0.301687
1.33	0.8	0.28008
1.33	0.82	0.259273
1.33	0.84	0.239267
1.33	0.86	0.220062
1.33	0.88	0.201658
1.33	0.9	0.184055
1.33	0.92	0.167253
1.33	0.94	0.151251
1.33	0.96	0.13605
1.33	0.98	0.12165
1.33	1	0.108051
1.33	1.02	0.0952532
1.33	1.04	0.0832558
1.33	1.06	0.0720593
1.33	1.08	0.0616636
1.33	1.1	0.0520687
1.33	1.12	0.0432745
1.33	1.14	0.0352812
1.33	1.16	0.0280887
1.33	1.18	0.0216969
1.33	1.2	0.0161059
1.33	1.22	0.0113157
1.33	1.24	0.00732613
1.33	1.26	0.00413732
1.33	1.28	0.00174922
1.33	1.3	0.000161814
1.33	1.32	-0.000624912
1.33	1.34	-0.000610976
1.33	1.36	0.000203609
1.33	1.38	0.00181883
1.33	1.4	0.00423466
1.33	1.42	0.00745109
1.33	1.44	0.0114681
1.33	1.46	0.0162857
1.33	1.48	0.0219038
1.33	1.5	0.0283224
1.33	1.52	0.0355416
1.33	1.54	0.0435612
1.33	1.56	0.0523813
1.33	1.58	0.0620019
1.33	1.6	0.0724229
1.33	1.62	0.0836443
1.33	1.64	0.095666
1.33	1.66	0.108488
1.33	1.68	0.122111
1.33	1.7	0.136533
1.33	1.72	0.151757
1.33	1.74	0.16778
1.33	1.76	0.184604
1.33	1.78	0.202228
1.33	1.8	0.220652
1.33	1.82	0.239876
1.33	1.84	0.2599
1.33	1.86	0.280725
1.33	1.88	0.30235
1.33	1.9	0.324775
1.33	1.92	0.348
1.33	1.94	0.372025
1.33	1.96	0.39685
1.33	1.98	0.422475
1.33	2	0.4489
1.34	0	1.7956
1.34	0.02	1.74237
1.34	0.04	1.68994
1.34	0.06	1.63831
1.34	0.08	1.58749
1.34	0.1	1.53746
1.34	0.12	1.48823
1.34	0.14	1.4398
1.34	0.16	1.39217
1.34	0.18	1.34535
1.34	0.2	1.29932
1.34	0.22	1.25409
1.34	0.24	1.20966
1.34	0.26	1.16604
1.34	0.28	1.12321
1.34	0.3	1.08119
1.34	0.32	1.03996
1.34	0.34	0.999539
1.34	0.36	0.959915
1.34	0.38	0.921092
1.34	0.4	0.883069
1.34	0.42	0.845847
1.34	0.44	0.809426
1.34	0.46	0.773805
1.34	0.48	0.738985
1.34	0.5	0.704966
1.34	0.52	0.671747
1.34	0.54	0.639329
1.34	0.56	0.607712
1.34	0.58	0.576895
1.34	0.6	0.546879
1.34	0.62	0.517664
1.34	0.64	0.48925
1.34	0.66	0.461636
1.34	0.68	0.434824
1.34	0.7	0.408812
1.34	0.72	0.383601
1.34	0.74	0.359191
1.34	0.76	0.335581
1.34	0.78	0.312773
1.34	0.8	0.290765
1.34	0.82	0.269558
1.34	0.84	0.249153
1.34	0.86	0.229548
1.34	0.88	0.210743
1.34	0.9	0.19274
1.34	0.92	0.175538
1.34	0.94	0.159136
1.34	0.96	0.143535
1.34	0.98	0.128735
1.34	1	0.114736
1.34	1.02	0.101538
1.34	1.04	0.0891409
1.34	1.06	0.0775444
1.34	1.08	0.0667487
1.34	1.1	0.0567539
1.34	1.12	0.0475599
1.34	1.14	0.0391667
1.34	1.16	0.0315743
1.34	1.18	0.0247827
1.34	1.2	0.0187918
1.34	1.22	0.0136017
1.34	1.24	0.00921239
1.34	1.26	0.00562378
1.34	1.28	0.0028359
1.34	1.3	0.000848713
1.34	1.32	-0.000337778
1.34	1.34	-0.000723594
1.34	1.36	-0.000308751
1.34	1.38	0.000906736
1.34	1.4	0.00292285
1.34	1.42	0.00573957
1.34	1.44	0.00935688
1.34	1.46	0.0137748
1.34	1.48	0.0189932
1.34	1.5	0.0250122
1.34	1.52	0.0318317
1.34	1.54	0.0394517
1.34	1.56	0.0478721
1.34	1.58	0.057093
1.34	1.6	0.0671144
1.34	1.62	0.0779362
1.34	1.64	0.0895583
1.34	1.66	0.101981
1.34	1.68	0.115204
1.34	1.7	0.129227
1.34	1.72	0.14405
1.34	1.74	0.159674
1.34	1.76	0.176098
1.34	1.78	0.193323
1.34	1.8	0.211347
1.34	1.82	0.230172
1.34	1.84	0.249797
1.34	1.86	0.270222
1.34	1.88	0.291447
1.34	1.9	0.313473
1.34	1.92	0.336298
1.34	1.94	0.359923
1.34	1.96	0.384349
1.34	1.98	0.409574
1.34	2	0.4356
1.35	0	1.8225
1.35	0.02	1.76887
1.35	0.04	1.71604
1.35	0.06	1.66401
1.35	0.08	1.61278
1.35	0.1	1.56235
1.35	0.12	1.51273
1.35	0.14	1.4639
1.35	0.16	1.41587
1.35	0.18	1.36864
1.35	0.2	1.32221
1.35	0.22	1.27659
1.35	0.24	1.23176
1.35	0.26	1.18773
1.35	0.28	1.14451
1.35	0.3	1.10208
1.35	0.32	1.06046
1.35	0.34	1.01963
1.35	0.36	0.979607
1.35	0.38	0.940384
1.35	0.4	0.901961
1.35	0.42	0.864338
1.35	0.44	0.827517
1.35	0.46	0.791496
1.35	0.48	0.756275
1.35	0.5	0.721855
1.35	0.52	0.688236
1.35	0.54	0.655418
1.35	0.56	0.6234
1.35	0.58	0.592183
1.35	0.6	0.561767
1.35	0.62	0.532152
1.35	0.64	0.503338
1.35	0.66	0.475324
1.35	0.68	0.448111
1.35	0.7	0.421699
1.35	0.72	0.396088
1.35	0.74	0.371277
1.35	0.76	0.347268
1.35	0.78	0.324059
1.35	0.8	0.301652
1.35	0.82	0.280045
1.35	0.84	0.259239
1.35	0.86	0.239234
1.35	0.88	0.220029
1.35	0.9	0.201626
1.35	0.92	0.184023
1.35	0.94	0.167222
1.35	0.96	0.151221
1.35	0.98	0.136021
1.35	1	0.121622
1.35	1.02	0.108024
1.35	1.04	0.0952268
1.35	1.06	0.0832304
1.35	1.08	0.0720348
1.35	1.1	0.0616401
1.35	1.12	0.0520462
1.35	1.14	0.0432531
1.35	1.16	0.0352608
1.35	1.18	0.0280693
1.35	1.2	0.0216786
1.35	1.22	0.0160887
1.35	1.24	0.0112995
1.35	1.26	0.00731108
1.35	1.28	0.00412339
1.35	1.3	0.00173641
1.35	1.32	0.000150142
1.35	1.34	-0.000635442
1.35	1.36	-0.000620355
1.35	1.38	0.000195385
1.35	1.4	0.00181176
1.35	1.42	0.00422876
1.35	1.44	0.00744635
1.35	1.46	0.0114645
1.35	1.48	0.0162833
1.35	1.5	0.0219026
1.35	1.52	0.0283224
1.35	1.54	0.0355427
1.35	1.56	0.0435635
1.35	1.58	0.0523847
1.35	1.6	0.0620064
1.35	1.62	0.0724286
1.35	1.64	0.0836511
1.35	1.66	0.095674
1.35	1.68	0.108497
1.35	1.7	0.122121
1.35	1.72	0.136545
1.35	1.74	0.151769
1.35	1.76	0.167793
1.35	1.78	0.184618
1.35	1.8	0.202243
1.35	1.82	0.220668
1.35	1.84	0.239894
1.35	1.86	0.259919
1.35	1.88	0.280745
1.35	1.9	0.30237
1.35	1.92	0.324796
1.35	1.94	0.348022
1.35	1.96	0.372048
1.35	1.98	0.396874
1.35	2	0.4225
1.36	0	1.8496
1.36	0.02	1.79557
1.36	0.04	1.74234
1.36	0.06	1.68991
1.36	0.08	1.63828
1.36	0.1	1.58745
1.36	0.12	1.53742
1.36	0.14	1.48819
1.36	0.16	1.43977
1.36	0.18	1.39214
1.36	0.2	1.34531
1.36	0.22	1.29928
1.36	0.24	1.25405
1.36	0.26	1.20963
1.36	0.28	1.166
1.36	0.3	1.12317
1.36	0.32	1.08115
1.36	0.34	1.03992
1.36	0.36	0.9995
1.36	0.38	0.959876
1.36	0.4	0.921053
1.36	0.42	0.88303
1.36	0.44	0.845808
1.36	0.46	0.809386
1.36	0.48	0.773766
1.36	0.5	0.738946
1.36	0.52	0.704926
1.36	0.54	0.671708
1.36	0.56	0.63929
1.36	0.58	0.607673
1.36	0.6	0.576856
1.36	0.62	0.546841
1.36	0.64	0.517626
1.36	0.66	0.489212
1.36	0.68	0.461599
1.36	0.7	0.434787
1.36	0.72	0.408776
1.36	0.74	0.383565
1.36	0.76	0.359155
1.36	0.78	0.335547
1.36	0.8	0.312739
1.36	0.82	0.290732
1.36	0.84	0.269526
1.36	0.86	0.249121
1.36	0.88	0.229516
1.36	0.9	0.210713
1.36	0.92	0.19271
1.36	0.94	0.175509
1.36	0.96	0.159108
1.36	0.98	0.143508
1.36	1	0.128709
1.36	1.02	0.114711
1.36	1.04	0.101514
1.36	1.06	0.0891173
1.36	1.08	0.0775218
1.36	1.1	0.0667271
1.36	1.12	0.0567333
1.36	1.14	0.0475403
1.36	1.16	0.0391482
1.36	1.18	0.0315568
1.36	1.2	0.0247662
1.36	1.22	0.0187765
1.36	1.24	0.0135875
1.36	1.26	0.00919921
1.36	1.28	0.0056117
1.36	1.3	0.00282492
1.36	1.32	0.000838859
1.36	1.34	-0.000346509
1.36	1.36	-0.000731195
1.36	1.38	-0.000315218
1.36	1.4	0.000901404
1.36	1.42	0.00291866
1.36	1.44	0.00573652
1.36	1.46	0.00935497
1.36	1.48	0.013774
1.36	1.5	0.0189936
1.36	1.52	0.0250137
1.36	1.54	0.0318343
1.36	1.56	0.0394554
1.36	1.58	0.047877
1.36	1.6	0.057099
1.36	1.62	0.0671215
1.36	1.64	0.0779443
1.36	1.66	0.0895676
1.36	1.68	0.101991
1.36	1.7	0.115215
1.36	1.72	0.129239
1.36	1.74	0.144064
1.36	1.76	0.159689
1.36	1.78	0.176114
1.36	1.8	0.193339
1.36	1.82	0.211365
1.36	1.84	0.23019
1.36	1.86	0.249816
1.36	1.88	0.270242
1.36	1.9	0.291468
1.36	1.92	0.313495
1.36	1.94	0.336321
1.36	1.96	0.359947
1.36	1.98	0.384374
1.36	2	0.4096
1.37	0	1.8769
1.37	0.02	1.82247
1.37	0.04	1.76884
1.37	0.06	1.71601
1.37	0.08	1.66398
1.37	0.1	1.61275
1.37	0.12	1.56232
1.37	0.14	1.51269
1.37	0.16	1.46386
1.37	0.18	1.41583
1.37	0.2	1.36861
1.37	0.22	1.32218
1.37	0.24	1.27655
1.37	0.26	1.23172
1.37	0.28	1.1877
1.37	0.3	1.14447
1.37	0.32	1.10204
1.37	0.34	1.06042
1.37	0.36	1.01959
1.37	0.38	0.979569
1.37	0.4	0.940345
1.37	0.42	0.901922
1.37	0.44	0.8643
1.37	0.46	0.827478
1.37	0.48	0.791457
1.37	0.5	0.756237
1.37	0.52	0.721817
1.37	0.54	0.688198
1.37	0.56	0.65538
1.37	0.58	0.623363
1.37	0.6	0.592146
1.37	0.62	0.56173
1.37	0.64	0.532115
1.37	0.66	0.503301
1.37	0.68	0.475288
1.37	0.7	0.448076
1.37	0.72	0.421664
1.37	0.74	0.396054
1.37	0.76	0.371244
1.37	0.78	0.347235
1.37	0.8	0.324027
1.37	0.82	0.30162
1.37	0.84	0.280014
1.37	0.86	0.259208
1.37	0.88	0.239204
1.37	0.9	0.220001
1.37	0.92	0.201598
1.37	0.94	0.183996
1.37	0.96	0.167196
1.37	0.98	0.151196
1.37	1	0.135997
1.37	1.02	0.121599
1.37	1.04	0.108001
1.37	1.06	0.0952051
1.37	1.08	0.0832097
1.37	1.1	0.0720151
1.37	1.12	0.0616214
1.37	1.14	0.0520285
1.37	1.16	0.0432364
1.37	1.18	0.0352452
1.37	1.2	0.0280547
1.37	1.22	0.0216651
1.37	1.24	0.0160763
1.37	1.26	0.0112882
1.37	1.28	0.00730083
1.37	1.3	0.00411423
1.37	1.32	0.00172836
1.37	1.34	0.000143194
1.37	1.36	-0.000641281
1.37	1.38	-0.000625084
1.37	1.4	0.000191768
1.37	1.42	0.00180926
1.37	1.44	0.00422736
1.37	1.46	0.00744607
1.37	1.48	0.0114654
1.37	1.5	0.0162852
1.37	1.52	0.0219056
1.37	1.54	0.0283265
1.37	1.56	0.0355479
1.37	1.58	0.0435698
1.37	1.6	0.0523921
1.37	1.62	0.0620149
1.37	1.64	0.072438
1.37	1.66	0.0836616
1.37	1.68	0.0956856
1.37	1.7	0.10851
1.37	1.72	0.122134
1.37	1.74	0.136559
1.37	1.76	0.151785
1.37	1.78	0.16781
1.37	1.8	0.184636
1.37	1.82	0.202262
1.37	1.84	0.220688
1.37	1.86	0.239914
1.37	1.88	0.25994
1.37	1.9	0.280767
1.37	1.92	0.302393
1.37	1.94	0.32482
1.37	1.96	0.348047
1.37	1.98	0.372073
1.37	2	0.3969
1.38	0	1.9044
1.38	0.02	1.84957
1.38	0.04	1.79554
1.38	0.06	1.74231
1.38	0.08	1.68988
1.38	0.1	1.63825
1.38	0.12	1.58742
1.38	0.14	1.53739
1.38	0.16	1.48816
1.38	0.18	1.43973
1.38	0.2	1.3921
1.38	0.22	1.34527
1.38	0.24	1.29925
1.38	0.26	1.25402
1.38	0.28	1.20959
1.38	0.3	1.16596
1.38	0.32	1.12314
1.38	0.34	1.08111
1.38	0.36	1.03989
1.38	0.38	0.999462
1.38	0.4	0.959838
1.38	0.42	0.921014
1.38	0.44	0.882992
1.38	0.46	0.84577
1.38	0.48	0.809348
1.38	0.5	0.773728
1.38	0.52	0.738908
1.38	0.54	0.704889
1.38	0.56	0.67167
1.38	0.58	0.639253
1.38	0.6	0.607636
1.38	0.62	0.57682
1.38	0.64	0.546805
1.38	0.66	0.517591
1.38	0.68	0.489177
1.38	0.7	0.461565
1.38	0.72	0.434753
1.38	0.74	0.408742
1.38	0.76	0.383532
1.38	0.78	0.359123
1.38	0.8	0.335515
1.38	0.82	0.312708
1.38	0.84	0.290702
1.38	0.86	0.269496
1.38	0.88	0.249092
1.38	0.9	0.229488
1.38	0.92	0.210686
1.38	0.94	0.192684
1.38	0.96	0.175483
1.38	0.98	0.159083
1.38	1	0.143484
1.38	1.02	0.128686
1.38	1.04	0.114689
1.38	1.06	0.101493
1.38	1.08	0.0890976
1.38	1.1	0.0775031
1.38	1.12	0.0667094
1.38	1.14	0.0567166
1.38	1.16	0.0475247
1.38	1.18	0.0391336
1.38	1.2	0.0315433
1.38	1.22	0.0247538
1.38	1.24	0.0187651
1.38	1.26	0.0135771
1.38	1.28	0.00918997
1.38	1.3	0.00560355
1.38	1.32	0.00281787
1.38	1.34	0.000832909
1.38	1.36	-0.000351355
1.38	1.38	-0.000734937
1.38	1.4	-0.000317856
1.38	1.42	0.00089987
1.38	1.44	0.00291822
1.38	1.46	0.00573718
1.38	1.48	0.00935673
1.38	1.5	0.0137768
1.38	1.52	0.0189975
1.38	1.54	0.0250187
1.38	1.56	0.0318404
1.38	1.58	0.0394626
1.38	1.6	0.0478852
1.38	1.62	0.0571083
1.38	1.64	0.0671318
1.38	1.66	0.0779557
1.38	1.68	0.0895799
1.38	1.7	0.102005
1.38	1.72	0.115229
1.38	1.74	0.129255
1.38	1.76	0.14408
1.38	1.78	0.159706
1.38	1.8	0.176132
1.38	1.82	0.193358
1.38	1.84	0.211385
1.38	1.86	0.230211
1.38	1.88	0.249838
1.38	1.9	0.270265
1.38	1.92	0.291492
1.38	1.94	0.313519
1.38	1.96	0.336346
1.38	1.98	0.359973
1.38	2	0.3844
1.39	0	1.9321
1.39	0.02	1.87687
1.39	0.04	1.82244
1.39	0.06	1.76881
1.39	0.08	1.71598
1.39	0.1	1.66395
1.39	0.12	1.61272
1.39	0.14	1.56229
1.39	0.16	1.51266
1.39	0.18	1.46383
1.39	0.2	1.4158
1.39	0.22	1.36857
1.39	0.24	1.32214
1.39	0.26	1.27651
1.39	0.28	1.23169
1.39	0.3	1.18766
1.39	0.32	1.14443
1.39	0.34	1.10201
1.39	0.36	1.06038
1.39	0.38	1.01956
1.39	0.4	0.979531
1.39	0.42	0.940308
1.39	0.44	0.901885
1.39	0.46	0.864262
1.39	0.48	0.827441
1.39	0.5	0.79142
1.39	0.52	0.7562
1.39	0.54	0.72178
1.39	0.56	0.688162
1.39	0.58	0.655344
1.39	0.6	0.623327
1.39	0.62	0.592111
1.39	0.64	0.561696
1.39	0.66	0.532081
1.39	0.68	0.503268
1.39	0.7	0.475255
1.39	0.72	0.448043
1.39	0.74	0.421632
1.39	0.76	0.396022
1.39	0.78	0.371213
1.39	0.8	0.347205
1.39	0.82	0.323998
1.39	0.84	0.301591
1.39	0.86	0.279986
1.39	0.88	0.259181
1.39	0.9	0.239178
1.39	0.92	0.219975
1.39	0.94	0.201574
1.39	0.96	0.183973
1.39	0.98	0.167173
1.39	1	0.151174
1.39	1.02	0.135976
1.39	1.04	0.121579
1.39	1.06	0.107983
1.39	1.08	0.0951873
1.39	1.1	0.0831928
1.39	1.12	0.0719992
1.39	1.14	0.0616065
1.39	1.16	0.0520147
1.39	1.18	0.0432237
1.39	1.2	0.0352335
1.39	1.22	0.0280441
1.39	1.24	0.0216555
1.39	1.26	0.0160677
1.39	1.28	0.0112807
1.39	1.3	0.00729445
1.39	1.32	0.00410893
1.39	1.34	0.00172414
1.39	1.36	0.000140051
1.39	1.38	-0.000643343
1.39	1.4	-0.000626067
1.39	1.42	0.000191863
1.39	1.44	0.00181043
1.39	1.46	0.0042296
1.39	1.48	0.00744938
1.39	1.5	0.0114697
1.39	1.52	0.0162906
1.39	1.54	0.021912
1.39	1.56	0.028334
1.39	1.58	0.0355564
1.39	1.6	0.0435793
1.39	1.62	0.0524026
1.39	1.64	0.0620264
1.39	1.66	0.0724506
1.39	1.68	0.0836751
1.39	1.7	0.0957
1.39	1.72	0.108525
1.39	1.74	0.122151
1.39	1.76	0.136577
1.39	1.78	0.151803
1.39	1.8	0.167829
1.39	1.82	0.184656
1.39	1.84	0.202282
1.39	1.86	0.220709
1.39	1.88	0.239936
1.39	1.9	0.259963
1.39	1.92	0.280791
1.39	1.94	0.302418
1.39	1.96	0.324845
1.39	1.98	0.348073
1.39	2	0.3721
1.4	0	1.96
1.4	0.02	1.90437
1.4	0.04	1.84954
1.4	0.06	1.79551
1.4	0.08	1.74228
1.4	0.1	1.68984
1.4	0.12	1.63821
1.4	0.14	1.58738
1.4	0.16	1.53735
1.4	0.18	1.48812
1.4	0.2	1.43969
1.4	0.22	1.39207
1.4	0.24	1.34524
1.4	0.26	1.29921
1.4	0.28	1.25398
1.4	0.3	1.20955
1.4	0.32	1.16593
1.4	0.34	1.1231
1.4	0.36	1.08107
1.4	0.38	1.03985
1.4	0.4	0.999425
1.4	0.42	0.959801
1.4	0.44	0.920978
1.4	0.46	0.882956
1.4	0.48	0.845734
1.4	0.5	0.809313
1.4	0.52	0.773693
1.4	0.54	0.738873
1.4	0.56	0.704854
1.4	0.58	0.671636
1.4	0.6	0.639219
1.4	0.62	0.607603
1.4	0.64	0.576788
1.4	0.66	0.546773
1.4	0.68	0.517559
1.4	0.7	0.489146
1.4	0.72	0.461534
1.4	0.74	0.434723
1.4	0.76	0.408713
1.4	0.78	0.383504
1.4	0.8	0.359096
1.4	0.82	0.335488
1.4	0.84	0.312682
1.4	0.86	0.290677
1.4	0.88	0.269472
1.4	0.9	0.249068
1.4	0.92	0.229466
1.4	0.94	0.210664
1.4	0.96	0.192663
1.4	0.98	0.175463
1.4	1	0.159064
1.4	1.02	0.143466
1.4	1.04	0.128669
1.4	1.06	0.114673
1.4	1.08	0.101478
1.4	1.1	0.0890835
1.4	1.12	0.0774899
1.4	1.14	0.0666973
1.4	1.16	0.0567055
1.4	1.18	0.0475146
1.4	1.2	0.0391245
1.4	1.22	0.0315353
1.4	1.24	0.0247468
1.4	1.26	0.0187591
1.4	1.28	0.0135723
1.4	1.3	0.00918613
1.4	1.32	0.00560076
1.4	1.34	0.00281613
1.4	1.36	0.000832205
1.4	1.38	-0.000351018
1.4	1.4	-0.000733563
1.4	1.42	-0.000315447
1.4	1.44	0.000903309
1.4	1.46	0.00292268
1.4	1.48	0.00574266
1.4	1.5	0.00936321
1.4	1.52	0.0137843
1.4	1.54	0.019006
1.4	1.56	0.0250281
1.4	1.58	0.0318508
1.4	1.6	0.0394739
1.4	1.62	0.0478975
1.4	1.64	0.0571215
1.4	1.66	0.0671459
1.4	1.68	0.0779707
1.4	1.7	0.0895959
1.4	1.72	0.102021
1.4	1.74	0.115247
1.4	1.76	0.129273
1.4	1.78	0.1441
1.4	1.8	0.159726
1.4	1.82	0.176153
1.4	1.84	0.19338
1.4	1.86	0.211407
1.4	1.88	0.230234
1.4	1.9	0.249862
1.4	1.92	0.270289
1.4	1.94	0.291517
1.4	1.96	0.313545
1.4	1.98	0.336372
1.4	2	0.36
1.41	0	1.9881
1.41	0.02	1.93207
1.41	0.04	1.87684
1.41	0.06	1.82241
1.41	0.08	1.76877
1.41	0.1	1.71594
1.41	0.12	1.66391
1.41	0.14	1.61268
1.41	0.16	1.56225
1.41	0.18	1.51262
1.41	0.2	1.46379
1.41	0.22	1.41576
1.41	0.24	1.36853
1.41	0.26	1.32211
1.41	0.28	1.27648
1.41	0.3	1.23165
1.41	0.32	1.18762
1.41	0.34	1.1444
1.41	0.36	1.10197
1.41	0.38	1.06034
1.41	0.4	1.01952
1.41	0.42	0.979496
1.41	0.44	0.940273
1.41	0.46	0.90185
1.41	0.48	0.864228
1.41	0.5	0.827407
1.41	0.52	0.791386
1.41	0.54	0.756166
1.41	0.56	0.721747
1.41	0.58	0.688129
1.41	0.6	0.655311
1.41	0.62	0.623295
1.41	0.64	0.592079
1.41	0.66	0.561664
1.41	0.68	0.532051
1.41	0.7	0.503238
1.41	0.72	0.475226
1.41	0.74	0.448014
1.41	0.76	0.421604
1.41	0.78	0.395995
1.41	0.8	0.371187
1.41	0.82	0.347179
1.41	0.84	0.323973
1.41	0.86	0.301567
1.41	0.88	0.279963
1.41	0.9	0.259159
1.41	0.92	0.239156
1.41	0.94	0.219954
1.41	0.96	0.201554
1.41	0.98	0.183954
1.41	1	0.167155
1.41	1.02	0.151157
1.41	1.04	0.13596
1.41	1.06	0.121564
1.41	1.08	0.107968
1.41	1.1	0.0951741
1.41	1.12	0.0831807
1.41	1.14	0.0719881
1.41	1.16	0.0615964
1.41	1.18	0.0520056
1.41	1.2	0.0432156
1.41	1.22	0.0352264
1.41	1.24	0.0280381
1.41	1.26	0.0216506
1.41	1.28	0.0160638
1.41	1.3	0.0112778
1.41	1.32	0.0072926
1.41	1.34	0.00410812
1.41	1.36	0.00172437
1.41	1.38	0.000141315
1.41	1.4	-0.000641051
1.41	1.42	-0.00062275
1.41	1.44	0.000196199
1.41	1.46	0.00181577
1.41	1.48	0.00423595
1.41	1.5	0.00745672
1.41	1.52	0.011478
1.41	1.54	0.0162999
1.41	1.56	0.0219223
1.41	1.58	0.0283452
1.41	1.6	0.0355686
1.41	1.62	0.0435924
1.41	1.64	0.0524166
1.41	1.66	0.0620413
1.41	1.68	0.0724663
1.41	1.7	0.0836918
1.41	1.72	0.0957175
1.41	1.74	0.108544
1.41	1.76	0.12217
1.41	1.78	0.136597
1.41	1.8	0.151823
1.41	1.82	0.16785
1.41	1.84	0.184678
1.41	1.86	0.202305
1.41	1.88	0.220733
1.41	1.9	0.239961
1.41	1.92	0.259988
1.41	1.94	0.280816
1.41	1.96	0.302444
1.41	1.98	0.324872
1.41	2	0.3481
1.42	0	2.0164
1.42	0.02	1.95997
1.42	0.04	1.90434
1.42	0.06	1.8495
1.42	0.08	1.79547
1.42	0.1	1.74224
1.42	0.12	1.68981
1.42	0.14	1.63818
1.42	0.16	1.58735
1.42	0.18	1.53732
1.42	0.2	1.48809
1.42	0.22	1.43966
1.42	0.24	1.39203
1.42	0.26	1.3452
1.42	0.28	1.29917
1.42	0.3	1.25395
1.42	0.32	1.20952
1.42	0.34	1.16589
1.42	0.36	1.12307
1.42	0.38	1.08104
1.42	0.4	1.03981
1.42	0.42	0.99939
1.42	0.44	0.959767
1.42	0.46	0.920944
1.42	0.48	0.882922
1.42	0.5	0.8457
1.42	0.52	0.80928
1.42	0.54	0.77366
1.42	0.56	0.738841
1.42	0.58	0.704822
1.42	0.6	0.671605
1.42	0.62	0.639188
1.42	0.64	0.607573
1.42	0.66	0.576758
1.42	0.68	0.546744
1.42	0.7	0.517531
1.42	0.72	0.489118
1.42	0.74	0.461507
1.42	0.76	0.434697
1.42	0.78	0.408688
1.42	0.8	0.383479
1.42	0.82	0.359072
1.42	0.84	0.335465
1.42	0.86	0.31266
1.42	0.88	0.290655
1.42	0.9	0.269451
1.42	0.92	0.249049
1.42	0.94	0.229447
1.42	0.96	0.210646
1.42	0.98	0.192646
1.42	1	0.175447
1.42	1.02	0.159049
1.42	1.04	0.143452
1.42	1.06	0.128656
1.42	1.08	0.114661
1.42	1.1	0.101467
1.42	1.12	0.0890732
1.42	1.14	0.0774807
1.42	1.16	0.066689
1.42	1.18	0.0566983
1.42	1.2	0.0475084
1.42	1.22	0.0391193
1.42	1.24	0.0315311
1.42	1.26	0.0247436
1.42	1.28	0.018757
1.42	1.3	0.0135711
1.42	1.32	0.00918601
1.42	1.34	0.00560166
1.42	1.36	0.00281804
1.42	1.38	0.000835127
1.42	1.4	-0.000347096
1.42	1.42	-0.000728645
1.42	1.44	-0.000309541
1.42	1.46	0.000910194
1.42	1.48	0.00293054
1.42	1.5	0.00575147
1.42	1.52	0.00937297
1.42	1.54	0.013795
1.42	1.56	0.0190176
1.42	1.58	0.0250407
1.42	1.6	0.0318642
1.42	1.62	0.0394882
1.42	1.64	0.0479127
1.42	1.66	0.0571376
1.42	1.68	0.0671628
1.42	1.7	0.0779884
1.42	1.72	0.0896144
1.42	1.74	0.102041
1.42	1.76	0.115267
1.42	1.78	0.129294
1.42	1.8	0.144121
1.42	1.82	0.159748
1.42	1.84	0.176176
1.42	1.86	0.193404
1.42	1.88	0.211431
1.42	1.9	0.230259
1.42	1.92	0.249887
1.42	1.94	0.270316
1.42	1.96	0.291544
1.42	1.98	0.313572
1.42	2	0.3364
1.43	0	2.0449
1.43	0.02	1.98807
1.43	0.04	1.93204
1.43	0.06	1.8768
1.43	0.08	1.82237
1.43	0.1	1.76874
1.43	0.12	1.71591
1.43	0.14	1.66388
1.43	0.16	1.61265
1.43	0.18	1.56222
1.43	0.2	1.51259
1.43	0.22	1.46376
1.43	0.24	1.41573
1.43	0.26	1.3685
1.43	0.28	1.32207
1.43	0.3	1.27644
1.43	0.32	1.23161
1.43	0.34	1.18759
1.43	0.36	1.14436
1.43	0.38	1.10194
1.43	0.4	1.06031
1.43	0.42	1.01949
1.43	0.44	0.979462
1.43	0.46	0.940239
1.43	0.48	0.901817
1.43	0.5	0.864195
1.43	0.52	0.827374
1.43	0.54	0.791354
1.43	0.56	0.756135
1.43	0.58	0.721717
1.43	0.6	0.688099
1.43	0.62	0.655283
1.43	0.64	0.623267
1.43	0.66	0.592052
1.43	0.68	0.561638
1.43	0.7	0.532024
1.43	0.72	0.503212
1.43	0.74	0.475201
1.43	0.76	0.447991
1.43	0.78	0.421581
1.43	0.8	0.395973
1.43	0.82	0.371165
1.43	0.84	0.347158
1.43	0.86	0.323953
1.43	0.88	0.301548
1.43	0.9	0.279945
1.43	0.92	0.259142
1.43	0.94	0.23914
1.43	0.96	0.219939
1.43	0.98	0.201539
1.43	1	0.18394
1.43	1.02	0.167142
1.43	1.04	0.151145
1.43	1.06	0.135949
1.43	1.08	0.121554
1.43	1.1	0.10796
1.43	1.12	0.0951666
1.43	1.14	0.0831742
1.43	1.16	0.0719826
1.43	1.18	0.0615919
1.43	1.2	0.0520021
1.43	1.22	0.0432131
1.43	1.24	0.0352249
1.43	1.26	0.0280376
1.43	1.28	0.021651
1.43	1.3	0.0160652
1.43	1.32	0.0112802
1.43	1.34	0.00729601
1.43	1.36	0.0041125
1.43	1.38	0.00172971
1.43	1.4	0.000147613
1.43	1.42	-0.000633806
1.43	1.44	-0.000614567
1.43	1.46	0.000205308
1.43	1.48	0.0018258
1.43	1.5	0.00424688
1.43	1.52	0.00746853
1.43	1.54	0.0114907
1.43	1.56	0.0163135
1.43	1.58	0.0219367
1.43	1.6	0.0283604
1.43	1.62	0.0355846
1.43	1.64	0.0436092
1.43	1.66	0.0524343
1.43	1.68	0.0620597
1.43	1.7	0.0724855
1.43	1.72	0.0837117
1.43	1.74	0.0957381
1.43	1.76	0.108565
1.43	1.78	0.122192
1.43	1.8	0.136619
1.43	1.82	0.151847
1.43	1.84	0.167874
1.43	1.86	0.184702
1.43	1.88	0.20233
1.43	1.9	0.220758
1.43	1.92	0.239987
1.43	1.94	0.260015
1.43	1.96	0.280843
1.43	1.98	0.302472
1.43	2	0.3249
1.44	0	2.0736
1.44	0.02	2.01637
1.44	0.04	1.95994
1.44	0.06	1.9043
1.44	0.08	1.84947
1.44	0.1	1.79544
1.44	0.12	1.74221
1.44	0.14	1.68978
1.44	0.16	1.63815
1.44	0.18	1.58732
1.44	0.2	1.53729
1.44	0.22	1.48806
1.44	0.24	1.43963
1.44	0.26	1.392
1.44	0.28	1.34517
1.44	0.3	1.29914
1.44	0.32	1.25391
1.44	0.34	1.20948
1.44	0.36	1.16586
1.44	0.38	1.12303
1.44	0.4	1.08101
1.44	0.42	1.03978
1.44	0.44	0.999359
1.44	0.46	0.959735
1.44	0.48	0.920913
1.44	0.5	0.882891
1.44	0.52	0.84567
1.44	0.54	0.80925
1.44	0.56	0.773631
1.44	0.58	0.738812
1.44	0.6	0.704794
1.44	0.62	0.671578
1.44	0.64	0.639162
1.44	0.66	0.607547
1.44	0.68	0.576732
1.44	0.7	0.546719
1.44	0.72	0.517507
1.44	0.74	0.489095
1.44	0.76	0.461485
1.44	0.78	0.434676
1.44	0.8	0.408667
1.44	0.82	0.383459
1.44	0.84	0.359053
1.44	0.86	0.335447
1.44	0.88	0.312642
1.44	0.9	0.290639
1.44	0.92	0.269436
1.44	0.94	0.249034
1.44	0.96	0.229433
1.44	0.98	0.210634
1.44	1	0.192635
1.44	1.02	0.175437
1.44	1.04	0.15904
1.44	1.06	0.143444
1.44	1.08	0.128649
1.44	1.1	0.114654
1.44	1.12	0.101461
1.44	1.14	0.0890686
1.44	1.16	0.0774771
1.44	1.18	0.0666865
1.44	1.2	0.0566967
1.44	1.22	0.0475078
1.44	1.24	0.0391197
1.44	1.26	0.0315324
1.44	1.28	0.0247459
1.44	1.3	0.0187602
1.44	1.32	0.0135753
1.44	1.34	0.00919117
1.44	1.36	0.00560776
1.44	1.38	0.00282508
1.44	1.4	0.000843087
1.44	1.42	-0.00033822
1.44	1.44	-0.000718866
1.44	1.46	-0.000298872
1.44	1.48	0.00092174
1.44	1.5	0.00294295
1.44	1.52	0.00576473
1.44	1.54	0.00938707
1.44	1.56	0.0138099
1.44	1.58	0.0190333
1.44	1.6	0.0250572
1.44	1.62	0.0318815
1.44	1.64	0.0395063
1.44	1.66	0.0479315
1.44	1.68	0.0571571
1.44	1.7	0.067183
1.44	1.72	0.0780093
1.44	1.74	0.0896359
1.44	1.76	0.102063
1.44	1.78	0.11529
1.44	1.8	0.129317
1.44	1.82	0.144145
1.44	1.84	0.159773
1.44	1.86	0.176201
1.44	1.88	0.193429
1.44	1.9	0.211458
1.44	1.92	0.230286
1.44	1.94	0.249914
1.44	1.96	0.270343
1.44	1.98	0.291571
1.44	2	0.3136
1.45	0	2.1025
1.45	0.02	2.04487
1.45	0.04	1.98804
1.45	0.06	1.932
1.45	0.08	1.87677
1.45	0.1	1.82234
1.45	0.12	1.76871
1.45	0.14	1.71588
1.45	0.16	1.66384
1.45	0.18	1.61261
1.45	0.2	1.56218
1.45	0.22	1.51255
1.45	0.24	1.46372
1.45	0.26	1.41569
1.45	0.28	1.36847
1.45	0.3	1.32204
1.45	0.32	1.27641
1.45	0.34	1.23158
1.45	0.36	1.18756
1.45	0.38	1.14433
1.45	0.4	1.1019
1.45	0.42	1.06028
1.45	0.44	1.01946
1.45	0.46	0.979432
1.45	0.48	0.940209
1.45	0.5	0.901788
1.45	0.52	0.864166
1.45	0.54	0.827346
1.45	0.56	0.791327
1.45	0.58	0.756108
1.45	0.6	0.72169
1.45	0.62	0.688073
1.45	0.64	0.655257
1.45	0.66	0.623242
1.45	0.68	0.592028
1.45	0.7	0.561615
1.45	0.72	0.532002
1.45	0.74	0.503191
1.45	0.76	0.47518
1.45	0.78	0.447971
1.45	0.8	0.421562
1.45	0.82	0.395955
1.45	0.84	0.371148
1.45	0.86	0.347142
1.45	0.88	0.323938
1.45	0.9	0.301534
1.45	0.92	0.279931
1.45	0.94	0.259129
1.45	0.96	0.239129
1.45	0.98	0.219929
1.45	1	0.20153
1.45	1.02	0.183932
1.45	1.04	0.167135
1.45	1.06	0.151139
1.45	1.08	0.135944
1.45	1.1	0.12155
1.45	1.12	0.107956
1.45	1.14	0.095164
1.45	1.16	0.0831725
1.45	1.18	0.0719819
1.45	1.2	0.0615922
1.45	1.22	0.0520033
1.45	1.24	0.0432153
1.45	1.26	0.0352281
1.45	1.28	0.0280417
1.45	1.3	0.0216561
1.45	1.32	0.0160712
1.45	1.34	0.0112872
1.45	1.36	0.00730383
1.45	1.38	0.00412123
1.45	1.4	0.00173933
1.45	1.42	0.000158118
1.45	1.44	-0.000622433
1.45	1.46	-0.00060234
1.45	1.48	0.000218373
1.45	1.5	0.00183969
1.45	1.52	0.00426158
1.45	1.54	0.00748403
1.45	1.56	0.011507
1.45	1.58	0.0163305
1.45	1.6	0.0219545
1.45	1.62	0.0283789
1.45	1.64	0.0356038
1.45	1.66	0.0436292
1.45	1.68	0.0524549
1.45	1.7	0.0620809
1.45	1.72	0.0725074
1.45	1.74	0.0837341
1.45	1.76	0.0957612
1.45	1.78	0.108589
1.45	1.8	0.122216
1.45	1.82	0.136644
1.45	1.84	0.151872
1.45	1.86	0.1679
1.45	1.88	0.184728
1.45	1.9	0.202357
1.45	1.92	0.220785
1.45	1.94	0.240014
1.45	1.96	0.260043
1.45	1.98	0.280871
1.45	2	0.3025
1.46	0	2.1316
1.46	0.02	2.07357
1.46	0.04	2.01634
1.46	0.06	1.9599
1.46	0.08	1.90427
1.46	0.1	1.84944
1.46	0.12	1.79541
1.46	0.14	1.74218
1.46	0.16	1.68974
1.46	0.18	1.63811
1.46	0.2	1.58728
1.46	0.22	1.53725
1.46	0.24	1.48802
1.46	0.26	1.43959
1.46	0.28	1.39196
1.46	0.3	1.34514
1.46	0.32	1.29911
1.46	0.34	1.25388
1.46	0.36	1.20945
1.46	0.38	1.16583
1.46	0.4	1.123
1.46	0.42	1.08098
1.46	0.44	1.03975
1.46	0.46	0.999329
1.46	0.48	0.959707
1.46	0.5	0.920885
1.46	0.52	0.882864
1.46	0.54	0.845643
1.46	0.56	0.809224
1.46	0.58	0.773605
1.46	0.6	0.738787
1.46	0.62	0.70477
1.46	0.64	0.671554
1.46	0.66	0.639139
1.46	0.68	0.607525
1.46	0.7	0.576711
1.46	0.72	0.546699
1.46	0.74	0.517487
1.46	0.76	0.489077
1.46	0.78	0.461467
1.46	0.8	0.434659
1.46	0.82	0.408651
1.46	0.84	0.383444
1.46	0.86	0.359039
1.46	0.88	0.335434
1.46	0.9	0.31263
1.46	0.92	0.290627
1.46	0.94	0.269426
1.46	0.96	0.249025
1.46	0.98	0.229425
1.46	1	0.210626
1.46	1.02	0.192628
1.46	1.04	0.175431
1.46	1.06	0.159035
1.46	1.08	0.14344
1.46	1.1	0.128646
1.46	1.12	0.114653
1.46	1.14	0.10146
1.46	1.16	0.0890689
1.46	1.18	0.0774783
1.46	1.2	0.0666887
1.46	1.22	0.0566998
1.46	1.24	0.0475118
1.46	1.26	0.0391247
1.46	1.28	0.0315383
1.46	1.3	0.0247528
1.46	1.32	0.018768
1.46	1.34	0.013584
1.46	1.36	0.00920071
1.46	1.38	0.00561818
1.46	1.4	0.00283635
1.46	1.42	0.000855208
1.46	1.44	-0.000325267
1.46	1.46	-0.000705097
1.46	1.48	-0.000284302
1.46	1.5	0.000937094
1.46	1.52	0.00295907
1.46	1.54	0.00578161
1.46	1.56	0.00940468
1.46	1.58	0.0138283
1.46	1.6	0.0190523
1.46	1.62	0.0250769
1.46	1.64	0.0319019
1.46	1.66	0.0395273
1.46	1.68	0.0479531
1.46	1.7	0.0571793
1.46	1.72	0.0672058
1.46	1.74	0.0780327
1.46	1.76	0.0896598
1.46	1.78	0.102087
1.46	1.8	0.115315
1.46	1.82	0.129343
1.46	1.84	0.144171
1.46	1.86	0.159799
1.46	1.88	0.176228
1.46	1.9	0.193456
1.46	1.92	0.211485
1.46	1.94	0.230314
1.46	1.96	0.249942
1.46	1.98	0.270371
1.46	2	0.2916
1.47	0	2.1609
1.47	0.02	2.10247
1.47	0.04	2.04483
1.47	0.06	1.988
1.47	0.08	1.93197
1.47	0.1	1.87674
1.47	0.12	1.82231
1.47	0.14	1.76867
1.47	0.16	1.71584
1.47	0.18	1.66381
1.47	0.2	1.61258
1.47	0.22	1.56215
1.47	0.24	1.51252
1.47	0.26	1.46369
1.47	0.28	1.41566
1.47	0.3	1.36843
1.47	0.32	1.32201
1.47	0.34	1.27638
1.47	0.36	1.23155
1.47	0.38	1.18753
1.47	0.4	1.1443
1.47	0.42	1.10188
1.47	0.44	1.06025
1.47	0.46	1.01943
1.47	0.48	0.979405
1.47	0.5	0.940183
1.47	0.52	0.901761
1.47	0.54	0.864141
1.47	0.56	0.827321
1.47	0.58	0.791303
1.47	0.6	0.756085
1.47	0.62	0.721668
1.47	0.64	0.688052
1.47	0.66	0.655236
1.47	0.68	0.623222
1.47	0.7	0.592009
1.47	0.72	0.561596
1.47	0.74	0.531985
1.47	0.76	0.503174
1.47	0.78	0.475165
1.47	0.8	0.447956
1.47	0.82	0.421548
1.47	0.84	0.395942
1.47	0.86	0.371136
1.47	0.88	0.347131
1.47	0.9	0.323927
1.47	0.92	0.301524
1.47	0.94	0.279922
1.47	0.96	0.259121
1.47	0.98	0.239121
1.47	1	0.219922
1.47	1.02	0.201524
1.47	1.04	0.183927
1.47	1.06	0.167131
1.47	1.08	0.151136
1.47	1.1	0.135942
1.47	1.12	0.121549
1.47	1.14	0.107957
1.47	1.16	0.0951653
1.47	1.18	0.0831748
1.47	1.2	0.0719851
1.47	1.22	0.0615963
1.47	1.24	0.0520084
1.47	1.26	0.0432213
1.47	1.28	0.035235
1.47	1.3	0.0280495
1.47	1.32	0.0216647
1.47	1.34	0.0160808
1.47	1.36	0.0112976
1.47	1.38	0.00731514
1.47	1.4	0.00413338
1.47	1.42	0.00175231
1.47	1.44	0.000171912
1.47	1.46	-0.00060784
1.47	1.48	-0.000586965
1.47	1.5	0.000234515
1.47	1.52	0.00185658
1.47	1.54	0.0042792
1.47	1.56	0.00750237
1.47	1.58	0.011526
1.47	1.6	0.0163502
1.47	1.62	0.0219749
1.47	1.64	0.0283999
1.47	1.66	0.0356255
1.47	1.68	0.0436514
1.47	1.7	0.0524777
1.47	1.72	0.0621043
1.47	1.74	0.0725313
1.47	1.76	0.0837585
1.47	1.78	0.0957861
1.47	1.8	0.108614
1.47	1.82	0.122242
1.47	1.84	0.13667
1.47	1.86	0.151898
1.47	1.88	0.167927
1.47	1.9	0.184756
1.47	1.92	0.202384
1.47	1.94	0.220813
1.47	1.96	0.240042
1.47	1.98	0.260071
1.47	2	0.2809
1.48	0	2.1904
1.48	0.02	2.13157
1.48	0.04	2.07353
1.48	0.06	2.0163
1.48	0.08	1.95987
1.48	0.1	1.90424
1.48	0.12	1.84941
1.48	0.14	1.79537
1.48	0.16	1.74214
1.48	0.18	1.68971
1.48	0.2	1.63808
1.48	0.22	1.58725
1.48	0.24	1.53722
1.48	0.26	1.48799
1.48	0.28	1.43956
1.48	0.3	1.39193
1.48	0.32	1.3451
1.48	0.34	1.29908
1.48	0.36	1.25385
1.48	0.38	1.20942
1.48	0.4	1.1658
1.48	0.42	1.12297
1.48	0.44	1.08095
1.48	0.46	1.03973
1.48	0.48	0.999303
1.48	0.5	0.959681
1.48	0.52	0.920859
1.48	0.54	0.882839
1.48	0.56	0.845619
1.48	0.58	0.8092
1.48	0.6	0.773582
1.48	0.62	0.738765
1.48	0.64	0.704749
1.48	0.66	0.671534
1.48	0.68	0.63912
1.48	0.7	0.607506
1.48	0.72	0.576694
1.48	0.74	0.546682
1.48	0.76	0.517471
1.48	0.78	0.489062
1.48	0.8	0.461453
1.48	0.82	0.434646
1.48	0.84	0.408639
1.48	0.86	0.383433
1.48	0.88	0.359028
1.48	0.9	0.335425
1.48	0.92	0.312622
1.48	0.94	0.29062
1.48	0.96	0.269419
1.48	0.98	0.249019
1.48	1	0.22942
1.48	1.02	0.210623
1.48	1.04	0.192626
1.48	1.06	0.17543
1.48	1.08	0.159034
1.48	1.1	0.14344
1.48	1.12	0.128647
1.48	1.14	0.114655
1.48	1.16	0.101464
1.48	1.18	0.089073
1.48	1.2	0.0774834
1.48	1.22	0.0666946
1.48	1.24	0.0567067
1.48	1.26	0.0475196
1.48	1.28	0.0391333
1.48	1.3	0.0315479
1.48	1.32	0.0247632
1.48	1.34	0.0187793
1.48	1.36	0.0135961
1.48	1.38	0.00921365
1.48	1.4	0.00563193
1.48	1.42	0.0028509
1.48	1.44	0.000870533
1.48	1.46	-0.000309181
1.48	1.48	-0.000688267
1.48	1.5	-0.000266747
1.48	1.52	0.000955358
1.48	1.54	0.00297802
1.48	1.56	0.00580123
1.48	1.58	0.00942496
1.48	1.6	0.0138492
1.48	1.62	0.0190739
1.48	1.64	0.025099
1.48	1.66	0.0319246
1.48	1.68	0.0395505
1.48	1.7	0.0479769
1.48	1.72	0.0572035
1.48	1.74	0.0672306
1.48	1.76	0.0780579
1.48	1.78	0.0896855
1.48	1.8	0.102113
1.48	1.82	0.115341
1.48	1.84	0.12937
1.48	1.86	0.144198
1.48	1.88	0.159827
1.48	1.9	0.176255
1.48	1.92	0.193484
1.48	1.94	0.211513
1.48	1.96	0.230342
1.48	1.98	0.249971
1.48	2	0.2704
1.49	0	2.2201
1.49	0.02	2.16087
1.49	0.04	2.10243
1.49	0.06	2.0448
1.49	0.08	1.98797
1.49	0.1	1.93194
1.49	0.12	1.87671
1.49	0.14	1.82227
1.49	0.16	1.76864
1.49	0.18	1.71581
1.49	0.2	1.66378
1.49	0.22	1.61255
1.49	0.24	1.56212
1.49	0.26	1.51249
1.49	0.28	1.46366
1.49	0.3	1.41563
1.49	0.32	1.3684
1.49	0.34	1.32198
1.49	0.36	1.27635
1.49	0.38	1.23152
1.49	0.4	1.1875
1.49	0.42	1.14427
1.49	0.44	1.10185
1.49	0.46	1.06022
1.49	0.48	1.0194
1.49	0.5	0.97938
1.49	0.52	0.940159
1.49	0.54	0.901738
1.49	0.56	0.864118
1.49	0.58	0.8273
1.49	0.6	0.791282
1.49	0.62	0.756065
1.49	0.64	0.721648
1.49	0.66	0.688033
1.49	0.68	0.655219
1.49	0.7	0.623205
1.49	0.72	0.591993
1.49	0.74	0.561581
1.49	0.76	0.531971
1.49	0.78	0.503161
1.49	0.8	0.475152
1.49	0.82	0.447945
1.49	0.84	0.421538
1.49	0.86	0.395932
1.49	0.88	0.371127
1.49	0.9	0.347124
1.49	0.92	0.323921
1.49	0.94	0.301519
1.49	0.96	0.279918
1.49	0.98	0.259118
1.49	1	0.23912
1.49	1.02	0.219922
1.49	1.04	0.201525
1.49	1.06	0.183929
1.49	1.08	0.167134
1.49	1.1	0.15114
1.49	1.12	0.135946
1.49	1.14	0.121554
1.49	1.16	0.107963
1.49	1.18	0.0951722
1.49	1.2	0.0831826
1.49	1.22	0.0719938
1.49	1.24	0.0616059
1.49	1.26	0.0520188
1.49	1.28	0.0432325
1.49	1.3	0.0352471
1.49	1.32	0.0280624
1.49	1.34	0.0216785
1.49	1.36	0.0160954
1.49	1.38	0.0113129
1.49	1.4	0.00733123
1.49	1.42	0.00415022
1.49	1.44	0.00176987
1.49	1.46	0.000190175
1.49	1.48	-0.000588892
1.49	1.5	-0.000567353
1.49	1.52	0.000254771
1.49	1.54	0.00187746
1.49	1.56	0.00430069
1.49	1.58	0.00752443
1.49	1.6	0.0115487
1.49	1.62	0.0163734
1.49	1.64	0.0219985
1.49	1.66	0.0284241
1.49	1.68	0.0356501
1.49	1.7	0.0436765
1.49	1.72	0.0525032
1.49	1.74	0.0621302
1.49	1.76	0.0725576
1.49	1.78	0.0837852
1.49	1.8	0.095813
1.49	1.82	0.108641
1.49	1.84	0.122269
1.49	1.86	0.136698
1.49	1.88	0.151927
1.49	1.9	0.167955
1.49	1.92	0.184784
1.49	1.94	0.202413
1.49	1.96	0.220842
1.49	1.98	0.240071
1.49	2	0.2601
1.5	0	2.25
1.5	0.02	2.19037
1.5	0.04	2.13153
1.5	0.06	2.0735
1.5	0.08	2.01627
1.5	0.1	1.95984
1.5	0.12	1.90421
1.5	0.14	1.84937
1.5	0.16	1.79534
1.5	0.18	1.74211
1.5	0.2	1.68968
1.5	0.22	1.63805
1.5	0.24	1.58722
1.5	0.26	1.53719
1.5	0.28	1.48796
1.5	0.3	1.43953
1.5	0.32	1.3919
1.5	0.34	1.34508
1.5	0.36	1.29905
1.5	0.38	1.25382
1.5	0.4	1.2094
1.5	0.42	1.16577
1.5	0.44	1.12295
1.5	0.46	1.08092
1.5	0.48	1.0397
1.5	0.5	0.99928
1.5	0.52	0.959659
1.5	0.54	0.920838
1.5	0.56	0.882819
1.5	0.58	0.8456
1.5	0.6	0.809182
1.5	0.62	0.773565
1.5	0.64	0.738748
1.5	0.66	0.704733
1.5	0.68	0.671519
1.5	0.7	0.639105
1.5	0.72	0.607493
1.5	0.74	0.576681
1.5	0.76	0.546671
1.5	0.78	0.517461
1.5	0.8	0.489052
1.5	0.82	0.461445
1.5	0.84	0.434638
1.5	0.86	0.408632
1.5	0.88	0.383428
1.5	0.9	0.359024
1.5	0.92	0.335421
1.5	0.94	0.312619
1.5	0.96	0.290618
1.5	0.98	0.269419
1.5	1	0.24902
1.5	1.02	0.229422
1.5	1.04	0.210625
1.5	1.06	0.192629
1.5	1.08	0.175434
1.5	1.1	0.159039
1.5	1.12	0.143445
1.5	1.14	0.128653
1.5	1.16	0.114662
1.5	1.18	0.101471
1.5	1.2	0.0890818
1.5	1.22	0.077493
1.5	1.24	0.0667051
1.5	1.26	0.056718
1.5	1.28	0.0475318
1.5	1.3	0.0391463
1.5	1.32	0.0315617
1.5	1.34	0.0247778
1.5	1.36	0.0187946
1.5	1.38	0.0136122
1.5	1.4	0.00923055
1.5	1.42	0.00564955
1.5	1.44	0.00286922
1.5	1.46	0.00088954
1.5	1.48	-0.000289509
1.5	1.5	-0.00066795
1.5	1.52	-0.000245806
1.5	1.54	0.000976902
1.5	1.56	0.00300015
1.5	1.58	0.00582392
1.5	1.6	0.00944818
1.5	1.62	0.0138729
1.5	1.64	0.0190981
1.5	1.66	0.0251237
1.5	1.68	0.0319497
1.5	1.7	0.0395761
1.5	1.72	0.0480028
1.5	1.74	0.0572299
1.5	1.76	0.0672573
1.5	1.78	0.0780849
1.5	1.8	0.0897128
1.5	1.82	0.102141
1.5	1.84	0.115369
1.5	1.86	0.129398
1.5	1.88	0.144226
1.5	1.9	0.159855
1.5	1.92	0.176284
1.5	1.94	0.193513
1.5	1.96	0.211542
1.5	1.98	0.230371
1.5	2	0.25
1.51	0	2.2801
1.51	0.02	2.22007
1.51	0.04	2.16083
1.51	0.06	2.1024
1.51	0.08	2.04477
1.51	0.1	1.98794
1.51	0.12	1.93191
1.51	0.14	1.87667
1.51	0.16	1.82224
1.51	0.18	1.76861
1.51	0.2	1.71578
1.51	0.22	1.66375
1.51	0.24	1.61252
1.51	0.26	1.56209
1.51	0.28	1.51246
1.51	0.3	1.46363
1.51	0.32	1.4156
1.51	0.34	1.36838
1.51	0.36	1.32195
1.51	0.38	1.27632
1.51	0.4	1.2315
1.51	0.42	1.18747
1.51	0.44	1.14425
1.51	0.46	1.10182
1.51	0.48	1.0602
1.51	0.5	1.01938
1.51	0.52	0.979359
1.51	0.54	0.940138
1.51	0.56	0.901719
1.51	0.58	0.8641
1.51	0.6	0.827282
1.51	0.62	0.791265
1.51	0.64	0.756049
1.51	0.66	0.721633
1.51	0.68	0.688019
1.51	0.7	0.655205
1.51	0.72	0.623193
1.51	0.74	0.591981
1.51	0.76	0.561571
1.51	0.78	0.531961
1.51	0.8	0.503152
1.51	0.82	0.475145
1.51	0.84	0.447938
1.51	0.86	0.421532
1.51	0.88	0.395928
1.51	0.9	0.371124
1.51	0.92	0.347121
1.51	0.94	0.323919
1.51	0.96	0.301518
1.51	0.98	0.279919
1.51	1	0.25912
1.51	1.02	0.239122
1.51	1.04	0.219925
1.51	1.06	0.201529
1.51	1.08	0.183934
1.51	1.1	0.16714
1.51	1.12	0.151146
1.51	1.14	0.135954
1.51	1.16	0.121563
1.51	1.18	0.107972
1.51	1.2	0.0951827
1.51	1.22	0.083194
1.51	1.24	0.072006
1.51	1.26	0.0616189
1.51	1.28	0.0520327
1.51	1.3	0.0432472
1.51	1.32	0.0352625
1.51	1.34	0.0280786
1.51	1.36	0.0216955
1.51	1.38	0.0161131
1.51	1.4	0.0113313
1.51	1.42	0.00735033
1.51	1.44	0.00416998
1.51	1.46	0.00179028
1.51	1.48	0.000211208
1.51	1.5	-0.000567256
1.51	1.52	-0.000545135
1.51	1.54	0.000277548
1.51	1.56	0.00190077
1.51	1.58	0.00432451
1.51	1.6	0.00754875
1.51	1.62	0.0115735
1.51	1.64	0.0163986
1.51	1.66	0.0220242
1.51	1.68	0.0284502
1.51	1.7	0.0356765
1.51	1.72	0.0437032
1.51	1.74	0.0525303
1.51	1.76	0.0621576
1.51	1.78	0.0725852
1.51	1.8	0.0838131
1.51	1.82	0.0958412
1.51	1.84	0.108669
1.51	1.86	0.122298
1.51	1.88	0.136727
1.51	1.9	0.151955
1.51	1.92	0.167984
1.51	1.94	0.184813
1.51	1.96	0.202442
1.51	1.98	0.220871
1.51	2	0.2401
1.52	0	2.3104
1.52	0.02	2.24997
1.52	0.04	2.19033
1.52	0.06	2.1315
1.52	0.08	2.07347
1.52	0.1	2.01624
1.52	0.12	1.95981
1.52	0.14	1.90417
1.52	0.16	1.84934
1.52	0.18	1.79531
1.52	0.2	1.74208
1.52	0.22	1.68965
1.52	0.24	1.63802
1.52	0.26	1.58719
1.52	0.28	1.53716
1.52	0.3	1.48793
1.52	0.32	1.43951
1.52	0.34	1.39188
1.52	0.36	1.34505
1.52	0.38	1.29902
1.52	0.4	1.2538
1.52	0.42	1.20937
1.52	0.44	1.16575
1.52	0.46	1.12293
1.52	0.48	1.0809
1.52	0.5	1.03968
1.52	0.52	0.99926
1.52	0.54	0.95964
1.52	0.56	0.92082
1.52	0.58	0.882801
1.52	0.6	0.845583
1.52	0.62	0.809166
1.52	0.64	0.77355
1.52	0.66	0.738735
1.52	0.68	0.704721
1.52	0.7	0.671507
1.52	0.72	0.639095
1.52	0.74	0.607483
1.52	0.76	0.576673
1.52	0.78	0.546663
1.52	0.8	0.517454
1.52	0.82	0.489047
1.52	0.84	0.46144
1.52	0.86	0.434634
1.52	0.88	0.40863
1.52	0.9	0.383426
1.52	0.92	0.359023
1.52	0.94	0.335421
1.52	0.96	0.31262
1.52	0.98	0.290621
1.52	1	0.269422
1.52	1.02	0.249024
1.52	1.04	0.229427
1.52	1.06	0.210631
1.52	1.08	0.192636
1.52	1.1	0.175442
1.52	1.12	0.159048
1.52	1.14	0.143456
1.52	1.16	0.128665
1.52	1.18	0.114674
1.52	1.2	0.101485
1.52	1.22	0.0890958
1.52	1.24	0.0775078
1.52	1.26	0.0667207
1.52	1.28	0.0567344
1.52	1.3	0.0475489
1.52	1.32	0.0391642
1.52	1.34	0.0315803
1.52	1.36	0.0247971
1.52	1.38	0.0188146
1.52	1.4	0.0136329
1.52	1.42	0.00925183
1.52	1.44	0.00567144
1.52	1.46	0.0028917
1.52	1.48	0.000912589
1.52	1.5	-0.000265919
1.52	1.52	-0.000643842
1.52	1.54	-0.000221204
1.52	1.56	0.00100197
1.52	1.58	0.00302567
1.52	1.6	0.00584985
1.52	1.62	0.00947451
1.52	1.64	0.0138996
1.52	1.66	0.0191251
1.52	1.68	0.0251511
1.52	1.7	0.0319774
1.52	1.72	0.039604
1.52	1.74	0.048031
1.52	1.76	0.0572583
1.52	1.78	0.0672858
1.52	1.8	0.0781137
1.52	1.82	0.0897417
1.52	1.84	0.10217
1.52	1.86	0.115398
1.52	1.88	0.129427
1.52	1.9	0.144256
1.52	1.92	0.159884
1.52	1.94	0.176313
1.52	1.96	0.193542
1.52	1.98	0.211571
1.52	2	0.2304
1.53	0	2.3409
1.53	0.02	2.28007
1.53	0.04	2.22003
1.53	0.06	2.1608
1.53	0.08	2.10237
1.53	0.1	2.04474
1.53	0.12	1.98791
1.53	0.14	1.93187
1.53	0.16	1.87664
1.53	0.18	1.82221
1.53	0.2	1.76858
1.53	0.22	1.71575
1.53	0.24	1.66372
1.53	0.26	1.61249
1.53	0.28	1.56206
1.53	0.3	1.51243
1.53	0.32	1.46361
1.53	0.34	1.41558
1.53	0.36	1.36835
1.53	0.38	1.32193
1.53	0.4	1.2763
1.53	0.42	1.23148
1.53	0.44	1.18745
1.53	0.46	1.14423
1.53	0.48	1.10181
1.53	0.5	1.06018
1.53	0.52	1.01936
1.53	0.54	0.979342
1.53	0.56	0.940122
1.53	0.58	0.901704
1.53	0.6	0.864086
1.53	0.62	0.827269
1.53	0.64	0.791253
1.53	0.66	0.756038
1.53	0.68	0.721623
1.53	0.7	0.68801
1.53	0.72	0.655197
1.53	0.74	0.623186
1.53	0.76	0.591975
1.53	0.78	0.561566
1.53	0.8	0.531957
1.53	0.82	0.50315
1.53	0.84	0.475143
1.53	0.86	0.447937
1.53	0.88	0.421532
1.53	0.9	0.395929
1.53	0.92	0.371126
1.53	0.94	0.347124
1.53	0.96	0.323923
1.53	0.98	0.301523
1.53	1	0.279925
1.53	1.02	0.259127
1.53	1.04	0.23913
1.53	1.06	0.219934
1.53	1.08	0.201539
1.53	1.1	0.183944
1.53	1.12	0.167151
1.53	1.14	0.151159
1.53	1.16	0.135967
1.53	1.18	0.121577
1.53	1.2	0.107987
1.53	1.22	0.0951985
1.53	1.24	0.0832105
1.53	1.26	0.0720233
1.53	1.28	0.061637
1.53	1.3	0.0520515
1.53	1.32	0.0432667
1.53	1.34	0.0352827
1.53	1.36	0.0280995
1.53	1.38	0.021717
1.53	1.4	0.0161352
1.53	1.42	0.0113541
1.53	1.44	0.00737361
1.53	1.46	0.00419381
1.53	1.48	0.00181463
1.53	1.5	0.000236062
1.53	1.52	-0.000541927
1.53	1.54	-0.000519357
1.53	1.56	0.000303751
1.53	1.58	0.00192737
1.53	1.6	0.00435149
1.53	1.62	0.00757607
1.53	1.64	0.0116011
1.53	1.66	0.0164266
1.53	1.68	0.0220524
1.53	1.7	0.0284786
1.53	1.72	0.0357052
1.53	1.74	0.0437321
1.53	1.76	0.0525593
1.53	1.78	0.0621868
1.53	1.8	0.0726145
1.53	1.82	0.0838425
1.53	1.84	0.0958706
1.53	1.86	0.108699
1.53	1.88	0.122327
1.53	1.9	0.136756
1.53	1.92	0.151985
1.53	1.94	0.168013
1.53	1.96	0.184842
1.53	1.98	0.202471
1.53	2	0.2209
1.54	0	2.3716
1.54	0.02	2.31037
1.54	0.04	2.24994
1.54	0.06	2.1903
1.54	0.08	2.13147
1.54	0.1	2.07344
1.54	0.12	2.01621
1.54	0.14	1.95978
1.54	0.16	1.90414
1.54	0.18	1.84931
1.54	0.2	1.79528
1.54	0.22	1.74205
1.54	0.24	1.68962
1.54	0.26	1.63799
1.54	0.28	1.58716
1.54	0.3	1.53714
1.54	0.32	1.48791
1.54	0.34	1.43948
1.54	0.36	1.39185
1.54	0.38	1.34503
1.54	0.4	1.299
1.54	0.42	1.25378
1.54	0.44	1.20935
1.54	0.46	1.16573
1.54	0.48	1.12291
1.54	0.5	1.08089
1.54	0.52	1.03967
1.54	0.54	0.999245
1.54	0.56	0.959626
1.54	0.58	0.920807
1.54	0.6	0.882789
1.54	0.62	0.845572
1.54	0.64	0.809156
1.54	0.66	0.773541
1.54	0.68	0.738727
1.54	0.7	0.704713
1.54	0.72	0.671501
1.54	0.74	0.63909
1.54	0.76	0.607479
1.54	0.78	0.57667
1.54	0.8	0.546661
1.54	0.82	0.517453
1.54	0.84	0.489047
1.54	0.86	0.461441
1.54	0.88	0.434636
1.54	0.9	0.408633
1.54	0.92	0.38343
1.54	0.94	0.359028
1.54	0.96	0.335427
1.54	0.98	0.312627
1.54	1	0.290628
1.54	1.02	0.269431
1.54	1.04	0.249034
1.54	1.06	0.229438
1.54	1.08	0.210642
1.54	1.1	0.192648
1.54	1.12	0.175455
1.54	1.14	0.159063
1.54	1.16	0.143471
1.54	1.18	0.128681
1.54	1.2	0.114691
1.54	1.22	0.101502
1.54	1.24	0.089114
1.54	1.26	0.0775268
1.54	1.28	0.0667404
1.54	1.3	0.0567548
1.54	1.32	0.04757
1.54	1.34	0.039186
1.54	1.36	0.0316027
1.54	1.38	0.0248201
1.54	1.4	0.0188382
1.54	1.42	0.013657
1.54	1.44	0.00927648
1.54	1.46	0.0056966
1.54	1.48	0.00291734
1.54	1.5	0.000938686
1.54	1.52	-0.000239391
1.54	1.54	-0.000616909
1.54	1.56	-0.000193893
1.54	1.58	0.00102964
1.54	1.6	0.00305365
1.54	1.62	0.00587814
1.54	1.64	0.00950307
1.54	1.66	0.0139284
1.54	1.68	0.0191542
1.54	1.7	0.0251803
1.54	1.72	0.0320068
1.54	1.74	0.0396336
1.54	1.76	0.0480606
1.54	1.78	0.057288
1.54	1.8	0.0673156
1.54	1.82	0.0781435
1.54	1.84	0.0897715
1.54	1.86	0.1022
1.54	1.88	0.115428
1.54	1.9	0.129457
1.54	1.92	0.144285
1.54	1.94	0.159914
1.54	1.96	0.176343
1.54	1.98	0.193571
1.54	2	0.2116
1.55	0	2.4025
1.55	0.02	2.34087
1.55	0.04	2.28004
1.55	0.06	2.22
1.55	0.08	2.16077
1.55	0.1	2.10234
1.55	0.12	2.04471
1.55	0.14	1.98788
1.55	0.16	1.93185
1.55	0.18	1.87662
1.55	0.2	1.82218
1.55	0.22	1.76855
1.55	0.24	1.71573
1.55	0.26	1.6637
1.55	0.28	1.61247
1.55	0.3	1.56204
1.55	0.32	1.51241
1.55	0.34	1.46358
1.55	0.36	1.41556
1.55	0.38	1.36833
1.55	0.4	1.32191
1.55	0.42	1.27628
1.55	0.44	1.23146
1.55	0.46	1.18743
1.55	0.48	1.14421
1.55	0.5	1.10179
1.55	0.52	1.06017
1.55	0.54	1.01935
1.55	0.56	0.979329
1.55	0.58	0.940111
1.55	0.6	0.901693
1.55	0.62	0.864076
1.55	0.64	0.82726
1.55	0.66	0.791245
1.55	0.68	0.756031
1.55	0.7	0.721618
1.55	0.72	0.688006
1.55	0.74	0.655194
1.55	0.76	0.623184
1.55	0.78	0.591974
1.55	0.8	0.561566
1.55	0.82	0.531958
1.55	0.84	0.503151
1.55	0.86	0.475146
1.55	0.88	0.447941
1.55	0.9	0.421537
1.55	0.92	0.395935
1.55	0.94	0.371133
1.55	0.96	0.347132
1.55	0.98	0.323932
1.55	1	0.301533
1.55	1.02	0.279935
1.55	1.04	0.259138
1.55	1.06	0.239142
1.55	1.08	0.219947
1.55	1.1	0.201553
1.55	1.12	0.18396
1.55	1.14	0.167167
1.55	1.16	0.151176
1.55	1.18	0.135985
1.55	1.2	0.121595
1.55	1.22	0.108006
1.55	1.24	0.0952184
1.55	1.26	0.0832311
1.55	1.28	0.0720446
1.55	1.3	0.061659
1.55	1.32	0.0520741
1.55	1.34	0.04329
1.55	1.36	0.0353066
1.55	1.38	0.0281239
1.55	1.4	0.021742
1.55	1.42	0.0161607
1.55	1.44	0.0113801
1.55	1.46	0.00740007
1.55	1.48	0.00422071
1.55	1.5	0.00184195
1.55	1.52	0.000263767
1.55	1.54	-0.000513863
1.55	1.56	-0.00049096
1.55	1.58	0.000332452
1.55	1.6	0.00195635
1.55	1.62	0.00438072
1.55	1.64	0.00760552
1.55	1.66	0.0116307
1.55	1.68	0.0164564
1.55	1.7	0.0220824
1.55	1.72	0.0285087
1.55	1.74	0.0357354
1.55	1.76	0.0437623
1.55	1.78	0.0525896
1.55	1.8	0.062217
1.55	1.82	0.0726447
1.55	1.84	0.0838726
1.55	1.86	0.0959007
1.55	1.88	0.108729
1.55	1.9	0.122357
1.55	1.92	0.136786
1.55	1.94	0.152014
1.55	1.96	0.168043
1.55	1.98	0.184871
1.55	2	0.2025
1.56	0	2.4336
1.56	0.02	2.37157
1.56	0.04	2.31034
1.56	0.06	2.2499
1.56	0.08	2.19027
1.56	0.1	2.13144
1.56	0.12	2.07341
1.56	0.14	2.01618
1.56	0.16	1.95975
1.56	0.18	1.90412
1.56	0.2	1.84929
1.56	0.22	1.79526
1.56	0.24	1.74203
1.56	0.26	1.6896
1.56	0.28	1.63797
1.56	0.3	1.58714
1.56	0.32	1.53711
1.56	0.34	1.48789
1.56	0.36	1.43946
1.56	0.38	1.39183
1.56	0.4	1.34501
1.56	0.42	1.29899
1.56	0.44	1.25376
1.56	0.46	1.20934
1.56	0.48	1.16572
1.56	0.5	1.12289
1.56	0.52	1.08087
1.56	0.54	1.03965
1.56	0.56	0.999234
1.56	0.58	0.959616
1.56	0.6	0.920798
1.56	0.62	0.882781
1.56	0.64	0.845565
1.56	0.66	0.80915
1.56	0.68	0.773536
1.56	0.7	0.738723
1.56	0.72	0.704711
1.56	0.74	0.671499
1.56	0.76	0.639089
1.56	0.78	0.60748
1.56	0.8	0.576671
1.56	0.82	0.546664
1.56	0.84	0.517457
1.56	0.86	0.489051
1.56	0.88	0.461447
1.56	0.9	0.434643
1.56	0.92	0.40864
1.56	0.94	0.383439
1.56	0.96	0.359038
1.56	0.98	0.335438
1.56	1	0.312639
1.56	1.02	0.290641
1.56	1.04	0.269444
1.56	1.06	0.249048
1.56	1.08	0.229453
1.56	1.1	0.210659
1.56	1.12	0.192665
1.56	1.14	0.175473
1.56	1.16	0.159081
1.56	1.18	0.143491
1.56	1.2	0.128701
1.56	1.22	0.114712
1.56	1.24	0.101524
1.56	1.26	0.0891363
1.56	1.28	0.0775497
1.56	1.3	0.066764
1.56	1.32	0.056779
1.56	1.34	0.0475948
1.56	1.36	0.0392113
1.56	1.38	0.0316285
1.56	1.4	0.0248465
1.56	1.42	0.0188651
1.56	1.44	0.0136843
1.56	1.46	0.00930356
1.56	1.48	0.00572409
1.56	1.5	0.00294523
1.56	1.52	0.000966933
1.56	1.54	-0.000210807
1.56	1.56	-0.000588019
1.56	1.58	-0.000164723
1.56	1.6	0.00105906
1.56	1.62	0.0030833
1.56	1.64	0.00590798
1.56	1.66	0.00953308
1.56	1.68	0.0139586
1.56	1.7	0.0191844
1.56	1.72	0.0252106
1.56	1.74	0.0320372
1.56	1.76	0.039664
1.56	1.78	0.0480911
1.56	1.8	0.0573184
1.56	1.82	0.067346
1.56	1.84	0.0781738
1.56	1.86	0.0898017
1.56	1.88	0.10223
1.56	1.9	0.115458
1.56	1.92	0.129486
1.56	1.94	0.144315
1.56	1.96	0.159943
1.56	1.98	0.176372
1.56	2	0.1936
1.57	0	2.4649
1.57	0.02	2.40247
1.57	0.04	2.34084
1.57	0.06	2.28
1.57	0.08	2.21997
1.57	0.1	2.16074
1.57	0.12	2.10231
1.57	0.14	2.04468
1.57	0.16	1.98785
1.57	0.18	1.93182
1.57	0.2	1.87659
1.57	0.22	1.82216
1.57	0.24	1.76853
1.57	0.26	1.7157
1.57	0.28	1.66367
1.57	0.3	1.61244
1.57	0.32	1.56202
1.57	0.34	1.51239
1.57	0.36	1.46356
1.57	0.38	1.41554
1.57	0.4	1.36831
1.57	0.42	1.32189
1.57	0.44	1.27627
1.57	0.46	1.23144
1.57	0.48	1.18742
1.57	0.5	1.1442
1.57	0.52	1.10178
1.57	0.54	1.06016
1.57	0.56	1.01934
1.57	0.58	0.97932
1.57	0.6	0.940103
1.57	0.62	0.901686
1.57	0.64	0.86407
1.57	0.66	0.827255
1.57	0.68	0.791241
1.57	0.7	0.756028
1.57	0.72	0.721616
1.57	0.74	0.688005
1.57	0.76	0.655195
1.57	0.78	0.623185
1.57	0.8	0.591977
1.57	0.82	0.561569
1.57	0.84	0.531963
1.57	0.86	0.503157
1.57	0.88	0.475152
1.57	0.9	0.447949
1.57	0.92	0.421546
1.57	0.94	0.395944
1.57	0.96	0.371144
1.57	0.98	0.347144
1.57	1	0.323945
1.57	1.02	0.301547
1.57	1.04	0.27995
1.57	1.06	0.259154
1.57	1.08	0.239158
1.57	1.1	0.219964
1.57	1.12	0.201571
1.57	1.14	0.183978
1.57	1.16	0.167187
1.57	1.18	0.151196
1.57	1.2	0.136006
1.57	1.22	0.121617
1.57	1.24	0.108029
1.57	1.26	0.0952414
1.57	1.28	0.0832548
1.57	1.3	0.072069
1.57	1.32	0.0616839
1.57	1.34	0.0520996
1.57	1.36	0.043316
1.57	1.38	0.0353331
1.57	1.4	0.028151
1.57	1.42	0.0217695
1.57	1.44	0.0161886
1.57	1.46	0.0114084
1.57	1.48	0.00742879
1.57	1.5	0.00424978
1.57	1.52	0.00187133
1.57	1.54	0.000293436
1.57	1.56	-0.000483933
1.57	1.58	-0.0004608
1.57	1.6	0.000362815
1.57	1.62	0.00198689
1.57	1.64	0.0044114
1.57	1.66	0.00763632
1.57	1.68	0.0116616
1.57	1.7	0.0164873
1.57	1.72	0.0221133
1.57	1.74	0.0285397
1.57	1.76	0.0357663
1.57	1.78	0.0437932
1.57	1.8	0.0526204
1.57	1.82	0.0622478
1.57	1.84	0.0726753
1.57	1.86	0.0839031
1.57	1.88	0.095931
1.57	1.9	0.108759
1.57	1.92	0.122387
1.57	1.94	0.136815
1.57	1.96	0.152044
1.57	1.98	0.168072
1.57	2	0.1849
1.58	0	2.4964
1.58	0.02	2.43357
1.58	0.04	2.37154
1.58	0.06	2.31031
1.58	0.08	2.24987
1.58	0.1	2.19024
1.58	0.12	2.13141
1.58	0.14	2.07338
1.58	0.16	2.01615
1.58	0.18	1.95972
1.58	0.2	1.90409
1.58	0.22	1.84926
1.58	0.24	1.79523
1.58	0.26	1.742
1.58	0.28	1.68958
1.58	0.3	1.63795
1.58	0.32	1.58712
1.58	0.34	1.53709
1.58	0.36	1.48787
1.58	0.38	1.43944
1.58	0.4	1.39182
1.58	0.42	1.34499
1.58	0.44	1.29897
1.58	0.46	1.25375
1.58	0.48	1.20933
1.58	0.5	1.1657
1.58	0.52	1.12288
1.58	0.54	1.08086
1.58	0.56	1.03964
1.58	0.58	0.999226
1.58	0.6	0.959609
1.58	0.62	0.920793
1.58	0.64	0.882777
1.58	0.66	0.845562
1.58	0.68	0.809148
1.58	0.7	0.773535
1.58	0.72	0.738723
1.58	0.74	0.704712
1.58	0.76	0.671502
1.58	0.78	0.639092
1.58	0.8	0.607484
1.58	0.82	0.576677
1.58	0.84	0.54667
1.58	0.86	0.517465
1.58	0.88	0.48906
1.58	0.9	0.461456
1.58	0.92	0.434654
1.58	0.94	0.408652
1.58	0.96	0.383451
1.58	0.98	0.359051
1.58	1	0.335452
1.58	1.02	0.312654
1.58	1.04	0.290657
1.58	1.06	0.269461
1.58	1.08	0.249066
1.58	1.1	0.229472
1.58	1.12	0.210678
1.58	1.14	0.192686
1.58	1.16	0.175494
1.58	1.18	0.159103
1.58	1.2	0.143513
1.58	1.22	0.128724
1.58	1.24	0.114736
1.58	1.26	0.101548
1.58	1.28	0.0891616
1.58	1.3	0.0775756
1.58	1.32	0.0667904
1.58	1.34	0.056806
1.58	1.36	0.0476223
1.58	1.38	0.0392393
1.58	1.4	0.0316569
1.58	1.42	0.0248753
1.58	1.44	0.0188943
1.58	1.46	0.0137139
1.58	1.48	0.00933414
1.58	1.5	0.00575496
1.58	1.52	0.00297635
1.58	1.54	0.000998273
1.58	1.56	-0.000179277
1.58	1.58	-0.000556328
1.58	1.6	-0.000132901
1.58	1.62	0.00109098
1.58	1.64	0.0031153
1.58	1.66	0.00594002
1.58	1.68	0.00956514
1.58	1.7	0.0139906
1.58	1.72	0.0192164
1.58	1.74	0.0252426
1.58	1.76	0.032069
1.58	1.78	0.0396957
1.58	1.8	0.0481226
1.58	1.82	0.0573498
1.58	1.84	0.0673771
1.58	1.86	0.0782047
1.58	1.88	0.0898323
1.58	1.9	0.10226
1.58	1.92	0.115488
1.58	1.94	0.129516
1.58	1.96	0.144344
1.58	1.98	0.159972
1.58	2	0.1764
1.59	0	2.5281
1.59	0.02	2.46487
1.59	0.04	2.40244
1.59	0.06	2.34081
1.59	0.08	2.27998
1.59	0.1	2.21994
1.59	0.12	2.16071
1.59	0.14	2.10228
1.59	0.16	2.04465
1.59	0.18	1.98782
1.59	0.2	1.93179
1.59	0.22	1.87656
1.59	0.24	1.82214
1.59	0.26	1.76851
1.59	0.28	1.71568
1.59	0.3	1.66365
1.59	0.32	1.61243
1.59	0.34	1.562
1.59	0.36	1.51237
1.59	0.38	1.46355
1.59	0.4	1.41552
1.59	0.42	1.3683
1.59	0.44	1.32188
1.59	0.46	1.27625
1.59	0.48	1.23143
1.59	0.5	1.18741
1.59	0.52	1.14419
1.59	0.54	1.10177
1.59	0.56	1.06015
1.59	0.58	1.01933
1.59	0.6	0.979316
1.59	0.62	0.9401
1.59	0.64	0.901684
1.59	0.66	0.86407
1.59	0.68	0.827256
1.59	0.7	0.791243
1.59	0.72	0.756031
1.59	0.74	0.72162
1.59	0.76	0.68801
1.59	0.78	0.655201
1.59	0.8	0.623192
1.59	0.82	0.591985
1.59	0.84	0.561579
1.59	0.86	0.531973
1.59	0.88	0.503168
1.59	0.9	0.475165
1.59	0.92	0.447962
1.59	0.94	0.42156
1.59	0.96	0.39596
1.59	0.98	0.37116
1.59	1	0.347161
1.59	1.02	0.323963
1.59	1.04	0.301566
1.59	1.06	0.27997
1.59	1.08	0.259174
1.59	1.1	0.23918
1.59	1.12	0.219987
1.59	1.14	0.201594
1.59	1.16	0.184002
1.59	1.18	0.167211
1.59	1.2	0.151221
1.59	1.22	0.136032
1.59	1.24	0.121644
1.59	1.26	0.108056
1.59	1.28	0.0952691
1.59	1.3	0.083283
1.59	1.32	0.0720977
1.59	1.34	0.0617131
1.59	1.36	0.0521293
1.59	1.38	0.0433461
1.59	1.4	0.0353636
1.59	1.42	0.0281818
1.59	1.44	0.0218007
1.59	1.46	0.0162201
1.59	1.48	0.0114401
1.59	1.5	0.00746078
1.59	1.52	0.00428197
1.59	1.54	0.0019037
1.59	1.56	0.000325946
1.59	1.58	-0.000451312
1.59	1.6	-0.000428097
1.59	1.62	0.000395569
1.59	1.64	0.00201967
1.59	1.66	0.00444417
1.59	1.68	0.00766906
1.59	1.7	0.0116943
1.59	1.72	0.0165199
1.59	1.74	0.0221458
1.59	1.76	0.028572
1.59	1.78	0.0357984
1.59	1.8	0.0438251
1.59	1.82	0.052652
1.59	1.84	0.0622791
1.59	1.86	0.0727064
1.59	1.88	0.0839338
1.59	1.9	0.0959614
1.59	1.92	0.108789
1.59	1.94	0.122417
1.59	1.96	0.136844
1.59	1.98	0.152072
1.59	2	0.1681
1.6	0	2.56
1.6	0.02	2.49637
1.6	0.04	2.43354
1.6	0.06	2.37151
1.6	0.08	2.31028
1.6	0.1	2.24985
1.6	0.12	2.19022
1.6	0.14	2.13139
1.6	0.16	2.07336
1.6	0.18	2.01613
1.6	0.2	1.9597
1.6	0.22	1.90407
1.6	0.24	1.84924
1.6	0.26	1.79521
1.6	0.28	1.74198
1.6	0.3	1.68956
1.6	0.32	1.63793
1.6	0.34	1.5871
1.6	0.36	1.53708
1.6	0.38	1.48785
1.6	0.4	1.43943
1.6	0.42	1.39181
1.6	0.44	1.34498
1.6	0.46	1.29896
1.6	0.48	1.25374
1.6	0.5	1.20932
1.6	0.52	1.1657
1.6	0.54	1.12288
1.6	0.56	1.08086
1.6	0.58	1.03964
1.6	0.6	0.999224
1.6	0.62	0.959608
1.6	0.64	0.920793
1.6	0.66	0.882778
1.6	0.68	0.845564
1.6	0.7	0.809152
1.6	0.72	0.77354
1.6	0.74	0.738729
1.6	0.76	0.704719
1.6	0.78	0.67151
1.6	0.8	0.639101
1.6	0.82	0.607494
1.6	0.84	0.576688
1.6	0.86	0.546682
1.6	0.88	0.517478
1.6	0.9	0.489074
1.6	0.92	0.461472
1.6	0.94	0.43467
1.6	0.96	0.408669
1.6	0.98	0.383469
1.6	1	0.35907
1.6	1.02	0.335472
1.6	1.04	0.312675
1.6	1.06	0.290679
1.6	1.08	0.269484
1.6	1.1	0.249089
1.6	1.12	0.229496
1.6	1.14	0.210703
1.6	1.16	0.192711
1.6	1.18	0.17552
1.6	1.2	0.15913
1.6	1.22	0.143541
1.6	1.24	0.128752
1.6	1.26	0.114764
1.6	1.28	0.101577
1.6	1.3	0.0891913
1.6	1.32	0.0776058
1.6	1.34	0.0668211
1.6	1.36	0.056837
1.6	1.38	0.0476537
1.6	1.4	0.0392711
1.6	1.42	0.0316891
1.6	1.44	0.0249077
1.6	1.46	0.0189269
1.6	1.48	0.0137468
1.6	1.5	0.00936721
1.6	1.52	0.00578819
1.6	1.54	0.0030097
1.6	1.56	0.00103173
1.6	1.58	-0.000145761
1.6	1.6	-0.00052278
1.6	1.62	-9.93511e-05
1.6	1.64	0.0011245
1.6	1.66	0.00314876
1.6	1.68	0.0059734
1.6	1.7	0.00959839
1.6	1.72	0.0140237
1.6	1.74	0.0192494
1.6	1.76	0.0252753
1.6	1.78	0.0321015
1.6	1.8	0.0397279
1.6	1.82	0.0481545
1.6	1.84	0.0573814
1.6	1.86	0.0674084
1.6	1.88	0.0782355
1.6	1.9	0.0898628
1.6	1.92	0.10229
1.6	1.94	0.115518
1.6	1.96	0.129545
1.6	1.98	0.144373
1.6	2	0.16
1.61	0	2.5921
1.61	0.02	2.52807
1.61	0.04	2.46484
1.61	0.06	2.40241
1.61	0.08	2.34078
1.61	0.1	2.27995
1.61	0.12	2.21992
1.61	0.14	2.16069
1.61	0.16	2.10226
1.61	0.18	2.04463
1.61	0.2	1.9878
1.61	0.22	1.93177
1.61	0.24	1.87654
1.61	0.26	1.82212
1.61	0.28	1.76849
1.61	0.3	1.71566
1.61	0.32	1.66364
1.61	0.34	1.61241
1.61	0.36	1.56198
1.61	0.38	1.51236
1.61	0.4	1.46354
1.61	0.42	1.41551
1.61	0.44	1.36829
1.61	0.46	1.32187
1.61	0.48	1.27625
1.61	0.5	1.23142
1.61	0.52	1.1874
1.61	0.54	1.14419
1.61	0.56	1.10177
1.61	0.58	1.06015
1.61	0.6	1.01933
1.61	0.62	0.979317
1.61	0.64	0.940102
1.61	0.66	0.901687
1.61	0.68	0.864074
1.61	0.7	0.827261
1.61	0.72	0.791249
1.61	0.74	0.756039
1.61	0.76	0.721629
1.61	0.78	0.68802
1.61	0.8	0.655212
1.61	0.82	0.623204
1.61	0.84	0.591998
1.61	0.86	0.561593
1.61	0.88	0.531988
1.61	0.9	0.503185
1.61	0.92	0.475182
1.61	0.94	0.44798
1.61	0.96	0.42158
1.61	0.98	0.39598
1.61	1	0.371181
1.61	1.02	0.347183
1.61	1.04	0.323986
1.61	1.06	0.301589
1.61	1.08	0.279994
1.61	1.1	0.259199
1.61	1.12	0.239206
1.61	1.14	0.220013
1.61	1.16	0.201621
1.61	1.18	0.18403
1.61	1.2	0.16724
1.61	1.22	0.15125
1.61	1.24	0.136062
1.61	1.26	0.121674
1.61	1.28	0.108087
1.61	1.3	0.0953003
1.61	1.32	0.0833147
1.61	1.34	0.0721298
1.61	1.36	0.0617456
1.61	1.38	0.052162
1.61	1.4	0.0433792
1.61	1.42	0.035397
1.61	1.44	0.0282154
1.61	1.46	0.0218344
1.61	1.48	0.0162541
1.61	1.5	0.0114743
1.61	1.52	0.00749501
1.61	1.54	0.00431628
1.61	1.56	0.00193806
1.61	1.58	0.000360322
1.61	1.6	-0.000416952
1.61	1.62	-0.000393784
1.61	1.64	0.000429805
1.61	1.66	0.00205379
1.61	1.68	0.00447816
1.61	1.7	0.00770287
1.61	1.72	0.0117279
1.61	1.74	0.0165533
1.61	1.76	0.0221789
1.61	1.78	0.0286048
1.61	1.8	0.0358309
1.61	1.82	0.0438573
1.61	1.84	0.0526838
1.61	1.86	0.0623105
1.61	1.88	0.0727373
1.61	1.9	0.0839643
1.61	1.92	0.0959914
1.61	1.94	0.108818
1.61	1.96	0.122446
1.61	1.98	0.136873
1.61	2	0.1521
1.62	0	2.6244
1.62	0.02	2.55997
1.62	0.04	2.49634
1.62	0.06	2.43351
1.62	0.08	2.37148
1.62	0.1	2.31025
1.62	0.12	2.24982
1.62	0.14	2.19019
1.62	0.16	2.13136
1.62	0.18	2.07333
1.62	0.2	2.0161
1.62	0.22	1.95968
1.62	0.24	1.90405
1.62	0.26	1.84922
1.62	0.28	1.79519
1.62	0.3	1.74197
1.62	0.32	1.68954
1.62	0.34	1.63792
1.62	0.36	1.58709
1.62	0.38	1.53707
1.62	0.4	1.48784
1.62	0.42	1.43942
1.62	0.44	1.3918
1.62	0.46	1.34497
1.62	0.48	1.29895
1.62	0.5	1.25373
1.62	0.52	1.20931
1.62	0.54	1.16569
1.62	0.56	1.12288
1.62	0.58	1.08086
1.62	0.6	1.03964
1.62	0.62	0.999226
1.62	0.64	0.959611
1.62	0.66	0.920797
1.62	0.68	0.882784
1.62	0.7	0.845571
1.62	0.72	0.80916
1.62	0.74	0.773549
1.62	0.76	0.738739
1.62	0.78	0.70473
1.62	0.8	0.671522
1.62	0.82	0.639115
1.62	0.84	0.607509
1.62	0.86	0.576704
1.62	0.88	0.546699
1.62	0.9	0.517496
1.62	0.92	0.489093
1.62	0.94	0.461492
1.62	0.96	0.434691
1.62	0.98	0.408691
1.62	1	0.383492
1.62	1.02	0.359094
1.62	1.04	0.335497
1.62	1.06	0.3127
1.62	1.08	0.290705
1.62	1.1	0.26951
1.62	1.12	0.249117
1.62	1.14	0.229524
1.62	1.16	0.210732
1.62	1.18	0.192741
1.62	1.2	0.17555
1.62	1.22	0.159161
1.62	1.24	0.143572
1.62	1.26	0.128784
1.62	1.28	0.114797
1.62	1.3	0.10161
1.62	1.32	0.0892243
1.62	1.34	0.0776392
1.62	1.36	0.0668548
1.62	1.38	0.0568711
1.62	1.4	0.047688
1.62	1.42	0.0393056
1.62	1.44	0.0317238
1.62	1.46	0.0249426
1.62	1.48	0.018962
1.62	1.5	0.0137819
1.62	1.52	0.00940241
1.62	1.54	0.00582342
1.62	1.56	0.00304493
1.62	1.58	0.00106692
1.62	1.6	-0.00011063
1.62	1.62	-0.000487745
1.62	1.64	-6.44441e-05
1.62	1.66	0.00115925
1.62	1.68	0.00318332
1.62	1.7	0.00600773
1.62	1.72	0.00963247
1.62	1.74	0.0140575
1.62	1.76	0.0192828
1.62	1.78	0.0253084
1.62	1.8	0.0321342
1.62	1.82	0.03976
1.62	1.84	0.0481863
1.62	1.86	0.0574127
1.62	1.88	0.0674392
1.62	1.9	0.0782658
1.62	1.92	0.0898926
1.62	1.94	0.102319
1.62	1.96	0.115546
1.62	1.98	0.129573
1.62	2	0.1444
1.63	0	2.6569
1.63	0.02	2.59207
1.63	0.04	2.52804
1.63	0.06	2.46481
1.63	0.08	2.40238
1.63	0.1	2.34075
1.63	0.12	2.27992
1.63	0.14	2.21989
1.63	0.16	2.16066
1.63	0.18	2.10224
1.63	0.2	2.04461
1.63	0.22	1.98778
1.63	0.24	1.93175
1.63	0.26	1.87653
1.63	0.28	1.8221
1.63	0.3	1.76847
1.63	0.32	1.71565
1.63	0.34	1.66362
1.63	0.36	1.6124
1.63	0.38	1.56197
1.63	0.4	1.51235
1.63	0.42	1.46353
1.63	0.44	1.4155
1.63	0.46	1.36828
1.63	0.48	1.32186
1.63	0.5	1.27624
1.63	0.52	1.23142
1.63	0.54	1.1874
1.63	0.56	1.14419
1.63	0.58	1.10177
1.63	0.6	1.06015
1.63	0.62	1.01934
1.63	0.64	0.979321
1.63	0.66	0.940107
1.63	0.68	0.901694
1.63	0.7	0.864082
1.63	0.72	0.82727
1.63	0.74	0.79126
1.63	0.76	0.75605
1.63	0.78	0.721641
1.63	0.8	0.688033
1.63	0.82	0.655226
1.63	0.84	0.62322
1.63	0.86	0.592015
1.63	0.88	0.56161
1.63	0.9	0.532007
1.63	0.92	0.503204
1.63	0.94	0.475203
1.63	0.96	0.448002
1.63	0.98	0.421602
1.63	1	0.396003
1.63	1.02	0.371205
1.63	1.04	0.347208
1.63	1.06	0.324012
1.63	1.08	0.301616
1.63	1.1	0.280021
1.63	1.12	0.259228
1.63	1.14	0.239235
1.63	1.16	0.220043
1.63	1.18	0.201651
1.63	1.2	0.184061
1.63	1.22	0.167271
1.63	1.24	0.151282
1.63	1.26	0.136094
1.63	1.28	0.121707
1.63	1.3	0.10812
1.63	1.32	0.0953339
1.63	1.34	0.0833486
1.63	1.36	0.072164
1.63	1.38	0.0617801
1.63	1.4	0.0521968
1.63	1.42	0.0434142
1.63	1.44	0.0354322
1.63	1.46	0.0282507
1.63	1.48	0.0218699
1.63	1.5	0.0162896
1.63	1.52	0.0115098
1.63	1.54	0.00753056
1.63	1.56	0.00435181
1.63	1.58	0.00197353
1.63	1.6	0.000395698
1.63	1.62	-0.0003817
1.63	1.64	-0.000358687
1.63	1.66	0.000464715
1.63	1.68	0.00208848
1.63	1.7	0.0045126
1.63	1.72	0.00773703
1.63	1.74	0.0117618
1.63	1.76	0.0165868
1.63	1.78	0.022212
1.63	1.8	0.0286375
1.63	1.82	0.0358632
1.63	1.84	0.0438891
1.63	1.86	0.0527151
1.63	1.88	0.0623413
1.63	1.9	0.0727676
1.63	1.92	0.083994
1.63	1.94	0.0960205
1.63	1.96	0.108847
1.63	1.98	0.122473
1.63	2	0.1369
1.64	0	2.6896
1.64	0.02	2.62437
1.64	0.04	2.55994
1.64	0.06	2.49631
1.64	0.08	2.43348
1.64	0.1	2.37145
1.64	0.12	2.31022
1.64	0.14	2.2498
1.64	0.16	2.19017
1.64	0.18	2.13134
1.64	0.2	2.07331
1.64	0.22	2.01608
1.64	0.24	1.95966
1.64	0.26	1.90403
1.64	0.28	1.8492
1.64	0.3	1.79518
1.64	0.32	1.74195
1.64	0.34	1.68953
1.64	0.36	1.6379
1.64	0.38	1.58708
1.64	0.4	1.53706
1.64	0.42	1.48783
1.64	0.44	1.43941
1.64	0.46	1.39179
1.64	0.48	1.34497
1.64	0.5	1.29895
1.64	0.52	1.25373
1.64	0.54	1.20931
1.64	0.56	1.1657
1.64	0.58	1.12288
1.64	0.6	1.08086
1.64	0.62	1.03965
1.64	0.64	0.999233
1.64	0.66	0.959619
1.64	0.68	0.920806
1.64	0.7	0.882794
1.64	0.72	0.845582
1.64	0.74	0.809172
1.64	0.76	0.773562
1.64	0.78	0.738754
1.64	0.8	0.704746
1.64	0.82	0.671539
1.64	0.84	0.639133
1.64	0.86	0.607528
1.64	0.88	0.576723
1.64	0.9	0.54672
1.64	0.92	0.517518
1.64	0.94	0.489116
1.64	0.96	0.461515
1.64	0.98	0.434715
1.64	1	0.408716
1.64	1.02	0.383518
1.64	1.04	0.359121
1.64	1.06	0.335525
1.64	1.08	0.312729
1.64	1.1	0.290734
1.64	1.12	0.26954
1.64	1.14	0.249147
1.64	1.16	0.229555
1.64	1.18	0.210764
1.64	1.2	0.192773
1.64	1.22	0.175583
1.64	1.24	0.159194
1.64	1.26	0.143606
1.64	1.28	0.128818
1.64	1.3	0.114831
1.64	1.32	0.101645
1.64	1.34	0.0892595
1.64	1.36	0.0776747
1.64	1.38	0.0668906
1.64	1.4	0.0569071
1.64	1.42	0.0477242
1.64	1.44	0.0393419
1.64	1.46	0.0317602
1.64	1.48	0.0249791
1.64	1.5	0.0189985
1.64	1.52	0.0138184
1.64	1.54	0.00943886
1.64	1.56	0.00585979
1.64	1.58	0.0030812
1.64	1.6	0.00110304
1.64	1.62	-7.46836e-05
1.64	1.64	-0.000452005
1.64	1.66	-2.89443e-05
1.64	1.68	0.00119448
1.64	1.7	0.00321824
1.64	1.72	0.00604232
1.64	1.74	0.00966669
1.64	1.76	0.0140913
1.64	1.78	0.0193162
1.64	1.8	0.0253413
1.64	1.82	0.0321667
1.64	1.84	0.0397922
1.64	1.86	0.0482178
1.64	1.88	0.0574436
1.64	1.9	0.0674696
1.64	1.92	0.0782956
1.64	1.94	0.0899216
1.64	1.96	0.102348
1.64	1.98	0.115574
1.64	2	0.1296
1.65	0	2.7225
1.65	0.02	2.65687
1.65	0.04	2.59204
1.65	0.06	2.52801
1.65	0.08	2.46478
1.65	0.1	2.40236
1.65	0.12	2.34073
1.65	0.14	2.2799
1.65	0.16	2.21987
1.65	0.18	2.16064
1.65	0.2	2.10222
1.65	0.22	2.04459
1.65	0.24	1.98776
1.65	0.26	1.93174
1.65	0.28	1.87651
1.65	0.3	1.82209
1.65	0.32	1.76846
1.65	0.34	1.71564
1.65	0.36	1.66361
1.65	0.38	1.61239
1.65	0.4	1.56197
1.65	0.42	1.51234
1.65	0.44	1.46352
1.65	0.46	1.4155
1.65	0.48	1.36828
1.65	0.5	1.32186
1.65	0.52	1.27624
1.65	0.54	1.23142
1.65	0.56	1.18741
1.65	0.58	1.14419
1.65	0.6	1.10177
1.65	0.62	1.06016
1.65	0.64	1.01934
1.65	0.66	0.979331
1.65	0.68	0.940118
1.65	0.7	0.901706
1.65	0.72	0.864095
1.65	0.74	0.827285
1.65	0.76	0.791276
1.65	0.78	0.756067
1.65	0.8	0.721659
1.65	0.82	0.688053
1.65	0.84	0.655247
1.65	0.86	0.623242
1.65	0.88	0.592037
1.65	0.9	0.561634
1.65	0.92	0.532032
1.65	0.94	0.50323
1.65	0.96	0.475229
1.65	0.98	0.448029
1.65	1	0.42163
1.65	1.02	0.396032
1.65	1.04	0.371235
1.65	1.06	0.347238
1.65	1.08	0.324043
1.65	1.1	0.301648
1.65	1.12	0.280054
1.65	1.14	0.259261
1.65	1.16	0.239269
1.65	1.18	0.220077
1.65	1.2	0.201686
1.65	1.22	0.184096
1.65	1.24	0.167307
1.65	1.26	0.151318
1.65	1.28	0.136131
1.65	1.3	0.121743
1.65	1.32	0.108157
1.65	1.34	0.0953713
1.65	1.36	0.0833862
1.65	1.38	0.0722018
1.65	1.4	0.0618181
1.65	1.42	0.0522349
1.65	1.44	0.0434523
1.65	1.46	0.0354703
1.65	1.48	0.0282889
1.65	1.5	0.021908
1.65	1.52	0.0163276
1.65	1.54	0.0115478
1.65	1.56	0.00756836
1.65	1.58	0.00438942
1.65	1.6	0.00201092
1.65	1.62	0.000432843
1.65	1.64	-0.000344838
1.65	1.66	-0.000322143
1.65	1.68	0.000500908
1.65	1.7	0.00212429
1.65	1.72	0.00454799
1.65	1.74	0.00777197
1.65	1.76	0.0117962
1.65	1.78	0.0166207
1.65	1.8	0.0222454
1.65	1.82	0.0286704
1.65	1.84	0.0358955
1.65	1.86	0.0439207
1.65	1.88	0.0527461
1.65	1.9	0.0623716
1.65	1.92	0.0727972
1.65	1.94	0.0840229
1.65	1.96	0.0960486
1.65	1.98	0.108874
1.65	2	0.1225
1.66	0	2.7556
1.66	0.02	2.68957
1.66	0.04	2.62434
1.66	0.06	2.55991
1.66	0.08	2.49629
1.66	0.1	2.43346
1.66	0.12	2.37143
1.66	0.14	2.3102
1.66	0.16	2.24978
1.66	0.18	2.19015
1.66	0.2	2.13132
1.66	0.22	2.07329
1.66	0.24	2.01607
1.66	0.26	1.95964
1.66	0.28	1.90402
1.66	0.3	1.84919
1.66	0.32	1.79517
1.66	0.34	1.74194
1.66	0.36	1.68952
1.66	0.38	1.6379
1.66	0.4	1.58707
1.66	0.42	1.53705
1.66	0.44	1.48783
1.66	0.46	1.43941
1.66	0.48	1.39179
1.66	0.5	1.34497
1.66	0.52	1.29895
1.66	0.54	1.25374
1.66	0.56	1.20932
1.66	0.58	1.1657
1.66	0.6	1.12289
1.66	0.62	1.08087
1.66	0.64	1.03966
1.66	0.66	0.999244
1.66	0.68	0.959631
1.66	0.7	0.920819
1.66	0.72	0.882808
1.66	0.74	0.845598
1.66	0.76	0.809189
1.66	0.78	0.773581
1.66	0.8	0.738773
1.66	0.82	0.704766
1.66	0.84	0.67156
1.66	0.86	0.639155
1.66	0.88	0.607551
1.66	0.9	0.576748
1.66	0.92	0.546746
1.66	0.94	0.517544
1.66	0.96	0.489143
1.66	0.98	0.461543
1.66	1	0.434744
1.66	1.02	0.408746
1.66	1.04	0.383549
1.66	1.06	0.359152
1.66	1.08	0.335557
1.66	1.1	0.312762
1.66	1.12	0.290768
1.66	1.14	0.269574
1.66	1.16	0.249182
1.66	1.18	0.22959
1.66	1.2	0.210799
1.66	1.22	0.192809
1.66	1.24	0.17562
1.66	1.26	0.159231
1.66	1.28	0.143643
1.66	1.3	0.128856
1.66	1.32	0.114869
1.66	1.34	0.101683
1.66	1.36	0.0892978
1.66	1.38	0.0777131
1.66	1.4	0.0669291
1.66	1.42	0.0569456
1.66	1.44	0.0477628
1.66	1.46	0.0393805
1.66	1.48	0.0317988
1.66	1.5	0.0250176
1.66	1.52	0.0190369
1.66	1.54	0.0138567
1.66	1.56	0.00947694
1.66	1.58	0.00589767
1.66	1.6	0.00311882
1.66	1.62	0.00114039
1.66	1.64	-3.76543e-05
1.66	1.66	-0.000415325
1.66	1.68	7.35402e-06
1.66	1.7	0.00123036
1.66	1.72	0.00325367
1.66	1.74	0.00607727
1.66	1.76	0.00970113
1.66	1.78	0.0141252
1.66	1.8	0.0193496
1.66	1.82	0.0253741
1.66	1.84	0.0321988
1.66	1.86	0.0398236
1.66	1.88	0.0482486
1.66	1.9	0.0574737
1.66	1.92	0.0674989
1.66	1.94	0.0783241
1.66	1.96	0.0899494
1.66	1.98	0.102375
1.66	2	0.1156
1.67	0	2.7889
1.67	0.02	2.72247
1.67	0.04	2.65684
1.67	0.06	2.59202
1.67	0.08	2.52799
1.67	0.1	2.46476
1.67	0.12	2.40233
1.67	0.14	2.34071
1.67	0.16	2.27988
1.67	0.18	2.21985
1.67	0.2	2.16063
1.67	0.22	2.1022
1.67	0.24	2.04457
1.67	0.26	1.98775
1.67	0.28	1.93172
1.67	0.3	1.8765
1.67	0.32	1.82208
1.67	0.34	1.76845
1.67	0.36	1.71563
1.67	0.38	1.66361
1.67	0.4	1.61238
1.67	0.42	1.56196
1.67	0.44	1.51234
1.67	0.46	1.46352
1.67	0.48	1.4155
1.67	0.5	1.36828
1.67	0.52	1.32187
1.67	0.54	1.27625
1.67	0.56	1.23143
1.67	0.58	1.18741
1.67	0.6	1.1442
1.67	0.62	1.10178
1.67	0.64	1.06017
1.67	0.66	1.01936
1.67	0.68	0.979345
1.67	0.7	0.940134
1.67	0.72	0.901723
1.67	0.74	0.864113
1.67	0.76	0.827304
1.67	0.78	0.791296
1.67	0.8	0.756088
1.67	0.82	0.721682
1.67	0.84	0.688076
1.67	0.86	0.655271
1.67	0.88	0.623267
1.67	0.9	0.592064
1.67	0.92	0.561661
1.67	0.94	0.53206
1.67	0.96	0.503259
1.67	0.98	0.475259
1.67	1	0.44806
1.67	1.02	0.421662
1.67	1.04	0.396065
1.67	1.06	0.371268
1.67	1.08	0.347272
1.67	1.1	0.324077
1.67	1.12	0.301683
1.67	1.14	0.28009
1.67	1.16	0.259297
1.67	1.18	0.239305
1.67	1.2	0.220114
1.67	1.22	0.201724
1.67	1.24	0.184134
1.67	1.26	0.167345
1.67	1.28	0.151357
1.67	1.3	0.136169
1.67	1.32	0.121782
1.67	1.34	0.108196
1.67	1.36	0.0954107
1.67	1.38	0.0834258
1.67	1.4	0.0722414
1.67	1.42	0.0618577
1.67	1.44	0.0522745
1.67	1.46	0.0434919
1.67	1.48	0.0355098
1.67	1.5	0.0283283
1.67	1.52	0.0219472
1.67	1.54	0.0163667
1.67	1.56	0.0115866
1.67	1.58	0.00760691
1.67	1.6	0.00442768
1.67	1.62	0.00204885
1.67	1.64	0.000470403
1.67	1.66	-0.000307679
1.67	1.68	-0.000285418
1.67	1.7	0.000537166
1.67	1.72	0.00216005
1.67	1.74	0.00458321
1.67	1.76	0.00780664
1.67	1.78	0.0118303
1.67	1.8	0.0166542
1.67	1.82	0.0222782
1.67	1.84	0.0287025
1.67	1.86	0.0359269
1.67	1.88	0.0439514
1.67	1.9	0.052776
1.67	1.92	0.0624007
1.67	1.94	0.0728255
1.67	1.96	0.0840503
1.67	1.98	0.0960752
1.67	2	0.1089
1.68	0	2.8224
1.68	0.02	2.75557
1.68	0.04	2.68955
1.68	0.06	2.62432
1.68	0.08	2.55989
1.68	0.1	2.49626
1.68	0.12	2.43344
1.68	0.14	2.37141
1.68	0.16	2.31018
1.68	0.18	2.24976
1.68	0.2	2.19013
1.68	0.22	2.13131
1.68	0.24	2.07328
1.68	0.26	2.01606
1.68	0.28	1.95963
1.68	0.3	1.90401
1.68	0.32	1.84918
1.68	0.34	1.79516
1.68	0.36	1.74194
1.68	0.38	1.68952
1.68	0.4	1.63789
1.68	0.42	1.58707
1.68	0.44	1.53705
1.68	0.46	1.48783
1.68	0.48	1.43941
1.68	0.5	1.3918
1.68	0.52	1.34498
1.68	0.54	1.29896
1.68	0.56	1.25374
1.68	0.58	1.20933
1.68	0.6	1.16571
1.68	0.62	1.1229
1.68	0.64	1.08088
1.68	0.66	1.03967
1.68	0.68	0.99926
1.68	0.7	0.959649
1.68	0.72	0.920838
1.68	0.74	0.882829
1.68	0.76	0.84562
1.68	0.78	0.809212
1.68	0.8	0.773604
1.68	0.82	0.738798
1.68	0.84	0.704792
1.68	0.86	0.671587
1.68	0.88	0.639183
1.68	0.9	0.60758
1.68	0.92	0.576778
1.68	0.94	0.546776
1.68	0.96	0.517576
1.68	0.98	0.489176
1.68	1	0.461577
1.68	1.02	0.434778
1.68	1.04	0.408781
1.68	1.06	0.383584
1.68	1.08	0.359188
1.68	1.1	0.335593
1.68	1.12	0.312799
1.68	1.14	0.290806
1.68	1.16	0.269613
1.68	1.18	0.249221
1.68	1.2	0.229629
1.68	1.22	0.210839
1.68	1.24	0.192849
1.68	1.26	0.17566
1.68	1.28	0.159271
1.68	1.3	0.143684
1.68	1.32	0.128897
1.68	1.34	0.11491
1.68	1.36	0.101724
1.68	1.38	0.089339
1.68	1.4	0.0777544
1.68	1.42	0.0669703
1.68	1.44	0.0569868
1.68	1.46	0.0478039
1.68	1.48	0.0394214
1.68	1.5	0.0318395
1.68	1.52	0.0250581
1.68	1.54	0.0190771
1.68	1.56	0.0138967
1.68	1.58	0.0095166
1.68	1.6	0.00593695
1.68	1.62	0.00315771
1.68	1.64	0.00117884
1.68	1.66	3.27823e-07
1.68	1.68	-0.000377848
1.68	1.7	4.42915e-05
1.68	1.72	0.00126673
1.68	1.74	0.00328943
1.68	1.76	0.0061124
1.68	1.78	0.00973559
1.68	1.8	0.014159
1.68	1.82	0.0193826
1.68	1.84	0.0254064
1.68	1.86	0.0322303
1.68	1.88	0.0398543
1.68	1.9	0.0482785
1.68	1.92	0.0575027
1.68	1.94	0.067527
1.68	1.96	0.0783513
1.68	1.98	0.0899757
1.68	2	0.1024
1.69	0	2.8561
1.69	0.02	2.78887
1.69	0.04	2.72245
1.69	0.06	2.65682
1.69	0.08	2.59199
1.69	0.1	2.52797
1.69	0.12	2.46474
1.69	0.14	2.40231
1.69	0.16	2.34069
1.69	0.18	2.27986
1.69	0.2	2.21984
1.69	0.22	2.16061
1.69	0.24	2.10219
1.69	0.26	2.04456
1.69	0.28	1.98774
1.69	0.3	1.93172
1.69	0.32	1.87649
1.69	0.34	1.82207
1.69	0.36	1.76845
1.69	0.38	1.71563
1.69	0.4	1.6636
1.69	0.42	1.61238
1.69	0.44	1.56196
1.69	0.46	1.51234
1.69	0.48	1.46353
1.69	0.5	1.41551
1.69	0.52	1.36829
1.69	0.54	1.32187
1.69	0.56	1.27626
1.69	0.58	1.23144
1.69	0.6	1.18743
1.69	0.62	1.14421
1.69	0.64	1.1018
1.69	0.66	1.06019
1.69	0.68	1.01937
1.69	0.7	0.979364
1.69	0.72	0.940153
1.69	0.74	0.901744
1.69	0.76	0.864135
1.69	0.78	0.827327
1.69	0.8	0.79132
1.69	0.82	0.756114
1.69	0.84	0.721708
1.69	0.86	0.688104
1.69	0.88	0.6553
1.69	0.9	0.623297
1.69	0.92	0.592094
1.69	0.94	0.561693
1.69	0.96	0.532092
1.69	0.98	0.503292
1.69	1	0.475293
1.69	1.02	0.448095
1.69	1.04	0.421697
1.69	1.06	0.396101
1.69	1.08	0.371305
1.69	1.1	0.34731
1.69	1.12	0.324115
1.69	1.14	0.301721
1.69	1.16	0.280129
1.69	1.18	0.259336
1.69	1.2	0.239345
1.69	1.22	0.220154
1.69	1.24	0.201764
1.69	1.26	0.184175
1.69	1.28	0.167386
1.69	1.3	0.151398
1.69	1.32	0.136211
1.69	1.34	0.121824
1.69	1.36	0.108238
1.69	1.38	0.0954522
1.69	1.4	0.0834673
1.69	1.42	0.0722829
1.69	1.44	0.0618991
1.69	1.46	0.0523158
1.69	1.48	0.043533
1.69	1.5	0.0355507
1.69	1.52	0.028369
1.69	1.54	0.0219876
1.69	1.56	0.0164067
1.69	1.58	0.0116263
1.69	1.6	0.00764623
1.69	1.62	0.00446657
1.69	1.64	0.00208728
1.69	1.66	0.000508335
1.69	1.68	-0.000270278
1.69	1.7	-0.000248582
1.69	1.72	0.000573403
1.69	1.74	0.00219566
1.69	1.76	0.00461816
1.69	1.78	0.00784089
1.69	1.8	0.0118638
1.69	1.82	0.0166869
1.69	1.84	0.0223102
1.69	1.86	0.0287337
1.69	1.88	0.0359572
1.69	1.9	0.0439809
1.69	1.92	0.0528046
1.69	1.94	0.0624284
1.69	1.96	0.0728523
1.69	1.98	0.0840761
1.69	2	0.0961
1.7	0	2.89
1.7	0.02	2.82237
1.7	0.04	2.75555
1.7	0.06	2.68952
1.7	0.08	2.6243
1.7	0.1	2.55987
1.7	0.12	2.49624
1.7	0.14	2.43342
1.7	0.16	2.37139
1.7	0.18	2.31017
1.7	0.2	2.24974
1.7	0.22	2.19012
1.7	0.24	2.13129
1.7	0.26	2.07327
1.7	0.28	2.01605
1.7	0.3	1.95962
1.7	0.32	1.904
1.7	0.34	1.84918
1.7	0.36	1.79516
1.7	0.38	1.74194
1.7	0.4	1.68952
1.7	0.42	1.6379
1.7	0.44	1.58708
1.7	0.46	1.53706
1.7	0.48	1.48784
1.7	0.5	1.43942
1.7	0.52	1.3918
1.7	0.54	1.34499
1.7	0.56	1.29897
1.7	0.58	1.25376
1.7	0.6	1.20934
1.7	0.62	1.16573
1.7	0.64	1.12291
1.7	0.66	1.0809
1.7	0.68	1.03969
1.7	0.7	0.99928
1.7	0.72	0.95967
1.7	0.74	0.920861
1.7	0.76	0.882852
1.7	0.78	0.845645
1.7	0.8	0.809238
1.7	0.82	0.773631
1.7	0.84	0.738826
1.7	0.86	0.704821
1.7	0.88	0.671617
1.7	0.9	0.639214
1.7	0.92	0.607612
1.7	0.94	0.576811
1.7	0.96	0.54681
1.7	0.98	0.51761
1.7	1	0.489211
1.7	1.02	0.461613
1.7	1.04	0.434815
1.7	1.06	0.408818
1.7	1.08	0.383622
1.7	1.1	0.359227
1.7	1.12	0.335633
1.7	1.14	0.312839
1.7	1.16	0.290846
1.7	1.18	0.269653
1.7	1.2	0.249262
1.7	1.22	0.229671
1.7	1.24	0.210881
1.7	1.26	0.192891
1.7	1.28	0.175702
1.7	1.3	0.159314
1.7	1.32	0.143726
1.7	1.34	0.128939
1.7	1.36	0.114953
1.7	1.38	0.101767
1.7	1.4	0.0893814
1.7	1.42	0.0777966
1.7	1.44	0.0670125
1.7	1.46	0.0570288
1.7	1.48	0.0478456
1.7	1.5	0.039463
1.7	1.52	0.0318808
1.7	1.54	0.025099
1.7	1.56	0.0191177
1.7	1.58	0.0139368
1.7	1.6	0.00955633
1.7	1.62	0.00597621
1.7	1.64	0.00319646
1.7	1.66	0.00121705
1.7	1.68	3.79597e-05
1.7	1.7	-0.000340827
1.7	1.72	8.06689e-05
1.7	1.74	0.00130243
1.7	1.76	0.00332443
1.7	1.78	0.00614665
1.7	1.8	0.00976908
1.7	1.82	0.0141917
1.7	1.84	0.0194145
1.7	1.86	0.0254374
1.7	1.88	0.0322604
1.7	1.9	0.0398835
1.7	1.92	0.0483067
1.7	1.94	0.05753
1.7	1.96	0.0675533
1.7	1.98	0.0783767
1.7	2	0.09
1.71	0	2.9241
1.71	0.02	2.85607
1.71	0.04	2.78885
1.71	0.06	2.72242
1.71	0.08	2.6568
1.71	0.1	2.59197
1.71	0.12	2.52795
1.71	0.14	2.46472
1.71	0.16	2.4023
1.71	0.18	2.34067
1.71	0.2	2.27985
1.71	0.22	2.21982
1.71	0.24	2.1606
1.71	0.26	2.10218
1.71	0.28	2.04456
1.71	0.3	1.98773
1.71	0.32	1.93171
1.71	0.34	1.87649
1.71	0.36	1.82207
1.71	0.38	1.76845
1.71	0.4	1.71563
1.71	0.42	1.66361
1.71	0.44	1.61239
1.71	0.46	1.56197
1.71	0.48	1.51235
1.71	0.5	1.46353
1.71	0.52	1.41552
1.71	0.54	1.3683
1.71	0.56	1.32189
1.71	0.58	1.27627
1.71	0.6	1.23146
1.71	0.62	1.18744
1.71	0.64	1.14423
1.71	0.66	1.10182
1.71	0.68	1.06021
1.71	0.7	1.0194
1.71	0.72	0.979387
1.71	0.74	0.940178
1.71	0.76	0.90177
1.71	0.78	0.864162
1.71	0.8	0.827356
1.71	0.82	0.79135
1.71	0.84	0.756144
1.71	0.86	0.72174
1.71	0.88	0.688136
1.71	0.9	0.655333
1.71	0.92	0.623331
1.71	0.94	0.592129
1.71	0.96	0.561729
1.71	0.98	0.532129
1.71	1	0.50333
1.71	1.02	0.475331
1.71	1.04	0.448134
1.71	1.06	0.421737
1.71	1.08	0.396141
1.71	1.1	0.371345
1.71	1.12	0.347351
1.71	1.14	0.324157
1.71	1.16	0.301764
1.71	1.18	0.280171
1.71	1.2	0.259379
1.71	1.22	0.239388
1.71	1.24	0.220198
1.71	1.26	0.201808
1.71	1.28	0.184218
1.71	1.3	0.16743
1.71	1.32	0.151442
1.71	1.34	0.136255
1.71	1.36	0.121868
1.71	1.38	0.108282
1.71	1.4	0.095496
1.71	1.42	0.0835109
1.71	1.44	0.0723264
1.71	1.46	0.0619423
1.71	1.48	0.0523588
1.71	1.5	0.0435757
1.71	1.52	0.0355931
1.71	1.54	0.0284109
1.71	1.56	0.0220291
1.71	1.58	0.0164478
1.71	1.6	0.0116668
1.71	1.62	0.00768625
1.71	1.64	0.00450602
1.71	1.66	0.00212612
1.71	1.68	0.000546535
1.71	1.7	-0.000232755
1.71	1.72	-0.000211768
1.71	1.74	0.000609475
1.71	1.76	0.00223095
1.71	1.78	0.00465265
1.71	1.8	0.00787455
1.71	1.82	0.0118966
1.71	1.84	0.0167188
1.71	1.86	0.0223412
1.71	1.88	0.0287637
1.71	1.9	0.0359863
1.71	1.92	0.044009
1.71	1.94	0.0528317
1.71	1.96	0.0624544
1.71	1.98	0.0728772
1.71	2	0.0841
1.72	0	2.9584
1.72	0.02	2.88997
1.72	0.04	2.82235
1.72	0.06	2.75553
1.72	0.08	2.6895
1.72	0.1	2.62428
1.72	0.12	2.55985
1.72	0.14	2.49623
1.72	0.16	2.4334
1.72	0.18	2.37138
1.72	0.2	2.31016
1.72	0.22	2.24973
1.72	0.24	2.19011
1.72	0.26	2.13129
1.72	0.28	2.07326
1.72	0.3	2.01604
1.72	0.32	1.95962
1.72	0.34	1.904
1.72	0.36	1.84918
1.72	0.38	1.79516
1.72	0.4	1.74194
1.72	0.42	1.68952
1.72	0.44	1.6379
1.72	0.46	1.58708
1.72	0.48	1.53707
1.72	0.5	1.48785
1.72	0.52	1.43943
1.72	0.54	1.39182
1.72	0.56	1.345
1.72	0.58	1.29899
1.72	0.6	1.25377
1.72	0.62	1.20936
1.72	0.64	1.16575
1.72	0.66	1.12294
1.72	0.68	1.08093
1.72	0.7	1.03971
1.72	0.72	0.999305
1.72	0.74	0.959697
1.72	0.76	0.920888
1.72	0.78	0.882881
1.72	0.8	0.845674
1.72	0.82	0.809268
1.72	0.84	0.773663
1.72	0.86	0.738859
1.72	0.88	0.704855
1.72	0.9	0.671652
1.72	0.92	0.63925
1.72	0.94	0.607649
1.72	0.96	0.576848
1.72	0.98	0.546848
1.72	1	0.517649
1.72	1.02	0.489251
1.72	1.04	0.461653
1.72	1.06	0.434856
1.72	1.08	0.40886
1.72	1.1	0.383664
1.72	1.12	0.35927
1.72	1.14	0.335676
1.72	1.16	0.312882
1.72	1.18	0.290889
1.72	1.2	0.269697
1.72	1.22	0.249306
1.72	1.24	0.229715
1.72	1.26	0.210925
1.72	1.28	0.192936
1.72	1.3	0.175747
1.72	1.32	0.159359
1.72	1.34	0.143771
1.72	1.36	0.128984
1.72	1.38	0.114997
1.72	1.4	0.101811
1.72	1.42	0.0894258
1.72	1.44	0.0778408
1.72	1.46	0.0670564
1.72	1.48	0.0570724
1.72	1.5	0.0478889
1.72	1.52	0.0395059
1.72	1.54	0.0319232
1.72	1.56	0.025141
1.72	1.58	0.0191592
1.72	1.6	0.0139778
1.72	1.62	0.00959669
1.72	1.64	0.00601596
1.72	1.66	0.00323555
1.72	1.68	0.00125545
1.72	1.7	7.56383e-05
1.72	1.72	-0.000303904
1.72	1.74	0.000116802
1.72	1.76	0.00133774
1.72	1.78	0.00335889
1.72	1.8	0.00618023
1.72	1.82	0.00980175
1.72	1.84	0.0142234
1.72	1.86	0.0194452
1.72	1.88	0.0254671
1.72	1.9	0.0322892
1.72	1.92	0.0399113
1.72	1.94	0.0483334
1.72	1.96	0.0575556
1.72	1.98	0.0675778
1.72	2	0.0784
1.73	0	2.9929
1.73	0.02	2.92408
1.73	0.04	2.85605
1.73	0.06	2.78883
1.73	0.08	2.7224
1.73	0.1	2.65678
1.73	0.12	2.59196
1.73	0.14	2.52793
1.73	0.16	2.46471
1.73	0.18	2.40228
1.73	0.2	2.34066
1.73	0.22	2.27984
1.73	0.24	2.21982
1.73	0.26	2.16059
1.73	0.28	2.10217
1.73	0.3	2.04455
1.73	0.32	1.98773
1.73	0.34	1.93171
1.73	0.36	1.87649
1.73	0.38	1.82207
1.73	0.4	1.76845
1.73	0.42	1.71563
1.73	0.44	1.66361
1.73	0.46	1.6124
1.73	0.48	1.56198
1.73	0.5	1.51236
1.73	0.52	1.46355
1.73	0.54	1.41553
1.73	0.56	1.36832
1.73	0.58	1.3219
1.73	0.6	1.27629
1.73	0.62	1.23148
1.73	0.64	1.18747
1.73	0.66	1.14425
1.73	0.68	1.10184
1.73	0.7	1.06023
1.73	0.72	1.01942
1.73	0.74	0.979415
1.73	0.76	0.940208
1.73	0.78	0.9018
1.73	0.8	0.864194
1.73	0.82	0.827388
1.73	0.84	0.791383
1.73	0.86	0.756179
1.73	0.88	0.721775
1.73	0.9	0.688173
1.73	0.92	0.65537
1.73	0.94	0.623369
1.73	0.96	0.592168
1.73	0.98	0.561769
1.73	1	0.532169
1.73	1.02	0.503371
1.73	1.04	0.475373
1.73	1.06	0.448176
1.73	1.08	0.42178
1.73	1.1	0.396184
1.73	1.12	0.371389
1.73	1.14	0.347395
1.73	1.16	0.324201
1.73	1.18	0.301809
1.73	1.2	0.280216
1.73	1.22	0.259425
1.73	1.24	0.239434
1.73	1.26	0.220243
1.73	1.28	0.201854
1.73	1.3	0.184264
1.73	1.32	0.167476
1.73	1.34	0.151488
1.73	1.36	0.1363
1.73	1.38	0.121913
1.73	1.4	0.108327
1.73	1.42	0.0955412
1.73	1.44	0.0835559
1.73	1.46	0.072371
1.73	1.48	0.0619866
1.73	1.5	0.0524026
1.73	1.52	0.0436191
1.73	1.54	0.035636
1.73	1.56	0.0284533
1.73	1.58	0.022071
1.73	1.6	0.0164891
1.73	1.62	0.0117075
1.73	1.64	0.00772627
1.73	1.66	0.00454534
1.73	1.68	0.0021647
1.73	1.7	0.000584349
1.73	1.72	-0.000195743
1.73	1.74	-0.000175593
1.73	1.76	0.000644783
1.73	1.78	0.00226536
1.73	1.8	0.00468613
1.73	1.82	0.00790707
1.73	1.84	0.0119282
1.73	1.86	0.0167494
1.73	1.88	0.0223707
1.73	1.9	0.0287921
1.73	1.92	0.0360136
1.73	1.94	0.0440352
1.73	1.96	0.0528568
1.73	1.98	0.0624784
1.73	2	0.0729
1.74	0	3.0276
1.74	0.02	2.95838
1.74	0.04	2.88995
1.74	0.06	2.82233
1.74	0.08	2.75551
1.74	0.1	2.68948
1.74	0.12	2.62426
1.74	0.14	2.55984
1.74	0.16	2.49621
1.74	0.18	2.43339
1.74	0.2	2.37137
1.74	0.22	2.31015
1.74	0.24	2.24972
1.74	0.26	2.1901
1.74	0.28	2.13128
1.74	0.3	2.07326
1.74	0.32	2.01604
1.74	0.34	1.95962
1.74	0.36	1.904
1.74	0.38	1.84918
1.74	0.4	1.79516
1.74	0.42	1.74195
1.74	0.44	1.68953
1.74	0.46	1.63791
1.74	0.48	1.58709
1.74	0.5	1.53708
1.74	0.52	1.48786
1.74	0.54	1.43945
1.74	0.56	1.39183
1.74	0.58	1.34502
1.74	0.6	1.29901
1.74	0.62	1.2538
1.74	0.64	1.20938
1.74	0.66	1.16577
1.74	0.68	1.12296
1.74	0.7	1.08095
1.74	0.72	1.03974
1.74	0.74	0.999335
1.74	0.76	0.959727
1.74	0.78	0.92092
1.74	0.8	0.882914
1.74	0.82	0.845709
1.74	0.84	0.809304
1.74	0.86	0.773699
1.74	0.88	0.738896
1.74	0.9	0.704893
1.74	0.92	0.671691
1.74	0.94	0.63929
1.74	0.96	0.607689
1.74	0.98	0.576889
1.74	1	0.54689
1.74	1.02	0.517692
1.74	1.04	0.489294
1.74	1.06	0.461697
1.74	1.08	0.4349
1.74	1.1	0.408905
1.74	1.12	0.38371
1.74	1.14	0.359315
1.74	1.16	0.335721
1.74	1.18	0.312928
1.74	1.2	0.290936
1.74	1.22	0.269744
1.74	1.24	0.249353
1.74	1.26	0.229762
1.74	1.28	0.210972
1.74	1.3	0.192983
1.74	1.32	0.175794
1.74	1.34	0.159405
1.74	1.36	0.143817
1.74	1.38	0.12903
1.74	1.4	0.115043
1.74	1.42	0.101857
1.74	1.44	0.0894714
1.74	1.46	0.0778861
1.74	1.48	0.0671013
1.74	1.5	0.0571169
1.74	1.52	0.0479329
1.74	1.54	0.0395493
1.74	1.56	0.0319661
1.74	1.58	0.0251833
1.74	1.6	0.0192008
1.74	1.62	0.0140187
1.74	1.64	0.00963695
1.74	1.66	0.00605547
1.74	1.68	0.00327429
1.74	1.7	0.00129337
1.74	1.72	0.000112709
1.74	1.74	-0.000267717
1.74	1.76	0.000152076
1.74	1.78	0.00137207
1.74	1.8	0.00339224
1.74	1.82	0.00621258
1.74	1.84	0.00983307
1.74	1.86	0.0142537
1.74	1.88	0.0194744
1.74	1.9	0.0254952
1.74	1.92	0.0323161
1.74	1.94	0.039937
1.74	1.96	0.048358
1.74	1.98	0.057579
1.74	2	0.0676
1.75	0	3.0625
1.75	0.02	2.99288
1.75	0.04	2.92405
1.75	0.06	2.85603
1.75	0.08	2.78881
1.75	0.1	2.72239
1.75	0.12	2.65676
1.75	0.14	2.59194
1.75	0.16	2.52792
1.75	0.18	2.4647
1.75	0.2	2.40228
1.75	0.22	2.34065
1.75	0.24	2.27983
1.75	0.26	2.21981
1.75	0.28	2.16059
1.75	0.3	2.10217
1.75	0.32	2.04455
1.75	0.34	1.98773
1.75	0.36	1.93171
1.75	0.38	1.8765
1.75	0.4	1.82208
1.75	0.42	1.76846
1.75	0.44	1.71564
1.75	0.46	1.66363
1.75	0.48	1.61241
1.75	0.5	1.56199
1.75	0.52	1.51238
1.75	0.54	1.46357
1.75	0.56	1.41555
1.75	0.58	1.36834
1.75	0.6	1.32193
1.75	0.62	1.27631
1.75	0.64	1.2315
1.75	0.66	1.18749
1.75	0.68	1.14428
1.75	0.7	1.10187
1.75	0.72	1.06026
1.75	0.74	1.01946
1.75	0.76	0.979448
1.75	0.78	0.940241
1.75	0.8	0.901835
1.75	0.82	0.86423
1.75	0.84	0.827425
1.75	0.86	0.791421
1.75	0.88	0.756217
1.75	0.9	0.721815
1.75	0.92	0.688213
1.75	0.94	0.655412
1.75	0.96	0.623411
1.75	0.98	0.592211
1.75	1	0.561812
1.75	1.02	0.532213
1.75	1.04	0.503415
1.75	1.06	0.475418
1.75	1.08	0.448222
1.75	1.1	0.421826
1.75	1.12	0.396231
1.75	1.14	0.371436
1.75	1.16	0.347442
1.75	1.18	0.324249
1.75	1.2	0.301856
1.75	1.22	0.280264
1.75	1.24	0.259472
1.75	1.26	0.239481
1.75	1.28	0.220291
1.75	1.3	0.201901
1.75	1.32	0.184312
1.75	1.34	0.167523
1.75	1.36	0.151535
1.75	1.38	0.136348
1.75	1.4	0.12196
1.75	1.42	0.108374
1.75	1.44	0.0955875
1.75	1.46	0.0836017
1.75	1.48	0.0724164
1.75	1.5	0.0620315
1.75	1.52	0.0524471
1.75	1.54	0.043663
1.75	1.56	0.0356793
1.75	1.58	0.028496
1.75	1.6	0.022113
1.75	1.62	0.0165303
1.75	1.64	0.011748
1.75	1.66	0.00776595
1.75	1.68	0.00458419
1.75	1.7	0.00220269
1.75	1.72	0.000621443
1.75	1.74	-0.000159578
1.75	1.76	-0.000140386
1.75	1.78	0.000678999
1.75	1.8	0.00229856
1.75	1.82	0.00471828
1.75	1.84	0.00793814
1.75	1.86	0.0119581
1.75	1.88	0.0167782
1.75	1.9	0.0223984
1.75	1.92	0.0288187
1.75	1.94	0.036039
1.75	1.96	0.0440593
1.75	1.98	0.0528796
1.75	2	0.0625
1.76	0	3.0976
1.76	0.02	3.02758
1.76	0.04	2.95836
1.76	0.06	2.88993
1.76	0.08	2.82231
1.76	0.1	2.75549
1.76	0.12	2.68947
1.76	0.14	2.62425
1.76	0.16	2.55982
1.76	0.18	2.4962
1.76	0.2	2.43338
1.76	0.22	2.37136
1.76	0.24	2.31014
1.76	0.26	2.24972
1.76	0.28	2.1901
1.76	0.3	2.13128
1.76	0.32	2.07326
1.76	0.34	2.01604
1.76	0.36	1.95963
1.76	0.38	1.90401
1.76	0.4	1.84919
1.76	0.42	1.79517
1.76	0.44	1.74196
1.76	0.46	1.68954
1.76	0.48	1.63793
1.76	0.5	1.58711
1.76	0.52	1.5371
1.76	0.54	1.48788
1.76	0.56	1.43947
1.76	0.58	1.39186
1.76	0.6	1.34504
1.76	0.62	1.29903
1.76	0.64	1.25382
1.76	0.66	1.20941
1.76	0.68	1.1658
1.76	0.7	1.12299
1.76	0.72	1.08098
1.76	0.74	1.03978
1.76	0.76	0.999369
1.76	0.78	0.959762
1.76	0.8	0.920956
1.76	0.82	0.882951
1.76	0.84	0.845747
1.76	0.86	0.809343
1.76	0.88	0.77374
1.76	0.9	0.738937
1.76	0.92	0.704935
1.76	0.94	0.671734
1.76	0.96	0.639333
1.76	0.98	0.607733
1.76	1	0.576934
1.76	1.02	0.546936
1.76	1.04	0.517738
1.76	1.06	0.48934
1.76	1.08	0.461744
1.76	1.1	0.434948
1.76	1.12	0.408952
1.76	1.14	0.383757
1.76	1.16	0.359363
1.76	1.18	0.33577
1.76	1.2	0.312977
1.76	1.22	0.290984
1.76	1.24	0.269793
1.76	1.26	0.249401
1.76	1.28	0.229811
1.76	1.3	0.211021
1.76	1.32	0.193031
1.76	1.34	0.175842
1.76	1.36	0.159453
1.76	1.38	0.143865
1.76	1.4	0.129078
1.76	1.42	0.115091
1.76	1.44	0.101904
1.76	1.46	0.0895178
1.76	1.48	0.0779321
1.76	1.5	0.0671467
1.76	1.52	0.0571617
1.76	1.54	0.0479771
1.76	1.56	0.0395929
1.76	1.58	0.032009
1.76	1.6	0.0252255
1.76	1.62	0.0192423
1.76	1.64	0.0140594
1.76	1.66	0.00967675
1.76	1.68	0.0060944
1.76	1.7	0.0033123
1.76	1.72	0.00133045
1.76	1.74	0.000148815
1.76	1.76	-0.000232615
1.76	1.78	0.000186144
1.76	1.8	0.00140507
1.76	1.82	0.00342416
1.76	1.84	0.00624338
1.76	1.86	0.00986272
1.76	1.88	0.0142822
1.76	1.9	0.0195017
1.76	1.92	0.0255213
1.76	1.94	0.0323409
1.76	1.96	0.0399606
1.76	1.98	0.0483803
1.76	2	0.0576
1.77	0	3.1329
1.77	0.02	3.06248
1.77	0.04	2.99286
1.77	0.06	2.92404
1.77	0.08	2.85601
1.77	0.1	2.78879
1.77	0.12	2.72237
1.77	0.14	2.65675
1.77	0.16	2.59193
1.77	0.18	2.52791
1.77	0.2	2.46469
1.77	0.22	2.40227
1.77	0.24	2.34065
1.77	0.26	2.27983
1.77	0.28	2.21981
1.77	0.3	2.16059
1.77	0.32	2.10217
1.77	0.34	2.04456
1.77	0.36	1.98774
1.77	0.38	1.93172
1.77	0.4	1.87651
1.77	0.42	1.82209
1.77	0.44	1.76847
1.77	0.46	1.71566
1.77	0.48	1.66364
1.77	0.5	1.61243
1.77	0.52	1.56201
1.77	0.54	1.5124
1.77	0.56	1.46359
1.77	0.58	1.41558
1.77	0.6	1.36836
1.77	0.62	1.32195
1.77	0.64	1.27634
1.77	0.66	1.23153
1.77	0.68	1.18752
1.77	0.7	1.14431
1.77	0.72	1.10191
1.77	0.74	1.0603
1.77	0.76	1.01949
1.77	0.78	0.979484
1.77	0.8	0.940279
1.77	0.82	0.901874
1.77	0.84	0.864269
1.77	0.86	0.827465
1.77	0.88	0.791462
1.77	0.9	0.75626
1.77	0.92	0.721858
1.77	0.94	0.688257
1.77	0.96	0.655456
1.77	0.98	0.623456
1.77	1	0.592257
1.77	1.02	0.561858
1.77	1.04	0.53226
1.77	1.06	0.503463
1.77	1.08	0.475466
1.77	1.1	0.44827
1.77	1.12	0.421875
1.77	1.14	0.39628
1.77	1.16	0.371485
1.77	1.18	0.347491
1.77	1.2	0.324298
1.77	1.22	0.301906
1.77	1.24	0.280314
1.77	1.26	0.259522
1.77	1.28	0.239531
1.77	1.3	0.220341
1.77	1.32	0.201951
1.77	1.34	0.184361
1.77	1.36	0.167572
1.77	1.38	0.151584
1.77	1.4	0.136396
1.77	1.42	0.122008
1.77	1.44	0.108421
1.77	1.46	0.0956344
1.77	1.48	0.0836482
1.77	1.5	0.0724623
1.77	1.52	0.0620768
1.77	1.54	0.0524917
1.77	1.56	0.0437069
1.77	1.58	0.0357225
1.77	1.6	0.0285384
1.77	1.62	0.0221546
1.77	1.64	0.0165711
1.77	1.66	0.0117879
1.77	1.68	0.00780491
1.77	1.7	0.0046222
1.77	1.72	0.00223972
1.77	1.74	0.000657451
1.77	1.76	-0.000124617
1.77	1.78	-0.000106503
1.77	1.8	0.000711775
1.77	1.82	0.0023302
1.77	1.84	0.00474876
1.77	1.86	0.00796744
1.77	1.88	0.0119862
1.77	1.9	0.0168051
1.77	1.92	0.022424
1.77	1.94	0.028843
1.77	1.96	0.036062
1.77	1.98	0.044081
1.77	2	0.0529
1.78	0	3.1684
1.78	0.02	3.09758
1.78	0.04	3.02756
1.78	0.06	2.95834
1.78	0.08	2.88992
1.78	0.1	2.8223
1.78	0.12	2.75548
1.78	0.14	2.68946
1.78	0.16	2.62424
1.78	0.18	2.55982
1.78	0.2	2.4962
1.78	0.22	2.43338
1.78	0.24	2.37136
1.78	0.26	2.31014
1.78	0.28	2.24972
1.78	0.3	2.1901
1.78	0.32	2.13129
1.78	0.34	2.07327
1.78	0.36	2.01605
1.78	0.38	1.95964
1.78	0.4	1.90402
1.78	0.42	1.8492
1.78	0.44	1.79519
1.78	0.46	1.74197
1.78	0.48	1.68956
1.78	0.5	1.63795
1.78	0.52	1.58713
1.78	0.54	1.53712
1.78	0.56	1.48791
1.78	0.58	1.43949
1.78	0.6	1.39188
1.78	0.62	1.34507
1.78	0.64	1.29906
1.78	0.66	1.25385
1.78	0.68	1.20944
1.78	0.7	1.16583
1.78	0.72	1.12303
1.78	0.74	1.08102
1.78	0.76	1.03981
1.78	0.78	0.999406
1.78	0.8	0.959801
1.78	0.82	0.920996
1.78	0.84	0.882992
1.78	0.86	0.845788
1.78	0.88	0.809385
1.78	0.9	0.773783
1.78	0.92	0.738981
1.78	0.94	0.70498
1.78	0.96	0.671779
1.78	0.98	0.639379
1.78	1	0.60778
1.78	1.02	0.576981
1.78	1.04	0.546983
1.78	1.06	0.517786
1.78	1.08	0.489389
1.78	1.1	0.461793
1.78	1.12	0.434997
1.78	1.14	0.409002
1.78	1.16	0.383807
1.78	1.18	0.359413
1.78	1.2	0.33582
1.78	1.22	0.313027
1.78	1.24	0.291034
1.78	1.26	0.269843
1.78	1.28	0.249451
1.78	1.3	0.229861
1.78	1.32	0.21107
1.78	1.34	0.19308
1.78	1.36	0.175891
1.78	1.38	0.159502
1.78	1.4	0.143914
1.78	1.42	0.129126
1.78	1.44	0.115138
1.78	1.46	0.101951
1.78	1.48	0.0895642
1.78	1.5	0.0779779
1.78	1.52	0.0671919
1.78	1.54	0.0572062
1.78	1.56	0.0480209
1.78	1.58	0.0396359
1.78	1.6	0.0320513
1.78	1.62	0.0252669
1.78	1.64	0.0192828
1.78	1.66	0.014099
1.78	1.68	0.00971542
1.78	1.7	0.00613209
1.78	1.72	0.00334899
1.78	1.74	0.00136609
1.78	1.76	0.000183386
1.78	1.78	-0.000199146
1.78	1.8	0.000218481
1.78	1.82	0.00143625
1.78	1.84	0.00345415
1.78	1.86	0.00627216
1.78	1.88	0.00989026
1.78	1.9	0.0143084
1.78	1.92	0.0195267
1.78	1.94	0.025545
1.78	1.96	0.0323633
1.78	1.98	0.0399817
1.78	2	0.0484
1.79	0	3.2041
1.79	0.02	3.13288
1.79	0.04	3.06246
1.79	0.06	2.99284
1.79	0.08	2.92402
1.79	0.1	2.856
1.79	0.12	2.78878
1.79	0.14	2.72236
1.79	0.16	2.65674
1.79	0.18	2.59192
1.79	0.2	2.52791
1.79	0.22	2.46469
1.79	0.24	2.40227
1.79	0.26	2.34065
1.79	0.28	2.27983
1.79	0.3	2.21982
1.79	0.32	2.1606
1.79	0.34	2.10218
1.79	0.36	2.04457
1.79	0.38	1.98775
1.79	0.4	1.93173
1.79	0.42	1.87652
1.79	0.44	1.8221
1.79	0.46	1.76849
1.79	0.48	1.71568
1.79	0.5	1.66366
1.79	0.52	1.61245
1.79	0.54	1.56204
1.79	0.56	1.51243
1.79	0.58	1.46361
1.79	0.6	1.4156
1.79	0.62	1.36839
1.79	0.64	1.32198
1.79	0.66	1.27637
1.79	0.68	1.23156
1.79	0.7	1.18756
1.79	0.72	1.14435
1.79	0.74	1.10194
1.79	0.76	1.06034
1.79	0.78	1.01953
1.79	0.8	0.979524
1.79	0.82	0.940319
1.79	0.84	0.901915
1.79	0.86	0.864312
1.79	0.88	0.827509
1.79	0.9	0.791507
1.79	0.92	0.756305
1.79	0.94	0.721904
1.79	0.96	0.688303
1.79	0.98	0.655503
1.79	1	0.623504
1.79	1.02	0.592305
1.79	1.04	0.561907
1.79	1.06	0.53231
1.79	1.08	0.503513
1.79	1.1	0.475516
1.79	1.12	0.44832
1.79	1.14	0.421925
1.79	1.16	0.39633
1.79	1.18	0.371536
1.79	1.2	0.347542
1.79	1.22	0.324349
1.79	1.24	0.301956
1.79	1.26	0.280364
1.79	1.28	0.259573
1.79	1.3	0.239582
1.79	1.32	0.220391
1.79	1.34	0.202001
1.79	1.36	0.184411
1.79	1.38	0.167622
1.79	1.4	0.151633
1.79	1.42	0.136444
1.79	1.44	0.122056
1.79	1.46	0.108468
1.79	1.48	0.0956812
1.79	1.5	0.0836943
1.79	1.52	0.0725077
1.79	1.54	0.0621215
1.79	1.56	0.0525357
1.79	1.58	0.0437501
1.79	1.6	0.0357648
1.79	1.62	0.0285798
1.79	1.64	0.0221951
1.79	1.66	0.0166107
1.79	1.68	0.0118265
1.79	1.7	0.00784252
1.79	1.72	0.00465876
1.79	1.74	0.0022752
1.79	1.76	0.000691817
1.79	1.78	-9.13954e-05
1.79	1.8	-7.44543e-05
1.79	1.82	0.000742624
1.79	1.84	0.00235983
1.79	1.86	0.00477713
1.79	1.88	0.00799453
1.79	1.9	0.012012
1.79	1.92	0.0168295
1.79	1.94	0.0224471
1.79	1.96	0.0288647
1.79	1.98	0.0360824
1.79	2	0.0441
1.8	0	3.24
1.8	0.02	3.16838
1.8	0.04	3.09756
1.8	0.06	3.02754
1.8	0.08	2.95832
1.8	0.1	2.88991
1.8	0.12	2.82229
1.8	0.14	2.75547
1.8	0.16	2.68945
1.8	0.18	2.62423
1.8	0.2	2.55981
1.8	0.22	2.4962
1.8	0.24	2.43338
1.8	0.26	2.37136
1.8	0.28	2.31014
1.8	0.3	2.24973
1.8	0.32	2.19011
1.8	0.34	2.1313
1.8	0.36	2.07328
1.8	0.38	2.01606
1.8	0.4	1.95965
1.8	0.42	1.90403
1.8	0.44	1.84922
1.8	0.46	1.79521
1.8	0.48	1.74199
1.8	0.5	1.68958
1.8	0.52	1.63797
1.8	0.54	1.58716
1.8	0.56	1.53714
1.8	0.58	1.48793
1.8	0.6	1.43952
1.8	0.62	1.39191
1.8	0.64	1.3451
1.8	0.66	1.2991
1.8	0.68	1.25389
1.8	0.7	1.20948
1.8	0.72	1.16587
1.8	0.74	1.12306
1.8	0.76	1.08106
1.8	0.78	1.03985
1.8	0.8	0.999448
1.8	0.82	0.959843
1.8	0.84	0.92104
1.8	0.86	0.883036
1.8	0.88	0.845833
1.8	0.9	0.809431
1.8	0.92	0.77383
1.8	0.94	0.739029
1.8	0.96	0.705028
1.8	0.98	0.671828
1.8	1	0.639429
1.8	1.02	0.60783
1.8	1.04	0.577032
1.8	1.06	0.547034
1.8	1.08	0.517837
1.8	1.1	0.48944
1.8	1.12	0.461844
1.8	1.14	0.435049
1.8	1.16	0.409054
1.8	1.18	0.383859
1.8	1.2	0.359465
1.8	1.22	0.335872
1.8	1.24	0.313079
1.8	1.26	0.291087
1.8	1.28	0.269895
1.8	1.3	0.249503
1.8	1.32	0.229912
1.8	1.34	0.211121
1.8	1.36	0.193131
1.8	1.38	0.175941
1.8	1.4	0.159552
1.8	1.42	0.143963
1.8	1.44	0.129175
1.8	1.46	0.115186
1.8	1.48	0.101999
1.8	1.5	0.0896111
1.8	1.52	0.078024
1.8	1.54	0.0672372
1.8	1.56	0.0572508
1.8	1.58	0.0480646
1.8	1.6	0.0396787
1.8	1.62	0.0320931
1.8	1.64	0.0253078
1.8	1.66	0.0193227
1.8	1.68	0.0141378
1.8	1.7	0.00975319
1.8	1.72	0.00616876
1.8	1.74	0.00338451
1.8	1.76	0.00140045
1.8	1.78	0.000216537
1.8	1.8	-0.000167224
1.8	1.82	0.000249147
1.8	1.84	0.00146564
1.8	1.86	0.00348223
1.8	1.88	0.00629891
1.8	1.9	0.00991566
1.8	1.92	0.0143325
1.8	1.94	0.0195493
1.8	1.96	0.0255662
1.8	1.98	0.0323831
1.8	2	0.04
1.81	0	3.2761
1.81	0.02	3.20408
1.81	0.04	3.13286
1.81	0.06	3.06245
1.81	0.08	2.99283
1.81	0.1	2.92401
1.81	0.12	2.85599
1.81	0.14	2.78877
1.81	0.16	2.72236
1.81	0.18	2.65674
1.81	0.2	2.59192
1.81	0.22	2.5279
1.81	0.24	2.46469
1.81	0.26	2.40227
1.81	0.28	2.34066
1.81	0.3	2.27984
1.81	0.32	2.21982
1.81	0.34	2.16061
1.81	0.36	2.10219
1.81	0.38	2.04458
1.81	0.4	1.98776
1.81	0.42	1.93175
1.81	0.44	1.87654
1.81	0.46	1.82212
1.81	0.48	1.76851
1.81	0.5	1.7157
1.81	0.52	1.66369
1.81	0.54	1.61248
1.81	0.56	1.56206
1.81	0.58	1.51245
1.81	0.6	1.46364
1.81	0.62	1.41563
1.81	0.64	1.36843
1.81	0.66	1.32202
1.81	0.68	1.27641
1.81	0.7	1.2316
1.81	0.72	1.18759
1.81	0.74	1.14439
1.81	0.76	1.10198
1.81	0.78	1.06038
1.81	0.8	1.01957
1.81	0.82	0.979568
1.81	0.84	0.940364
1.81	0.86	0.901961
1.81	0.88	0.864359
1.81	0.9	0.827556
1.81	0.92	0.791555
1.81	0.94	0.756354
1.81	0.96	0.721953
1.81	0.98	0.688353
1.81	1	0.655554
1.81	1.02	0.623555
1.81	1.04	0.592357
1.81	1.06	0.561959
1.81	1.08	0.532362
1.81	1.1	0.503565
1.81	1.12	0.475569
1.81	1.14	0.448373
1.81	1.16	0.421978
1.81	1.18	0.396383
1.81	1.2	0.371589
1.81	1.22	0.347595
1.81	1.24	0.324402
1.81	1.26	0.302009
1.81	1.28	0.280417
1.81	1.3	0.259625
1.81	1.32	0.239634
1.81	1.34	0.220442
1.81	1.36	0.202052
1.81	1.38	0.184462
1.81	1.4	0.167672
1.81	1.42	0.151682
1.81	1.44	0.136493
1.81	1.46	0.122105
1.81	1.48	0.108516
1.81	1.5	0.0957283
1.81	1.52	0.0837406
1.81	1.54	0.0725533
1.81	1.56	0.0621662
1.81	1.58	0.0525794
1.81	1.6	0.0437929
1.81	1.62	0.0358067
1.81	1.64	0.0286207
1.81	1.66	0.0222349
1.81	1.68	0.0166494
1.81	1.7	0.0118641
1.81	1.72	0.00787898
1.81	1.74	0.00469404
1.81	1.76	0.00230926
1.81	1.78	0.000724644
1.81	1.8	-5.98348e-05
1.81	1.82	-4.41873e-05
1.81	1.84	0.000771572
1.81	1.86	0.00238743
1.81	1.88	0.00480337
1.81	1.9	0.00801939
1.81	1.92	0.0120355
1.81	1.94	0.0168516
1.81	1.96	0.0224677
1.81	1.98	0.0288839
1.81	2	0.0361
1.82	0	3.3124
1.82	0.02	3.23998
1.82	0.04	3.16837
1.82	0.06	3.09755
1.82	0.08	3.02753
1.82	0.1	2.95831
1.82	0.12	2.8899
1.82	0.14	2.82228
1.82	0.16	2.75546
1.82	0.18	2.68945
1.82	0.2	2.62423
1.82	0.22	2.55981
1.82	0.24	2.4962
1.82	0.26	2.43338
1.82	0.28	2.37137
1.82	0.3	2.31015
1.82	0.32	2.24974
1.82	0.34	2.19012
1.82	0.36	2.13131
1.82	0.38	2.07329
1.82	0.4	2.01608
1.82	0.42	1.95967
1.82	0.44	1.90405
1.82	0.46	1.84924
1.82	0.48	1.79523
1.82	0.5	1.74202
1.82	0.52	1.68961
1.82	0.54	1.638
1.82	0.56	1.58719
1.82	0.58	1.53718
1.82	0.6	1.48797
1.82	0.62	1.43956
1.82	0.64	1.39195
1.82	0.66	1.34514
1.82	0.68	1.29913
1.82	0.7	1.25393
1.82	0.72	1.20952
1.82	0.74	1.16591
1.82	0.76	1.12311
1.82	0.78	1.0811
1.82	0.8	1.0399
1.82	0.82	0.999493
1.82	0.84	0.95989
1.82	0.86	0.921087
1.82	0.88	0.883084
1.82	0.9	0.845882
1.82	0.92	0.809481
1.82	0.94	0.77388
1.82	0.96	0.739079
1.82	0.98	0.705079
1.82	1	0.67188
1.82	1.02	0.639481
1.82	1.04	0.607883
1.82	1.06	0.577085
1.82	1.08	0.547087
1.82	1.1	0.51789
1.82	1.12	0.489494
1.82	1.14	0.461898
1.82	1.16	0.435103
1.82	1.18	0.409108
1.82	1.2	0.383913
1.82	1.22	0.359519
1.82	1.24	0.335926
1.82	1.26	0.313132
1.82	1.28	0.29114
1.82	1.3	0.269947
1.82	1.32	0.249556
1.82	1.34	0.229964
1.82	1.36	0.211173
1.82	1.38	0.193182
1.82	1.4	0.175992
1.82	1.42	0.159602
1.82	1.44	0.144013
1.82	1.46	0.129223
1.82	1.48	0.115234
1.82	1.5	0.102046
1.82	1.52	0.0896576
1.82	1.54	0.0780696
1.82	1.56	0.0672819
1.82	1.58	0.0572945
1.82	1.6	0.0481074
1.82	1.62	0.0397205
1.82	1.64	0.0321339
1.82	1.66	0.0253474
1.82	1.68	0.0193612
1.82	1.7	0.0141752
1.82	1.72	0.0097894
1.82	1.74	0.00620375
1.82	1.76	0.00341826
1.82	1.78	0.00143292
1.82	1.8	0.000247705
1.82	1.82	-0.000137386
1.82	1.84	0.00027763
1.82	1.86	0.00149274
1.82	1.88	0.00350793
1.82	1.9	0.00632319
1.82	1.92	0.0099385
1.82	1.94	0.0143538
1.82	1.96	0.0195692
1.82	1.98	0.0255846
1.82	2	0.0324
1.83	0	3.3489
1.83	0.02	3.27608
1.83	0.04	3.20407
1.83	0.06	3.13285
1.83	0.08	3.06243
1.83	0.1	2.99282
1.83	0.12	2.924
1.83	0.14	2.85599
1.83	0.16	2.78877
1.83	0.18	2.72235
1.83	0.2	2.65674
1.83	0.22	2.59192
1.83	0.24	2.52791
1.83	0.26	2.46469
1.83	0.28	2.40228
1.83	0.3	2.34066
1.83	0.32	2.27985
1.83	0.34	2.21984
1.83	0.36	2.16062
1.83	0.38	2.10221
1.83	0.4	2.0446
1.83	0.42	1.98778
1.83	0.44	1.93177
1.83	0.46	1.87656
1.83	0.48	1.82215
1.83	0.5	1.76854
1.83	0.52	1.71573
1.83	0.54	1.66372
1.83	0.56	1.61251
1.83	0.58	1.5621
1.83	0.6	1.51249
1.83	0.62	1.46368
1.83	0.64	1.41567
1.83	0.66	1.36846
1.83	0.68	1.32206
1.83	0.7	1.27645
1.83	0.72	1.23164
1.83	0.74	1.18764
1.83	0.76	1.14443
1.83	0.78	1.10203
1.83	0.8	1.06042
1.83	0.82	1.01962
1.83	0.84	0.979615
1.83	0.86	0.940412
1.83	0.88	0.90201
1.83	0.9	0.864408
1.83	0.92	0.827607
1.83	0.94	0.791606
1.83	0.96	0.756405
1.83	0.98	0.722006
1.83	1	0.688406
1.83	1.02	0.655607
1.83	1.04	0.623609
1.83	1.06	0.592411
1.83	1.08	0.562013
1.83	1.1	0.532416
1.83	1.12	0.50362
1.83	1.14	0.475623
1.83	1.16	0.448428
1.83	1.18	0.422033
1.83	1.2	0.396438
1.83	1.22	0.371643
1.83	1.24	0.347649
1.83	1.26	0.324456
1.83	1.28	0.302063
1.83	1.3	0.28047
1.83	1.32	0.259678
1.83	1.34	0.239686
1.83	1.36	0.220495
1.83	1.38	0.202103
1.83	1.4	0.184513
1.83	1.42	0.167722
1.83	1.44	0.151732
1.83	1.46	0.136542
1.83	1.48	0.122153
1.83	1.5	0.108564
1.83	1.52	0.0957749
1.83	1.54	0.0837863
1.83	1.56	0.072598
1.83	1.58	0.06221
1.83	1.6	0.0526222
1.83	1.62	0.0438346
1.83	1.64	0.0358473
1.83	1.66	0.0286602
1.83	1.68	0.0222733
1.83	1.7	0.0166866
1.83	1.72	0.0119
1.83	1.74	0.00791365
1.83	1.76	0.00472743
1.83	1.78	0.00234134
1.83	1.8	0.000755387
1.83	1.82	-3.04559e-05
1.83	1.84	-1.6197e-05
1.83	1.86	0.000798151
1.83	1.88	0.00241257
1.83	1.9	0.00482706
1.83	1.92	0.0080416
1.83	1.94	0.0120562
1.83	1.96	0.0168708
1.83	1.98	0.0224854
1.83	2	0.0289
1.84	0	3.3856
1.84	0.02	3.31238
1.84	0.04	3.23997
1.84	0.06	3.16835
1.84	0.08	3.09754
1.84	0.1	3.02752
1.84	0.12	2.95831
1.84	0.14	2.88989
1.84	0.16	2.82228
1.84	0.18	2.75546
1.84	0.2	2.68945
1.84	0.22	2.62423
1.84	0.24	2.55982
1.84	0.26	2.4962
1.84	0.28	2.43339
1.84	0.3	2.37138
1.84	0.32	2.31016
1.84	0.34	2.24975
1.84	0.36	2.19014
1.84	0.38	2.13133
1.84	0.4	2.07331
1.84	0.42	2.0161
1.84	0.44	1.95969
1.84	0.46	1.90408
1.84	0.48	1.84927
1.84	0.5	1.79526
1.84	0.52	1.74205
1.84	0.54	1.68964
1.84	0.56	1.63803
1.84	0.58	1.58722
1.84	0.6	1.53721
1.84	0.62	1.488
1.84	0.64	1.43959
1.84	0.66	1.39199
1.84	0.68	1.34518
1.84	0.7	1.29917
1.84	0.72	1.25397
1.84	0.74	1.20956
1.84	0.76	1.16596
1.84	0.78	1.12315
1.84	0.8	1.08115
1.84	0.82	1.03994
1.84	0.84	0.999542
1.84	0.86	0.959939
1.84	0.88	0.921137
1.84	0.9	0.883135
1.84	0.92	0.845933
1.84	0.94	0.809533
1.84	0.96	0.773932
1.84	0.98	0.739132
1.84	1	0.705133
1.84	1.02	0.671934
1.84	1.04	0.639535
1.84	1.06	0.607937
1.84	1.08	0.577139
1.84	1.1	0.547142
1.84	1.12	0.517945
1.84	1.14	0.489549
1.84	1.16	0.461953
1.84	1.18	0.435157
1.84	1.2	0.409162
1.84	1.22	0.383968
1.84	1.24	0.359573
1.84	1.26	0.33598
1.84	1.28	0.313186
1.84	1.3	0.291193
1.84	1.32	0.27
1.84	1.34	0.249608
1.84	1.36	0.230016
1.84	1.38	0.211224
1.84	1.4	0.193233
1.84	1.42	0.176042
1.84	1.44	0.159652
1.84	1.46	0.144061
1.84	1.48	0.129271
1.84	1.5	0.115282
1.84	1.52	0.102092
1.84	1.54	0.089703
1.84	1.56	0.078114
1.84	1.58	0.0673254
1.84	1.6	0.0573369
1.84	1.62	0.0481487
1.84	1.64	0.0397607
1.84	1.66	0.0321729
1.84	1.68	0.0253853
1.84	1.7	0.0193979
1.84	1.72	0.0142107
1.84	1.74	0.00982355
1.84	1.76	0.0062366
1.84	1.78	0.00344978
1.84	1.8	0.00146307
1.84	1.82	0.000276477
1.84	1.84	-0.000110022
1.84	1.86	0.000303563
1.84	1.88	0.00151722
1.84	1.9	0.00353094
1.84	1.92	0.0063447
1.84	1.94	0.00995851
1.84	1.96	0.0143723
1.84	1.98	0.0195862
1.84	2	0.0256
1.85	0	3.4225
1.85	0.02	3.34889
1.85	0.04	3.27607
1.85	0.06	3.20406
1.85	0.08	3.13284
1.85	0.1	3.06243
1.85	0.12	2.99281
1.85	0.14	2.924
1.85	0.16	2.85598
1.85	0.18	2.78877
1.85	0.2	2.72236
1.85	0.22	2.65674
1.85	0.24	2.59193
1.85	0.26	2.52792
1.85	0.28	2.4647
1.85	0.3	2.40229
1.85	0.32	2.34068
1.85	0.34	2.27986
1.85	0.36	2.21985
1.85	0.38	2.16064
1.85	0.4	2.10223
1.85	0.42	2.04462
1.85	0.44	1.98781
1.85	0.46	1.9318
1.85	0.48	1.87659
1.85	0.5	1.82218
1.85	0.52	1.76857
1.85	0.54	1.71576
1.85	0.56	1.66375
1.85	0.58	1.61254
1.85	0.6	1.56213
1.85	0.62	1.51252
1.85	0.64	1.46372
1.85	0.66	1.41571
1.85	0.68	1.3685
1.85	0.7	1.3221
1.85	0.72	1.27649
1.85	0.74	1.23169
1.85	0.76	1.18768
1.85	0.78	1.14448
1.85	0.8	1.10207
1.85	0.82	1.06047
1.85	0.84	1.01967
1.85	0.86	0.979665
1.85	0.88	0.940463
1.85	0.9	0.902061
1.85	0.92	0.86446
1.85	0.94	0.827659
1.85	0.96	0.791659
1.85	0.98	0.756459
1.85	1	0.722059
1.85	1.02	0.68846
1.85	1.04	0.655662
1.85	1.06	0.623664
1.85	1.08	0.592466
1.85	1.1	0.562068
1.85	1.12	0.532471
1.85	1.14	0.503675
1.85	1.16	0.475679
1.85	1.18	0.448483
1.85	1.2	0.422088
1.85	1.22	0.396493
1.85	1.24	0.371698
1.85	1.26	0.347704
1.85	1.28	0.32451
1.85	1.3	0.302117
1.85	1.32	0.280524
1.85	1.34	0.259731
1.85	1.36	0.239738
1.85	1.38	0.220546
1.85	1.4	0.202155
1.85	1.42	0.184563
1.85	1.44	0.167772
1.85	1.46	0.151781
1.85	1.48	0.13659
1.85	1.5	0.1222
1.85	1.52	0.10861
1.85	1.54	0.0958202
1.85	1.56	0.0838306
1.85	1.58	0.0726413
1.85	1.6	0.0622522
1.85	1.62	0.0526633
1.85	1.64	0.0438746
1.85	1.66	0.0358861
1.85	1.68	0.0286978
1.85	1.7	0.0223096
1.85	1.72	0.0167217
1.85	1.74	0.0119338
1.85	1.76	0.00794609
1.85	1.78	0.0047585
1.85	1.8	0.00237102
1.85	1.82	0.00078365
1.85	1.84	-3.63254e-06
1.85	1.86	9.16391e-06
1.85	1.88	0.000822028
1.85	1.9	0.00243495
1.85	1.92	0.00484792
1.85	1.94	0.00806091
1.85	1.96	0.0120739
1.85	1.98	0.016887
1.85	2	0.0225
1.86	0	3.4596
1.86	0.02	3.38559
1.86	0.04	3.31237
1.86	0.06	3.23996
1.86	0.08	3.16835
1.86	0.1	3.09753
1.86	0.12	3.02752
1.86	0.14	2.9583
1.86	0.16	2.88989
1.86	0.18	2.82228
1.86	0.2	2.75547
1.86	0.22	2.68945
1.86	0.24	2.62424
1.86	0.26	2.55983
1.86	0.28	2.49622
1.86	0.3	2.4334
1.86	0.32	2.37139
1.86	0.34	2.31018
1.86	0.36	2.24977
1.86	0.38	2.19016
1.86	0.4	2.13135
1.86	0.42	2.07334
1.86	0.44	2.01613
1.86	0.46	1.95972
1.86	0.48	1.90411
1.86	0.5	1.8493
1.86	0.52	1.79529
1.86	0.54	1.74208
1.86	0.56	1.68967
1.86	0.58	1.63806
1.86	0.6	1.58726
1.86	0.62	1.53725
1.86	0.64	1.48804
1.86	0.66	1.43963
1.86	0.68	1.39203
1.86	0.7	1.34522
1.86	0.72	1.29922
1.86	0.74	1.25401
1.86	0.76	1.20961
1.86	0.78	1.166
1.86	0.8	1.1232
1.86	0.82	1.0812
1.86	0.84	1.03999
1.86	0.86	0.999592
1.86	0.88	0.95999
1.86	0.9	0.921189
1.86	0.92	0.883188
1.86	0.94	0.845987
1.86	0.96	0.809587
1.86	0.98	0.773987
1.86	1	0.739187
1.86	1.02	0.705188
1.86	1.04	0.671989
1.86	1.06	0.639591
1.86	1.08	0.607993
1.86	1.1	0.577195
1.86	1.12	0.547198
1.86	1.14	0.518002
1.86	1.16	0.489605
1.86	1.18	0.462009
1.86	1.2	0.435214
1.86	1.22	0.409218
1.86	1.24	0.384023
1.86	1.26	0.359629
1.86	1.28	0.336035
1.86	1.3	0.313241
1.86	1.32	0.291247
1.86	1.34	0.270054
1.86	1.36	0.249661
1.86	1.38	0.230068
1.86	1.4	0.211276
1.86	1.42	0.193284
1.86	1.44	0.176092
1.86	1.46	0.159701
1.86	1.48	0.14411
1.86	1.5	0.129319
1.86	1.52	0.115328
1.86	1.54	0.102138
1.86	1.56	0.0897475
1.86	1.58	0.0781575
1.86	1.6	0.0673677
1.86	1.62	0.0573781
1.86	1.64	0.0481887
1.86	1.66	0.0397995
1.86	1.68	0.0322105
1.86	1.7	0.0254216
1.86	1.72	0.0194328
1.86	1.74	0.0142442
1.86	1.76	0.00985572
1.86	1.78	0.00626735
1.86	1.8	0.0034791
1.86	1.82	0.00149093
1.86	1.84	0.000302853
1.86	1.86	-8.51514e-05
1.86	1.88	0.000326908
1.86	1.9	0.00153902
1.86	1.92	0.00355117
1.86	1.94	0.00636336
1.86	1.96	0.00997557
1.86	1.98	0.0143878
1.86	2	0.0196
1.87	0	3.4969
1.87	0.02	3.42249
1.87	0.04	3.34887
1.87	0.06	3.27606
1.87	0.08	3.20405
1.87	0.1	3.13284
1.87	0.12	3.06242
1.87	0.14	2.99281
1.87	0.16	2.924
1.87	0.18	2.85599
1.87	0.2	2.78877
1.87	0.22	2.72236
1.87	0.24	2.65675
1.87	0.26	2.59194
1.87	0.28	2.52793
1.87	0.3	2.46472
1.87	0.32	2.40231
1.87	0.34	2.34069
1.87	0.36	2.27988
1.87	0.38	2.21987
1.87	0.4	2.16066
1.87	0.42	2.10225
1.87	0.44	2.04464
1.87	0.46	1.98783
1.87	0.48	1.93183
1.87	0.5	1.87662
1.87	0.52	1.82221
1.87	0.54	1.7686
1.87	0.56	1.71579
1.87	0.58	1.66379
1.87	0.6	1.61258
1.87	0.62	1.56217
1.87	0.64	1.51257
1.87	0.66	1.46376
1.87	0.68	1.41575
1.87	0.7	1.36855
1.87	0.72	1.32214
1.87	0.74	1.27654
1.87	0.76	1.23174
1.87	0.78	1.18773
1.87	0.8	1.14453
1.87	0.82	1.10212
1.87	0.84	1.06052
1.87	0.86	1.01972
1.87	0.88	0.979718
1.87	0.9	0.940517
1.87	0.92	0.902116
1.87	0.94	0.864515
1.87	0.96	0.827715
1.87	0.98	0.791715
1.87	1	0.756515
1.87	1.02	0.722116
1.87	1.04	0.688517
1.87	1.06	0.655719
1.87	1.08	0.623721
1.87	1.1	0.592523
1.87	1.12	0.562125
1.87	1.14	0.532529
1.87	1.16	0.503732
1.87	1.18	0.475736
1.87	1.2	0.44854
1.87	1.22	0.422144
1.87	1.24	0.396549
1.87	1.26	0.371754
1.87	1.28	0.347759
1.87	1.3	0.324565
1.87	1.32	0.302171
1.87	1.34	0.280577
1.87	1.36	0.259784
1.87	1.38	0.239791
1.87	1.4	0.220598
1.87	1.42	0.202206
1.87	1.44	0.184613
1.87	1.46	0.167821
1.87	1.48	0.151829
1.87	1.5	0.136638
1.87	1.52	0.122247
1.87	1.54	0.108655
1.87	1.56	0.0958646
1.87	1.58	0.0838739
1.87	1.6	0.0726834
1.87	1.62	0.0622931
1.87	1.64	0.052703
1.87	1.66	0.0439131
1.87	1.68	0.0359233
1.87	1.7	0.0287336
1.87	1.72	0.0223441
1.87	1.74	0.0167547
1.87	1.76	0.0119655
1.87	1.78	0.00797633
1.87	1.8	0.00478728
1.87	1.82	0.00239831
1.87	1.84	0.000809428
1.87	1.86	2.0612e-05
1.87	1.88	3.18552e-05
1.87	1.9	0.000843148
1.87	1.92	0.00245448
1.87	1.94	0.00486584
1.87	1.96	0.00807722
1.87	1.98	0.0120886
1.87	2	0.0169
1.88	0	3.5344
1.88	0.02	3.45959
1.88	0.04	3.38558
1.88	0.06	3.31236
1.88	0.08	3.23995
1.88	0.1	3.16834
1.88	0.12	3.09753
1.88	0.14	3.02752
1.88	0.16	2.95831
1.88	0.18	2.88989
1.88	0.2	2.82228
1.88	0.22	2.75547
1.88	0.24	2.68946
1.88	0.26	2.62425
1.88	0.28	2.55984
1.88	0.3	2.49623
1.88	0.32	2.43342
1.88	0.34	2.37141
1.88	0.36	2.3102
1.88	0.38	2.24979
1.88	0.4	2.19018
1.88	0.42	2.13137
1.88	0.44	2.07336
1.88	0.46	2.01615
1.88	0.48	1.95975
1.88	0.5	1.90414
1.88	0.52	1.84933
1.88	0.54	1.79532
1.88	0.56	1.74212
1.88	0.58	1.68971
1.88	0.6	1.6381
1.88	0.62	1.5873
1.88	0.64	1.53729
1.88	0.66	1.48808
1.88	0.68	1.43968
1.88	0.7	1.39207
1.88	0.72	1.34527
1.88	0.74	1.29927
1.88	0.76	1.25406
1.88	0.78	1.20966
1.88	0.8	1.16606
1.88	0.82	1.12325
1.88	0.84	1.08125
1.88	0.86	1.04005
1.88	0.88	0.999646
1.88	0.9	0.960045
1.88	0.92	0.921244
1.88	0.94	0.883243
1.88	0.96	0.846043
1.88	0.98	0.809643
1.88	1	0.774043
1.88	1.02	0.739244
1.88	1.04	0.705245
1.88	1.06	0.672047
1.88	1.08	0.639648
1.88	1.1	0.608051
1.88	1.12	0.577253
1.88	1.14	0.547256
1.88	1.16	0.518059
1.88	1.18	0.489662
1.88	1.2	0.462066
1.88	1.22	0.43527
1.88	1.24	0.409275
1.88	1.26	0.384079
1.88	1.28	0.359684
1.88	1.3	0.33609
1.88	1.32	0.313295
1.88	1.34	0.291301
1.88	1.36	0.270107
1.88	1.38	0.249714
1.88	1.4	0.23012
1.88	1.42	0.211327
1.88	1.44	0.193334
1.88	1.46	0.176142
1.88	1.48	0.159749
1.88	1.5	0.144157
1.88	1.52	0.129365
1.88	1.54	0.115373
1.88	1.56	0.102182
1.88	1.58	0.0897905
1.88	1.6	0.0781994
1.88	1.62	0.0674084
1.88	1.64	0.0574175
1.88	1.66	0.0482268
1.88	1.68	0.0398363
1.88	1.7	0.0322459
1.88	1.72	0.0254556
1.88	1.74	0.0194654
1.88	1.76	0.0142754
1.88	1.78	0.00988543
1.88	1.8	0.00629557
1.88	1.82	0.00350579
1.88	1.84	0.00151609
1.88	1.86	0.000326449
1.88	1.88	-6.31349e-05
1.88	1.9	0.000347327
1.88	1.92	0.00155783
1.88	1.94	0.00356835
1.88	1.96	0.0063789
1.88	1.98	0.00998945
1.88	2	0.0144
1.89	0	3.5721
1.89	0.02	3.49689
1.89	0.04	3.42248
1.89	0.06	3.34887
1.89	0.08	3.27606
1.89	0.1	3.20405
1.89	0.12	3.13283
1.89	0.14	3.06242
1.89	0.16	2.99281
1.89	0.18	2.924
1.89	0.2	2.85599
1.89	0.22	2.78878
1.89	0.24	2.72237
1.89	0.26	2.65676
1.89	0.28	2.59195
1.89	0.3	2.52794
1.89	0.32	2.46473
1.89	0.34	2.40232
1.89	0.36	2.34072
1.89	0.38	2.27991
1.89	0.4	2.2199
1.89	0.42	2.16069
1.89	0.44	2.10228
1.89	0.46	2.04467
1.89	0.48	1.98787
1.89	0.5	1.93186
1.89	0.52	1.87665
1.89	0.54	1.82225
1.89	0.56	1.76864
1.89	0.58	1.71583
1.89	0.6	1.66383
1.89	0.62	1.61262
1.89	0.64	1.56222
1.89	0.66	1.51261
1.89	0.68	1.46381
1.89	0.7	1.4158
1.89	0.72	1.3686
1.89	0.74	1.32219
1.89	0.76	1.27659
1.89	0.78	1.23179
1.89	0.8	1.18778
1.89	0.82	1.14458
1.89	0.84	1.10218
1.89	0.86	1.06058
1.89	0.88	1.01977
1.89	0.9	0.979773
1.89	0.92	0.940572
1.89	0.94	0.902172
1.89	0.96	0.864572
1.89	0.98	0.827772
1.89	1	0.791772
1.89	1.02	0.756573
1.89	1.04	0.722174
1.89	1.06	0.688575
1.89	1.08	0.655777
1.89	1.1	0.623779
1.89	1.12	0.592581
1.89	1.14	0.562183
1.89	1.16	0.532586
1.89	1.18	0.50379
1.89	1.2	0.475793
1.89	1.22	0.448597
1.89	1.24	0.422201
1.89	1.26	0.396605
1.89	1.28	0.37181
1.89	1.3	0.347815
1.89	1.32	0.32462
1.89	1.34	0.302225
1.89	1.36	0.280631
1.89	1.38	0.259837
1.89	1.4	0.239843
1.89	1.42	0.220649
1.89	1.44	0.202256
1.89	1.46	0.184662
1.89	1.48	0.167869
1.89	1.5	0.151877
1.89	1.52	0.136684
1.89	1.54	0.122292
1.89	1.56	0.108699
1.89	1.58	0.0959074
1.89	1.6	0.0839155
1.89	1.62	0.0727237
1.89	1.64	0.0623322
1.89	1.66	0.0527407
1.89	1.68	0.0439494
1.89	1.7	0.0359582
1.89	1.72	0.0287672
1.89	1.74	0.0223762
1.89	1.76	0.0167854
1.89	1.78	0.0119946
1.89	1.8	0.00800395
1.89	1.82	0.00481335
1.89	1.84	0.00242282
1.89	1.86	0.000832352
1.89	1.88	4.19329e-05
1.89	1.9	5.15555e-05
1.89	1.92	0.000861212
1.89	1.94	0.00247089
1.89	1.96	0.00488059
1.89	1.98	0.0080903
1.89	2	0.0121
1.9	0	3.61
1.9	0.02	3.53439
1.9	0.04	3.45958
1.9	0.06	3.38557
1.9	0.08	3.31236
1.9	0.1	3.23995
1.9	0.12	3.16834
1.9	0.14	3.09753
1.9	0.16	3.02752
1.9	0.18	2.95831
1.9	0.2	2.8899
1.9	0.22	2.82229
1.9	0.24	2.75548
1.9	0.26	2.68947
1.9	0.28	2.62427
1.9	0.3	2.55986
1.9	0.32	2.49625
1.9	0.34	2.43344
1.9	0.36	2.37143
1.9	0.38	2.31022
1.9	0.4	2.24982
1.9	0.42	2.19021
1.9	0.44	2.1314
1.9	0.46	2.07339
1.9	0.48	2.01619
1.9	0.5	1.95978
1.9	0.52	1.90417
1.9	0.54	1.84937
1.9	0.56	1.79536
1.9	0.58	1.74216
1.9	0.6	1.68975
1.9	0.62	1.63815
1.9	0.64	1.58734
1.9	0.66	1.53734
1.9	0.68	1.48813
1.9	0.7	1.43973
1.9	0.72	1.39212
1.9	0.74	1.34532
1.9	0.76	1.29932
1.9	0.78	1.25411
1.9	0.8	1.20971
1.9	0.82	1.16611
1.9	0.84	1.12331
1.9	0.86	1.0813
1.9	0.88	1.0401
1.9	0.9	0.999702
1.9	0.92	0.960101
1.9	0.94	0.921301
1.9	0.96	0.8833
1.9	0.98	0.846101
1.9	1	0.809701
1.9	1.02	0.774102
1.9	1.04	0.739302
1.9	1.06	0.705304
1.9	1.08	0.672105
1.9	1.1	0.639707
1.9	1.12	0.608109
1.9	1.14	0.577311
1.9	1.16	0.547314
1.9	1.18	0.518117
1.9	1.2	0.48972
1.9	1.22	0.462123
1.9	1.24	0.435327
1.9	1.26	0.409331
1.9	1.28	0.384135
1.9	1.3	0.35974
1.9	1.32	0.336144
1.9	1.34	0.313349
1.9	1.36	0.291354
1.9	1.38	0.27016
1.9	1.4	0.249765
1.9	1.42	0.230171
1.9	1.44	0.211377
1.9	1.46	0.193383
1.9	1.48	0.17619
1.9	1.5	0.159796
1.9	1.52	0.144203
1.9	1.54	0.12941
1.9	1.56	0.115417
1.9	1.58	0.102224
1.9	1.6	0.0898316
1.9	1.62	0.0782391
1.9	1.64	0.0674468
1.9	1.66	0.0574546
1.9	1.68	0.0482626
1.9	1.7	0.0398706
1.9	1.72	0.0322788
1.9	1.74	0.025487
1.9	1.76	0.0194954
1.9	1.78	0.0143038
1.9	1.8	0.00991233
1.9	1.82	0.00632092
1.9	1.84	0.00352956
1.9	1.86	0.00153826
1.9	1.88	0.000347002
1.9	1.9	-4.42155e-05
1.9	1.92	0.000364598
1.9	1.94	0.00157343
1.9	1.96	0.00358228
1.9	1.98	0.00639114
1.9	2	0.01
1.91	0	3.6481
1.91	0.02	3.57209
1.91	0.04	3.49688
1.91	0.06	3.42247
1.91	0.08	3.34886
1.91	0.1	3.27606
1.91	0.12	3.20405
1.91	0.14	3.13284
1.91	0.16	3.06243
1.91	0.18	2.99282
1.91	0.2	2.92401
1.91	0.22	2.856
1.91	0.24	2.7888
1.91	0.26	2.72239
1.91	0.28	2.65678
1.91	0.3	2.59197
1.91	0.32	2.52796
1.91	0.34	2.46476
1.91	0.36	2.40235
1.91	0.38	2.34074
1.91	0.4	2.27993
1.91	0.42	2.21993
1.91	0.44	2.16072
1.91	0.46	2.10231
1.91	0.48	2.04471
1.91	0.5	1.9879
1.91	0.52	1.9319
1.91	0.54	1.87669
1.91	0.56	1.82228
1.91	0.58	1.76868
1.91	0.6	1.71587
1.91	0.62	1.66387
1.91	0.64	1.61267
1.91	0.66	1.56226
1.91	0.68	1.51266
1.91	0.7	1.46385
1.91	0.72	1.41585
1.91	0.74	1.36865
1.91	0.76	1.32224
1.91	0.78	1.27664
1.91	0.8	1.23184
1.91	0.82	1.18784
1.91	0.84	1.14463
1.91	0.86	1.10223
1.91	0.88	1.06063
1.91	0.9	1.01983
1.91	0.92	0.97983
1.91	0.94	0.94063
1.91	0.96	0.902229
1.91	0.98	0.86463
1.91	1	0.82783
1.91	1.02	0.79183
1.91	1.04	0.756631
1.91	1.06	0.722232
1.91	1.08	0.688634
1.91	1.1	0.655835
1.91	1.12	0.623837
1.91	1.14	0.592639
1.91	1.16	0.562242
1.91	1.18	0.532644
1.91	1.2	0.503847
1.91	1.22	0.47585
1.91	1.24	0.448654
1.91	1.26	0.422257
1.91	1.28	0.396661
1.91	1.3	0.371865
1.91	1.32	0.347869
1.91	1.34	0.324674
1.91	1.36	0.302278
1.91	1.38	0.280683
1.91	1.4	0.259888
1.91	1.42	0.239893
1.91	1.44	0.220699
1.91	1.46	0.202304
1.91	1.48	0.18471
1.91	1.5	0.167916
1.91	1.52	0.151922
1.91	1.54	0.136728
1.91	1.56	0.122335
1.91	1.58	0.108741
1.91	1.6	0.095948
1.91	1.62	0.0839548
1.91	1.64	0.0727618
1.91	1.66	0.0623688
1.91	1.68	0.052776
1.91	1.7	0.0439832
1.91	1.72	0.0359906
1.91	1.74	0.0287981
1.91	1.76	0.0224056
1.91	1.78	0.0168132
1.91	1.8	0.0120209
1.91	1.82	0.00802864
1.91	1.84	0.00483644
1.91	1.86	0.00244428
1.91	1.88	0.000852175
1.91	1.9	6.01005e-05
1.91	1.92	6.80534e-05
1.91	1.94	0.000876027
1.91	1.96	0.00248401
1.91	1.98	0.00489201
1.91	2	0.0081
1.92	0	3.6864
1.92	0.02	3.60999
1.92	0.04	3.53438
1.92	0.06	3.45958
1.92	0.08	3.38557
1.92	0.1	3.31236
1.92	0.12	3.23995
1.92	0.14	3.16834
1.92	0.16	3.09754
1.92	0.18	3.02753
1.92	0.2	2.95832
1.92	0.22	2.88991
1.92	0.24	2.82231
1.92	0.26	2.7555
1.92	0.28	2.68949
1.92	0.3	2.62429
1.92	0.32	2.55988
1.92	0.34	2.49627
1.92	0.36	2.43346
1.92	0.38	2.37146
1.92	0.4	2.31025
1.92	0.42	2.24985
1.92	0.44	2.19024
1.92	0.46	2.13143
1.92	0.48	2.07343
1.92	0.5	2.01622
1.92	0.52	1.95982
1.92	0.54	1.90421
1.92	0.56	1.84941
1.92	0.58	1.7954
1.92	0.6	1.7422
1.92	0.62	1.68979
1.92	0.64	1.63819
1.92	0.66	1.58739
1.92	0.68	1.53738
1.92	0.7	1.48818
1.92	0.72	1.43978
1.92	0.74	1.39217
1.92	0.76	1.34537
1.92	0.78	1.29937
1.92	0.8	1.25417
1.92	0.82	1.20977
1.92	0.84	1.16616
1.92	0.86	1.12336
1.92	0.88	1.08136
1.92	0.9	1.04016
1.92	0.92	0.99976
1.92	0.94	0.960159
1.92	0.96	0.921359
1.92	0.98	0.883359
1.92	1	0.846159
1.92	1.02	0.80976
1.92	1.04	0.774161
1.92	1.06	0.739362
1.92	1.08	0.705363
1.92	1.1	0.672164
1.92	1.12	0.639766
1.92	1.14	0.608168
1.92	1.16	0.57737
1.92	1.18	0.547372
1.92	1.2	0.518175
1.92	1.22	0.489777
1.92	1.24	0.46218
1.92	1.26	0.435384
1.92	1.28	0.409387
1.92	1.3	0.384191
1.92	1.32	0.359794
1.92	1.34	0.336198
1.92	1.36	0.313402
1.92	1.38	0.291407
1.92	1.4	0.270211
1.92	1.42	0.249816
1.92	1.44	0.230221
1.92	1.46	0.211426
1.92	1.48	0.193431
1.92	1.5	0.176236
1.92	1.52	0.159842
1.92	1.54	0.144247
1.92	1.56	0.129453
1.92	1.58	0.115459
1.92	1.6	0.102265
1.92	1.62	0.0898707
1.92	1.64	0.0782768
1.92	1.66	0.0674831
1.92	1.68	0.0574895
1.92	1.7	0.048296
1.92	1.72	0.0399025
1.92	1.74	0.0323092
1.92	1.76	0.0255159
1.92	1.78	0.0195227
1.92	1.8	0.0143295
1.92	1.82	0.00993642
1.92	1.84	0.00634337
1.92	1.86	0.00355036
1.92	1.88	0.00155739
1.92	1.9	0.000364452
1.92	1.92	-2.84625e-05
1.92	1.94	0.000378641
1.92	1.96	0.00158576
1.92	1.98	0.00359288
1.92	2	0.0064
1.93	0	3.7249
1.93	0.02	3.64809
1.93	0.04	3.57209
1.93	0.06	3.49688
1.93	0.08	3.42247
1.93	0.1	3.34887
1.93	0.12	3.27606
1.93	0.14	3.20405
1.93	0.16	3.13284
1.93	0.18	3.06244
1.93	0.2	2.99283
1.93	0.22	2.92402
1.93	0.24	2.85602
1.93	0.26	2.78881
1.93	0.28	2.72241
1.93	0.3	2.6568
1.93	0.32	2.59199
1.93	0.34	2.52799
1.93	0.36	2.46478
1.93	0.38	2.40238
1.93	0.4	2.34077
1.93	0.42	2.27997
1.93	0.44	2.21996
1.93	0.46	2.16075
1.93	0.48	2.10235
1.93	0.5	2.04475
1.93	0.52	1.98794
1.93	0.54	1.93194
1.93	0.56	1.87673
1.93	0.58	1.82233
1.93	0.6	1.76872
1.93	0.62	1.71592
1.93	0.64	1.66392
1.93	0.66	1.61271
1.93	0.68	1.56231
1.93	0.7	1.51271
1.93	0.72	1.4639
1.93	0.74	1.4159
1.93	0.76	1.3687
1.93	0.78	1.3223
1.93	0.8	1.2767
1.93	0.82	1.23189
1.93	0.84	1.18789
1.93	0.86	1.14469
1.93	0.88	1.10229
1.93	0.9	1.06069
1.93	0.92	1.01989
1.93	0.94	0.979889
1.93	0.96	0.940689
1.93	0.98	0.902289
1.93	1	0.864689
1.93	1.02	0.827889
1.93	1.04	0.79189
1.93	1.06	0.756691
1.93	1.08	0.722292
1.93	1.1	0.688693
1.93	1.12	0.655895
1.93	1.14	0.623896
1.93	1.16	0.592698
1.93	1.18	0.5623
1.93	1.2	0.532702
1.93	1.22	0.503905
1.93	1.24	0.475907
1.93	1.26	0.44871
1.93	1.28	0.422313
1.93	1.3	0.396716
1.93	1.32	0.37192
1.93	1.34	0.347923
1.93	1.36	0.324727
1.93	1.38	0.302331
1.93	1.4	0.280734
1.93	1.42	0.259939
1.93	1.44	0.239943
1.93	1.46	0.220747
1.93	1.48	0.202352
1.93	1.5	0.184756
1.93	1.52	0.167961
1.93	1.54	0.151966
1.93	1.56	0.136771
1.93	1.58	0.122376
1.93	1.6	0.108781
1.93	1.62	0.0959866
1.93	1.64	0.0839919
1.93	1.66	0.0727974
1.93	1.68	0.062403
1.93	1.7	0.0528087
1.93	1.72	0.0440145
1.93	1.74	0.0360203
1.93	1.76	0.0288262
1.93	1.78	0.0224321
1.93	1.8	0.0168381
1.93	1.82	0.0120442
1.93	1.84	0.0080503
1.93	1.86	0.00485644
1.93	1.88	0.00246261
1.93	1.9	0.000868804
1.93	1.92	7.50222e-05
1.93	1.94	8.12563e-05
1.93	1.96	0.000887501
1.93	1.98	0.00249375
1.93	2	0.0049
1.94	0	3.7636
1.94	0.02	3.68639
1.94	0.04	3.60999
1.94	0.06	3.53438
1.94	0.08	3.45958
1.94	0.1	3.38557
1.94	0.12	3.31236
1.94	0.14	3.23996
1.94	0.16	3.16835
1.94	0.18	3.09755
1.94	0.2	3.02754
1.94	0.22	2.95834
1.94	0.24	2.88993
1.94	0.26	2.82232
1.94	0.28	2.75552
1.94	0.3	2.68951
1.94	0.32	2.62431
1.94	0.34	2.5599
1.94	0.36	2.4963
1.94	0.38	2.43349
1.94	0.4	2.37149
1.94	0.42	2.31028
1.94	0.44	2.24988
1.94	0.46	2.19028
1.94	0.48	2.13147
1.94	0.5	2.07347
1.94	0.52	2.01626
1.94	0.54	1.95986
1.94	0.56	1.90426
1.94	0.58	1.84945
1.94	0.6	1.79545
1.94	0.62	1.74225
1.94	0.64	1.68984
1.94	0.66	1.63824
1.94	0.68	1.58744
1.94	0.7	1.53743
1.94	0.72	1.48823
1.94	0.74	1.43983
1.94	0.76	1.39223
1.94	0.78	1.34543
1.94	0.8	1.29942
1.94	0.82	1.25422
1.94	0.84	1.20982
1.94	0.86	1.16622
1.94	0.88	1.12342
1.94	0.9	1.08142
1.94	0.92	1.04022
1.94	0.94	0.999819
1.94	0.96	0.960218
1.94	0.98	0.921418
1.94	1	0.883419
1.94	1.02	0.846219
1.94	1.04	0.80982
1.94	1.06	0.77422
1.94	1.08	0.739421
1.94	1.1	0.705422
1.94	1.12	0.672224
1.94	1.14	0.639825
1.94	1.16	0.608227
1.94	1.18	0.577428
1.94	1.2	0.54743
1.94	1.22	0.518232
1.94	1.24	0.489835
1.94	1.26	0.462237
1.94	1.28	0.435439
1.94	1.3	0.409442
1.94	1.32	0.384245
1.94	1.34	0.359848
1.94	1.36	0.336251
1.94	1.38	0.313454
1.94	1.4	0.291458
1.94	1.42	0.270261
1.94	1.44	0.249865
1.94	1.46	0.230269
1.94	1.48	0.211473
1.94	1.5	0.193477
1.94	1.52	0.176281
1.94	1.54	0.159885
1.94	1.56	0.144289
1.94	1.58	0.129493
1.94	1.6	0.115498
1.94	1.62	0.102303
1.94	1.64	0.0899072
1.94	1.66	0.0783119
1.94	1.68	0.0675168
1.94	1.7	0.0575216
1.94	1.72	0.0483266
1.94	1.74	0.0399316
1.94	1.76	0.0323366
1.94	1.78	0.0255417
1.94	1.8	0.0195469
1.94	1.82	0.0143521
1.94	1.84	0.00995733
1.94	1.86	0.0063626
1.94	1.88	0.0035679
1.94	1.9	0.00157322
1.94	1.92	0.000378556
1.94	1.94	-1.60921e-05
1.94	1.96	0.000389269
1.94	1.98	0.00159463
1.94	2	0.0036
1.95	0	3.8025
1.95	0.02	3.72489
1.95	0.04	3.64809
1.95	0.06	3.57208
1.95	0.08	3.49688
1.95	0.1	3.42247
1.95	0.12	3.34887
1.95	0.14	3.27607
1.95	0.16	3.20406
1.95	0.18	3.13286
1.95	0.2	3.06245
1.95	0.22	2.99285
1.95	0.24	2.92404
1.95	0.26	2.85604
1.95	0.28	2.78883
1.95	0.3	2.72243
1.95	0.32	2.65682
1.95	0.34	2.59202
1.95	0.36	2.52802
1.95	0.38	2.46481
1.95	0.4	2.40241
1.95	0.42	2.3408
1.95	0.44	2.28
1.95	0.46	2.22
1.95	0.48	2.16079
1.95	0.5	2.10239
1.95	0.52	2.04479
1.95	0.54	1.98798
1.95	0.56	1.93198
1.95	0.58	1.87678
1.95	0.6	1.82237
1.95	0.62	1.76877
1.95	0.64	1.71597
1.95	0.66	1.66397
1.95	0.68	1.61276
1.95	0.7	1.56236
1.95	0.72	1.51276
1.95	0.74	1.46396
1.95	0.76	1.41596
1.95	0.78	1.36876
1.95	0.8	1.32235
1.95	0.82	1.27675
1.95	0.84	1.23195
1.95	0.86	1.18795
1.95	0.88	1.14475
1.95	0.9	1.10235
1.95	0.92	1.06075
1.95	0.94	1.01995
1.95	0.96	0.979948
1.95	0.98	0.940748
1.95	1	0.902349
1.95	1.02	0.864749
1.95	1.04	0.827949
1.95	1.06	0.79195
1.95	1.08	0.756751
1.95	1.1	0.722352
1.95	1.12	0.688753
1.95	1.14	0.655954
1.95	1.16	0.623955
1.95	1.18	0.592757
1.95	1.2	0.562358
1.95	1.22	0.53276
1.95	1.24	0.503962
1.95	1.26	0.475964
1.95	1.28	0.448766
1.95	1.3	0.422368
1.95	1.32	0.396771
1.95	1.34	0.371973
1.95	1.36	0.347976
1.95	1.38	0.324778
1.95	1.4	0.302381
1.95	1.42	0.280784
1.95	1.44	0.259987
1.95	1.46	0.23999
1.95	1.48	0.220794
1.95	1.5	0.202397
1.95	1.52	0.1848
1.95	1.54	0.168004
1.95	1.56	0.152007
1.95	1.58	0.136811
1.95	1.6	0.122415
1.95	1.62	0.108819
1.95	1.64	0.0960226
1.95	1.66	0.0840265
1.95	1.68	0.0728305
1.95	1.7	0.0624346
1.95	1.72	0.0528387
1.95	1.74	0.0440429
1.95	1.76	0.0360471
1.95	1.78	0.0288514
1.95	1.8	0.0224557
1.95	1.82	0.01686
1.95	1.84	0.0120644
1.95	1.86	0.00806879
1.95	1.88	0.00487321
1.95	1.9	0.00247765
1.95	1.92	0.000882107
1.95	1.94	8.65726e-05
1.95	1.96	9.10461e-05
1.95	1.98	0.000895523
1.95	2	0.0025
1.96	0	3.8416
1.96	0.02	3.7636
1.96	0.04	3.68639
1.96	0.06	3.60999
1.96	0.08	3.53438
1.96	0.1	3.45958
1.96	0.12	3.38558
1.96	0.14	3.31237
1.96	0.16	3.23997
1.96	0.18	3.16836
1.96	0.2	3.09756
1.96	0.22	3.02756
1.96	0.24	2.95835
1.96	0.26	2.88995
1.96	0.28	2.82235
1.96	0.3	2.75554
1.96	0.32	2.68954
1.96	0.34	2.62434
1.96	0.36	2.55993
1.96	0.38	2.49633
1.96	0.4	2.43353
1.96	0.42	2.37152
1.96	0.44	2.31032
1.96	0.46	2.24992
1.96	0.48	2.19031
1.96	0.5	2.13151
1.96	0.52	2.07351
1.96	0.54	2.01631
1.96	0.56	1.9599
1.96	0.58	1.9043
1.96	0.6	1.8495
1.96	0.62	1.7955
1.96	0.64	1.74229
1.96	0.66	1.68989
1.96	0.68	1.63829
1.96	0.7	1.58749
1.96	0.72	1.53749
1.96	0.74	1.48829
1.96	0.76	1.43989
1.96	0.78	1.39228
1.96	0.8	1.34548
1.96	0.82	1.29948
1.96	0.84	1.25428
1.96	0.86	1.20988
1.96	0.88	1.16628
1.96	0.9	1.12348
1.96	0.92	1.08148
1.96	0.94	1.04028
1.96	0.96	0.999879
1.96	0.98	0.960279
1.96	1	0.921479
1.96	1.02	0.883479
1.96	1.04	0.846279
1.96	1.06	0.80988
1.96	1.08	0.774281
1.96	1.1	0.739481
1.96	1.12	0.705482
1.96	1.14	0.672283
1.96	1.16	0.639884
1.96	1.18	0.608285
1.96	1.2	0.577487
1.96	1.22	0.547488
1.96	1.24	0.518289
1.96	1.26	0.489891
1.96	1.28	0.462293
1.96	1.3	0.435495
1.96	1.32	0.409496
1.96	1.34	0.384298
1.96	1.36	0.359901
1.96	1.38	0.336303
1.96	1.4	0.313505
1.96	1.42	0.291507
1.96	1.44	0.27031
1.96	1.46	0.249912
1.96	1.48	0.230315
1.96	1.5	0.211517
1.96	1.52	0.19352
1.96	1.54	0.176323
1.96	1.56	0.159926
1.96	1.58	0.144329
1.96	1.6	0.129532
1.96	1.62	0.115535
1.96	1.64	0.102338
1.96	1.66	0.0899412
1.96	1.68	0.0783444
1.96	1.7	0.0675476
1.96	1.72	0.0575509
1.96	1.74	0.0483543
1.96	1.76	0.0399577
1.96	1.78	0.0323611
1.96	1.8	0.0255645
1.96	1.82	0.019568
1.96	1.84	0.0143715
1.96	1.86	0.00997499
1.96	1.88	0.00637853
1.96	1.9	0.00358209
1.96	1.92	0.00158566
1.96	1.94	0.000389238
1.96	1.96	-7.17683e-06
1.96	1.98	0.000396412
1.96	2	0.0016
1.97	0	3.8809
1.97	0.02	3.8025
1.97	0.04	3.72489
1.97	0.06	3.64809
1.97	0.08	3.57209
1.97	0.1	3.49688
1.97	0.12	3.42248
1.97	0.14	3.34888
1.97	0.16	3.27608
1.97	0.18	3.20407
1.97	0.2	3.13287
1.97	0.22	3.06247
1.97	0.24	2.99286
1.97	0.26	2.92406
1.97	0.28	2.85606
1.97	0.3	2.78886
1.97	0.32	2.72245
1.97	0.34	2.65685
1.97	0.36	2.59205
1.97	0.38	2.52805
1.97	0.4	2.46484
1.97	0.42	2.40244
1.97	0.44	2.34084
1.97	0.46	2.28004
1.97	0.48	2.22004
1.97	0.5	2.16083
1.97	0.52	2.10243
1.97	0.54	2.04483
1.97	0.56	1.98803
1.97	0.58	1.93203
1.97	0.6	1.87682
1.97	0.62	1.82242
1.97	0.64	1.76882
1.97	0.66	1.71602
1.97	0.68	1.66402
1.97	0.7	1.61282
1.97	0.72	1.56242
1.97	0.74	1.51281
1.97	0.76	1.46401
1.97	0.78	1.41601
1.97	0.8	1.36881
1.97	0.82	1.32241
1.97	0.84	1.27681
1.97	0.86	1.23201
1.97	0.88	1.18801
1.97	0.9	1.14481
1.97	0.92	1.10241
1.97	0.94	1.06081
1.97	0.96	1.02001
1.97	0.98	0.980009
1.97	1	0.940809
1.97	1.02	0.902409
1.97	1.04	0.864809
1.97	1.06	0.82801
1.97	1.08	0.79201
1.97	1.1	0.756811
1.97	1.12	0.722411
1.97	1.14	0.688812
1.97	1.16	0.656013
1.97	1.18	0.624014
1.97	1.2	0.592815
1.97	1.22	0.562416
1.97	1.24	0.532817
1.97	1.26	0.504018
1.97	1.28	0.476019
1.97	1.3	0.448821
1.97	1.32	0.422422
1.97	1.34	0.396824
1.97	1.36	0.372025
1.97	1.38	0.348027
1.97	1.4	0.324829
1.97	1.42	0.30243
1.97	1.44	0.280832
1.97	1.46	0.260034
1.97	1.48	0.240036
1.97	1.5	0.220838
1.97	1.52	0.20244
1.97	1.54	0.184842
1.97	1.56	0.168044
1.97	1.58	0.152047
1.97	1.6	0.136849
1.97	1.62	0.122451
1.97	1.64	0.108853
1.97	1.66	0.0960558
1.97	1.68	0.0840582
1.97	1.7	0.0728607
1.97	1.72	0.0624631
1.97	1.74	0.0528657
1.97	1.76	0.0440682
1.97	1.78	0.0360708
1.97	1.8	0.0288733
1.97	1.82	0.022476
1.97	1.84	0.0168786
1.97	1.86	0.0120812
1.97	1.88	0.00808389
1.97	1.9	0.00488656
1.97	1.92	0.00248924
1.97	1.94	0.000891923
1.97	1.96	9.4614e-05
1.97	1.98	9.73071e-05
1.97	2	0.0009
1.98	0	3.9204
1.98	0.02	3.8416
1.98	0.04	3.7636
1.98	0.06	3.68639
1.98	0.08	3.60999
1.98	0.1	3.53439
1.98	0.12	3.45959
1.98	0.14	3.38559
1.98	0.16	3.31238
1.98	0.18	3.23998
1.98	0.2	3.16838
1.98	0.22	3.09758
1.98	0.24	3.02758
1.98	0.26	2.95837
1.98	0.28	2.88997
1.98	0.3	2.82237
1.98	0.32	2.75557
1.98	0.34	2.68957
1.98	0.36	2.62437
1.98	0.38	2.55996
1.98	0.4	2.49636
1.98	0.42	2.43356
1.98	0.44	2.37156
1.98	0.46	2.31036
1.98	0.48	2.24996
1.98	0.5	2.19036
1.98	0.52	2.13155
1.98	0.54	2.07355
1.98	0.56	2.01635
1.98	0.58	1.95995
1.98	0.6	1.90435
1.98	0.62	1.84955
1.98	0.64	1.79555
1.98	0.66	1.74235
1.98	0.68	1.68995
1.98	0.7	1.63834
1.98	0.72	1.58754
1.98	0.74	1.53754
1.98	0.76	1.48834
1.98	0.78	1.43994
1.98	0.8	1.39234
1.98	0.82	1.34554
1.98	0.84	1.29954
1.98	0.86	1.25434
1.98	0.88	1.20994
1.98	0.9	1.16634
1.98	0.92	1.12354
1.98	0.94	1.08154
1.98	0.96	1.04034
1.98	0.98	0.999939
1.98	1	0.960339
1.98	1.02	0.921539
1.98	1.04	0.88354
1.98	1.06	0.84634
1.98	1.08	0.80994
1.98	1.1	0.774341
1.98	1.12	0.739541
1.98	1.14	0.705541
1.98	1.16	0.672342
1.98	1.18	0.639943
1.98	1.2	0.608343
1.98	1.22	0.577544
1.98	1.24	0.547545
1.98	1.26	0.518345
1.98	1.28	0.489946
1.98	1.3	0.462347
1.98	1.32	0.435548
1.98	1.34	0.409549
1.98	1.36	0.38435
1.98	1.38	0.359951
1.98	1.4	0.336352
1.98	1.42	0.313554
1.98	1.44	0.291555
1.98	1.46	0.270356
1.98	1.48	0.249957
1.98	1.5	0.230359
1.98	1.52	0.21156
1.98	1.54	0.193561
1.98	1.56	0.176363
1.98	1.58	0.159964
1.98	1.6	0.144366
1.98	1.62	0.129567
1.98	1.64	0.115569
1.98	1.66	0.102371
1.98	1.68	0.0899721
1.98	1.7	0.0783738
1.98	1.72	0.0675754
1.98	1.74	0.0575771
1.98	1.76	0.0483788
1.98	1.78	0.0399805
1.98	1.8	0.0323822
1.98	1.82	0.025584
1.98	1.84	0.0195857
1.98	1.86	0.0143875
1.98	1.88	0.00998925
1.98	1.9	0.00639104
1.98	1.92	0.00359282
1.98	1.94	0.00159461
1.98	1.96	0.000396408
1.98	1.98	-1.79587e-06
1.98	2	0.0004
1.99	0	3.9601
1.99	0.02	3.8809
1.99	0.04	3.8025
1.99	0.06	3.7249
1.99	0.08	3.6481
1.99	0.1	3.57209
1.99	0.12	3.49689
1.99	0.14	3.42249
1.99	0.16	3.34889
1.99	0.18	3.27609
1.99	0.2	3.20409
1.99	0.22	3.13289
1.99	0.24	3.06249
1.99	0.26	2.99289
1.99	0.28	2.92409
1.99	0.3	2.85609
1.99	0.32	2.78888
1.99	0.34	2.72248
1.99	0.36	2.65688
1.99	0.38	2.59208
1.99	0.4	2.52808
1.99	0.42	2.46488
1.99	0.44	2.40248
1.99	0.46	2.34088
1.99	0.48	2.28008
1.99	0.5	2.22008
1.99	0.52	2.16088
1.99	0.54	2.10248
1.99	0.56	2.04488
1.99	0.58	1.98808
1.99	0.6	1.93207
1.99	0.62	1.87687
1.99	0.64	1.82247
1.99	0.66	1.76887
1.99	0.68	1.71607
1.99	0.7	1.66407
1.99	0.72	1.61287
1.99	0.74	1.56247
1.99	0.76	1.51287
1.99	0.78	1.46407
1.99	0.8	1.41607
1.99	0.82	1.36887
1.99	0.84	1.32247
1.99	0.86	1.27687
1.99	0.88	1.23207
1.99	0.9	1.18807
1.99	0.92	1.14487
1.99	0.94	1.10247
1.99	0.96	1.06087
1.99	0.98	1.02007
1.99	1	0.98007
1.99	1.02	0.94087
1.99	1.04	0.90247
1.99	1.06	0.86487
1.99	1.08	0.82807
1.99	1.1	0.79207
1.99	1.12	0.75687
1.99	1.14	0.722471
1.99	1.16	0.688871
1.99	1.18	0.656071
1.99	1.2	0.624072
1.99	1.22	0.592872
1.99	1.24	0.562472
1.99	1.26	0.532873
1.99	1.28	0.504073
1.99	1.3	0.476074
1.99	1.32	0.448874
1.99	1.34	0.422475
1.99	1.36	0.396875
1.99	1.38	0.372076
1.99	1.4	0.348076
1.99	1.42	0.324877
1.99	1.44	0.302477
1.99	1.46	0.280878
1.99	1.48	0.260079
1.99	1.5	0.240079
1.99	1.52	0.22088
1.99	1.54	0.202481
1.99	1.56	0.184881
1.99	1.58	0.168082
1.99	1.6	0.152083
1.99	1.62	0.136884
1.99	1.64	0.122484
1.99	1.66	0.108885
1.99	1.68	0.0960861
1.99	1.7	0.0840869
1.99	1.72	0.0728877
1.99	1.74	0.0624885
1.99	1.76	0.0528894
1.99	1.78	0.0440902
1.99	1.8	0.0360911
1.99	1.82	0.028892
1.99	1.84	0.0224929
1.99	1.86	0.0168937
1.99	1.88	0.0120946
1.99	1.9	0.00809552
1.99	1.92	0.00489641
1.99	1.94	0.00249731
1.99	1.96	0.000898204
1.99	1.98	9.91021e-05
1.99	2	0.0001
2	0	4
2	0.02	3.9204
2	0.04	3.8416
2	0.06	3.7636
2	0.08	3.6864
2	0.1	3.61
2	0.12	3.5344
2	0.14	3.4596
2	0.16	3.3856
2	0.18	3.3124
2	0.2	3.24
2	0.22	3.1684
2	0.24	3.0976
2	0.26	3.0276
2	0.28	2.9584
2	0.3	2.89
2	0.32	2.8224
2	0.34	2.7556
2	0.36	2.6896
2	0.38	2.6244
2	0.4	2.56
2	0.42	2.4964
2	0.44	2.4336
2	0.46	2.3716
2	0.48	2.3104
2	0.5	2.25
2	0.52	2.1904
2	0.54	2.1316
2	0.56	2.0736
2	0.58	2.0164
2	0.6	1.96
2	0.62	1.9044
2	0.64	1.8496
2	0.66	1.7956
2	0.68	1.7424
2	0.7	1.69
2	0.72	1.6384
2	0.74	1.5876
2	0.76	1.5376
2	0.78	1.4884
2	0.8	1.44
2	0.82	1.3924
2	0.84	1.3456
2	0.86	1.2996
2	0.88	1.2544
2	0.9	1.21
2	0.92	1.1664
2	0.94	1.1236
2	0.96	1.0816
2	0.98	1.0404
2	1	1
2	1.02	0.9604
2	1.04	0.9216
2	1.06	0.8836
2	1.08	0.8464
2	1.1	0.81
2	1.12	0.7744
2	1.14	0.7396
2	1.16	0.7056
2	1.18	0.6724
2	1.2	0.64
2	1.22	0.6084
2	1.24	0.5776
2	1.26	0.5476
2	1.28	0.5184
2	1.3	0.49
2	1.32	0.4624
2	1.34	0.4356
2	1.36	0.4096
2	1.38	0.3844
2	1.4	0.36
2	1.42	0.3364
2	1.44	0.3136
2	1.46	0.2916
2	1.48	0.2704
2	1.5	0.25
2	1.52	0.2304
2	1.54	0.2116
2	1.56	0.1936
2	1.58	0.1764
2	1.6	0.16
2	1.62	0.1444
2	1.64	0.1296
2	1.66	0.1156
2	1.68	0.1024
2	1.7	0.09
2	1.72	0.0784
2	1.74	0.0676
2	1.76	0.0576
2	1.78	0.0484
2	1.8	0.04
2	1.82	0.0324
2	1.84	0.0256
2	1.86	0.0196
2	1.88	0.0144
2	1.9	0.01
2	1.92	0.0064
2	1.94	0.0036
2	1.96	0.0016
2	1.98	0.0004
2	2	0
